,YEAR,QUARTER,ID,INDUSTRY,RCONSUM1,RCONSUM2,RCONSUM3,RCONSUM4,RCONSUM5,RCONSUM6,RCONSUMA,RCONSUMB,INDUSTRY_LABEL
0,1968,4,1,,,,,,,,,,Financial Service Provider
1,1968,4,2,,,,,,,,,,Financial Service Provider
2,1968,4,3,,,,,,,,,,Financial Service Provider
3,1968,4,4,,,,,,,,,,Financial Service Provider
4,1968,4,5,,,,,,,,,,Financial Service Provider
5,1968,4,6,,,,,,,,,,Financial Service Provider
6,1968,4,7,,,,,,,,,,Financial Service Provider
7,1968,4,8,,,,,,,,,,Financial Service Provider
8,1968,4,9,,,,,,,,,,Financial Service Provider
9,1968,4,10,,,,,,,,,,Financial Service Provider
10,1968,4,11,,,,,,,,,,Financial Service Provider
11,1968,4,12,,,,,,,,,,Financial Service Provider
12,1968,4,13,,,,,,,,,,Financial Service Provider
13,1968,4,14,,,,,,,,,,Financial Service Provider
14,1968,4,15,,,,,,,,,,Financial Service Provider
15,1968,4,16,,,,,,,,,,Financial Service Provider
16,1968,4,17,,,,,,,,,,Financial Service Provider
17,1968,4,18,,,,,,,,,,Financial Service Provider
18,1968,4,19,,,,,,,,,,Financial Service Provider
19,1968,4,20,,,,,,,,,,Financial Service Provider
20,1968,4,21,,,,,,,,,,Financial Service Provider
21,1968,4,22,,,,,,,,,,Financial Service Provider
22,1968,4,23,,,,,,,,,,Financial Service Provider
23,1968,4,24,,,,,,,,,,Financial Service Provider
24,1968,4,25,,,,,,,,,,Financial Service Provider
25,1968,4,26,,,,,,,,,,Financial Service Provider
26,1968,4,27,,,,,,,,,,Financial Service Provider
27,1968,4,29,,,,,,,,,,Financial Service Provider
28,1968,4,30,,,,,,,,,,Financial Service Provider
29,1968,4,31,,,,,,,,,,Financial Service Provider
30,1968,4,32,,,,,,,,,,Financial Service Provider
31,1968,4,33,,,,,,,,,,Financial Service Provider
32,1968,4,34,,,,,,,,,,Financial Service Provider
33,1968,4,35,,,,,,,,,,Financial Service Provider
34,1968,4,36,,,,,,,,,,Financial Service Provider
35,1968,4,37,,,,,,,,,,Financial Service Provider
36,1968,4,38,,,,,,,,,,Financial Service Provider
37,1968,4,39,,,,,,,,,,Financial Service Provider
38,1968,4,40,,,,,,,,,,Financial Service Provider
39,1968,4,41,,,,,,,,,,Financial Service Provider
40,1968,4,42,,,,,,,,,,Financial Service Provider
41,1968,4,43,,,,,,,,,,Financial Service Provider
42,1968,4,45,,,,,,,,,,Financial Service Provider
43,1968,4,46,,,,,,,,,,Financial Service Provider
44,1968,4,47,,,,,,,,,,Financial Service Provider
45,1968,4,48,,,,,,,,,,Financial Service Provider
46,1968,4,49,,,,,,,,,,Financial Service Provider
47,1968,4,50,,,,,,,,,,Financial Service Provider
48,1968,4,51,,,,,,,,,,Financial Service Provider
49,1968,4,52,,,,,,,,,,Financial Service Provider
50,1968,4,53,,,,,,,,,,Financial Service Provider
51,1968,4,54,,,,,,,,,,Financial Service Provider
52,1968,4,55,,,,,,,,,,Financial Service Provider
53,1968,4,56,,,,,,,,,,Financial Service Provider
54,1968,4,57,,,,,,,,,,Financial Service Provider
55,1968,4,58,,,,,,,,,,Financial Service Provider
56,1968,4,59,,,,,,,,,,Financial Service Provider
57,1968,4,60,,,,,,,,,,Financial Service Provider
58,1968,4,61,,,,,,,,,,Financial Service Provider
59,1968,4,62,,,,,,,,,,Financial Service Provider
60,1968,4,63,,,,,,,,,,Financial Service Provider
61,1968,4,64,,,,,,,,,,Financial Service Provider
62,1968,4,65,,,,,,,,,,Financial Service Provider
63,1968,4,66,,,,,,,,,,Financial Service Provider
64,1968,4,67,,,,,,,,,,Financial Service Provider
65,1968,4,68,,,,,,,,,,Financial Service Provider
66,1968,4,69,,,,,,,,,,Financial Service Provider
67,1968,4,70,,,,,,,,,,Financial Service Provider
68,1968,4,71,,,,,,,,,,Financial Service Provider
69,1968,4,72,,,,,,,,,,Financial Service Provider
70,1968,4,73,,,,,,,,,,Financial Service Provider
71,1968,4,74,,,,,,,,,,Financial Service Provider
72,1968,4,75,,,,,,,,,,Financial Service Provider
73,1968,4,76,,,,,,,,,,Financial Service Provider
74,1968,4,77,,,,,,,,,,Financial Service Provider
75,1968,4,78,,,,,,,,,,Financial Service Provider
76,1968,4,79,,,,,,,,,,Financial Service Provider
77,1968,4,80,,,,,,,,,,Financial Service Provider
78,1968,4,81,,,,,,,,,,Financial Service Provider
79,1968,4,82,,,,,,,,,,Financial Service Provider
80,1968,4,83,,,,,,,,,,Financial Service Provider
81,1968,4,84,,,,,,,,,,Financial Service Provider
82,1968,4,85,,,,,,,,,,Financial Service Provider
83,1968,4,86,,,,,,,,,,Financial Service Provider
84,1968,4,87,,,,,,,,,,Financial Service Provider
85,1968,4,88,,,,,,,,,,Financial Service Provider
86,1968,4,89,,,,,,,,,,Financial Service Provider
87,1969,1,2,,,,,,,,,,Financial Service Provider
88,1969,1,3,,,,,,,,,,Financial Service Provider
89,1969,1,4,,,,,,,,,,Financial Service Provider
90,1969,1,6,,,,,,,,,,Financial Service Provider
91,1969,1,7,,,,,,,,,,Financial Service Provider
92,1969,1,8,,,,,,,,,,Financial Service Provider
93,1969,1,9,,,,,,,,,,Financial Service Provider
94,1969,1,10,,,,,,,,,,Financial Service Provider
95,1969,1,15,,,,,,,,,,Financial Service Provider
96,1969,1,16,,,,,,,,,,Financial Service Provider
97,1969,1,18,,,,,,,,,,Financial Service Provider
98,1969,1,21,,,,,,,,,,Financial Service Provider
99,1969,1,22,,,,,,,,,,Financial Service Provider
100,1969,1,23,,,,,,,,,,Financial Service Provider
101,1969,1,26,,,,,,,,,,Financial Service Provider
102,1969,1,28,,,,,,,,,,Financial Service Provider
103,1969,1,29,,,,,,,,,,Financial Service Provider
104,1969,1,30,,,,,,,,,,Financial Service Provider
105,1969,1,31,,,,,,,,,,Financial Service Provider
106,1969,1,32,,,,,,,,,,Financial Service Provider
107,1969,1,37,,,,,,,,,,Financial Service Provider
108,1969,1,38,,,,,,,,,,Financial Service Provider
109,1969,1,39,,,,,,,,,,Financial Service Provider
110,1969,1,40,,,,,,,,,,Financial Service Provider
111,1969,1,41,,,,,,,,,,Financial Service Provider
112,1969,1,42,,,,,,,,,,Financial Service Provider
113,1969,1,43,,,,,,,,,,Financial Service Provider
114,1969,1,44,,,,,,,,,,Financial Service Provider
115,1969,1,46,,,,,,,,,,Financial Service Provider
116,1969,1,48,,,,,,,,,,Financial Service Provider
117,1969,1,49,,,,,,,,,,Financial Service Provider
118,1969,1,50,,,,,,,,,,Financial Service Provider
119,1969,1,51,,,,,,,,,,Financial Service Provider
120,1969,1,52,,,,,,,,,,Financial Service Provider
121,1969,1,53,,,,,,,,,,Financial Service Provider
122,1969,1,54,,,,,,,,,,Financial Service Provider
123,1969,1,57,,,,,,,,,,Financial Service Provider
124,1969,1,58,,,,,,,,,,Financial Service Provider
125,1969,1,59,,,,,,,,,,Financial Service Provider
126,1969,1,60,,,,,,,,,,Financial Service Provider
127,1969,1,61,,,,,,,,,,Financial Service Provider
128,1969,1,62,,,,,,,,,,Financial Service Provider
129,1969,1,64,,,,,,,,,,Financial Service Provider
130,1969,1,65,,,,,,,,,,Financial Service Provider
131,1969,1,66,,,,,,,,,,Financial Service Provider
132,1969,1,67,,,,,,,,,,Financial Service Provider
133,1969,1,69,,,,,,,,,,Financial Service Provider
134,1969,1,70,,,,,,,,,,Financial Service Provider
135,1969,1,72,,,,,,,,,,Financial Service Provider
136,1969,1,73,,,,,,,,,,Financial Service Provider
137,1969,1,74,,,,,,,,,,Financial Service Provider
138,1969,1,77,,,,,,,,,,Financial Service Provider
139,1969,1,78,,,,,,,,,,Financial Service Provider
140,1969,1,79,,,,,,,,,,Financial Service Provider
141,1969,1,81,,,,,,,,,,Financial Service Provider
142,1969,1,84,,,,,,,,,,Financial Service Provider
143,1969,1,85,,,,,,,,,,Financial Service Provider
144,1969,1,89,,,,,,,,,,Financial Service Provider
145,1969,1,90,,,,,,,,,,Financial Service Provider
146,1969,1,91,,,,,,,,,,Financial Service Provider
147,1969,1,92,,,,,,,,,,Financial Service Provider
148,1969,1,93,,,,,,,,,,Financial Service Provider
149,1969,1,94,,,,,,,,,,Financial Service Provider
150,1969,1,95,,,,,,,,,,Financial Service Provider
151,1969,1,96,,,,,,,,,,Financial Service Provider
152,1969,2,1,,,,,,,,,,Financial Service Provider
153,1969,2,3,,,,,,,,,,Financial Service Provider
154,1969,2,4,,,,,,,,,,Financial Service Provider
155,1969,2,6,,,,,,,,,,Financial Service Provider
156,1969,2,8,,,,,,,,,,Financial Service Provider
157,1969,2,9,,,,,,,,,,Financial Service Provider
158,1969,2,10,,,,,,,,,,Financial Service Provider
159,1969,2,13,,,,,,,,,,Financial Service Provider
160,1969,2,15,,,,,,,,,,Financial Service Provider
161,1969,2,16,,,,,,,,,,Financial Service Provider
162,1969,2,18,,,,,,,,,,Financial Service Provider
163,1969,2,21,,,,,,,,,,Financial Service Provider
164,1969,2,23,,,,,,,,,,Financial Service Provider
165,1969,2,26,,,,,,,,,,Financial Service Provider
166,1969,2,27,,,,,,,,,,Financial Service Provider
167,1969,2,28,,,,,,,,,,Financial Service Provider
168,1969,2,30,,,,,,,,,,Financial Service Provider
169,1969,2,31,,,,,,,,,,Financial Service Provider
170,1969,2,32,,,,,,,,,,Financial Service Provider
171,1969,2,33,,,,,,,,,,Financial Service Provider
172,1969,2,35,,,,,,,,,,Financial Service Provider
173,1969,2,38,,,,,,,,,,Financial Service Provider
174,1969,2,40,,,,,,,,,,Financial Service Provider
175,1969,2,41,,,,,,,,,,Financial Service Provider
176,1969,2,42,,,,,,,,,,Financial Service Provider
177,1969,2,43,,,,,,,,,,Financial Service Provider
178,1969,2,45,,,,,,,,,,Financial Service Provider
179,1969,2,46,,,,,,,,,,Financial Service Provider
180,1969,2,47,,,,,,,,,,Financial Service Provider
181,1969,2,48,,,,,,,,,,Financial Service Provider
182,1969,2,49,,,,,,,,,,Financial Service Provider
183,1969,2,50,,,,,,,,,,Financial Service Provider
184,1969,2,51,,,,,,,,,,Financial Service Provider
185,1969,2,52,,,,,,,,,,Financial Service Provider
186,1969,2,53,,,,,,,,,,Financial Service Provider
187,1969,2,55,,,,,,,,,,Financial Service Provider
188,1969,2,56,,,,,,,,,,Financial Service Provider
189,1969,2,58,,,,,,,,,,Financial Service Provider
190,1969,2,61,,,,,,,,,,Financial Service Provider
191,1969,2,62,,,,,,,,,,Financial Service Provider
192,1969,2,64,,,,,,,,,,Financial Service Provider
193,1969,2,66,,,,,,,,,,Financial Service Provider
194,1969,2,67,,,,,,,,,,Financial Service Provider
195,1969,2,69,,,,,,,,,,Financial Service Provider
196,1969,2,70,,,,,,,,,,Financial Service Provider
197,1969,2,72,,,,,,,,,,Financial Service Provider
198,1969,2,73,,,,,,,,,,Financial Service Provider
199,1969,2,74,,,,,,,,,,Financial Service Provider
200,1969,2,75,,,,,,,,,,Financial Service Provider
201,1969,2,79,,,,,,,,,,Financial Service Provider
202,1969,2,81,,,,,,,,,,Financial Service Provider
203,1969,2,82,,,,,,,,,,Financial Service Provider
204,1969,2,83,,,,,,,,,,Financial Service Provider
205,1969,2,85,,,,,,,,,,Financial Service Provider
206,1969,2,86,,,,,,,,,,Financial Service Provider
207,1969,2,88,,,,,,,,,,Financial Service Provider
208,1969,2,89,,,,,,,,,,Financial Service Provider
209,1969,2,90,,,,,,,,,,Financial Service Provider
210,1969,2,92,,,,,,,,,,Financial Service Provider
211,1969,3,1,,,,,,,,,,Financial Service Provider
212,1969,3,3,,,,,,,,,,Financial Service Provider
213,1969,3,6,,,,,,,,,,Financial Service Provider
214,1969,3,10,,,,,,,,,,Financial Service Provider
215,1969,3,13,,,,,,,,,,Financial Service Provider
216,1969,3,14,,,,,,,,,,Financial Service Provider
217,1969,3,15,,,,,,,,,,Financial Service Provider
218,1969,3,18,,,,,,,,,,Financial Service Provider
219,1969,3,22,,,,,,,,,,Financial Service Provider
220,1969,3,23,,,,,,,,,,Financial Service Provider
221,1969,3,24,,,,,,,,,,Financial Service Provider
222,1969,3,26,,,,,,,,,,Financial Service Provider
223,1969,3,29,,,,,,,,,,Financial Service Provider
224,1969,3,30,,,,,,,,,,Financial Service Provider
225,1969,3,31,,,,,,,,,,Financial Service Provider
226,1969,3,33,,,,,,,,,,Financial Service Provider
227,1969,3,34,,,,,,,,,,Financial Service Provider
228,1969,3,38,,,,,,,,,,Financial Service Provider
229,1969,3,39,,,,,,,,,,Financial Service Provider
230,1969,3,40,,,,,,,,,,Financial Service Provider
231,1969,3,41,,,,,,,,,,Financial Service Provider
232,1969,3,44,,,,,,,,,,Financial Service Provider
233,1969,3,46,,,,,,,,,,Financial Service Provider
234,1969,3,47,,,,,,,,,,Financial Service Provider
235,1969,3,48,,,,,,,,,,Financial Service Provider
236,1969,3,49,,,,,,,,,,Financial Service Provider
237,1969,3,51,,,,,,,,,,Financial Service Provider
238,1969,3,53,,,,,,,,,,Financial Service Provider
239,1969,3,54,,,,,,,,,,Financial Service Provider
240,1969,3,56,,,,,,,,,,Financial Service Provider
241,1969,3,58,,,,,,,,,,Financial Service Provider
242,1969,3,61,,,,,,,,,,Financial Service Provider
243,1969,3,62,,,,,,,,,,Financial Service Provider
244,1969,3,64,,,,,,,,,,Financial Service Provider
245,1969,3,65,,,,,,,,,,Financial Service Provider
246,1969,3,69,,,,,,,,,,Financial Service Provider
247,1969,3,70,,,,,,,,,,Financial Service Provider
248,1969,3,74,,,,,,,,,,Financial Service Provider
249,1969,3,76,,,,,,,,,,Financial Service Provider
250,1969,3,77,,,,,,,,,,Financial Service Provider
251,1969,3,78,,,,,,,,,,Financial Service Provider
252,1969,3,81,,,,,,,,,,Financial Service Provider
253,1969,3,82,,,,,,,,,,Financial Service Provider
254,1969,3,85,,,,,,,,,,Financial Service Provider
255,1969,3,86,,,,,,,,,,Financial Service Provider
256,1969,3,90,,,,,,,,,,Financial Service Provider
257,1969,3,93,,,,,,,,,,Financial Service Provider
258,1969,3,97,,,,,,,,,,Financial Service Provider
259,1969,3,98,,,,,,,,,,Financial Service Provider
260,1969,3,100,,,,,,,,,,Financial Service Provider
261,1969,3,102,,,,,,,,,,Financial Service Provider
262,1969,3,103,,,,,,,,,,Financial Service Provider
263,1969,3,104,,,,,,,,,,Financial Service Provider
264,1969,3,107,,,,,,,,,,Financial Service Provider
265,1969,3,109,,,,,,,,,,Financial Service Provider
266,1969,3,118,,,,,,,,,,Financial Service Provider
267,1969,3,131,,,,,,,,,,Financial Service Provider
268,1969,3,132,,,,,,,,,,Financial Service Provider
269,1969,3,150,,,,,,,,,,Financial Service Provider
270,1969,3,201,,,,,,,,,,Financial Service Provider
271,1969,3,202,,,,,,,,,,Financial Service Provider
272,1969,3,203,,,,,,,,,,Financial Service Provider
273,1969,3,204,,,,,,,,,,Financial Service Provider
274,1969,3,205,,,,,,,,,,Financial Service Provider
275,1969,3,206,,,,,,,,,,Financial Service Provider
276,1969,3,207,,,,,,,,,,Financial Service Provider
277,1969,3,208,,,,,,,,,,Financial Service Provider
278,1969,3,209,,,,,,,,,,Financial Service Provider
279,1969,3,210,,,,,,,,,,Financial Service Provider
280,1969,3,211,,,,,,,,,,Financial Service Provider
281,1969,3,212,,,,,,,,,,Financial Service Provider
282,1969,3,213,,,,,,,,,,Financial Service Provider
283,1969,3,214,,,,,,,,,,Financial Service Provider
284,1969,3,215,,,,,,,,,,Financial Service Provider
285,1969,3,216,,,,,,,,,,Financial Service Provider
286,1969,3,217,,,,,,,,,,Financial Service Provider
287,1969,3,218,,,,,,,,,,Financial Service Provider
288,1969,3,219,,,,,,,,,,Financial Service Provider
289,1969,3,220,,,,,,,,,,Financial Service Provider
290,1969,3,221,,,,,,,,,,Financial Service Provider
291,1969,3,222,,,,,,,,,,Financial Service Provider
292,1969,3,223,,,,,,,,,,Financial Service Provider
293,1969,3,224,,,,,,,,,,Financial Service Provider
294,1969,3,225,,,,,,,,,,Financial Service Provider
295,1969,3,226,,,,,,,,,,Financial Service Provider
296,1969,3,227,,,,,,,,,,Financial Service Provider
297,1969,3,228,,,,,,,,,,Financial Service Provider
298,1969,3,229,,,,,,,,,,Financial Service Provider
299,1969,3,230,,,,,,,,,,Financial Service Provider
300,1969,3,231,,,,,,,,,,Financial Service Provider
301,1969,3,232,,,,,,,,,,Financial Service Provider
302,1969,3,233,,,,,,,,,,Financial Service Provider
303,1969,3,234,,,,,,,,,,Financial Service Provider
304,1969,3,235,,,,,,,,,,Financial Service Provider
305,1969,3,236,,,,,,,,,,Financial Service Provider
306,1969,3,237,,,,,,,,,,Financial Service Provider
307,1969,3,238,,,,,,,,,,Financial Service Provider
308,1969,3,239,,,,,,,,,,Financial Service Provider
309,1969,3,240,,,,,,,,,,Financial Service Provider
310,1969,3,241,,,,,,,,,,Financial Service Provider
311,1969,3,242,,,,,,,,,,Financial Service Provider
312,1969,3,243,,,,,,,,,,Financial Service Provider
313,1969,3,244,,,,,,,,,,Financial Service Provider
314,1969,3,245,,,,,,,,,,Financial Service Provider
315,1969,3,246,,,,,,,,,,Financial Service Provider
316,1969,3,247,,,,,,,,,,Financial Service Provider
317,1969,3,248,,,,,,,,,,Financial Service Provider
318,1969,3,249,,,,,,,,,,Financial Service Provider
319,1969,3,250,,,,,,,,,,Financial Service Provider
320,1969,3,251,,,,,,,,,,Financial Service Provider
321,1969,3,252,,,,,,,,,,Financial Service Provider
322,1969,3,253,,,,,,,,,,Financial Service Provider
323,1969,3,254,,,,,,,,,,Financial Service Provider
324,1969,3,255,,,,,,,,,,Financial Service Provider
325,1969,3,256,,,,,,,,,,Financial Service Provider
326,1969,3,258,,,,,,,,,,Financial Service Provider
327,1969,3,260,,,,,,,,,,Financial Service Provider
328,1969,3,262,,,,,,,,,,Financial Service Provider
329,1969,3,264,,,,,,,,,,Financial Service Provider
330,1969,3,266,,,,,,,,,,Financial Service Provider
331,1969,3,268,,,,,,,,,,Financial Service Provider
332,1969,3,270,,,,,,,,,,Financial Service Provider
333,1969,3,272,,,,,,,,,,Financial Service Provider
334,1969,3,274,,,,,,,,,,Financial Service Provider
335,1969,3,276,,,,,,,,,,Financial Service Provider
336,1969,3,278,,,,,,,,,,Financial Service Provider
337,1969,3,280,,,,,,,,,,Financial Service Provider
338,1969,3,282,,,,,,,,,,Financial Service Provider
339,1969,4,1,,,,,,,,,,Financial Service Provider
340,1969,4,3,,,,,,,,,,Financial Service Provider
341,1969,4,4,,,,,,,,,,Financial Service Provider
342,1969,4,6,,,,,,,,,,Financial Service Provider
343,1969,4,7,,,,,,,,,,Financial Service Provider
344,1969,4,8,,,,,,,,,,Financial Service Provider
345,1969,4,9,,,,,,,,,,Financial Service Provider
346,1969,4,13,,,,,,,,,,Financial Service Provider
347,1969,4,14,,,,,,,,,,Financial Service Provider
348,1969,4,15,,,,,,,,,,Financial Service Provider
349,1969,4,16,,,,,,,,,,Financial Service Provider
350,1969,4,18,,,,,,,,,,Financial Service Provider
351,1969,4,21,,,,,,,,,,Financial Service Provider
352,1969,4,22,,,,,,,,,,Financial Service Provider
353,1969,4,23,,,,,,,,,,Financial Service Provider
354,1969,4,27,,,,,,,,,,Financial Service Provider
355,1969,4,29,,,,,,,,,,Financial Service Provider
356,1969,4,31,,,,,,,,,,Financial Service Provider
357,1969,4,33,,,,,,,,,,Financial Service Provider
358,1969,4,38,,,,,,,,,,Financial Service Provider
359,1969,4,40,,,,,,,,,,Financial Service Provider
360,1969,4,46,,,,,,,,,,Financial Service Provider
361,1969,4,47,,,,,,,,,,Financial Service Provider
362,1969,4,48,,,,,,,,,,Financial Service Provider
363,1969,4,49,,,,,,,,,,Financial Service Provider
364,1969,4,50,,,,,,,,,,Financial Service Provider
365,1969,4,51,,,,,,,,,,Financial Service Provider
366,1969,4,52,,,,,,,,,,Financial Service Provider
367,1969,4,54,,,,,,,,,,Financial Service Provider
368,1969,4,56,,,,,,,,,,Financial Service Provider
369,1969,4,57,,,,,,,,,,Financial Service Provider
370,1969,4,58,,,,,,,,,,Financial Service Provider
371,1969,4,60,,,,,,,,,,Financial Service Provider
372,1969,4,61,,,,,,,,,,Financial Service Provider
373,1969,4,64,,,,,,,,,,Financial Service Provider
374,1969,4,66,,,,,,,,,,Financial Service Provider
375,1969,4,67,,,,,,,,,,Financial Service Provider
376,1969,4,70,,,,,,,,,,Financial Service Provider
377,1969,4,73,,,,,,,,,,Financial Service Provider
378,1969,4,75,,,,,,,,,,Financial Service Provider
379,1969,4,77,,,,,,,,,,Financial Service Provider
380,1969,4,78,,,,,,,,,,Financial Service Provider
381,1969,4,80,,,,,,,,,,Financial Service Provider
382,1969,4,82,,,,,,,,,,Financial Service Provider
383,1969,4,83,,,,,,,,,,Financial Service Provider
384,1969,4,85,,,,,,,,,,Financial Service Provider
385,1969,4,86,,,,,,,,,,Financial Service Provider
386,1969,4,88,,,,,,,,,,Financial Service Provider
387,1969,4,90,,,,,,,,,,Financial Service Provider
388,1969,4,91,,,,,,,,,,Financial Service Provider
389,1969,4,92,,,,,,,,,,Financial Service Provider
390,1969,4,97,,,,,,,,,,Financial Service Provider
391,1969,4,98,,,,,,,,,,Financial Service Provider
392,1969,4,100,,,,,,,,,,Financial Service Provider
393,1969,4,101,,,,,,,,,,Financial Service Provider
394,1969,4,102,,,,,,,,,,Financial Service Provider
395,1969,4,103,,,,,,,,,,Financial Service Provider
396,1970,1,1,,,,,,,,,,Financial Service Provider
397,1970,1,3,,,,,,,,,,Financial Service Provider
398,1970,1,4,,,,,,,,,,Financial Service Provider
399,1970,1,6,,,,,,,,,,Financial Service Provider
400,1970,1,7,,,,,,,,,,Financial Service Provider
401,1970,1,8,,,,,,,,,,Financial Service Provider
402,1970,1,9,,,,,,,,,,Financial Service Provider
403,1970,1,13,,,,,,,,,,Financial Service Provider
404,1970,1,14,,,,,,,,,,Financial Service Provider
405,1970,1,15,,,,,,,,,,Financial Service Provider
406,1970,1,16,,,,,,,,,,Financial Service Provider
407,1970,1,18,,,,,,,,,,Financial Service Provider
408,1970,1,22,,,,,,,,,,Financial Service Provider
409,1970,1,28,,,,,,,,,,Financial Service Provider
410,1970,1,29,,,,,,,,,,Financial Service Provider
411,1970,1,31,,,,,,,,,,Financial Service Provider
412,1970,1,32,,,,,,,,,,Financial Service Provider
413,1970,1,33,,,,,,,,,,Financial Service Provider
414,1970,1,34,,,,,,,,,,Financial Service Provider
415,1970,1,40,,,,,,,,,,Financial Service Provider
416,1970,1,44,,,,,,,,,,Financial Service Provider
417,1970,1,45,,,,,,,,,,Financial Service Provider
418,1970,1,46,,,,,,,,,,Financial Service Provider
419,1970,1,48,,,,,,,,,,Financial Service Provider
420,1970,1,49,,,,,,,,,,Financial Service Provider
421,1970,1,51,,,,,,,,,,Financial Service Provider
422,1970,1,52,,,,,,,,,,Financial Service Provider
423,1970,1,55,,,,,,,,,,Financial Service Provider
424,1970,1,56,,,,,,,,,,Financial Service Provider
425,1970,1,57,,,,,,,,,,Financial Service Provider
426,1970,1,58,,,,,,,,,,Financial Service Provider
427,1970,1,59,,,,,,,,,,Financial Service Provider
428,1970,1,61,,,,,,,,,,Financial Service Provider
429,1970,1,64,,,,,,,,,,Financial Service Provider
430,1970,1,66,,,,,,,,,,Financial Service Provider
431,1970,1,67,,,,,,,,,,Financial Service Provider
432,1970,1,69,,,,,,,,,,Financial Service Provider
433,1970,1,70,,,,,,,,,,Financial Service Provider
434,1970,1,71,,,,,,,,,,Financial Service Provider
435,1970,1,72,,,,,,,,,,Financial Service Provider
436,1970,1,73,,,,,,,,,,Financial Service Provider
437,1970,1,74,,,,,,,,,,Financial Service Provider
438,1970,1,75,,,,,,,,,,Financial Service Provider
439,1970,1,77,,,,,,,,,,Financial Service Provider
440,1970,1,78,,,,,,,,,,Financial Service Provider
441,1970,1,79,,,,,,,,,,Financial Service Provider
442,1970,1,82,,,,,,,,,,Financial Service Provider
443,1970,1,83,,,,,,,,,,Financial Service Provider
444,1970,1,86,,,,,,,,,,Financial Service Provider
445,1970,1,88,,,,,,,,,,Financial Service Provider
446,1970,1,89,,,,,,,,,,Financial Service Provider
447,1970,1,92,,,,,,,,,,Financial Service Provider
448,1970,1,97,,,,,,,,,,Financial Service Provider
449,1970,1,98,,,,,,,,,,Financial Service Provider
450,1970,1,101,,,,,,,,,,Financial Service Provider
451,1970,1,102,,,,,,,,,,Financial Service Provider
452,1970,1,103,,,,,,,,,,Financial Service Provider
453,1970,1,104,,,,,,,,,,Financial Service Provider
454,1970,1,105,,,,,,,,,,Financial Service Provider
455,1970,1,205,,,,,,,,,,Financial Service Provider
456,1970,2,1,,,,,,,,,,Financial Service Provider
457,1970,2,3,,,,,,,,,,Financial Service Provider
458,1970,2,4,,,,,,,,,,Financial Service Provider
459,1970,2,6,,,,,,,,,,Financial Service Provider
460,1970,2,7,,,,,,,,,,Financial Service Provider
461,1970,2,8,,,,,,,,,,Financial Service Provider
462,1970,2,10,,,,,,,,,,Financial Service Provider
463,1970,2,13,,,,,,,,,,Financial Service Provider
464,1970,2,14,,,,,,,,,,Financial Service Provider
465,1970,2,15,,,,,,,,,,Financial Service Provider
466,1970,2,21,,,,,,,,,,Financial Service Provider
467,1970,2,22,,,,,,,,,,Financial Service Provider
468,1970,2,23,,,,,,,,,,Financial Service Provider
469,1970,2,26,,,,,,,,,,Financial Service Provider
470,1970,2,28,,,,,,,,,,Financial Service Provider
471,1970,2,29,,,,,,,,,,Financial Service Provider
472,1970,2,31,,,,,,,,,,Financial Service Provider
473,1970,2,32,,,,,,,,,,Financial Service Provider
474,1970,2,34,,,,,,,,,,Financial Service Provider
475,1970,2,38,,,,,,,,,,Financial Service Provider
476,1970,2,39,,,,,,,,,,Financial Service Provider
477,1970,2,40,,,,,,,,,,Financial Service Provider
478,1970,2,46,,,,,,,,,,Financial Service Provider
479,1970,2,48,,,,,,,,,,Financial Service Provider
480,1970,2,49,,,,,,,,,,Financial Service Provider
481,1970,2,51,,,,,,,,,,Financial Service Provider
482,1970,2,52,,,,,,,,,,Financial Service Provider
483,1970,2,54,,,,,,,,,,Financial Service Provider
484,1970,2,55,,,,,,,,,,Financial Service Provider
485,1970,2,56,,,,,,,,,,Financial Service Provider
486,1970,2,57,,,,,,,,,,Financial Service Provider
487,1970,2,58,,,,,,,,,,Financial Service Provider
488,1970,2,60,,,,,,,,,,Financial Service Provider
489,1970,2,61,,,,,,,,,,Financial Service Provider
490,1970,2,64,,,,,,,,,,Financial Service Provider
491,1970,2,65,,,,,,,,,,Financial Service Provider
492,1970,2,66,,,,,,,,,,Financial Service Provider
493,1970,2,67,,,,,,,,,,Financial Service Provider
494,1970,2,69,,,,,,,,,,Financial Service Provider
495,1970,2,70,,,,,,,,,,Financial Service Provider
496,1970,2,73,,,,,,,,,,Financial Service Provider
497,1970,2,75,,,,,,,,,,Financial Service Provider
498,1970,2,77,,,,,,,,,,Financial Service Provider
499,1970,2,83,,,,,,,,,,Financial Service Provider
500,1970,2,86,,,,,,,,,,Financial Service Provider
501,1970,2,89,,,,,,,,,,Financial Service Provider
502,1970,2,97,,,,,,,,,,Financial Service Provider
503,1970,2,98,,,,,,,,,,Financial Service Provider
504,1970,2,103,,,,,,,,,,Financial Service Provider
505,1970,2,106,,,,,,,,,,Financial Service Provider
506,1970,2,107,,,,,,,,,,Financial Service Provider
507,1970,3,1,,,,,,,,,,Financial Service Provider
508,1970,3,3,,,,,,,,,,Financial Service Provider
509,1970,3,4,,,,,,,,,,Financial Service Provider
510,1970,3,6,,,,,,,,,,Financial Service Provider
511,1970,3,7,,,,,,,,,,Financial Service Provider
512,1970,3,8,,,,,,,,,,Financial Service Provider
513,1970,3,10,,,,,,,,,,Financial Service Provider
514,1970,3,13,,,,,,,,,,Financial Service Provider
515,1970,3,15,,,,,,,,,,Financial Service Provider
516,1970,3,16,,,,,,,,,,Financial Service Provider
517,1970,3,18,,,,,,,,,,Financial Service Provider
518,1970,3,21,,,,,,,,,,Financial Service Provider
519,1970,3,22,,,,,,,,,,Financial Service Provider
520,1970,3,23,,,,,,,,,,Financial Service Provider
521,1970,3,28,,,,,,,,,,Financial Service Provider
522,1970,3,31,,,,,,,,,,Financial Service Provider
523,1970,3,32,,,,,,,,,,Financial Service Provider
524,1970,3,33,,,,,,,,,,Financial Service Provider
525,1970,3,34,,,,,,,,,,Financial Service Provider
526,1970,3,38,,,,,,,,,,Financial Service Provider
527,1970,3,40,,,,,,,,,,Financial Service Provider
528,1970,3,42,,,,,,,,,,Financial Service Provider
529,1970,3,43,,,,,,,,,,Financial Service Provider
530,1970,3,46,,,,,,,,,,Financial Service Provider
531,1970,3,48,,,,,,,,,,Financial Service Provider
532,1970,3,49,,,,,,,,,,Financial Service Provider
533,1970,3,51,,,,,,,,,,Financial Service Provider
534,1970,3,52,,,,,,,,,,Financial Service Provider
535,1970,3,54,,,,,,,,,,Financial Service Provider
536,1970,3,58,,,,,,,,,,Financial Service Provider
537,1970,3,59,,,,,,,,,,Financial Service Provider
538,1970,3,60,,,,,,,,,,Financial Service Provider
539,1970,3,61,,,,,,,,,,Financial Service Provider
540,1970,3,64,,,,,,,,,,Financial Service Provider
541,1970,3,65,,,,,,,,,,Financial Service Provider
542,1970,3,66,,,,,,,,,,Financial Service Provider
543,1970,3,67,,,,,,,,,,Financial Service Provider
544,1970,3,69,,,,,,,,,,Financial Service Provider
545,1970,3,72,,,,,,,,,,Financial Service Provider
546,1970,3,73,,,,,,,,,,Financial Service Provider
547,1970,3,75,,,,,,,,,,Financial Service Provider
548,1970,3,77,,,,,,,,,,Financial Service Provider
549,1970,3,78,,,,,,,,,,Financial Service Provider
550,1970,3,79,,,,,,,,,,Financial Service Provider
551,1970,3,82,,,,,,,,,,Financial Service Provider
552,1970,3,85,,,,,,,,,,Financial Service Provider
553,1970,3,86,,,,,,,,,,Financial Service Provider
554,1970,3,91,,,,,,,,,,Financial Service Provider
555,1970,3,93,,,,,,,,,,Financial Service Provider
556,1970,3,94,,,,,,,,,,Financial Service Provider
557,1970,3,95,,,,,,,,,,Financial Service Provider
558,1970,3,98,,,,,,,,,,Financial Service Provider
559,1970,3,100,,,,,,,,,,Financial Service Provider
560,1970,3,102,,,,,,,,,,Financial Service Provider
561,1970,3,103,,,,,,,,,,Financial Service Provider
562,1970,3,104,,,,,,,,,,Financial Service Provider
563,1970,3,106,,,,,,,,,,Financial Service Provider
564,1970,4,1,,,,,,,,,,Financial Service Provider
565,1970,4,3,,,,,,,,,,Financial Service Provider
566,1970,4,7,,,,,,,,,,Financial Service Provider
567,1970,4,14,,,,,,,,,,Financial Service Provider
568,1970,4,15,,,,,,,,,,Financial Service Provider
569,1970,4,16,,,,,,,,,,Financial Service Provider
570,1970,4,17,,,,,,,,,,Financial Service Provider
571,1970,4,18,,,,,,,,,,Financial Service Provider
572,1970,4,21,,,,,,,,,,Financial Service Provider
573,1970,4,23,,,,,,,,,,Financial Service Provider
574,1970,4,26,,,,,,,,,,Financial Service Provider
575,1970,4,28,,,,,,,,,,Financial Service Provider
576,1970,4,31,,,,,,,,,,Financial Service Provider
577,1970,4,32,,,,,,,,,,Financial Service Provider
578,1970,4,34,,,,,,,,,,Financial Service Provider
579,1970,4,38,,,,,,,,,,Financial Service Provider
580,1970,4,39,,,,,,,,,,Financial Service Provider
581,1970,4,40,,,,,,,,,,Financial Service Provider
582,1970,4,42,,,,,,,,,,Financial Service Provider
583,1970,4,46,,,,,,,,,,Financial Service Provider
584,1970,4,48,,,,,,,,,,Financial Service Provider
585,1970,4,49,,,,,,,,,,Financial Service Provider
586,1970,4,51,,,,,,,,,,Financial Service Provider
587,1970,4,52,,,,,,,,,,Financial Service Provider
588,1970,4,54,,,,,,,,,,Financial Service Provider
589,1970,4,55,,,,,,,,,,Financial Service Provider
590,1970,4,56,,,,,,,,,,Financial Service Provider
591,1970,4,58,,,,,,,,,,Financial Service Provider
592,1970,4,59,,,,,,,,,,Financial Service Provider
593,1970,4,61,,,,,,,,,,Financial Service Provider
594,1970,4,64,,,,,,,,,,Financial Service Provider
595,1970,4,65,,,,,,,,,,Financial Service Provider
596,1970,4,66,,,,,,,,,,Financial Service Provider
597,1970,4,67,,,,,,,,,,Financial Service Provider
598,1970,4,68,,,,,,,,,,Financial Service Provider
599,1970,4,69,,,,,,,,,,Financial Service Provider
600,1970,4,70,,,,,,,,,,Financial Service Provider
601,1970,4,72,,,,,,,,,,Financial Service Provider
602,1970,4,73,,,,,,,,,,Financial Service Provider
603,1970,4,75,,,,,,,,,,Financial Service Provider
604,1970,4,77,,,,,,,,,,Financial Service Provider
605,1970,4,78,,,,,,,,,,Financial Service Provider
606,1970,4,82,,,,,,,,,,Financial Service Provider
607,1970,4,86,,,,,,,,,,Financial Service Provider
608,1970,4,89,,,,,,,,,,Financial Service Provider
609,1970,4,93,,,,,,,,,,Financial Service Provider
610,1970,4,95,,,,,,,,,,Financial Service Provider
611,1970,4,98,,,,,,,,,,Financial Service Provider
612,1970,4,103,,,,,,,,,,Financial Service Provider
613,1970,4,104,,,,,,,,,,Financial Service Provider
614,1970,4,106,,,,,,,,,,Financial Service Provider
615,1970,4,111,,,,,,,,,,Financial Service Provider
616,1970,4,112,,,,,,,,,,Financial Service Provider
617,1970,4,113,,,,,,,,,,Financial Service Provider
618,1970,4,114,,,,,,,,,,Financial Service Provider
619,1970,4,115,,,,,,,,,,Financial Service Provider
620,1970,4,116,,,,,,,,,,Financial Service Provider
621,1970,4,117,,,,,,,,,,Financial Service Provider
622,1970,4,118,,,,,,,,,,Financial Service Provider
623,1970,4,119,,,,,,,,,,Financial Service Provider
624,1970,4,120,,,,,,,,,,Financial Service Provider
625,1970,4,121,,,,,,,,,,Financial Service Provider
626,1970,4,122,,,,,,,,,,Financial Service Provider
627,1970,4,123,,,,,,,,,,Financial Service Provider
628,1970,4,124,,,,,,,,,,Financial Service Provider
629,1970,4,125,,,,,,,,,,Financial Service Provider
630,1970,4,126,,,,,,,,,,Financial Service Provider
631,1970,4,127,,,,,,,,,,Financial Service Provider
632,1970,4,128,,,,,,,,,,Financial Service Provider
633,1970,4,129,,,,,,,,,,Financial Service Provider
634,1970,4,130,,,,,,,,,,Financial Service Provider
635,1970,4,131,,,,,,,,,,Financial Service Provider
636,1970,4,132,,,,,,,,,,Financial Service Provider
637,1970,4,133,,,,,,,,,,Financial Service Provider
638,1970,4,134,,,,,,,,,,Financial Service Provider
639,1970,4,135,,,,,,,,,,Financial Service Provider
640,1970,4,136,,,,,,,,,,Financial Service Provider
641,1970,4,137,,,,,,,,,,Financial Service Provider
642,1970,4,138,,,,,,,,,,Financial Service Provider
643,1970,4,139,,,,,,,,,,Financial Service Provider
644,1970,4,140,,,,,,,,,,Financial Service Provider
645,1970,4,141,,,,,,,,,,Financial Service Provider
646,1970,4,142,,,,,,,,,,Financial Service Provider
647,1970,4,143,,,,,,,,,,Financial Service Provider
648,1970,4,144,,,,,,,,,,Financial Service Provider
649,1970,4,151,,,,,,,,,,Financial Service Provider
650,1970,4,152,,,,,,,,,,Financial Service Provider
651,1970,4,153,,,,,,,,,,Financial Service Provider
652,1970,4,155,,,,,,,,,,Financial Service Provider
653,1970,4,156,,,,,,,,,,Financial Service Provider
654,1970,4,157,,,,,,,,,,Financial Service Provider
655,1970,4,158,,,,,,,,,,Financial Service Provider
656,1970,4,159,,,,,,,,,,Financial Service Provider
657,1970,4,161,,,,,,,,,,Financial Service Provider
658,1970,4,162,,,,,,,,,,Financial Service Provider
659,1970,4,163,,,,,,,,,,Financial Service Provider
660,1970,4,164,,,,,,,,,,Financial Service Provider
661,1970,4,165,,,,,,,,,,Financial Service Provider
662,1970,4,166,,,,,,,,,,Financial Service Provider
663,1970,4,167,,,,,,,,,,Financial Service Provider
664,1970,4,168,,,,,,,,,,Financial Service Provider
665,1970,4,169,,,,,,,,,,Financial Service Provider
666,1970,4,170,,,,,,,,,,Financial Service Provider
667,1970,4,171,,,,,,,,,,Financial Service Provider
668,1970,4,172,,,,,,,,,,Financial Service Provider
669,1970,4,173,,,,,,,,,,Financial Service Provider
670,1970,4,174,,,,,,,,,,Financial Service Provider
671,1970,4,175,,,,,,,,,,Financial Service Provider
672,1970,4,176,,,,,,,,,,Financial Service Provider
673,1970,4,177,,,,,,,,,,Financial Service Provider
674,1970,4,178,,,,,,,,,,Financial Service Provider
675,1970,4,179,,,,,,,,,,Financial Service Provider
676,1970,4,180,,,,,,,,,,Financial Service Provider
677,1970,4,181,,,,,,,,,,Financial Service Provider
678,1970,4,182,,,,,,,,,,Financial Service Provider
679,1970,4,183,,,,,,,,,,Financial Service Provider
680,1970,4,184,,,,,,,,,,Financial Service Provider
681,1970,4,185,,,,,,,,,,Financial Service Provider
682,1970,4,186,,,,,,,,,,Financial Service Provider
683,1970,4,187,,,,,,,,,,Financial Service Provider
684,1970,4,188,,,,,,,,,,Financial Service Provider
685,1970,4,189,,,,,,,,,,Financial Service Provider
686,1970,4,190,,,,,,,,,,Financial Service Provider
687,1970,4,191,,,,,,,,,,Financial Service Provider
688,1970,4,192,,,,,,,,,,Financial Service Provider
689,1970,4,193,,,,,,,,,,Financial Service Provider
690,1970,4,194,,,,,,,,,,Financial Service Provider
691,1970,4,195,,,,,,,,,,Financial Service Provider
692,1970,4,196,,,,,,,,,,Financial Service Provider
693,1970,4,197,,,,,,,,,,Financial Service Provider
694,1970,4,198,,,,,,,,,,Financial Service Provider
695,1971,1,1,,,,,,,,,,Financial Service Provider
696,1971,1,4,,,,,,,,,,Financial Service Provider
697,1971,1,7,,,,,,,,,,Financial Service Provider
698,1971,1,14,,,,,,,,,,Financial Service Provider
699,1971,1,15,,,,,,,,,,Financial Service Provider
700,1971,1,18,,,,,,,,,,Financial Service Provider
701,1971,1,21,,,,,,,,,,Financial Service Provider
702,1971,1,23,,,,,,,,,,Financial Service Provider
703,1971,1,26,,,,,,,,,,Financial Service Provider
704,1971,1,28,,,,,,,,,,Financial Service Provider
705,1971,1,31,,,,,,,,,,Financial Service Provider
706,1971,1,32,,,,,,,,,,Financial Service Provider
707,1971,1,34,,,,,,,,,,Financial Service Provider
708,1971,1,38,,,,,,,,,,Financial Service Provider
709,1971,1,39,,,,,,,,,,Financial Service Provider
710,1971,1,40,,,,,,,,,,Financial Service Provider
711,1971,1,42,,,,,,,,,,Financial Service Provider
712,1971,1,44,,,,,,,,,,Financial Service Provider
713,1971,1,46,,,,,,,,,,Financial Service Provider
714,1971,1,48,,,,,,,,,,Financial Service Provider
715,1971,1,49,,,,,,,,,,Financial Service Provider
716,1971,1,50,,,,,,,,,,Financial Service Provider
717,1971,1,51,,,,,,,,,,Financial Service Provider
718,1971,1,52,,,,,,,,,,Financial Service Provider
719,1971,1,54,,,,,,,,,,Financial Service Provider
720,1971,1,55,,,,,,,,,,Financial Service Provider
721,1971,1,58,,,,,,,,,,Financial Service Provider
722,1971,1,61,,,,,,,,,,Financial Service Provider
723,1971,1,64,,,,,,,,,,Financial Service Provider
724,1971,1,69,,,,,,,,,,Financial Service Provider
725,1971,1,70,,,,,,,,,,Financial Service Provider
726,1971,1,72,,,,,,,,,,Financial Service Provider
727,1971,1,73,,,,,,,,,,Financial Service Provider
728,1971,1,75,,,,,,,,,,Financial Service Provider
729,1971,1,77,,,,,,,,,,Financial Service Provider
730,1971,1,78,,,,,,,,,,Financial Service Provider
731,1971,1,81,,,,,,,,,,Financial Service Provider
732,1971,1,82,,,,,,,,,,Financial Service Provider
733,1971,1,83,,,,,,,,,,Financial Service Provider
734,1971,1,85,,,,,,,,,,Financial Service Provider
735,1971,1,86,,,,,,,,,,Financial Service Provider
736,1971,1,92,,,,,,,,,,Financial Service Provider
737,1971,1,95,,,,,,,,,,Financial Service Provider
738,1971,1,98,,,,,,,,,,Financial Service Provider
739,1971,1,103,,,,,,,,,,Financial Service Provider
740,1971,1,104,,,,,,,,,,Financial Service Provider
741,1971,1,110,,,,,,,,,,Financial Service Provider
742,1971,1,119,,,,,,,,,,Financial Service Provider
743,1971,1,121,,,,,,,,,,Financial Service Provider
744,1971,1,125,,,,,,,,,,Financial Service Provider
745,1971,1,130,,,,,,,,,,Financial Service Provider
746,1971,1,133,,,,,,,,,,Financial Service Provider
747,1971,1,134,,,,,,,,,,Financial Service Provider
748,1971,1,136,,,,,,,,,,Financial Service Provider
749,1971,1,138,,,,,,,,,,Financial Service Provider
750,1971,1,144,,,,,,,,,,Financial Service Provider
751,1971,2,1,,,,,,,,,,Financial Service Provider
752,1971,2,3,,,,,,,,,,Financial Service Provider
753,1971,2,4,,,,,,,,,,Financial Service Provider
754,1971,2,7,,,,,,,,,,Financial Service Provider
755,1971,2,10,,,,,,,,,,Financial Service Provider
756,1971,2,14,,,,,,,,,,Financial Service Provider
757,1971,2,15,,,,,,,,,,Financial Service Provider
758,1971,2,16,,,,,,,,,,Financial Service Provider
759,1971,2,18,,,,,,,,,,Financial Service Provider
760,1971,2,21,,,,,,,,,,Financial Service Provider
761,1971,2,22,,,,,,,,,,Financial Service Provider
762,1971,2,23,,,,,,,,,,Financial Service Provider
763,1971,2,27,,,,,,,,,,Financial Service Provider
764,1971,2,31,,,,,,,,,,Financial Service Provider
765,1971,2,32,,,,,,,,,,Financial Service Provider
766,1971,2,34,,,,,,,,,,Financial Service Provider
767,1971,2,38,,,,,,,,,,Financial Service Provider
768,1971,2,39,,,,,,,,,,Financial Service Provider
769,1971,2,40,,,,,,,,,,Financial Service Provider
770,1971,2,43,,,,,,,,,,Financial Service Provider
771,1971,2,44,,,,,,,,,,Financial Service Provider
772,1971,2,48,,,,,,,,,,Financial Service Provider
773,1971,2,49,,,,,,,,,,Financial Service Provider
774,1971,2,50,,,,,,,,,,Financial Service Provider
775,1971,2,51,,,,,,,,,,Financial Service Provider
776,1971,2,52,,,,,,,,,,Financial Service Provider
777,1971,2,54,,,,,,,,,,Financial Service Provider
778,1971,2,55,,,,,,,,,,Financial Service Provider
779,1971,2,57,,,,,,,,,,Financial Service Provider
780,1971,2,58,,,,,,,,,,Financial Service Provider
781,1971,2,60,,,,,,,,,,Financial Service Provider
782,1971,2,61,,,,,,,,,,Financial Service Provider
783,1971,2,64,,,,,,,,,,Financial Service Provider
784,1971,2,65,,,,,,,,,,Financial Service Provider
785,1971,2,70,,,,,,,,,,Financial Service Provider
786,1971,2,72,,,,,,,,,,Financial Service Provider
787,1971,2,73,,,,,,,,,,Financial Service Provider
788,1971,2,75,,,,,,,,,,Financial Service Provider
789,1971,2,77,,,,,,,,,,Financial Service Provider
790,1971,2,78,,,,,,,,,,Financial Service Provider
791,1971,2,81,,,,,,,,,,Financial Service Provider
792,1971,2,82,,,,,,,,,,Financial Service Provider
793,1971,2,85,,,,,,,,,,Financial Service Provider
794,1971,2,86,,,,,,,,,,Financial Service Provider
795,1971,2,88,,,,,,,,,,Financial Service Provider
796,1971,2,89,,,,,,,,,,Financial Service Provider
797,1971,2,91,,,,,,,,,,Financial Service Provider
798,1971,2,98,,,,,,,,,,Financial Service Provider
799,1971,2,103,,,,,,,,,,Financial Service Provider
800,1971,2,110,,,,,,,,,,Financial Service Provider
801,1971,2,111,,,,,,,,,,Financial Service Provider
802,1971,2,121,,,,,,,,,,Financial Service Provider
803,1971,2,129,,,,,,,,,,Financial Service Provider
804,1971,2,133,,,,,,,,,,Financial Service Provider
805,1971,2,134,,,,,,,,,,Financial Service Provider
806,1971,2,136,,,,,,,,,,Financial Service Provider
807,1971,2,141,,,,,,,,,,Financial Service Provider
808,1971,2,144,,,,,,,,,,Financial Service Provider
809,1971,2,188,,,,,,,,,,Financial Service Provider
810,1971,3,1,,,,,,,,,,Financial Service Provider
811,1971,3,3,,,,,,,,,,Financial Service Provider
812,1971,3,4,,,,,,,,,,Financial Service Provider
813,1971,3,7,,,,,,,,,,Financial Service Provider
814,1971,3,10,,,,,,,,,,Financial Service Provider
815,1971,3,15,,,,,,,,,,Financial Service Provider
816,1971,3,18,,,,,,,,,,Financial Service Provider
817,1971,3,21,,,,,,,,,,Financial Service Provider
818,1971,3,22,,,,,,,,,,Financial Service Provider
819,1971,3,23,,,,,,,,,,Financial Service Provider
820,1971,3,26,,,,,,,,,,Financial Service Provider
821,1971,3,27,,,,,,,,,,Financial Service Provider
822,1971,3,28,,,,,,,,,,Financial Service Provider
823,1971,3,31,,,,,,,,,,Financial Service Provider
824,1971,3,32,,,,,,,,,,Financial Service Provider
825,1971,3,34,,,,,,,,,,Financial Service Provider
826,1971,3,38,,,,,,,,,,Financial Service Provider
827,1971,3,39,,,,,,,,,,Financial Service Provider
828,1971,3,40,,,,,,,,,,Financial Service Provider
829,1971,3,43,,,,,,,,,,Financial Service Provider
830,1971,3,44,,,,,,,,,,Financial Service Provider
831,1971,3,46,,,,,,,,,,Financial Service Provider
832,1971,3,48,,,,,,,,,,Financial Service Provider
833,1971,3,50,,,,,,,,,,Financial Service Provider
834,1971,3,51,,,,,,,,,,Financial Service Provider
835,1971,3,54,,,,,,,,,,Financial Service Provider
836,1971,3,56,,,,,,,,,,Financial Service Provider
837,1971,3,57,,,,,,,,,,Financial Service Provider
838,1971,3,59,,,,,,,,,,Financial Service Provider
839,1971,3,60,,,,,,,,,,Financial Service Provider
840,1971,3,61,,,,,,,,,,Financial Service Provider
841,1971,3,64,,,,,,,,,,Financial Service Provider
842,1971,3,66,,,,,,,,,,Financial Service Provider
843,1971,3,69,,,,,,,,,,Financial Service Provider
844,1971,3,70,,,,,,,,,,Financial Service Provider
845,1971,3,72,,,,,,,,,,Financial Service Provider
846,1971,3,73,,,,,,,,,,Financial Service Provider
847,1971,3,77,,,,,,,,,,Financial Service Provider
848,1971,3,78,,,,,,,,,,Financial Service Provider
849,1971,3,81,,,,,,,,,,Financial Service Provider
850,1971,3,82,,,,,,,,,,Financial Service Provider
851,1971,3,84,,,,,,,,,,Financial Service Provider
852,1971,3,86,,,,,,,,,,Financial Service Provider
853,1971,3,87,,,,,,,,,,Financial Service Provider
854,1971,3,88,,,,,,,,,,Financial Service Provider
855,1971,3,89,,,,,,,,,,Financial Service Provider
856,1971,3,92,,,,,,,,,,Financial Service Provider
857,1971,3,98,,,,,,,,,,Financial Service Provider
858,1971,3,101,,,,,,,,,,Financial Service Provider
859,1971,3,104,,,,,,,,,,Financial Service Provider
860,1971,3,106,,,,,,,,,,Financial Service Provider
861,1971,3,108,,,,,,,,,,Financial Service Provider
862,1971,3,109,,,,,,,,,,Financial Service Provider
863,1971,3,111,,,,,,,,,,Financial Service Provider
864,1971,3,112,,,,,,,,,,Financial Service Provider
865,1971,3,115,,,,,,,,,,Financial Service Provider
866,1971,3,117,,,,,,,,,,Financial Service Provider
867,1971,3,118,,,,,,,,,,Financial Service Provider
868,1971,3,119,,,,,,,,,,Financial Service Provider
869,1971,3,121,,,,,,,,,,Financial Service Provider
870,1971,3,123,,,,,,,,,,Financial Service Provider
871,1971,3,125,,,,,,,,,,Financial Service Provider
872,1971,3,126,,,,,,,,,,Financial Service Provider
873,1971,3,127,,,,,,,,,,Financial Service Provider
874,1971,3,129,,,,,,,,,,Financial Service Provider
875,1971,3,131,,,,,,,,,,Financial Service Provider
876,1971,3,133,,,,,,,,,,Financial Service Provider
877,1971,3,134,,,,,,,,,,Financial Service Provider
878,1971,3,135,,,,,,,,,,Financial Service Provider
879,1971,3,136,,,,,,,,,,Financial Service Provider
880,1971,3,138,,,,,,,,,,Financial Service Provider
881,1971,3,142,,,,,,,,,,Financial Service Provider
882,1971,3,144,,,,,,,,,,Financial Service Provider
883,1971,3,145,,,,,,,,,,Financial Service Provider
884,1971,3,146,,,,,,,,,,Financial Service Provider
885,1971,3,148,,,,,,,,,,Financial Service Provider
886,1971,3,150,,,,,,,,,,Financial Service Provider
887,1971,3,151,,,,,,,,,,Financial Service Provider
888,1971,3,152,,,,,,,,,,Financial Service Provider
889,1971,3,153,,,,,,,,,,Financial Service Provider
890,1971,3,154,,,,,,,,,,Financial Service Provider
891,1971,3,155,,,,,,,,,,Financial Service Provider
892,1971,3,156,,,,,,,,,,Financial Service Provider
893,1971,3,157,,,,,,,,,,Financial Service Provider
894,1971,3,158,,,,,,,,,,Financial Service Provider
895,1971,3,159,,,,,,,,,,Financial Service Provider
896,1971,3,160,,,,,,,,,,Financial Service Provider
897,1971,3,161,,,,,,,,,,Financial Service Provider
898,1971,3,162,,,,,,,,,,Financial Service Provider
899,1971,3,163,,,,,,,,,,Financial Service Provider
900,1971,3,164,,,,,,,,,,Financial Service Provider
901,1971,3,165,,,,,,,,,,Financial Service Provider
902,1971,3,166,,,,,,,,,,Financial Service Provider
903,1971,3,167,,,,,,,,,,Financial Service Provider
904,1971,3,168,,,,,,,,,,Financial Service Provider
905,1971,3,169,,,,,,,,,,Financial Service Provider
906,1971,3,170,,,,,,,,,,Financial Service Provider
907,1971,3,181,,,,,,,,,,Financial Service Provider
908,1971,3,182,,,,,,,,,,Financial Service Provider
909,1971,3,183,,,,,,,,,,Financial Service Provider
910,1971,3,184,,,,,,,,,,Financial Service Provider
911,1971,3,185,,,,,,,,,,Financial Service Provider
912,1971,3,186,,,,,,,,,,Financial Service Provider
913,1971,3,187,,,,,,,,,,Financial Service Provider
914,1971,3,188,,,,,,,,,,Financial Service Provider
915,1971,3,189,,,,,,,,,,Financial Service Provider
916,1971,4,1,,,,,,,,,,Financial Service Provider
917,1971,4,3,,,,,,,,,,Financial Service Provider
918,1971,4,4,,,,,,,,,,Financial Service Provider
919,1971,4,7,,,,,,,,,,Financial Service Provider
920,1971,4,15,,,,,,,,,,Financial Service Provider
921,1971,4,16,,,,,,,,,,Financial Service Provider
922,1971,4,18,,,,,,,,,,Financial Service Provider
923,1971,4,22,,,,,,,,,,Financial Service Provider
924,1971,4,27,,,,,,,,,,Financial Service Provider
925,1971,4,28,,,,,,,,,,Financial Service Provider
926,1971,4,31,,,,,,,,,,Financial Service Provider
927,1971,4,32,,,,,,,,,,Financial Service Provider
928,1971,4,34,,,,,,,,,,Financial Service Provider
929,1971,4,38,,,,,,,,,,Financial Service Provider
930,1971,4,39,,,,,,,,,,Financial Service Provider
931,1971,4,40,,,,,,,,,,Financial Service Provider
932,1971,4,42,,,,,,,,,,Financial Service Provider
933,1971,4,44,,,,,,,,,,Financial Service Provider
934,1971,4,46,,,,,,,,,,Financial Service Provider
935,1971,4,47,,,,,,,,,,Financial Service Provider
936,1971,4,48,,,,,,,,,,Financial Service Provider
937,1971,4,49,,,,,,,,,,Financial Service Provider
938,1971,4,51,,,,,,,,,,Financial Service Provider
939,1971,4,52,,,,,,,,,,Financial Service Provider
940,1971,4,54,,,,,,,,,,Financial Service Provider
941,1971,4,57,,,,,,,,,,Financial Service Provider
942,1971,4,59,,,,,,,,,,Financial Service Provider
943,1971,4,60,,,,,,,,,,Financial Service Provider
944,1971,4,61,,,,,,,,,,Financial Service Provider
945,1971,4,64,,,,,,,,,,Financial Service Provider
946,1971,4,66,,,,,,,,,,Financial Service Provider
947,1971,4,68,,,,,,,,,,Financial Service Provider
948,1971,4,69,,,,,,,,,,Financial Service Provider
949,1971,4,70,,,,,,,,,,Financial Service Provider
950,1971,4,72,,,,,,,,,,Financial Service Provider
951,1971,4,73,,,,,,,,,,Financial Service Provider
952,1971,4,75,,,,,,,,,,Financial Service Provider
953,1971,4,77,,,,,,,,,,Financial Service Provider
954,1971,4,78,,,,,,,,,,Financial Service Provider
955,1971,4,81,,,,,,,,,,Financial Service Provider
956,1971,4,82,,,,,,,,,,Financial Service Provider
957,1971,4,86,,,,,,,,,,Financial Service Provider
958,1971,4,87,,,,,,,,,,Financial Service Provider
959,1971,4,89,,,,,,,,,,Financial Service Provider
960,1971,4,91,,,,,,,,,,Financial Service Provider
961,1971,4,93,,,,,,,,,,Financial Service Provider
962,1971,4,96,,,,,,,,,,Financial Service Provider
963,1971,4,98,,,,,,,,,,Financial Service Provider
964,1971,4,99,,,,,,,,,,Financial Service Provider
965,1971,4,102,,,,,,,,,,Financial Service Provider
966,1971,4,104,,,,,,,,,,Financial Service Provider
967,1971,4,106,,,,,,,,,,Financial Service Provider
968,1971,4,108,,,,,,,,,,Financial Service Provider
969,1971,4,109,,,,,,,,,,Financial Service Provider
970,1971,4,111,,,,,,,,,,Financial Service Provider
971,1971,4,113,,,,,,,,,,Financial Service Provider
972,1971,4,114,,,,,,,,,,Financial Service Provider
973,1971,4,115,,,,,,,,,,Financial Service Provider
974,1971,4,116,,,,,,,,,,Financial Service Provider
975,1971,4,117,,,,,,,,,,Financial Service Provider
976,1971,4,118,,,,,,,,,,Financial Service Provider
977,1971,4,119,,,,,,,,,,Financial Service Provider
978,1971,4,120,,,,,,,,,,Financial Service Provider
979,1971,4,122,,,,,,,,,,Financial Service Provider
980,1971,4,124,,,,,,,,,,Financial Service Provider
981,1971,4,125,,,,,,,,,,Financial Service Provider
982,1971,4,127,,,,,,,,,,Financial Service Provider
983,1971,4,128,,,,,,,,,,Financial Service Provider
984,1971,4,129,,,,,,,,,,Financial Service Provider
985,1971,4,132,,,,,,,,,,Financial Service Provider
986,1971,4,133,,,,,,,,,,Financial Service Provider
987,1971,4,134,,,,,,,,,,Financial Service Provider
988,1971,4,138,,,,,,,,,,Financial Service Provider
989,1971,4,139,,,,,,,,,,Financial Service Provider
990,1971,4,142,,,,,,,,,,Financial Service Provider
991,1971,4,144,,,,,,,,,,Financial Service Provider
992,1972,1,1,,,,,,,,,,Financial Service Provider
993,1972,1,3,,,,,,,,,,Financial Service Provider
994,1972,1,7,,,,,,,,,,Financial Service Provider
995,1972,1,8,,,,,,,,,,Financial Service Provider
996,1972,1,14,,,,,,,,,,Financial Service Provider
997,1972,1,15,,,,,,,,,,Financial Service Provider
998,1972,1,22,,,,,,,,,,Financial Service Provider
999,1972,1,26,,,,,,,,,,Financial Service Provider
1000,1972,1,27,,,,,,,,,,Financial Service Provider
1001,1972,1,31,,,,,,,,,,Financial Service Provider
1002,1972,1,32,,,,,,,,,,Financial Service Provider
1003,1972,1,34,,,,,,,,,,Financial Service Provider
1004,1972,1,38,,,,,,,,,,Financial Service Provider
1005,1972,1,39,,,,,,,,,,Financial Service Provider
1006,1972,1,40,,,,,,,,,,Financial Service Provider
1007,1972,1,42,,,,,,,,,,Financial Service Provider
1008,1972,1,44,,,,,,,,,,Financial Service Provider
1009,1972,1,48,,,,,,,,,,Financial Service Provider
1010,1972,1,49,,,,,,,,,,Financial Service Provider
1011,1972,1,50,,,,,,,,,,Financial Service Provider
1012,1972,1,51,,,,,,,,,,Financial Service Provider
1013,1972,1,52,,,,,,,,,,Financial Service Provider
1014,1972,1,54,,,,,,,,,,Financial Service Provider
1015,1972,1,55,,,,,,,,,,Financial Service Provider
1016,1972,1,56,,,,,,,,,,Financial Service Provider
1017,1972,1,57,,,,,,,,,,Financial Service Provider
1018,1972,1,59,,,,,,,,,,Financial Service Provider
1019,1972,1,60,,,,,,,,,,Financial Service Provider
1020,1972,1,64,,,,,,,,,,Financial Service Provider
1021,1972,1,66,,,,,,,,,,Financial Service Provider
1022,1972,1,67,,,,,,,,,,Financial Service Provider
1023,1972,1,68,,,,,,,,,,Financial Service Provider
1024,1972,1,69,,,,,,,,,,Financial Service Provider
1025,1972,1,70,,,,,,,,,,Financial Service Provider
1026,1972,1,72,,,,,,,,,,Financial Service Provider
1027,1972,1,73,,,,,,,,,,Financial Service Provider
1028,1972,1,75,,,,,,,,,,Financial Service Provider
1029,1972,1,78,,,,,,,,,,Financial Service Provider
1030,1972,1,81,,,,,,,,,,Financial Service Provider
1031,1972,1,82,,,,,,,,,,Financial Service Provider
1032,1972,1,86,,,,,,,,,,Financial Service Provider
1033,1972,1,88,,,,,,,,,,Financial Service Provider
1034,1972,1,89,,,,,,,,,,Financial Service Provider
1035,1972,1,91,,,,,,,,,,Financial Service Provider
1036,1972,1,93,,,,,,,,,,Financial Service Provider
1037,1972,1,98,,,,,,,,,,Financial Service Provider
1038,1972,1,99,,,,,,,,,,Financial Service Provider
1039,1972,1,102,,,,,,,,,,Financial Service Provider
1040,1972,1,108,,,,,,,,,,Financial Service Provider
1041,1972,1,111,,,,,,,,,,Financial Service Provider
1042,1972,1,115,,,,,,,,,,Financial Service Provider
1043,1972,1,118,,,,,,,,,,Financial Service Provider
1044,1972,1,120,,,,,,,,,,Financial Service Provider
1045,1972,1,122,,,,,,,,,,Financial Service Provider
1046,1972,1,124,,,,,,,,,,Financial Service Provider
1047,1972,1,125,,,,,,,,,,Financial Service Provider
1048,1972,1,127,,,,,,,,,,Financial Service Provider
1049,1972,1,128,,,,,,,,,,Financial Service Provider
1050,1972,1,129,,,,,,,,,,Financial Service Provider
1051,1972,1,130,,,,,,,,,,Financial Service Provider
1052,1972,1,137,,,,,,,,,,Financial Service Provider
1053,1972,1,140,,,,,,,,,,Financial Service Provider
1054,1972,1,141,,,,,,,,,,Financial Service Provider
1055,1972,1,144,,,,,,,,,,Financial Service Provider
1056,1972,1,145,,,,,,,,,,Financial Service Provider
1057,1972,1,147,,,,,,,,,,Financial Service Provider
1058,1972,2,1,,,,,,,,,,Financial Service Provider
1059,1972,2,3,,,,,,,,,,Financial Service Provider
1060,1972,2,4,,,,,,,,,,Financial Service Provider
1061,1972,2,7,,,,,,,,,,Financial Service Provider
1062,1972,2,8,,,,,,,,,,Financial Service Provider
1063,1972,2,14,,,,,,,,,,Financial Service Provider
1064,1972,2,15,,,,,,,,,,Financial Service Provider
1065,1972,2,18,,,,,,,,,,Financial Service Provider
1066,1972,2,22,,,,,,,,,,Financial Service Provider
1067,1972,2,26,,,,,,,,,,Financial Service Provider
1068,1972,2,27,,,,,,,,,,Financial Service Provider
1069,1972,2,28,,,,,,,,,,Financial Service Provider
1070,1972,2,31,,,,,,,,,,Financial Service Provider
1071,1972,2,32,,,,,,,,,,Financial Service Provider
1072,1972,2,38,,,,,,,,,,Financial Service Provider
1073,1972,2,39,,,,,,,,,,Financial Service Provider
1074,1972,2,40,,,,,,,,,,Financial Service Provider
1075,1972,2,44,,,,,,,,,,Financial Service Provider
1076,1972,2,46,,,,,,,,,,Financial Service Provider
1077,1972,2,48,,,,,,,,,,Financial Service Provider
1078,1972,2,49,,,,,,,,,,Financial Service Provider
1079,1972,2,50,,,,,,,,,,Financial Service Provider
1080,1972,2,51,,,,,,,,,,Financial Service Provider
1081,1972,2,52,,,,,,,,,,Financial Service Provider
1082,1972,2,54,,,,,,,,,,Financial Service Provider
1083,1972,2,55,,,,,,,,,,Financial Service Provider
1084,1972,2,56,,,,,,,,,,Financial Service Provider
1085,1972,2,57,,,,,,,,,,Financial Service Provider
1086,1972,2,59,,,,,,,,,,Financial Service Provider
1087,1972,2,60,,,,,,,,,,Financial Service Provider
1088,1972,2,64,,,,,,,,,,Financial Service Provider
1089,1972,2,65,,,,,,,,,,Financial Service Provider
1090,1972,2,66,,,,,,,,,,Financial Service Provider
1091,1972,2,68,,,,,,,,,,Financial Service Provider
1092,1972,2,69,,,,,,,,,,Financial Service Provider
1093,1972,2,72,,,,,,,,,,Financial Service Provider
1094,1972,2,73,,,,,,,,,,Financial Service Provider
1095,1972,2,75,,,,,,,,,,Financial Service Provider
1096,1972,2,78,,,,,,,,,,Financial Service Provider
1097,1972,2,81,,,,,,,,,,Financial Service Provider
1098,1972,2,82,,,,,,,,,,Financial Service Provider
1099,1972,2,86,,,,,,,,,,Financial Service Provider
1100,1972,2,88,,,,,,,,,,Financial Service Provider
1101,1972,2,89,,,,,,,,,,Financial Service Provider
1102,1972,2,93,,,,,,,,,,Financial Service Provider
1103,1972,2,98,,,,,,,,,,Financial Service Provider
1104,1972,2,102,,,,,,,,,,Financial Service Provider
1105,1972,2,104,,,,,,,,,,Financial Service Provider
1106,1972,2,108,,,,,,,,,,Financial Service Provider
1107,1972,2,109,,,,,,,,,,Financial Service Provider
1108,1972,2,111,,,,,,,,,,Financial Service Provider
1109,1972,2,112,,,,,,,,,,Financial Service Provider
1110,1972,2,114,,,,,,,,,,Financial Service Provider
1111,1972,2,115,,,,,,,,,,Financial Service Provider
1112,1972,2,117,,,,,,,,,,Financial Service Provider
1113,1972,2,118,,,,,,,,,,Financial Service Provider
1114,1972,2,119,,,,,,,,,,Financial Service Provider
1115,1972,2,120,,,,,,,,,,Financial Service Provider
1116,1972,2,122,,,,,,,,,,Financial Service Provider
1117,1972,2,124,,,,,,,,,,Financial Service Provider
1118,1972,2,127,,,,,,,,,,Financial Service Provider
1119,1972,2,128,,,,,,,,,,Financial Service Provider
1120,1972,2,133,,,,,,,,,,Financial Service Provider
1121,1972,2,134,,,,,,,,,,Financial Service Provider
1122,1972,2,135,,,,,,,,,,Financial Service Provider
1123,1972,2,138,,,,,,,,,,Financial Service Provider
1124,1972,2,140,,,,,,,,,,Financial Service Provider
1125,1972,2,144,,,,,,,,,,Financial Service Provider
1126,1972,2,145,,,,,,,,,,Financial Service Provider
1127,1972,2,148,,,,,,,,,,Financial Service Provider
1128,1972,2,226,,,,,,,,,,Financial Service Provider
1129,1972,3,1,,,,,,,,,,Financial Service Provider
1130,1972,3,3,,,,,,,,,,Financial Service Provider
1131,1972,3,4,,,,,,,,,,Financial Service Provider
1132,1972,3,7,,,,,,,,,,Financial Service Provider
1133,1972,3,8,,,,,,,,,,Financial Service Provider
1134,1972,3,15,,,,,,,,,,Financial Service Provider
1135,1972,3,26,,,,,,,,,,Financial Service Provider
1136,1972,3,27,,,,,,,,,,Financial Service Provider
1137,1972,3,28,,,,,,,,,,Financial Service Provider
1138,1972,3,31,,,,,,,,,,Financial Service Provider
1139,1972,3,39,,,,,,,,,,Financial Service Provider
1140,1972,3,40,,,,,,,,,,Financial Service Provider
1141,1972,3,42,,,,,,,,,,Financial Service Provider
1142,1972,3,44,,,,,,,,,,Financial Service Provider
1143,1972,3,46,,,,,,,,,,Financial Service Provider
1144,1972,3,48,,,,,,,,,,Financial Service Provider
1145,1972,3,49,,,,,,,,,,Financial Service Provider
1146,1972,3,50,,,,,,,,,,Financial Service Provider
1147,1972,3,52,,,,,,,,,,Financial Service Provider
1148,1972,3,54,,,,,,,,,,Financial Service Provider
1149,1972,3,56,,,,,,,,,,Financial Service Provider
1150,1972,3,59,,,,,,,,,,Financial Service Provider
1151,1972,3,60,,,,,,,,,,Financial Service Provider
1152,1972,3,64,,,,,,,,,,Financial Service Provider
1153,1972,3,65,,,,,,,,,,Financial Service Provider
1154,1972,3,66,,,,,,,,,,Financial Service Provider
1155,1972,3,68,,,,,,,,,,Financial Service Provider
1156,1972,3,69,,,,,,,,,,Financial Service Provider
1157,1972,3,70,,,,,,,,,,Financial Service Provider
1158,1972,3,72,,,,,,,,,,Financial Service Provider
1159,1972,3,73,,,,,,,,,,Financial Service Provider
1160,1972,3,75,,,,,,,,,,Financial Service Provider
1161,1972,3,78,,,,,,,,,,Financial Service Provider
1162,1972,3,81,,,,,,,,,,Financial Service Provider
1163,1972,3,82,,,,,,,,,,Financial Service Provider
1164,1972,3,83,,,,,,,,,,Financial Service Provider
1165,1972,3,86,,,,,,,,,,Financial Service Provider
1166,1972,3,89,,,,,,,,,,Financial Service Provider
1167,1972,3,93,,,,,,,,,,Financial Service Provider
1168,1972,3,98,,,,,,,,,,Financial Service Provider
1169,1972,3,102,,,,,,,,,,Financial Service Provider
1170,1972,3,103,,,,,,,,,,Financial Service Provider
1171,1972,3,108,,,,,,,,,,Financial Service Provider
1172,1972,3,109,,,,,,,,,,Financial Service Provider
1173,1972,3,115,,,,,,,,,,Financial Service Provider
1174,1972,3,117,,,,,,,,,,Financial Service Provider
1175,1972,3,118,,,,,,,,,,Financial Service Provider
1176,1972,3,119,,,,,,,,,,Financial Service Provider
1177,1972,3,120,,,,,,,,,,Financial Service Provider
1178,1972,3,122,,,,,,,,,,Financial Service Provider
1179,1972,3,125,,,,,,,,,,Financial Service Provider
1180,1972,3,127,,,,,,,,,,Financial Service Provider
1181,1972,3,130,,,,,,,,,,Financial Service Provider
1182,1972,3,131,,,,,,,,,,Financial Service Provider
1183,1972,3,133,,,,,,,,,,Financial Service Provider
1184,1972,3,134,,,,,,,,,,Financial Service Provider
1185,1972,3,135,,,,,,,,,,Financial Service Provider
1186,1972,3,138,,,,,,,,,,Financial Service Provider
1187,1972,3,141,,,,,,,,,,Financial Service Provider
1188,1972,3,144,,,,,,,,,,Financial Service Provider
1189,1972,3,147,,,,,,,,,,Financial Service Provider
1190,1972,3,148,,,,,,,,,,Financial Service Provider
1191,1972,3,154,,,,,,,,,,Financial Service Provider
1192,1972,3,157,,,,,,,,,,Financial Service Provider
1193,1972,3,158,,,,,,,,,,Financial Service Provider
1194,1972,3,159,,,,,,,,,,Financial Service Provider
1195,1972,3,160,,,,,,,,,,Financial Service Provider
1196,1972,3,161,,,,,,,,,,Financial Service Provider
1197,1972,3,162,,,,,,,,,,Financial Service Provider
1198,1972,4,1,,,,,,,,,,Financial Service Provider
1199,1972,4,3,,,,,,,,,,Financial Service Provider
1200,1972,4,7,,,,,,,,,,Financial Service Provider
1201,1972,4,8,,,,,,,,,,Financial Service Provider
1202,1972,4,14,,,,,,,,,,Financial Service Provider
1203,1972,4,15,,,,,,,,,,Financial Service Provider
1204,1972,4,16,,,,,,,,,,Financial Service Provider
1205,1972,4,18,,,,,,,,,,Financial Service Provider
1206,1972,4,22,,,,,,,,,,Financial Service Provider
1207,1972,4,27,,,,,,,,,,Financial Service Provider
1208,1972,4,28,,,,,,,,,,Financial Service Provider
1209,1972,4,31,,,,,,,,,,Financial Service Provider
1210,1972,4,32,,,,,,,,,,Financial Service Provider
1211,1972,4,34,,,,,,,,,,Financial Service Provider
1212,1972,4,38,,,,,,,,,,Financial Service Provider
1213,1972,4,39,,,,,,,,,,Financial Service Provider
1214,1972,4,40,,,,,,,,,,Financial Service Provider
1215,1972,4,42,,,,,,,,,,Financial Service Provider
1216,1972,4,44,,,,,,,,,,Financial Service Provider
1217,1972,4,46,,,,,,,,,,Financial Service Provider
1218,1972,4,48,,,,,,,,,,Financial Service Provider
1219,1972,4,49,,,,,,,,,,Financial Service Provider
1220,1972,4,50,,,,,,,,,,Financial Service Provider
1221,1972,4,51,,,,,,,,,,Financial Service Provider
1222,1972,4,52,,,,,,,,,,Financial Service Provider
1223,1972,4,54,,,,,,,,,,Financial Service Provider
1224,1972,4,56,,,,,,,,,,Financial Service Provider
1225,1972,4,57,,,,,,,,,,Financial Service Provider
1226,1972,4,59,,,,,,,,,,Financial Service Provider
1227,1972,4,61,,,,,,,,,,Financial Service Provider
1228,1972,4,64,,,,,,,,,,Financial Service Provider
1229,1972,4,65,,,,,,,,,,Financial Service Provider
1230,1972,4,67,,,,,,,,,,Financial Service Provider
1231,1972,4,68,,,,,,,,,,Financial Service Provider
1232,1972,4,69,,,,,,,,,,Financial Service Provider
1233,1972,4,70,,,,,,,,,,Financial Service Provider
1234,1972,4,72,,,,,,,,,,Financial Service Provider
1235,1972,4,78,,,,,,,,,,Financial Service Provider
1236,1972,4,81,,,,,,,,,,Financial Service Provider
1237,1972,4,82,,,,,,,,,,Financial Service Provider
1238,1972,4,85,,,,,,,,,,Financial Service Provider
1239,1972,4,86,,,,,,,,,,Financial Service Provider
1240,1972,4,89,,,,,,,,,,Financial Service Provider
1241,1972,4,91,,,,,,,,,,Financial Service Provider
1242,1972,4,93,,,,,,,,,,Financial Service Provider
1243,1972,4,95,,,,,,,,,,Financial Service Provider
1244,1972,4,96,,,,,,,,,,Financial Service Provider
1245,1972,4,98,,,,,,,,,,Financial Service Provider
1246,1972,4,108,,,,,,,,,,Financial Service Provider
1247,1972,4,109,,,,,,,,,,Financial Service Provider
1248,1972,4,115,,,,,,,,,,Financial Service Provider
1249,1972,4,118,,,,,,,,,,Financial Service Provider
1250,1972,4,119,,,,,,,,,,Financial Service Provider
1251,1972,4,120,,,,,,,,,,Financial Service Provider
1252,1972,4,122,,,,,,,,,,Financial Service Provider
1253,1972,4,125,,,,,,,,,,Financial Service Provider
1254,1972,4,128,,,,,,,,,,Financial Service Provider
1255,1972,4,133,,,,,,,,,,Financial Service Provider
1256,1972,4,135,,,,,,,,,,Financial Service Provider
1257,1972,4,138,,,,,,,,,,Financial Service Provider
1258,1972,4,144,,,,,,,,,,Financial Service Provider
1259,1972,4,157,,,,,,,,,,Financial Service Provider
1260,1972,4,158,,,,,,,,,,Financial Service Provider
1261,1973,1,1,,,,,,,,,,Financial Service Provider
1262,1973,1,3,,,,,,,,,,Financial Service Provider
1263,1973,1,7,,,,,,,,,,Financial Service Provider
1264,1973,1,8,,,,,,,,,,Financial Service Provider
1265,1973,1,14,,,,,,,,,,Financial Service Provider
1266,1973,1,15,,,,,,,,,,Financial Service Provider
1267,1973,1,22,,,,,,,,,,Financial Service Provider
1268,1973,1,27,,,,,,,,,,Financial Service Provider
1269,1973,1,31,,,,,,,,,,Financial Service Provider
1270,1973,1,32,,,,,,,,,,Financial Service Provider
1271,1973,1,38,,,,,,,,,,Financial Service Provider
1272,1973,1,39,,,,,,,,,,Financial Service Provider
1273,1973,1,40,,,,,,,,,,Financial Service Provider
1274,1973,1,42,,,,,,,,,,Financial Service Provider
1275,1973,1,44,,,,,,,,,,Financial Service Provider
1276,1973,1,46,,,,,,,,,,Financial Service Provider
1277,1973,1,48,,,,,,,,,,Financial Service Provider
1278,1973,1,49,,,,,,,,,,Financial Service Provider
1279,1973,1,50,,,,,,,,,,Financial Service Provider
1280,1973,1,51,,,,,,,,,,Financial Service Provider
1281,1973,1,52,,,,,,,,,,Financial Service Provider
1282,1973,1,54,,,,,,,,,,Financial Service Provider
1283,1973,1,55,,,,,,,,,,Financial Service Provider
1284,1973,1,56,,,,,,,,,,Financial Service Provider
1285,1973,1,57,,,,,,,,,,Financial Service Provider
1286,1973,1,60,,,,,,,,,,Financial Service Provider
1287,1973,1,64,,,,,,,,,,Financial Service Provider
1288,1973,1,65,,,,,,,,,,Financial Service Provider
1289,1973,1,67,,,,,,,,,,Financial Service Provider
1290,1973,1,69,,,,,,,,,,Financial Service Provider
1291,1973,1,72,,,,,,,,,,Financial Service Provider
1292,1973,1,73,,,,,,,,,,Financial Service Provider
1293,1973,1,74,,,,,,,,,,Financial Service Provider
1294,1973,1,75,,,,,,,,,,Financial Service Provider
1295,1973,1,77,,,,,,,,,,Financial Service Provider
1296,1973,1,78,,,,,,,,,,Financial Service Provider
1297,1973,1,81,,,,,,,,,,Financial Service Provider
1298,1973,1,82,,,,,,,,,,Financial Service Provider
1299,1973,1,84,,,,,,,,,,Financial Service Provider
1300,1973,1,85,,,,,,,,,,Financial Service Provider
1301,1973,1,86,,,,,,,,,,Financial Service Provider
1302,1973,1,87,,,,,,,,,,Financial Service Provider
1303,1973,1,89,,,,,,,,,,Financial Service Provider
1304,1973,1,91,,,,,,,,,,Financial Service Provider
1305,1973,1,93,,,,,,,,,,Financial Service Provider
1306,1973,1,98,,,,,,,,,,Financial Service Provider
1307,1973,1,102,,,,,,,,,,Financial Service Provider
1308,1973,1,108,,,,,,,,,,Financial Service Provider
1309,1973,1,109,,,,,,,,,,Financial Service Provider
1310,1973,1,111,,,,,,,,,,Financial Service Provider
1311,1973,1,112,,,,,,,,,,Financial Service Provider
1312,1973,1,115,,,,,,,,,,Financial Service Provider
1313,1973,1,117,,,,,,,,,,Financial Service Provider
1314,1973,1,118,,,,,,,,,,Financial Service Provider
1315,1973,1,120,,,,,,,,,,Financial Service Provider
1316,1973,1,122,,,,,,,,,,Financial Service Provider
1317,1973,1,124,,,,,,,,,,Financial Service Provider
1318,1973,1,125,,,,,,,,,,Financial Service Provider
1319,1973,1,129,,,,,,,,,,Financial Service Provider
1320,1973,1,130,,,,,,,,,,Financial Service Provider
1321,1973,1,133,,,,,,,,,,Financial Service Provider
1322,1973,1,138,,,,,,,,,,Financial Service Provider
1323,1973,1,142,,,,,,,,,,Financial Service Provider
1324,1973,1,144,,,,,,,,,,Financial Service Provider
1325,1973,1,147,,,,,,,,,,Financial Service Provider
1326,1973,1,148,,,,,,,,,,Financial Service Provider
1327,1973,1,158,,,,,,,,,,Financial Service Provider
1328,1973,1,159,,,,,,,,,,Financial Service Provider
1329,1973,2,1,,,,,,,,,,Financial Service Provider
1330,1973,2,8,,,,,,,,,,Financial Service Provider
1331,1973,2,15,,,,,,,,,,Financial Service Provider
1332,1973,2,16,,,,,,,,,,Financial Service Provider
1333,1973,2,22,,,,,,,,,,Financial Service Provider
1334,1973,2,27,,,,,,,,,,Financial Service Provider
1335,1973,2,31,,,,,,,,,,Financial Service Provider
1336,1973,2,32,,,,,,,,,,Financial Service Provider
1337,1973,2,34,,,,,,,,,,Financial Service Provider
1338,1973,2,38,,,,,,,,,,Financial Service Provider
1339,1973,2,39,,,,,,,,,,Financial Service Provider
1340,1973,2,40,,,,,,,,,,Financial Service Provider
1341,1973,2,42,,,,,,,,,,Financial Service Provider
1342,1973,2,44,,,,,,,,,,Financial Service Provider
1343,1973,2,47,,,,,,,,,,Financial Service Provider
1344,1973,2,48,,,,,,,,,,Financial Service Provider
1345,1973,2,49,,,,,,,,,,Financial Service Provider
1346,1973,2,50,,,,,,,,,,Financial Service Provider
1347,1973,2,51,,,,,,,,,,Financial Service Provider
1348,1973,2,52,,,,,,,,,,Financial Service Provider
1349,1973,2,54,,,,,,,,,,Financial Service Provider
1350,1973,2,55,,,,,,,,,,Financial Service Provider
1351,1973,2,56,,,,,,,,,,Financial Service Provider
1352,1973,2,57,,,,,,,,,,Financial Service Provider
1353,1973,2,59,,,,,,,,,,Financial Service Provider
1354,1973,2,64,,,,,,,,,,Financial Service Provider
1355,1973,2,65,,,,,,,,,,Financial Service Provider
1356,1973,2,67,,,,,,,,,,Financial Service Provider
1357,1973,2,68,,,,,,,,,,Financial Service Provider
1358,1973,2,69,,,,,,,,,,Financial Service Provider
1359,1973,2,70,,,,,,,,,,Financial Service Provider
1360,1973,2,72,,,,,,,,,,Financial Service Provider
1361,1973,2,73,,,,,,,,,,Financial Service Provider
1362,1973,2,75,,,,,,,,,,Financial Service Provider
1363,1973,2,77,,,,,,,,,,Financial Service Provider
1364,1973,2,78,,,,,,,,,,Financial Service Provider
1365,1973,2,81,,,,,,,,,,Financial Service Provider
1366,1973,2,82,,,,,,,,,,Financial Service Provider
1367,1973,2,86,,,,,,,,,,Financial Service Provider
1368,1973,2,87,,,,,,,,,,Financial Service Provider
1369,1973,2,89,,,,,,,,,,Financial Service Provider
1370,1973,2,91,,,,,,,,,,Financial Service Provider
1371,1973,2,93,,,,,,,,,,Financial Service Provider
1372,1973,2,95,,,,,,,,,,Financial Service Provider
1373,1973,2,98,,,,,,,,,,Financial Service Provider
1374,1973,2,99,,,,,,,,,,Financial Service Provider
1375,1973,2,108,,,,,,,,,,Financial Service Provider
1376,1973,2,109,,,,,,,,,,Financial Service Provider
1377,1973,2,111,,,,,,,,,,Financial Service Provider
1378,1973,2,115,,,,,,,,,,Financial Service Provider
1379,1973,2,117,,,,,,,,,,Financial Service Provider
1380,1973,2,118,,,,,,,,,,Financial Service Provider
1381,1973,2,120,,,,,,,,,,Financial Service Provider
1382,1973,2,122,,,,,,,,,,Financial Service Provider
1383,1973,2,125,,,,,,,,,,Financial Service Provider
1384,1973,2,127,,,,,,,,,,Financial Service Provider
1385,1973,2,128,,,,,,,,,,Financial Service Provider
1386,1973,2,133,,,,,,,,,,Financial Service Provider
1387,1973,2,138,,,,,,,,,,Financial Service Provider
1388,1973,2,144,,,,,,,,,,Financial Service Provider
1389,1973,2,147,,,,,,,,,,Financial Service Provider
1390,1973,2,148,,,,,,,,,,Financial Service Provider
1391,1973,2,158,,,,,,,,,,Financial Service Provider
1392,1973,2,159,,,,,,,,,,Financial Service Provider
1393,1973,3,1,,,,,,,,,,Financial Service Provider
1394,1973,3,3,,,,,,,,,,Financial Service Provider
1395,1973,3,7,,,,,,,,,,Financial Service Provider
1396,1973,3,8,,,,,,,,,,Financial Service Provider
1397,1973,3,15,,,,,,,,,,Financial Service Provider
1398,1973,3,27,,,,,,,,,,Financial Service Provider
1399,1973,3,31,,,,,,,,,,Financial Service Provider
1400,1973,3,32,,,,,,,,,,Financial Service Provider
1401,1973,3,34,,,,,,,,,,Financial Service Provider
1402,1973,3,38,,,,,,,,,,Financial Service Provider
1403,1973,3,46,,,,,,,,,,Financial Service Provider
1404,1973,3,48,,,,,,,,,,Financial Service Provider
1405,1973,3,49,,,,,,,,,,Financial Service Provider
1406,1973,3,50,,,,,,,,,,Financial Service Provider
1407,1973,3,51,,,,,,,,,,Financial Service Provider
1408,1973,3,52,,,,,,,,,,Financial Service Provider
1409,1973,3,56,,,,,,,,,,Financial Service Provider
1410,1973,3,59,,,,,,,,,,Financial Service Provider
1411,1973,3,64,,,,,,,,,,Financial Service Provider
1412,1973,3,65,,,,,,,,,,Financial Service Provider
1413,1973,3,66,,,,,,,,,,Financial Service Provider
1414,1973,3,68,,,,,,,,,,Financial Service Provider
1415,1973,3,69,,,,,,,,,,Financial Service Provider
1416,1973,3,77,,,,,,,,,,Financial Service Provider
1417,1973,3,81,,,,,,,,,,Financial Service Provider
1418,1973,3,82,,,,,,,,,,Financial Service Provider
1419,1973,3,86,,,,,,,,,,Financial Service Provider
1420,1973,3,87,,,,,,,,,,Financial Service Provider
1421,1973,3,88,,,,,,,,,,Financial Service Provider
1422,1973,3,93,,,,,,,,,,Financial Service Provider
1423,1973,3,98,,,,,,,,,,Financial Service Provider
1424,1973,3,99,,,,,,,,,,Financial Service Provider
1425,1973,3,102,,,,,,,,,,Financial Service Provider
1426,1973,3,108,,,,,,,,,,Financial Service Provider
1427,1973,3,112,,,,,,,,,,Financial Service Provider
1428,1973,3,115,,,,,,,,,,Financial Service Provider
1429,1973,3,117,,,,,,,,,,Financial Service Provider
1430,1973,3,119,,,,,,,,,,Financial Service Provider
1431,1973,3,122,,,,,,,,,,Financial Service Provider
1432,1973,3,125,,,,,,,,,,Financial Service Provider
1433,1973,3,127,,,,,,,,,,Financial Service Provider
1434,1973,3,138,,,,,,,,,,Financial Service Provider
1435,1973,3,142,,,,,,,,,,Financial Service Provider
1436,1973,3,144,,,,,,,,,,Financial Service Provider
1437,1973,3,158,,,,,,,,,,Financial Service Provider
1438,1973,3,159,,,,,,,,,,Financial Service Provider
1439,1973,4,7,,,,,,,,,,Financial Service Provider
1440,1973,4,8,,,,,,,,,,Financial Service Provider
1441,1973,4,14,,,,,,,,,,Financial Service Provider
1442,1973,4,15,,,,,,,,,,Financial Service Provider
1443,1973,4,22,,,,,,,,,,Financial Service Provider
1444,1973,4,26,,,,,,,,,,Financial Service Provider
1445,1973,4,27,,,,,,,,,,Financial Service Provider
1446,1973,4,31,,,,,,,,,,Financial Service Provider
1447,1973,4,32,,,,,,,,,,Financial Service Provider
1448,1973,4,34,,,,,,,,,,Financial Service Provider
1449,1973,4,38,,,,,,,,,,Financial Service Provider
1450,1973,4,39,,,,,,,,,,Financial Service Provider
1451,1973,4,42,,,,,,,,,,Financial Service Provider
1452,1973,4,46,,,,,,,,,,Financial Service Provider
1453,1973,4,48,,,,,,,,,,Financial Service Provider
1454,1973,4,49,,,,,,,,,,Financial Service Provider
1455,1973,4,50,,,,,,,,,,Financial Service Provider
1456,1973,4,51,,,,,,,,,,Financial Service Provider
1457,1973,4,54,,,,,,,,,,Financial Service Provider
1458,1973,4,55,,,,,,,,,,Financial Service Provider
1459,1973,4,57,,,,,,,,,,Financial Service Provider
1460,1973,4,65,,,,,,,,,,Financial Service Provider
1461,1973,4,66,,,,,,,,,,Financial Service Provider
1462,1973,4,69,,,,,,,,,,Financial Service Provider
1463,1973,4,73,,,,,,,,,,Financial Service Provider
1464,1973,4,75,,,,,,,,,,Financial Service Provider
1465,1973,4,78,,,,,,,,,,Financial Service Provider
1466,1973,4,81,,,,,,,,,,Financial Service Provider
1467,1973,4,82,,,,,,,,,,Financial Service Provider
1468,1973,4,86,,,,,,,,,,Financial Service Provider
1469,1973,4,89,,,,,,,,,,Financial Service Provider
1470,1973,4,93,,,,,,,,,,Financial Service Provider
1471,1973,4,95,,,,,,,,,,Financial Service Provider
1472,1973,4,98,,,,,,,,,,Financial Service Provider
1473,1973,4,99,,,,,,,,,,Financial Service Provider
1474,1973,4,102,,,,,,,,,,Financial Service Provider
1475,1973,4,103,,,,,,,,,,Financial Service Provider
1476,1973,4,109,,,,,,,,,,Financial Service Provider
1477,1973,4,111,,,,,,,,,,Financial Service Provider
1478,1973,4,115,,,,,,,,,,Financial Service Provider
1479,1973,4,117,,,,,,,,,,Financial Service Provider
1480,1973,4,118,,,,,,,,,,Financial Service Provider
1481,1973,4,119,,,,,,,,,,Financial Service Provider
1482,1973,4,120,,,,,,,,,,Financial Service Provider
1483,1973,4,122,,,,,,,,,,Financial Service Provider
1484,1973,4,124,,,,,,,,,,Financial Service Provider
1485,1973,4,127,,,,,,,,,,Financial Service Provider
1486,1973,4,133,,,,,,,,,,Financial Service Provider
1487,1973,4,144,,,,,,,,,,Financial Service Provider
1488,1973,4,145,,,,,,,,,,Financial Service Provider
1489,1973,4,148,,,,,,,,,,Financial Service Provider
1490,1973,4,158,,,,,,,,,,Financial Service Provider
1491,1973,4,159,,,,,,,,,,Financial Service Provider
1492,1973,4,160,,,,,,,,,,Financial Service Provider
1493,1973,4,161,,,,,,,,,,Financial Service Provider
1494,1973,4,162,,,,,,,,,,Financial Service Provider
1495,1973,4,163,,,,,,,,,,Financial Service Provider
1496,1973,4,164,,,,,,,,,,Financial Service Provider
1497,1973,4,165,,,,,,,,,,Financial Service Provider
1498,1974,1,1,,,,,,,,,,Financial Service Provider
1499,1974,1,7,,,,,,,,,,Financial Service Provider
1500,1974,1,8,,,,,,,,,,Financial Service Provider
1501,1974,1,14,,,,,,,,,,Financial Service Provider
1502,1974,1,15,,,,,,,,,,Financial Service Provider
1503,1974,1,18,,,,,,,,,,Financial Service Provider
1504,1974,1,22,,,,,,,,,,Financial Service Provider
1505,1974,1,26,,,,,,,,,,Financial Service Provider
1506,1974,1,27,,,,,,,,,,Financial Service Provider
1507,1974,1,31,,,,,,,,,,Financial Service Provider
1508,1974,1,32,,,,,,,,,,Financial Service Provider
1509,1974,1,34,,,,,,,,,,Financial Service Provider
1510,1974,1,38,,,,,,,,,,Financial Service Provider
1511,1974,1,39,,,,,,,,,,Financial Service Provider
1512,1974,1,40,,,,,,,,,,Financial Service Provider
1513,1974,1,42,,,,,,,,,,Financial Service Provider
1514,1974,1,43,,,,,,,,,,Financial Service Provider
1515,1974,1,44,,,,,,,,,,Financial Service Provider
1516,1974,1,46,,,,,,,,,,Financial Service Provider
1517,1974,1,47,,,,,,,,,,Financial Service Provider
1518,1974,1,48,,,,,,,,,,Financial Service Provider
1519,1974,1,49,,,,,,,,,,Financial Service Provider
1520,1974,1,51,,,,,,,,,,Financial Service Provider
1521,1974,1,52,,,,,,,,,,Financial Service Provider
1522,1974,1,54,,,,,,,,,,Financial Service Provider
1523,1974,1,57,,,,,,,,,,Financial Service Provider
1524,1974,1,59,,,,,,,,,,Financial Service Provider
1525,1974,1,60,,,,,,,,,,Financial Service Provider
1526,1974,1,64,,,,,,,,,,Financial Service Provider
1527,1974,1,65,,,,,,,,,,Financial Service Provider
1528,1974,1,68,,,,,,,,,,Financial Service Provider
1529,1974,1,70,,,,,,,,,,Financial Service Provider
1530,1974,1,72,,,,,,,,,,Financial Service Provider
1531,1974,1,73,,,,,,,,,,Financial Service Provider
1532,1974,1,74,,,,,,,,,,Financial Service Provider
1533,1974,1,75,,,,,,,,,,Financial Service Provider
1534,1974,1,77,,,,,,,,,,Financial Service Provider
1535,1974,1,81,,,,,,,,,,Financial Service Provider
1536,1974,1,82,,,,,,,,,,Financial Service Provider
1537,1974,1,86,,,,,,,,,,Financial Service Provider
1538,1974,1,87,,,,,,,,,,Financial Service Provider
1539,1974,1,89,,,,,,,,,,Financial Service Provider
1540,1974,1,91,,,,,,,,,,Financial Service Provider
1541,1974,1,93,,,,,,,,,,Financial Service Provider
1542,1974,1,98,,,,,,,,,,Financial Service Provider
1543,1974,1,102,,,,,,,,,,Financial Service Provider
1544,1974,1,108,,,,,,,,,,Financial Service Provider
1545,1974,1,109,,,,,,,,,,Financial Service Provider
1546,1974,1,115,,,,,,,,,,Financial Service Provider
1547,1974,1,117,,,,,,,,,,Financial Service Provider
1548,1974,1,120,,,,,,,,,,Financial Service Provider
1549,1974,1,122,,,,,,,,,,Financial Service Provider
1550,1974,1,124,,,,,,,,,,Financial Service Provider
1551,1974,1,125,,,,,,,,,,Financial Service Provider
1552,1974,1,127,,,,,,,,,,Financial Service Provider
1553,1974,1,128,,,,,,,,,,Financial Service Provider
1554,1974,1,133,,,,,,,,,,Financial Service Provider
1555,1974,1,134,,,,,,,,,,Financial Service Provider
1556,1974,1,138,,,,,,,,,,Financial Service Provider
1557,1974,1,145,,,,,,,,,,Financial Service Provider
1558,1974,1,148,,,,,,,,,,Financial Service Provider
1559,1974,1,158,,,,,,,,,,Financial Service Provider
1560,1974,1,166,,,,,,,,,,Financial Service Provider
1561,1974,2,1,,,,,,,,,,Financial Service Provider
1562,1974,2,7,,,,,,,,,,Financial Service Provider
1563,1974,2,8,,,,,,,,,,Financial Service Provider
1564,1974,2,15,,,,,,,,,,Financial Service Provider
1565,1974,2,31,,,,,,,,,,Financial Service Provider
1566,1974,2,32,,,,,,,,,,Financial Service Provider
1567,1974,2,34,,,,,,,,,,Financial Service Provider
1568,1974,2,38,,,,,,,,,,Financial Service Provider
1569,1974,2,39,,,,,,,,,,Financial Service Provider
1570,1974,2,40,,,,,,,,,,Financial Service Provider
1571,1974,2,42,,,,,,,,,,Financial Service Provider
1572,1974,2,43,,,,,,,,,,Financial Service Provider
1573,1974,2,44,,,,,,,,,,Financial Service Provider
1574,1974,2,46,,,,,,,,,,Financial Service Provider
1575,1974,2,48,,,,,,,,,,Financial Service Provider
1576,1974,2,49,,,,,,,,,,Financial Service Provider
1577,1974,2,50,,,,,,,,,,Financial Service Provider
1578,1974,2,55,,,,,,,,,,Financial Service Provider
1579,1974,2,57,,,,,,,,,,Financial Service Provider
1580,1974,2,64,,,,,,,,,,Financial Service Provider
1581,1974,2,65,,,,,,,,,,Financial Service Provider
1582,1974,2,69,,,,,,,,,,Financial Service Provider
1583,1974,2,70,,,,,,,,,,Financial Service Provider
1584,1974,2,73,,,,,,,,,,Financial Service Provider
1585,1974,2,74,,,,,,,,,,Financial Service Provider
1586,1974,2,81,,,,,,,,,,Financial Service Provider
1587,1974,2,82,,,,,,,,,,Financial Service Provider
1588,1974,2,89,,,,,,,,,,Financial Service Provider
1589,1974,2,91,,,,,,,,,,Financial Service Provider
1590,1974,2,93,,,,,,,,,,Financial Service Provider
1591,1974,2,95,,,,,,,,,,Financial Service Provider
1592,1974,2,96,,,,,,,,,,Financial Service Provider
1593,1974,2,98,,,,,,,,,,Financial Service Provider
1594,1974,2,101,,,,,,,,,,Financial Service Provider
1595,1974,2,108,,,,,,,,,,Financial Service Provider
1596,1974,2,109,,,,,,,,,,Financial Service Provider
1597,1974,2,112,,,,,,,,,,Financial Service Provider
1598,1974,2,115,,,,,,,,,,Financial Service Provider
1599,1974,2,117,,,,,,,,,,Financial Service Provider
1600,1974,2,118,,,,,,,,,,Financial Service Provider
1601,1974,2,120,,,,,,,,,,Financial Service Provider
1602,1974,2,125,,,,,,,,,,Financial Service Provider
1603,1974,2,127,,,,,,,,,,Financial Service Provider
1604,1974,2,130,,,,,,,,,,Financial Service Provider
1605,1974,2,134,,,,,,,,,,Financial Service Provider
1606,1974,2,144,,,,,,,,,,Financial Service Provider
1607,1974,2,148,,,,,,,,,,Financial Service Provider
1608,1974,2,158,,,,,,,,,,Financial Service Provider
1609,1974,2,159,,,,,,,,,,Financial Service Provider
1610,1974,3,3,,,,,,,,,,Financial Service Provider
1611,1974,3,8,,,,,,,,,,Financial Service Provider
1612,1974,3,15,,,,,,,,,,Financial Service Provider
1613,1974,3,16,,,,,,,,,,Financial Service Provider
1614,1974,3,22,,,,,,,,,,Financial Service Provider
1615,1974,3,31,,,,,,,,,,Financial Service Provider
1616,1974,3,32,,,,,,,,,,Financial Service Provider
1617,1974,3,38,,,,,,,,,,Financial Service Provider
1618,1974,3,39,,,,,,,,,,Financial Service Provider
1619,1974,3,40,,,,,,,,,,Financial Service Provider
1620,1974,3,43,,,,,,,,,,Financial Service Provider
1621,1974,3,44,,,,,,,,,,Financial Service Provider
1622,1974,3,46,,,,,,,,,,Financial Service Provider
1623,1974,3,47,,,,,,,,,,Financial Service Provider
1624,1974,3,48,,,,,,,,,,Financial Service Provider
1625,1974,3,49,,,,,,,,,,Financial Service Provider
1626,1974,3,50,,,,,,,,,,Financial Service Provider
1627,1974,3,51,,,,,,,,,,Financial Service Provider
1628,1974,3,54,,,,,,,,,,Financial Service Provider
1629,1974,3,57,,,,,,,,,,Financial Service Provider
1630,1974,3,59,,,,,,,,,,Financial Service Provider
1631,1974,3,61,,,,,,,,,,Financial Service Provider
1632,1974,3,64,,,,,,,,,,Financial Service Provider
1633,1974,3,65,,,,,,,,,,Financial Service Provider
1634,1974,3,70,,,,,,,,,,Financial Service Provider
1635,1974,3,72,,,,,,,,,,Financial Service Provider
1636,1974,3,73,,,,,,,,,,Financial Service Provider
1637,1974,3,74,,,,,,,,,,Financial Service Provider
1638,1974,3,78,,,,,,,,,,Financial Service Provider
1639,1974,3,81,,,,,,,,,,Financial Service Provider
1640,1974,3,82,,,,,,,,,,Financial Service Provider
1641,1974,3,85,,,,,,,,,,Financial Service Provider
1642,1974,3,86,,,,,,,,,,Financial Service Provider
1643,1974,3,87,,,,,,,,,,Financial Service Provider
1644,1974,3,91,,,,,,,,,,Financial Service Provider
1645,1974,3,93,,,,,,,,,,Financial Service Provider
1646,1974,3,98,,,,,,,,,,Financial Service Provider
1647,1974,3,102,,,,,,,,,,Financial Service Provider
1648,1974,3,108,,,,,,,,,,Financial Service Provider
1649,1974,3,109,,,,,,,,,,Financial Service Provider
1650,1974,3,115,,,,,,,,,,Financial Service Provider
1651,1974,3,117,,,,,,,,,,Financial Service Provider
1652,1974,3,118,,,,,,,,,,Financial Service Provider
1653,1974,3,120,,,,,,,,,,Financial Service Provider
1654,1974,3,125,,,,,,,,,,Financial Service Provider
1655,1974,3,127,,,,,,,,,,Financial Service Provider
1656,1974,3,133,,,,,,,,,,Financial Service Provider
1657,1974,3,138,,,,,,,,,,Financial Service Provider
1658,1974,3,144,,,,,,,,,,Financial Service Provider
1659,1974,3,145,,,,,,,,,,Financial Service Provider
1660,1974,3,147,,,,,,,,,,Financial Service Provider
1661,1974,3,158,,,,,,,,,,Financial Service Provider
1662,1974,3,167,,,,,,,,,,Financial Service Provider
1663,1974,3,168,,,,,,,,,,Financial Service Provider
1664,1974,4,1,,,,,,,,,,Financial Service Provider
1665,1974,4,3,,,,,,,,,,Financial Service Provider
1666,1974,4,7,,,,,,,,,,Financial Service Provider
1667,1974,4,8,,,,,,,,,,Financial Service Provider
1668,1974,4,14,,,,,,,,,,Financial Service Provider
1669,1974,4,31,,,,,,,,,,Financial Service Provider
1670,1974,4,32,,,,,,,,,,Financial Service Provider
1671,1974,4,34,,,,,,,,,,Financial Service Provider
1672,1974,4,38,,,,,,,,,,Financial Service Provider
1673,1974,4,39,,,,,,,,,,Financial Service Provider
1674,1974,4,40,,,,,,,,,,Financial Service Provider
1675,1974,4,43,,,,,,,,,,Financial Service Provider
1676,1974,4,44,,,,,,,,,,Financial Service Provider
1677,1974,4,46,,,,,,,,,,Financial Service Provider
1678,1974,4,48,,,,,,,,,,Financial Service Provider
1679,1974,4,49,,,,,,,,,,Financial Service Provider
1680,1974,4,50,,,,,,,,,,Financial Service Provider
1681,1974,4,54,,,,,,,,,,Financial Service Provider
1682,1974,4,60,,,,,,,,,,Financial Service Provider
1683,1974,4,61,,,,,,,,,,Financial Service Provider
1684,1974,4,64,,,,,,,,,,Financial Service Provider
1685,1974,4,65,,,,,,,,,,Financial Service Provider
1686,1974,4,70,,,,,,,,,,Financial Service Provider
1687,1974,4,73,,,,,,,,,,Financial Service Provider
1688,1974,4,74,,,,,,,,,,Financial Service Provider
1689,1974,4,77,,,,,,,,,,Financial Service Provider
1690,1974,4,78,,,,,,,,,,Financial Service Provider
1691,1974,4,84,,,,,,,,,,Financial Service Provider
1692,1974,4,88,,,,,,,,,,Financial Service Provider
1693,1974,4,89,,,,,,,,,,Financial Service Provider
1694,1974,4,91,,,,,,,,,,Financial Service Provider
1695,1974,4,93,,,,,,,,,,Financial Service Provider
1696,1974,4,98,,,,,,,,,,Financial Service Provider
1697,1974,4,102,,,,,,,,,,Financial Service Provider
1698,1974,4,108,,,,,,,,,,Financial Service Provider
1699,1974,4,109,,,,,,,,,,Financial Service Provider
1700,1974,4,111,,,,,,,,,,Financial Service Provider
1701,1974,4,112,,,,,,,,,,Financial Service Provider
1702,1974,4,115,,,,,,,,,,Financial Service Provider
1703,1974,4,117,,,,,,,,,,Financial Service Provider
1704,1974,4,120,,,,,,,,,,Financial Service Provider
1705,1974,4,124,,,,,,,,,,Financial Service Provider
1706,1974,4,125,,,,,,,,,,Financial Service Provider
1707,1974,4,127,,,,,,,,,,Financial Service Provider
1708,1974,4,128,,,,,,,,,,Financial Service Provider
1709,1974,4,130,,,,,,,,,,Financial Service Provider
1710,1974,4,138,,,,,,,,,,Financial Service Provider
1711,1974,4,142,,,,,,,,,,Financial Service Provider
1712,1974,4,144,,,,,,,,,,Financial Service Provider
1713,1974,4,145,,,,,,,,,,Financial Service Provider
1714,1974,4,147,,,,,,,,,,Financial Service Provider
1715,1974,4,148,,,,,,,,,,Financial Service Provider
1716,1974,4,158,,,,,,,,,,Financial Service Provider
1717,1974,4,169,,,,,,,,,,Financial Service Provider
1718,1975,1,7,,,,,,,,,,Financial Service Provider
1719,1975,1,8,,,,,,,,,,Financial Service Provider
1720,1975,1,14,,,,,,,,,,Financial Service Provider
1721,1975,1,15,,,,,,,,,,Financial Service Provider
1722,1975,1,32,,,,,,,,,,Financial Service Provider
1723,1975,1,34,,,,,,,,,,Financial Service Provider
1724,1975,1,38,,,,,,,,,,Financial Service Provider
1725,1975,1,39,,,,,,,,,,Financial Service Provider
1726,1975,1,40,,,,,,,,,,Financial Service Provider
1727,1975,1,44,,,,,,,,,,Financial Service Provider
1728,1975,1,46,,,,,,,,,,Financial Service Provider
1729,1975,1,47,,,,,,,,,,Financial Service Provider
1730,1975,1,48,,,,,,,,,,Financial Service Provider
1731,1975,1,49,,,,,,,,,,Financial Service Provider
1732,1975,1,54,,,,,,,,,,Financial Service Provider
1733,1975,1,57,,,,,,,,,,Financial Service Provider
1734,1975,1,59,,,,,,,,,,Financial Service Provider
1735,1975,1,60,,,,,,,,,,Financial Service Provider
1736,1975,1,64,,,,,,,,,,Financial Service Provider
1737,1975,1,65,,,,,,,,,,Financial Service Provider
1738,1975,1,70,,,,,,,,,,Financial Service Provider
1739,1975,1,73,,,,,,,,,,Financial Service Provider
1740,1975,1,77,,,,,,,,,,Financial Service Provider
1741,1975,1,82,,,,,,,,,,Financial Service Provider
1742,1975,1,84,,,,,,,,,,Financial Service Provider
1743,1975,1,88,,,,,,,,,,Financial Service Provider
1744,1975,1,91,,,,,,,,,,Financial Service Provider
1745,1975,1,93,,,,,,,,,,Financial Service Provider
1746,1975,1,96,,,,,,,,,,Financial Service Provider
1747,1975,1,98,,,,,,,,,,Financial Service Provider
1748,1975,1,102,,,,,,,,,,Financial Service Provider
1749,1975,1,109,,,,,,,,,,Financial Service Provider
1750,1975,1,111,,,,,,,,,,Financial Service Provider
1751,1975,1,112,,,,,,,,,,Financial Service Provider
1752,1975,1,117,,,,,,,,,,Financial Service Provider
1753,1975,1,120,,,,,,,,,,Financial Service Provider
1754,1975,1,124,,,,,,,,,,Financial Service Provider
1755,1975,1,125,,,,,,,,,,Financial Service Provider
1756,1975,1,128,,,,,,,,,,Financial Service Provider
1757,1975,1,134,,,,,,,,,,Financial Service Provider
1758,1975,1,144,,,,,,,,,,Financial Service Provider
1759,1975,1,145,,,,,,,,,,Financial Service Provider
1760,1975,1,147,,,,,,,,,,Financial Service Provider
1761,1975,1,148,,,,,,,,,,Financial Service Provider
1762,1975,1,158,,,,,,,,,,Financial Service Provider
1763,1975,1,170,,,,,,,,,,Financial Service Provider
1764,1975,2,14,,,,,,,,,,Financial Service Provider
1765,1975,2,15,,,,,,,,,,Financial Service Provider
1766,1975,2,31,,,,,,,,,,Financial Service Provider
1767,1975,2,32,,,,,,,,,,Financial Service Provider
1768,1975,2,34,,,,,,,,,,Financial Service Provider
1769,1975,2,38,,,,,,,,,,Financial Service Provider
1770,1975,2,40,,,,,,,,,,Financial Service Provider
1771,1975,2,43,,,,,,,,,,Financial Service Provider
1772,1975,2,44,,,,,,,,,,Financial Service Provider
1773,1975,2,47,,,,,,,,,,Financial Service Provider
1774,1975,2,48,,,,,,,,,,Financial Service Provider
1775,1975,2,49,,,,,,,,,,Financial Service Provider
1776,1975,2,51,,,,,,,,,,Financial Service Provider
1777,1975,2,54,,,,,,,,,,Financial Service Provider
1778,1975,2,57,,,,,,,,,,Financial Service Provider
1779,1975,2,64,,,,,,,,,,Financial Service Provider
1780,1975,2,65,,,,,,,,,,Financial Service Provider
1781,1975,2,70,,,,,,,,,,Financial Service Provider
1782,1975,2,73,,,,,,,,,,Financial Service Provider
1783,1975,2,82,,,,,,,,,,Financial Service Provider
1784,1975,2,84,,,,,,,,,,Financial Service Provider
1785,1975,2,86,,,,,,,,,,Financial Service Provider
1786,1975,2,87,,,,,,,,,,Financial Service Provider
1787,1975,2,89,,,,,,,,,,Financial Service Provider
1788,1975,2,93,,,,,,,,,,Financial Service Provider
1789,1975,2,95,,,,,,,,,,Financial Service Provider
1790,1975,2,98,,,,,,,,,,Financial Service Provider
1791,1975,2,102,,,,,,,,,,Financial Service Provider
1792,1975,2,103,,,,,,,,,,Financial Service Provider
1793,1975,2,108,,,,,,,,,,Financial Service Provider
1794,1975,2,109,,,,,,,,,,Financial Service Provider
1795,1975,2,112,,,,,,,,,,Financial Service Provider
1796,1975,2,115,,,,,,,,,,Financial Service Provider
1797,1975,2,117,,,,,,,,,,Financial Service Provider
1798,1975,2,118,,,,,,,,,,Financial Service Provider
1799,1975,2,120,,,,,,,,,,Financial Service Provider
1800,1975,2,124,,,,,,,,,,Financial Service Provider
1801,1975,2,125,,,,,,,,,,Financial Service Provider
1802,1975,2,130,,,,,,,,,,Financial Service Provider
1803,1975,2,138,,,,,,,,,,Financial Service Provider
1804,1975,2,144,,,,,,,,,,Financial Service Provider
1805,1975,2,145,,,,,,,,,,Financial Service Provider
1806,1975,2,147,,,,,,,,,,Financial Service Provider
1807,1975,2,148,,,,,,,,,,Financial Service Provider
1808,1975,2,159,,,,,,,,,,Financial Service Provider
1809,1975,2,167,,,,,,,,,,Financial Service Provider
1810,1975,2,170,,,,,,,,,,Financial Service Provider
1811,1975,3,15,,,,,,,,,,Financial Service Provider
1812,1975,3,31,,,,,,,,,,Financial Service Provider
1813,1975,3,34,,,,,,,,,,Financial Service Provider
1814,1975,3,38,,,,,,,,,,Financial Service Provider
1815,1975,3,40,,,,,,,,,,Financial Service Provider
1816,1975,3,43,,,,,,,,,,Financial Service Provider
1817,1975,3,44,,,,,,,,,,Financial Service Provider
1818,1975,3,48,,,,,,,,,,Financial Service Provider
1819,1975,3,49,,,,,,,,,,Financial Service Provider
1820,1975,3,51,,,,,,,,,,Financial Service Provider
1821,1975,3,54,,,,,,,,,,Financial Service Provider
1822,1975,3,57,,,,,,,,,,Financial Service Provider
1823,1975,3,64,,,,,,,,,,Financial Service Provider
1824,1975,3,65,,,,,,,,,,Financial Service Provider
1825,1975,3,70,,,,,,,,,,Financial Service Provider
1826,1975,3,73,,,,,,,,,,Financial Service Provider
1827,1975,3,82,,,,,,,,,,Financial Service Provider
1828,1975,3,84,,,,,,,,,,Financial Service Provider
1829,1975,3,85,,,,,,,,,,Financial Service Provider
1830,1975,3,86,,,,,,,,,,Financial Service Provider
1831,1975,3,87,,,,,,,,,,Financial Service Provider
1832,1975,3,89,,,,,,,,,,Financial Service Provider
1833,1975,3,93,,,,,,,,,,Financial Service Provider
1834,1975,3,96,,,,,,,,,,Financial Service Provider
1835,1975,3,98,,,,,,,,,,Financial Service Provider
1836,1975,3,102,,,,,,,,,,Financial Service Provider
1837,1975,3,108,,,,,,,,,,Financial Service Provider
1838,1975,3,109,,,,,,,,,,Financial Service Provider
1839,1975,3,115,,,,,,,,,,Financial Service Provider
1840,1975,3,118,,,,,,,,,,Financial Service Provider
1841,1975,3,120,,,,,,,,,,Financial Service Provider
1842,1975,3,124,,,,,,,,,,Financial Service Provider
1843,1975,3,125,,,,,,,,,,Financial Service Provider
1844,1975,3,138,,,,,,,,,,Financial Service Provider
1845,1975,3,142,,,,,,,,,,Financial Service Provider
1846,1975,3,144,,,,,,,,,,Financial Service Provider
1847,1975,3,145,,,,,,,,,,Financial Service Provider
1848,1975,3,147,,,,,,,,,,Financial Service Provider
1849,1975,3,148,,,,,,,,,,Financial Service Provider
1850,1975,3,158,,,,,,,,,,Financial Service Provider
1851,1975,4,14,,,,,,,,,,Financial Service Provider
1852,1975,4,15,,,,,,,,,,Financial Service Provider
1853,1975,4,22,,,,,,,,,,Financial Service Provider
1854,1975,4,31,,,,,,,,,,Financial Service Provider
1855,1975,4,32,,,,,,,,,,Financial Service Provider
1856,1975,4,34,,,,,,,,,,Financial Service Provider
1857,1975,4,38,,,,,,,,,,Financial Service Provider
1858,1975,4,39,,,,,,,,,,Financial Service Provider
1859,1975,4,42,,,,,,,,,,Financial Service Provider
1860,1975,4,43,,,,,,,,,,Financial Service Provider
1861,1975,4,44,,,,,,,,,,Financial Service Provider
1862,1975,4,46,,,,,,,,,,Financial Service Provider
1863,1975,4,48,,,,,,,,,,Financial Service Provider
1864,1975,4,49,,,,,,,,,,Financial Service Provider
1865,1975,4,54,,,,,,,,,,Financial Service Provider
1866,1975,4,57,,,,,,,,,,Financial Service Provider
1867,1975,4,61,,,,,,,,,,Financial Service Provider
1868,1975,4,64,,,,,,,,,,Financial Service Provider
1869,1975,4,65,,,,,,,,,,Financial Service Provider
1870,1975,4,67,,,,,,,,,,Financial Service Provider
1871,1975,4,70,,,,,,,,,,Financial Service Provider
1872,1975,4,73,,,,,,,,,,Financial Service Provider
1873,1975,4,82,,,,,,,,,,Financial Service Provider
1874,1975,4,86,,,,,,,,,,Financial Service Provider
1875,1975,4,87,,,,,,,,,,Financial Service Provider
1876,1975,4,93,,,,,,,,,,Financial Service Provider
1877,1975,4,95,,,,,,,,,,Financial Service Provider
1878,1975,4,96,,,,,,,,,,Financial Service Provider
1879,1975,4,98,,,,,,,,,,Financial Service Provider
1880,1975,4,108,,,,,,,,,,Financial Service Provider
1881,1975,4,111,,,,,,,,,,Financial Service Provider
1882,1975,4,112,,,,,,,,,,Financial Service Provider
1883,1975,4,115,,,,,,,,,,Financial Service Provider
1884,1975,4,117,,,,,,,,,,Financial Service Provider
1885,1975,4,118,,,,,,,,,,Financial Service Provider
1886,1975,4,119,,,,,,,,,,Financial Service Provider
1887,1975,4,124,,,,,,,,,,Financial Service Provider
1888,1975,4,125,,,,,,,,,,Financial Service Provider
1889,1975,4,128,,,,,,,,,,Financial Service Provider
1890,1975,4,130,,,,,,,,,,Financial Service Provider
1891,1975,4,134,,,,,,,,,,Financial Service Provider
1892,1975,4,138,,,,,,,,,,Financial Service Provider
1893,1975,4,142,,,,,,,,,,Financial Service Provider
1894,1975,4,147,,,,,,,,,,Financial Service Provider
1895,1975,4,148,,,,,,,,,,Financial Service Provider
1896,1975,4,158,,,,,,,,,,Financial Service Provider
1897,1975,4,159,,,,,,,,,,Financial Service Provider
1898,1975,4,170,,,,,,,,,,Financial Service Provider
1899,1976,1,7,,,,,,,,,,Financial Service Provider
1900,1976,1,8,,,,,,,,,,Financial Service Provider
1901,1976,1,14,,,,,,,,,,Financial Service Provider
1902,1976,1,15,,,,,,,,,,Financial Service Provider
1903,1976,1,31,,,,,,,,,,Financial Service Provider
1904,1976,1,32,,,,,,,,,,Financial Service Provider
1905,1976,1,34,,,,,,,,,,Financial Service Provider
1906,1976,1,36,,,,,,,,,,Financial Service Provider
1907,1976,1,38,,,,,,,,,,Financial Service Provider
1908,1976,1,39,,,,,,,,,,Financial Service Provider
1909,1976,1,42,,,,,,,,,,Financial Service Provider
1910,1976,1,43,,,,,,,,,,Financial Service Provider
1911,1976,1,44,,,,,,,,,,Financial Service Provider
1912,1976,1,46,,,,,,,,,,Financial Service Provider
1913,1976,1,47,,,,,,,,,,Financial Service Provider
1914,1976,1,48,,,,,,,,,,Financial Service Provider
1915,1976,1,49,,,,,,,,,,Financial Service Provider
1916,1976,1,57,,,,,,,,,,Financial Service Provider
1917,1976,1,59,,,,,,,,,,Financial Service Provider
1918,1976,1,64,,,,,,,,,,Financial Service Provider
1919,1976,1,73,,,,,,,,,,Financial Service Provider
1920,1976,1,82,,,,,,,,,,Financial Service Provider
1921,1976,1,87,,,,,,,,,,Financial Service Provider
1922,1976,1,89,,,,,,,,,,Financial Service Provider
1923,1976,1,91,,,,,,,,,,Financial Service Provider
1924,1976,1,93,,,,,,,,,,Financial Service Provider
1925,1976,1,95,,,,,,,,,,Financial Service Provider
1926,1976,1,96,,,,,,,,,,Financial Service Provider
1927,1976,1,98,,,,,,,,,,Financial Service Provider
1928,1976,1,102,,,,,,,,,,Financial Service Provider
1929,1976,1,108,,,,,,,,,,Financial Service Provider
1930,1976,1,109,,,,,,,,,,Financial Service Provider
1931,1976,1,111,,,,,,,,,,Financial Service Provider
1932,1976,1,115,,,,,,,,,,Financial Service Provider
1933,1976,1,117,,,,,,,,,,Financial Service Provider
1934,1976,1,118,,,,,,,,,,Financial Service Provider
1935,1976,1,119,,,,,,,,,,Financial Service Provider
1936,1976,1,120,,,,,,,,,,Financial Service Provider
1937,1976,1,124,,,,,,,,,,Financial Service Provider
1938,1976,1,125,,,,,,,,,,Financial Service Provider
1939,1976,1,130,,,,,,,,,,Financial Service Provider
1940,1976,1,138,,,,,,,,,,Financial Service Provider
1941,1976,1,144,,,,,,,,,,Financial Service Provider
1942,1976,1,145,,,,,,,,,,Financial Service Provider
1943,1976,1,147,,,,,,,,,,Financial Service Provider
1944,1976,1,148,,,,,,,,,,Financial Service Provider
1945,1976,1,158,,,,,,,,,,Financial Service Provider
1946,1976,1,170,,,,,,,,,,Financial Service Provider
1947,1976,2,7,,,,,,,,,,Financial Service Provider
1948,1976,2,8,,,,,,,,,,Financial Service Provider
1949,1976,2,14,,,,,,,,,,Financial Service Provider
1950,1976,2,15,,,,,,,,,,Financial Service Provider
1951,1976,2,21,,,,,,,,,,Financial Service Provider
1952,1976,2,31,,,,,,,,,,Financial Service Provider
1953,1976,2,32,,,,,,,,,,Financial Service Provider
1954,1976,2,34,,,,,,,,,,Financial Service Provider
1955,1976,2,36,,,,,,,,,,Financial Service Provider
1956,1976,2,38,,,,,,,,,,Financial Service Provider
1957,1976,2,42,,,,,,,,,,Financial Service Provider
1958,1976,2,43,,,,,,,,,,Financial Service Provider
1959,1976,2,46,,,,,,,,,,Financial Service Provider
1960,1976,2,48,,,,,,,,,,Financial Service Provider
1961,1976,2,54,,,,,,,,,,Financial Service Provider
1962,1976,2,57,,,,,,,,,,Financial Service Provider
1963,1976,2,65,,,,,,,,,,Financial Service Provider
1964,1976,2,70,,,,,,,,,,Financial Service Provider
1965,1976,2,74,,,,,,,,,,Financial Service Provider
1966,1976,2,77,,,,,,,,,,Financial Service Provider
1967,1976,2,78,,,,,,,,,,Financial Service Provider
1968,1976,2,82,,,,,,,,,,Financial Service Provider
1969,1976,2,84,,,,,,,,,,Financial Service Provider
1970,1976,2,85,,,,,,,,,,Financial Service Provider
1971,1976,2,87,,,,,,,,,,Financial Service Provider
1972,1976,2,89,,,,,,,,,,Financial Service Provider
1973,1976,2,91,,,,,,,,,,Financial Service Provider
1974,1976,2,93,,,,,,,,,,Financial Service Provider
1975,1976,2,95,,,,,,,,,,Financial Service Provider
1976,1976,2,96,,,,,,,,,,Financial Service Provider
1977,1976,2,98,,,,,,,,,,Financial Service Provider
1978,1976,2,102,,,,,,,,,,Financial Service Provider
1979,1976,2,108,,,,,,,,,,Financial Service Provider
1980,1976,2,109,,,,,,,,,,Financial Service Provider
1981,1976,2,111,,,,,,,,,,Financial Service Provider
1982,1976,2,112,,,,,,,,,,Financial Service Provider
1983,1976,2,115,,,,,,,,,,Financial Service Provider
1984,1976,2,117,,,,,,,,,,Financial Service Provider
1985,1976,2,118,,,,,,,,,,Financial Service Provider
1986,1976,2,120,,,,,,,,,,Financial Service Provider
1987,1976,2,124,,,,,,,,,,Financial Service Provider
1988,1976,2,125,,,,,,,,,,Financial Service Provider
1989,1976,2,128,,,,,,,,,,Financial Service Provider
1990,1976,2,133,,,,,,,,,,Financial Service Provider
1991,1976,2,138,,,,,,,,,,Financial Service Provider
1992,1976,2,144,,,,,,,,,,Financial Service Provider
1993,1976,2,145,,,,,,,,,,Financial Service Provider
1994,1976,2,148,,,,,,,,,,Financial Service Provider
1995,1976,2,158,,,,,,,,,,Financial Service Provider
1996,1976,3,7,,,,,,,,,,Financial Service Provider
1997,1976,3,8,,,,,,,,,,Financial Service Provider
1998,1976,3,15,,,,,,,,,,Financial Service Provider
1999,1976,3,22,,,,,,,,,,Financial Service Provider
2000,1976,3,31,,,,,,,,,,Financial Service Provider
2001,1976,3,32,,,,,,,,,,Financial Service Provider
2002,1976,3,34,,,,,,,,,,Financial Service Provider
2003,1976,3,38,,,,,,,,,,Financial Service Provider
2004,1976,3,39,,,,,,,,,,Financial Service Provider
2005,1976,3,47,,,,,,,,,,Financial Service Provider
2006,1976,3,48,,,,,,,,,,Financial Service Provider
2007,1976,3,49,,,,,,,,,,Financial Service Provider
2008,1976,3,59,,,,,,,,,,Financial Service Provider
2009,1976,3,64,,,,,,,,,,Financial Service Provider
2010,1976,3,65,,,,,,,,,,Financial Service Provider
2011,1976,3,77,,,,,,,,,,Financial Service Provider
2012,1976,3,82,,,,,,,,,,Financial Service Provider
2013,1976,3,85,,,,,,,,,,Financial Service Provider
2014,1976,3,87,,,,,,,,,,Financial Service Provider
2015,1976,3,95,,,,,,,,,,Financial Service Provider
2016,1976,3,96,,,,,,,,,,Financial Service Provider
2017,1976,3,98,,,,,,,,,,Financial Service Provider
2018,1976,3,101,,,,,,,,,,Financial Service Provider
2019,1976,3,108,,,,,,,,,,Financial Service Provider
2020,1976,3,109,,,,,,,,,,Financial Service Provider
2021,1976,3,115,,,,,,,,,,Financial Service Provider
2022,1976,3,117,,,,,,,,,,Financial Service Provider
2023,1976,3,118,,,,,,,,,,Financial Service Provider
2024,1976,3,124,,,,,,,,,,Financial Service Provider
2025,1976,3,125,,,,,,,,,,Financial Service Provider
2026,1976,3,130,,,,,,,,,,Financial Service Provider
2027,1976,3,133,,,,,,,,,,Financial Service Provider
2028,1976,3,138,,,,,,,,,,Financial Service Provider
2029,1976,3,144,,,,,,,,,,Financial Service Provider
2030,1976,3,145,,,,,,,,,,Financial Service Provider
2031,1976,3,170,,,,,,,,,,Financial Service Provider
2032,1976,4,3,,,,,,,,,,Financial Service Provider
2033,1976,4,7,,,,,,,,,,Financial Service Provider
2034,1976,4,8,,,,,,,,,,Financial Service Provider
2035,1976,4,14,,,,,,,,,,Financial Service Provider
2036,1976,4,15,,,,,,,,,,Financial Service Provider
2037,1976,4,22,,,,,,,,,,Financial Service Provider
2038,1976,4,31,,,,,,,,,,Financial Service Provider
2039,1976,4,32,,,,,,,,,,Financial Service Provider
2040,1976,4,34,,,,,,,,,,Financial Service Provider
2041,1976,4,38,,,,,,,,,,Financial Service Provider
2042,1976,4,39,,,,,,,,,,Financial Service Provider
2043,1976,4,48,,,,,,,,,,Financial Service Provider
2044,1976,4,49,,,,,,,,,,Financial Service Provider
2045,1976,4,51,,,,,,,,,,Financial Service Provider
2046,1976,4,54,,,,,,,,,,Financial Service Provider
2047,1976,4,65,,,,,,,,,,Financial Service Provider
2048,1976,4,73,,,,,,,,,,Financial Service Provider
2049,1976,4,77,,,,,,,,,,Financial Service Provider
2050,1976,4,82,,,,,,,,,,Financial Service Provider
2051,1976,4,84,,,,,,,,,,Financial Service Provider
2052,1976,4,86,,,,,,,,,,Financial Service Provider
2053,1976,4,93,,,,,,,,,,Financial Service Provider
2054,1976,4,95,,,,,,,,,,Financial Service Provider
2055,1976,4,96,,,,,,,,,,Financial Service Provider
2056,1976,4,102,,,,,,,,,,Financial Service Provider
2057,1976,4,108,,,,,,,,,,Financial Service Provider
2058,1976,4,111,,,,,,,,,,Financial Service Provider
2059,1976,4,112,,,,,,,,,,Financial Service Provider
2060,1976,4,117,,,,,,,,,,Financial Service Provider
2061,1976,4,119,,,,,,,,,,Financial Service Provider
2062,1976,4,125,,,,,,,,,,Financial Service Provider
2063,1976,4,133,,,,,,,,,,Financial Service Provider
2064,1976,4,134,,,,,,,,,,Financial Service Provider
2065,1976,4,138,,,,,,,,,,Financial Service Provider
2066,1976,4,144,,,,,,,,,,Financial Service Provider
2067,1976,4,148,,,,,,,,,,Financial Service Provider
2068,1976,4,158,,,,,,,,,,Financial Service Provider
2069,1977,1,7,,,,,,,,,,Financial Service Provider
2070,1977,1,8,,,,,,,,,,Financial Service Provider
2071,1977,1,14,,,,,,,,,,Financial Service Provider
2072,1977,1,15,,,,,,,,,,Financial Service Provider
2073,1977,1,21,,,,,,,,,,Financial Service Provider
2074,1977,1,22,,,,,,,,,,Financial Service Provider
2075,1977,1,38,,,,,,,,,,Financial Service Provider
2076,1977,1,43,,,,,,,,,,Financial Service Provider
2077,1977,1,47,,,,,,,,,,Financial Service Provider
2078,1977,1,49,,,,,,,,,,Financial Service Provider
2079,1977,1,54,,,,,,,,,,Financial Service Provider
2080,1977,1,57,,,,,,,,,,Financial Service Provider
2081,1977,1,59,,,,,,,,,,Financial Service Provider
2082,1977,1,64,,,,,,,,,,Financial Service Provider
2083,1977,1,65,,,,,,,,,,Financial Service Provider
2084,1977,1,70,,,,,,,,,,Financial Service Provider
2085,1977,1,72,,,,,,,,,,Financial Service Provider
2086,1977,1,73,,,,,,,,,,Financial Service Provider
2087,1977,1,77,,,,,,,,,,Financial Service Provider
2088,1977,1,82,,,,,,,,,,Financial Service Provider
2089,1977,1,85,,,,,,,,,,Financial Service Provider
2090,1977,1,89,,,,,,,,,,Financial Service Provider
2091,1977,1,93,,,,,,,,,,Financial Service Provider
2092,1977,1,96,,,,,,,,,,Financial Service Provider
2093,1977,1,98,,,,,,,,,,Financial Service Provider
2094,1977,1,102,,,,,,,,,,Financial Service Provider
2095,1977,1,108,,,,,,,,,,Financial Service Provider
2096,1977,1,109,,,,,,,,,,Financial Service Provider
2097,1977,1,111,,,,,,,,,,Financial Service Provider
2098,1977,1,112,,,,,,,,,,Financial Service Provider
2099,1977,1,117,,,,,,,,,,Financial Service Provider
2100,1977,1,124,,,,,,,,,,Financial Service Provider
2101,1977,1,125,,,,,,,,,,Financial Service Provider
2102,1977,1,130,,,,,,,,,,Financial Service Provider
2103,1977,1,133,,,,,,,,,,Financial Service Provider
2104,1977,1,134,,,,,,,,,,Financial Service Provider
2105,1977,1,138,,,,,,,,,,Financial Service Provider
2106,1977,1,147,,,,,,,,,,Financial Service Provider
2107,1977,1,148,,,,,,,,,,Financial Service Provider
2108,1977,1,158,,,,,,,,,,Financial Service Provider
2109,1977,1,170,,,,,,,,,,Financial Service Provider
2110,1977,2,3,,,,,,,,,,Financial Service Provider
2111,1977,2,7,,,,,,,,,,Financial Service Provider
2112,1977,2,8,,,,,,,,,,Financial Service Provider
2113,1977,2,21,,,,,,,,,,Financial Service Provider
2114,1977,2,32,,,,,,,,,,Financial Service Provider
2115,1977,2,38,,,,,,,,,,Financial Service Provider
2116,1977,2,42,,,,,,,,,,Financial Service Provider
2117,1977,2,43,,,,,,,,,,Financial Service Provider
2118,1977,2,44,,,,,,,,,,Financial Service Provider
2119,1977,2,47,,,,,,,,,,Financial Service Provider
2120,1977,2,49,,,,,,,,,,Financial Service Provider
2121,1977,2,54,,,,,,,,,,Financial Service Provider
2122,1977,2,57,,,,,,,,,,Financial Service Provider
2123,1977,2,60,,,,,,,,,,Financial Service Provider
2124,1977,2,64,,,,,,,,,,Financial Service Provider
2125,1977,2,65,,,,,,,,,,Financial Service Provider
2126,1977,2,70,,,,,,,,,,Financial Service Provider
2127,1977,2,73,,,,,,,,,,Financial Service Provider
2128,1977,2,77,,,,,,,,,,Financial Service Provider
2129,1977,2,78,,,,,,,,,,Financial Service Provider
2130,1977,2,82,,,,,,,,,,Financial Service Provider
2131,1977,2,84,,,,,,,,,,Financial Service Provider
2132,1977,2,85,,,,,,,,,,Financial Service Provider
2133,1977,2,86,,,,,,,,,,Financial Service Provider
2134,1977,2,89,,,,,,,,,,Financial Service Provider
2135,1977,2,102,,,,,,,,,,Financial Service Provider
2136,1977,2,108,,,,,,,,,,Financial Service Provider
2137,1977,2,109,,,,,,,,,,Financial Service Provider
2138,1977,2,112,,,,,,,,,,Financial Service Provider
2139,1977,2,114,,,,,,,,,,Financial Service Provider
2140,1977,2,117,,,,,,,,,,Financial Service Provider
2141,1977,2,119,,,,,,,,,,Financial Service Provider
2142,1977,2,124,,,,,,,,,,Financial Service Provider
2143,1977,2,125,,,,,,,,,,Financial Service Provider
2144,1977,2,133,,,,,,,,,,Financial Service Provider
2145,1977,2,134,,,,,,,,,,Financial Service Provider
2146,1977,2,138,,,,,,,,,,Financial Service Provider
2147,1977,2,144,,,,,,,,,,Financial Service Provider
2148,1977,2,147,,,,,,,,,,Financial Service Provider
2149,1977,2,148,,,,,,,,,,Financial Service Provider
2150,1977,2,158,,,,,,,,,,Financial Service Provider
2151,1977,2,170,,,,,,,,,,Financial Service Provider
2152,1977,3,8,,,,,,,,,,Financial Service Provider
2153,1977,3,15,,,,,,,,,,Financial Service Provider
2154,1977,3,21,,,,,,,,,,Financial Service Provider
2155,1977,3,22,,,,,,,,,,Financial Service Provider
2156,1977,3,31,,,,,,,,,,Financial Service Provider
2157,1977,3,32,,,,,,,,,,Financial Service Provider
2158,1977,3,34,,,,,,,,,,Financial Service Provider
2159,1977,3,38,,,,,,,,,,Financial Service Provider
2160,1977,3,40,,,,,,,,,,Financial Service Provider
2161,1977,3,42,,,,,,,,,,Financial Service Provider
2162,1977,3,43,,,,,,,,,,Financial Service Provider
2163,1977,3,49,,,,,,,,,,Financial Service Provider
2164,1977,3,54,,,,,,,,,,Financial Service Provider
2165,1977,3,62,,,,,,,,,,Financial Service Provider
2166,1977,3,64,,,,,,,,,,Financial Service Provider
2167,1977,3,65,,,,,,,,,,Financial Service Provider
2168,1977,3,70,,,,,,,,,,Financial Service Provider
2169,1977,3,77,,,,,,,,,,Financial Service Provider
2170,1977,3,78,,,,,,,,,,Financial Service Provider
2171,1977,3,84,,,,,,,,,,Financial Service Provider
2172,1977,3,87,,,,,,,,,,Financial Service Provider
2173,1977,3,89,,,,,,,,,,Financial Service Provider
2174,1977,3,96,,,,,,,,,,Financial Service Provider
2175,1977,3,98,,,,,,,,,,Financial Service Provider
2176,1977,3,108,,,,,,,,,,Financial Service Provider
2177,1977,3,109,,,,,,,,,,Financial Service Provider
2178,1977,3,112,,,,,,,,,,Financial Service Provider
2179,1977,3,117,,,,,,,,,,Financial Service Provider
2180,1977,3,125,,,,,,,,,,Financial Service Provider
2181,1977,3,133,,,,,,,,,,Financial Service Provider
2182,1977,3,138,,,,,,,,,,Financial Service Provider
2183,1977,3,144,,,,,,,,,,Financial Service Provider
2184,1977,3,145,,,,,,,,,,Financial Service Provider
2185,1977,3,147,,,,,,,,,,Financial Service Provider
2186,1977,3,158,,,,,,,,,,Financial Service Provider
2187,1977,3,159,,,,,,,,,,Financial Service Provider
2188,1977,3,171,,,,,,,,,,Financial Service Provider
2189,1977,4,7,,,,,,,,,,Financial Service Provider
2190,1977,4,8,,,,,,,,,,Financial Service Provider
2191,1977,4,14,,,,,,,,,,Financial Service Provider
2192,1977,4,15,,,,,,,,,,Financial Service Provider
2193,1977,4,21,,,,,,,,,,Financial Service Provider
2194,1977,4,22,,,,,,,,,,Financial Service Provider
2195,1977,4,31,,,,,,,,,,Financial Service Provider
2196,1977,4,32,,,,,,,,,,Financial Service Provider
2197,1977,4,34,,,,,,,,,,Financial Service Provider
2198,1977,4,38,,,,,,,,,,Financial Service Provider
2199,1977,4,40,,,,,,,,,,Financial Service Provider
2200,1977,4,42,,,,,,,,,,Financial Service Provider
2201,1977,4,44,,,,,,,,,,Financial Service Provider
2202,1977,4,49,,,,,,,,,,Financial Service Provider
2203,1977,4,54,,,,,,,,,,Financial Service Provider
2204,1977,4,57,,,,,,,,,,Financial Service Provider
2205,1977,4,59,,,,,,,,,,Financial Service Provider
2206,1977,4,62,,,,,,,,,,Financial Service Provider
2207,1977,4,64,,,,,,,,,,Financial Service Provider
2208,1977,4,65,,,,,,,,,,Financial Service Provider
2209,1977,4,67,,,,,,,,,,Financial Service Provider
2210,1977,4,70,,,,,,,,,,Financial Service Provider
2211,1977,4,73,,,,,,,,,,Financial Service Provider
2212,1977,4,77,,,,,,,,,,Financial Service Provider
2213,1977,4,78,,,,,,,,,,Financial Service Provider
2214,1977,4,82,,,,,,,,,,Financial Service Provider
2215,1977,4,84,,,,,,,,,,Financial Service Provider
2216,1977,4,86,,,,,,,,,,Financial Service Provider
2217,1977,4,87,,,,,,,,,,Financial Service Provider
2218,1977,4,89,,,,,,,,,,Financial Service Provider
2219,1977,4,98,,,,,,,,,,Financial Service Provider
2220,1977,4,109,,,,,,,,,,Financial Service Provider
2221,1977,4,111,,,,,,,,,,Financial Service Provider
2222,1977,4,119,,,,,,,,,,Financial Service Provider
2223,1977,4,120,,,,,,,,,,Financial Service Provider
2224,1977,4,124,,,,,,,,,,Financial Service Provider
2225,1977,4,125,,,,,,,,,,Financial Service Provider
2226,1977,4,133,,,,,,,,,,Financial Service Provider
2227,1977,4,134,,,,,,,,,,Financial Service Provider
2228,1977,4,138,,,,,,,,,,Financial Service Provider
2229,1977,4,148,,,,,,,,,,Financial Service Provider
2230,1977,4,158,,,,,,,,,,Financial Service Provider
2231,1977,4,171,,,,,,,,,,Financial Service Provider
2232,1977,4,172,,,,,,,,,,Financial Service Provider
2233,1977,4,173,,,,,,,,,,Financial Service Provider
2234,1978,1,7,,,,,,,,,,Financial Service Provider
2235,1978,1,8,,,,,,,,,,Financial Service Provider
2236,1978,1,22,,,,,,,,,,Financial Service Provider
2237,1978,1,32,,,,,,,,,,Financial Service Provider
2238,1978,1,38,,,,,,,,,,Financial Service Provider
2239,1978,1,43,,,,,,,,,,Financial Service Provider
2240,1978,1,47,,,,,,,,,,Financial Service Provider
2241,1978,1,49,,,,,,,,,,Financial Service Provider
2242,1978,1,54,,,,,,,,,,Financial Service Provider
2243,1978,1,57,,,,,,,,,,Financial Service Provider
2244,1978,1,62,,,,,,,,,,Financial Service Provider
2245,1978,1,70,,,,,,,,,,Financial Service Provider
2246,1978,1,73,,,,,,,,,,Financial Service Provider
2247,1978,1,77,,,,,,,,,,Financial Service Provider
2248,1978,1,85,,,,,,,,,,Financial Service Provider
2249,1978,1,96,,,,,,,,,,Financial Service Provider
2250,1978,1,98,,,,,,,,,,Financial Service Provider
2251,1978,1,102,,,,,,,,,,Financial Service Provider
2252,1978,1,108,,,,,,,,,,Financial Service Provider
2253,1978,1,109,,,,,,,,,,Financial Service Provider
2254,1978,1,125,,,,,,,,,,Financial Service Provider
2255,1978,1,133,,,,,,,,,,Financial Service Provider
2256,1978,1,144,,,,,,,,,,Financial Service Provider
2257,1978,1,148,,,,,,,,,,Financial Service Provider
2258,1978,1,158,,,,,,,,,,Financial Service Provider
2259,1978,1,171,,,,,,,,,,Financial Service Provider
2260,1978,2,7,,,,,,,,,,Financial Service Provider
2261,1978,2,8,,,,,,,,,,Financial Service Provider
2262,1978,2,14,,,,,,,,,,Financial Service Provider
2263,1978,2,21,,,,,,,,,,Financial Service Provider
2264,1978,2,22,,,,,,,,,,Financial Service Provider
2265,1978,2,31,,,,,,,,,,Financial Service Provider
2266,1978,2,32,,,,,,,,,,Financial Service Provider
2267,1978,2,34,,,,,,,,,,Financial Service Provider
2268,1978,2,38,,,,,,,,,,Financial Service Provider
2269,1978,2,40,,,,,,,,,,Financial Service Provider
2270,1978,2,43,,,,,,,,,,Financial Service Provider
2271,1978,2,44,,,,,,,,,,Financial Service Provider
2272,1978,2,49,,,,,,,,,,Financial Service Provider
2273,1978,2,54,,,,,,,,,,Financial Service Provider
2274,1978,2,57,,,,,,,,,,Financial Service Provider
2275,1978,2,64,,,,,,,,,,Financial Service Provider
2276,1978,2,65,,,,,,,,,,Financial Service Provider
2277,1978,2,73,,,,,,,,,,Financial Service Provider
2278,1978,2,77,,,,,,,,,,Financial Service Provider
2279,1978,2,82,,,,,,,,,,Financial Service Provider
2280,1978,2,84,,,,,,,,,,Financial Service Provider
2281,1978,2,87,,,,,,,,,,Financial Service Provider
2282,1978,2,89,,,,,,,,,,Financial Service Provider
2283,1978,2,98,,,,,,,,,,Financial Service Provider
2284,1978,2,108,,,,,,,,,,Financial Service Provider
2285,1978,2,109,,,,,,,,,,Financial Service Provider
2286,1978,2,112,,,,,,,,,,Financial Service Provider
2287,1978,2,119,,,,,,,,,,Financial Service Provider
2288,1978,2,125,,,,,,,,,,Financial Service Provider
2289,1978,2,132,,,,,,,,,,Financial Service Provider
2290,1978,2,133,,,,,,,,,,Financial Service Provider
2291,1978,2,138,,,,,,,,,,Financial Service Provider
2292,1978,2,148,,,,,,,,,,Financial Service Provider
2293,1978,2,158,,,,,,,,,,Financial Service Provider
2294,1978,2,170,,,,,,,,,,Financial Service Provider
2295,1978,2,171,,,,,,,,,,Financial Service Provider
2296,1978,3,7,,,,,,,,,,Financial Service Provider
2297,1978,3,8,,,,,,,,,,Financial Service Provider
2298,1978,3,22,,,,,,,,,,Financial Service Provider
2299,1978,3,31,,,,,,,,,,Financial Service Provider
2300,1978,3,32,,,,,,,,,,Financial Service Provider
2301,1978,3,38,,,,,,,,,,Financial Service Provider
2302,1978,3,42,,,,,,,,,,Financial Service Provider
2303,1978,3,47,,,,,,,,,,Financial Service Provider
2304,1978,3,49,,,,,,,,,,Financial Service Provider
2305,1978,3,64,,,,,,,,,,Financial Service Provider
2306,1978,3,70,,,,,,,,,,Financial Service Provider
2307,1978,3,73,,,,,,,,,,Financial Service Provider
2308,1978,3,77,,,,,,,,,,Financial Service Provider
2309,1978,3,84,,,,,,,,,,Financial Service Provider
2310,1978,3,87,,,,,,,,,,Financial Service Provider
2311,1978,3,89,,,,,,,,,,Financial Service Provider
2312,1978,3,98,,,,,,,,,,Financial Service Provider
2313,1978,3,102,,,,,,,,,,Financial Service Provider
2314,1978,3,108,,,,,,,,,,Financial Service Provider
2315,1978,3,109,,,,,,,,,,Financial Service Provider
2316,1978,3,112,,,,,,,,,,Financial Service Provider
2317,1978,3,125,,,,,,,,,,Financial Service Provider
2318,1978,3,132,,,,,,,,,,Financial Service Provider
2319,1978,3,133,,,,,,,,,,Financial Service Provider
2320,1978,3,138,,,,,,,,,,Financial Service Provider
2321,1978,3,144,,,,,,,,,,Financial Service Provider
2322,1978,3,158,,,,,,,,,,Financial Service Provider
2323,1978,4,7,,,,,,,,,,Financial Service Provider
2324,1978,4,8,,,,,,,,,,Financial Service Provider
2325,1978,4,22,,,,,,,,,,Financial Service Provider
2326,1978,4,31,,,,,,,,,,Financial Service Provider
2327,1978,4,32,,,,,,,,,,Financial Service Provider
2328,1978,4,34,,,,,,,,,,Financial Service Provider
2329,1978,4,38,,,,,,,,,,Financial Service Provider
2330,1978,4,40,,,,,,,,,,Financial Service Provider
2331,1978,4,42,,,,,,,,,,Financial Service Provider
2332,1978,4,43,,,,,,,,,,Financial Service Provider
2333,1978,4,49,,,,,,,,,,Financial Service Provider
2334,1978,4,54,,,,,,,,,,Financial Service Provider
2335,1978,4,64,,,,,,,,,,Financial Service Provider
2336,1978,4,70,,,,,,,,,,Financial Service Provider
2337,1978,4,73,,,,,,,,,,Financial Service Provider
2338,1978,4,89,,,,,,,,,,Financial Service Provider
2339,1978,4,96,,,,,,,,,,Financial Service Provider
2340,1978,4,98,,,,,,,,,,Financial Service Provider
2341,1978,4,108,,,,,,,,,,Financial Service Provider
2342,1978,4,109,,,,,,,,,,Financial Service Provider
2343,1978,4,120,,,,,,,,,,Financial Service Provider
2344,1978,4,124,,,,,,,,,,Financial Service Provider
2345,1978,4,125,,,,,,,,,,Financial Service Provider
2346,1978,4,133,,,,,,,,,,Financial Service Provider
2347,1978,4,134,,,,,,,,,,Financial Service Provider
2348,1978,4,138,,,,,,,,,,Financial Service Provider
2349,1978,4,145,,,,,,,,,,Financial Service Provider
2350,1978,4,148,,,,,,,,,,Financial Service Provider
2351,1978,4,170,,,,,,,,,,Financial Service Provider
2352,1978,4,172,,,,,,,,,,Financial Service Provider
2353,1979,1,7,,,,,,,,,,Financial Service Provider
2354,1979,1,8,,,,,,,,,,Financial Service Provider
2355,1979,1,21,,,,,,,,,,Financial Service Provider
2356,1979,1,22,,,,,,,,,,Financial Service Provider
2357,1979,1,27,,,,,,,,,,Financial Service Provider
2358,1979,1,32,,,,,,,,,,Financial Service Provider
2359,1979,1,34,,,,,,,,,,Financial Service Provider
2360,1979,1,38,,,,,,,,,,Financial Service Provider
2361,1979,1,42,,,,,,,,,,Financial Service Provider
2362,1979,1,43,,,,,,,,,,Financial Service Provider
2363,1979,1,44,,,,,,,,,,Financial Service Provider
2364,1979,1,49,,,,,,,,,,Financial Service Provider
2365,1979,1,57,,,,,,,,,,Financial Service Provider
2366,1979,1,60,,,,,,,,,,Financial Service Provider
2367,1979,1,64,,,,,,,,,,Financial Service Provider
2368,1979,1,65,,,,,,,,,,Financial Service Provider
2369,1979,1,70,,,,,,,,,,Financial Service Provider
2370,1979,1,73,,,,,,,,,,Financial Service Provider
2371,1979,1,77,,,,,,,,,,Financial Service Provider
2372,1979,1,78,,,,,,,,,,Financial Service Provider
2373,1979,1,85,,,,,,,,,,Financial Service Provider
2374,1979,1,89,,,,,,,,,,Financial Service Provider
2375,1979,1,96,,,,,,,,,,Financial Service Provider
2376,1979,1,98,,,,,,,,,,Financial Service Provider
2377,1979,1,102,,,,,,,,,,Financial Service Provider
2378,1979,1,108,,,,,,,,,,Financial Service Provider
2379,1979,1,109,,,,,,,,,,Financial Service Provider
2380,1979,1,112,,,,,,,,,,Financial Service Provider
2381,1979,1,125,,,,,,,,,,Financial Service Provider
2382,1979,1,144,,,,,,,,,,Financial Service Provider
2383,1979,1,145,,,,,,,,,,Financial Service Provider
2384,1979,1,147,,,,,,,,,,Financial Service Provider
2385,1979,1,148,,,,,,,,,,Financial Service Provider
2386,1979,1,158,,,,,,,,,,Financial Service Provider
2387,1979,2,3,,,,,,,,,,Financial Service Provider
2388,1979,2,7,,,,,,,,,,Financial Service Provider
2389,1979,2,8,,,,,,,,,,Financial Service Provider
2390,1979,2,22,,,,,,,,,,Financial Service Provider
2391,1979,2,27,,,,,,,,,,Financial Service Provider
2392,1979,2,31,,,,,,,,,,Financial Service Provider
2393,1979,2,32,,,,,,,,,,Financial Service Provider
2394,1979,2,34,,,,,,,,,,Financial Service Provider
2395,1979,2,38,,,,,,,,,,Financial Service Provider
2396,1979,2,43,,,,,,,,,,Financial Service Provider
2397,1979,2,47,,,,,,,,,,Financial Service Provider
2398,1979,2,49,,,,,,,,,,Financial Service Provider
2399,1979,2,54,,,,,,,,,,Financial Service Provider
2400,1979,2,64,,,,,,,,,,Financial Service Provider
2401,1979,2,65,,,,,,,,,,Financial Service Provider
2402,1979,2,70,,,,,,,,,,Financial Service Provider
2403,1979,2,73,,,,,,,,,,Financial Service Provider
2404,1979,2,77,,,,,,,,,,Financial Service Provider
2405,1979,2,82,,,,,,,,,,Financial Service Provider
2406,1979,2,84,,,,,,,,,,Financial Service Provider
2407,1979,2,87,,,,,,,,,,Financial Service Provider
2408,1979,2,89,,,,,,,,,,Financial Service Provider
2409,1979,2,96,,,,,,,,,,Financial Service Provider
2410,1979,2,98,,,,,,,,,,Financial Service Provider
2411,1979,2,108,,,,,,,,,,Financial Service Provider
2412,1979,2,109,,,,,,,,,,Financial Service Provider
2413,1979,2,112,,,,,,,,,,Financial Service Provider
2414,1979,2,124,,,,,,,,,,Financial Service Provider
2415,1979,2,125,,,,,,,,,,Financial Service Provider
2416,1979,2,144,,,,,,,,,,Financial Service Provider
2417,1979,2,145,,,,,,,,,,Financial Service Provider
2418,1979,2,148,,,,,,,,,,Financial Service Provider
2419,1979,2,158,,,,,,,,,,Financial Service Provider
2420,1979,2,170,,,,,,,,,,Financial Service Provider
2421,1979,2,304,,,,,,,,,,Financial Service Provider
2422,1979,3,7,,,,,,,,,,Financial Service Provider
2423,1979,3,8,,,,,,,,,,Financial Service Provider
2424,1979,3,21,,,,,,,,,,Financial Service Provider
2425,1979,3,22,,,,,,,,,,Financial Service Provider
2426,1979,3,27,,,,,,,,,,Financial Service Provider
2427,1979,3,31,,,,,,,,,,Financial Service Provider
2428,1979,3,32,,,,,,,,,,Financial Service Provider
2429,1979,3,34,,,,,,,,,,Financial Service Provider
2430,1979,3,38,,,,,,,,,,Financial Service Provider
2431,1979,3,40,,,,,,,,,,Financial Service Provider
2432,1979,3,42,,,,,,,,,,Financial Service Provider
2433,1979,3,43,,,,,,,,,,Financial Service Provider
2434,1979,3,44,,,,,,,,,,Financial Service Provider
2435,1979,3,47,,,,,,,,,,Financial Service Provider
2436,1979,3,49,,,,,,,,,,Financial Service Provider
2437,1979,3,54,,,,,,,,,,Financial Service Provider
2438,1979,3,65,,,,,,,,,,Financial Service Provider
2439,1979,3,78,,,,,,,,,,Financial Service Provider
2440,1979,3,82,,,,,,,,,,Financial Service Provider
2441,1979,3,84,,,,,,,,,,Financial Service Provider
2442,1979,3,85,,,,,,,,,,Financial Service Provider
2443,1979,3,86,,,,,,,,,,Financial Service Provider
2444,1979,3,87,,,,,,,,,,Financial Service Provider
2445,1979,3,96,,,,,,,,,,Financial Service Provider
2446,1979,3,98,,,,,,,,,,Financial Service Provider
2447,1979,3,102,,,,,,,,,,Financial Service Provider
2448,1979,3,103,,,,,,,,,,Financial Service Provider
2449,1979,3,108,,,,,,,,,,Financial Service Provider
2450,1979,3,109,,,,,,,,,,Financial Service Provider
2451,1979,3,112,,,,,,,,,,Financial Service Provider
2452,1979,3,120,,,,,,,,,,Financial Service Provider
2453,1979,3,125,,,,,,,,,,Financial Service Provider
2454,1979,3,134,,,,,,,,,,Financial Service Provider
2455,1979,3,138,,,,,,,,,,Financial Service Provider
2456,1979,3,145,,,,,,,,,,Financial Service Provider
2457,1979,3,147,,,,,,,,,,Financial Service Provider
2458,1979,3,158,,,,,,,,,,Financial Service Provider
2459,1979,3,170,,,,,,,,,,Financial Service Provider
2460,1979,4,3,,,,,,,,,,Financial Service Provider
2461,1979,4,7,,,,,,,,,,Financial Service Provider
2462,1979,4,8,,,,,,,,,,Financial Service Provider
2463,1979,4,22,,,,,,,,,,Financial Service Provider
2464,1979,4,32,,,,,,,,,,Financial Service Provider
2465,1979,4,34,,,,,,,,,,Financial Service Provider
2466,1979,4,38,,,,,,,,,,Financial Service Provider
2467,1979,4,43,,,,,,,,,,Financial Service Provider
2468,1979,4,44,,,,,,,,,,Financial Service Provider
2469,1979,4,49,,,,,,,,,,Financial Service Provider
2470,1979,4,54,,,,,,,,,,Financial Service Provider
2471,1979,4,57,,,,,,,,,,Financial Service Provider
2472,1979,4,65,,,,,,,,,,Financial Service Provider
2473,1979,4,70,,,,,,,,,,Financial Service Provider
2474,1979,4,73,,,,,,,,,,Financial Service Provider
2475,1979,4,77,,,,,,,,,,Financial Service Provider
2476,1979,4,78,,,,,,,,,,Financial Service Provider
2477,1979,4,82,,,,,,,,,,Financial Service Provider
2478,1979,4,84,,,,,,,,,,Financial Service Provider
2479,1979,4,89,,,,,,,,,,Financial Service Provider
2480,1979,4,96,,,,,,,,,,Financial Service Provider
2481,1979,4,98,,,,,,,,,,Financial Service Provider
2482,1979,4,102,,,,,,,,,,Financial Service Provider
2483,1979,4,109,,,,,,,,,,Financial Service Provider
2484,1979,4,112,,,,,,,,,,Financial Service Provider
2485,1979,4,120,,,,,,,,,,Financial Service Provider
2486,1979,4,124,,,,,,,,,,Financial Service Provider
2487,1979,4,125,,,,,,,,,,Financial Service Provider
2488,1979,4,138,,,,,,,,,,Financial Service Provider
2489,1979,4,144,,,,,,,,,,Financial Service Provider
2490,1979,4,145,,,,,,,,,,Financial Service Provider
2491,1979,4,148,,,,,,,,,,Financial Service Provider
2492,1979,4,158,,,,,,,,,,Financial Service Provider
2493,1980,1,7,,,,,,,,,,Financial Service Provider
2494,1980,1,8,,,,,,,,,,Financial Service Provider
2495,1980,1,22,,,,,,,,,,Financial Service Provider
2496,1980,1,31,,,,,,,,,,Financial Service Provider
2497,1980,1,34,,,,,,,,,,Financial Service Provider
2498,1980,1,38,,,,,,,,,,Financial Service Provider
2499,1980,1,42,,,,,,,,,,Financial Service Provider
2500,1980,1,43,,,,,,,,,,Financial Service Provider
2501,1980,1,44,,,,,,,,,,Financial Service Provider
2502,1980,1,47,,,,,,,,,,Financial Service Provider
2503,1980,1,57,,,,,,,,,,Financial Service Provider
2504,1980,1,65,,,,,,,,,,Financial Service Provider
2505,1980,1,70,,,,,,,,,,Financial Service Provider
2506,1980,1,73,,,,,,,,,,Financial Service Provider
2507,1980,1,77,,,,,,,,,,Financial Service Provider
2508,1980,1,82,,,,,,,,,,Financial Service Provider
2509,1980,1,87,,,,,,,,,,Financial Service Provider
2510,1980,1,98,,,,,,,,,,Financial Service Provider
2511,1980,1,102,,,,,,,,,,Financial Service Provider
2512,1980,1,104,,,,,,,,,,Financial Service Provider
2513,1980,1,108,,,,,,,,,,Financial Service Provider
2514,1980,1,109,,,,,,,,,,Financial Service Provider
2515,1980,1,125,,,,,,,,,,Financial Service Provider
2516,1980,1,144,,,,,,,,,,Financial Service Provider
2517,1980,1,145,,,,,,,,,,Financial Service Provider
2518,1980,1,147,,,,,,,,,,Financial Service Provider
2519,1980,1,170,,,,,,,,,,Financial Service Provider
2520,1980,1,308,,,,,,,,,,Financial Service Provider
2521,1980,1,310,,,,,,,,,,Financial Service Provider
2522,1980,2,7,,,,,,,,,,Financial Service Provider
2523,1980,2,8,,,,,,,,,,Financial Service Provider
2524,1980,2,22,,,,,,,,,,Financial Service Provider
2525,1980,2,31,,,,,,,,,,Financial Service Provider
2526,1980,2,32,,,,,,,,,,Financial Service Provider
2527,1980,2,34,,,,,,,,,,Financial Service Provider
2528,1980,2,38,,,,,,,,,,Financial Service Provider
2529,1980,2,40,,,,,,,,,,Financial Service Provider
2530,1980,2,42,,,,,,,,,,Financial Service Provider
2531,1980,2,43,,,,,,,,,,Financial Service Provider
2532,1980,2,44,,,,,,,,,,Financial Service Provider
2533,1980,2,47,,,,,,,,,,Financial Service Provider
2534,1980,2,64,,,,,,,,,,Financial Service Provider
2535,1980,2,73,,,,,,,,,,Financial Service Provider
2536,1980,2,87,,,,,,,,,,Financial Service Provider
2537,1980,2,89,,,,,,,,,,Financial Service Provider
2538,1980,2,98,,,,,,,,,,Financial Service Provider
2539,1980,2,101,,,,,,,,,,Financial Service Provider
2540,1980,2,108,,,,,,,,,,Financial Service Provider
2541,1980,2,109,,,,,,,,,,Financial Service Provider
2542,1980,2,112,,,,,,,,,,Financial Service Provider
2543,1980,2,125,,,,,,,,,,Financial Service Provider
2544,1980,2,138,,,,,,,,,,Financial Service Provider
2545,1980,2,144,,,,,,,,,,Financial Service Provider
2546,1980,2,145,,,,,,,,,,Financial Service Provider
2547,1980,2,147,,,,,,,,,,Financial Service Provider
2548,1980,2,148,,,,,,,,,,Financial Service Provider
2549,1980,2,158,,,,,,,,,,Financial Service Provider
2550,1980,2,170,,,,,,,,,,Financial Service Provider
2551,1980,2,310,,,,,,,,,,Financial Service Provider
2552,1980,3,7,,,,,,,,,,Financial Service Provider
2553,1980,3,22,,,,,,,,,,Financial Service Provider
2554,1980,3,31,,,,,,,,,,Financial Service Provider
2555,1980,3,32,,,,,,,,,,Financial Service Provider
2556,1980,3,34,,,,,,,,,,Financial Service Provider
2557,1980,3,38,,,,,,,,,,Financial Service Provider
2558,1980,3,40,,,,,,,,,,Financial Service Provider
2559,1980,3,42,,,,,,,,,,Financial Service Provider
2560,1980,3,43,,,,,,,,,,Financial Service Provider
2561,1980,3,49,,,,,,,,,,Financial Service Provider
2562,1980,3,57,,,,,,,,,,Financial Service Provider
2563,1980,3,77,,,,,,,,,,Financial Service Provider
2564,1980,3,84,,,,,,,,,,Financial Service Provider
2565,1980,3,89,,,,,,,,,,Financial Service Provider
2566,1980,3,98,,,,,,,,,,Financial Service Provider
2567,1980,3,108,,,,,,,,,,Financial Service Provider
2568,1980,3,109,,,,,,,,,,Financial Service Provider
2569,1980,3,112,,,,,,,,,,Financial Service Provider
2570,1980,3,125,,,,,,,,,,Financial Service Provider
2571,1980,3,138,,,,,,,,,,Financial Service Provider
2572,1980,3,144,,,,,,,,,,Financial Service Provider
2573,1980,3,145,,,,,,,,,,Financial Service Provider
2574,1980,3,310,,,,,,,,,,Financial Service Provider
2575,1980,3,312,,,,,,,,,,Financial Service Provider
2576,1980,4,7,,,,,,,,,,Financial Service Provider
2577,1980,4,14,,,,,,,,,,Financial Service Provider
2578,1980,4,22,,,,,,,,,,Financial Service Provider
2579,1980,4,27,,,,,,,,,,Financial Service Provider
2580,1980,4,31,,,,,,,,,,Financial Service Provider
2581,1980,4,32,,,,,,,,,,Financial Service Provider
2582,1980,4,42,,,,,,,,,,Financial Service Provider
2583,1980,4,43,,,,,,,,,,Financial Service Provider
2584,1980,4,44,,,,,,,,,,Financial Service Provider
2585,1980,4,49,,,,,,,,,,Financial Service Provider
2586,1980,4,54,,,,,,,,,,Financial Service Provider
2587,1980,4,64,,,,,,,,,,Financial Service Provider
2588,1980,4,65,,,,,,,,,,Financial Service Provider
2589,1980,4,70,,,,,,,,,,Financial Service Provider
2590,1980,4,77,,,,,,,,,,Financial Service Provider
2591,1980,4,82,,,,,,,,,,Financial Service Provider
2592,1980,4,84,,,,,,,,,,Financial Service Provider
2593,1980,4,85,,,,,,,,,,Financial Service Provider
2594,1980,4,86,,,,,,,,,,Financial Service Provider
2595,1980,4,87,,,,,,,,,,Financial Service Provider
2596,1980,4,89,,,,,,,,,,Financial Service Provider
2597,1980,4,96,,,,,,,,,,Financial Service Provider
2598,1980,4,98,,,,,,,,,,Financial Service Provider
2599,1980,4,102,,,,,,,,,,Financial Service Provider
2600,1980,4,109,,,,,,,,,,Financial Service Provider
2601,1980,4,112,,,,,,,,,,Financial Service Provider
2602,1980,4,125,,,,,,,,,,Financial Service Provider
2603,1980,4,134,,,,,,,,,,Financial Service Provider
2604,1980,4,144,,,,,,,,,,Financial Service Provider
2605,1980,4,145,,,,,,,,,,Financial Service Provider
2606,1980,4,148,,,,,,,,,,Financial Service Provider
2607,1980,4,310,,,,,,,,,,Financial Service Provider
2608,1981,1,7,,,,,,,,,,Financial Service Provider
2609,1981,1,8,,,,,,,,,,Financial Service Provider
2610,1981,1,16,,,,,,,,,,Financial Service Provider
2611,1981,1,21,,,,,,,,,,Financial Service Provider
2612,1981,1,31,,,,,,,,,,Financial Service Provider
2613,1981,1,34,,,,,,,,,,Financial Service Provider
2614,1981,1,42,,,,,,,,,,Financial Service Provider
2615,1981,1,43,,,,,,,,,,Financial Service Provider
2616,1981,1,44,,,,,,,,,,Financial Service Provider
2617,1981,1,47,,,,,,,,,,Financial Service Provider
2618,1981,1,49,,,,,,,,,,Financial Service Provider
2619,1981,1,54,,,,,,,,,,Financial Service Provider
2620,1981,1,70,,,,,,,,,,Financial Service Provider
2621,1981,1,77,,,,,,,,,,Financial Service Provider
2622,1981,1,82,,,,,,,,,,Financial Service Provider
2623,1981,1,84,,,,,,,,,,Financial Service Provider
2624,1981,1,85,,,,,,,,,,Financial Service Provider
2625,1981,1,86,,,,,,,,,,Financial Service Provider
2626,1981,1,89,,,,,,,,,,Financial Service Provider
2627,1981,1,96,,,,,,,,,,Financial Service Provider
2628,1981,1,98,,,,,,,,,,Financial Service Provider
2629,1981,1,108,,,,,,,,,,Financial Service Provider
2630,1981,1,109,,,,,,,,,,Financial Service Provider
2631,1981,1,112,,,,,,,,,,Financial Service Provider
2632,1981,1,125,,,,,,,,,,Financial Service Provider
2633,1981,1,138,,,,,,,,,,Financial Service Provider
2634,1981,1,140,,,,,,,,,,Financial Service Provider
2635,1981,1,144,,,,,,,,,,Financial Service Provider
2636,1981,1,147,,,,,,,,,,Financial Service Provider
2637,1981,1,158,,,,,,,,,,Financial Service Provider
2638,1981,1,302,,,,,,,,,,Financial Service Provider
2639,1981,1,306,,,,,,,,,,Financial Service Provider
2640,1981,1,308,,,,,,,,,,Financial Service Provider
2641,1981,1,310,,,,,,,,,,Financial Service Provider
2642,1981,1,314,,,,,,,,,,Financial Service Provider
2643,1981,1,316,,,,,,,,,,Financial Service Provider
2644,1981,2,7,,,,,,,,,,Financial Service Provider
2645,1981,2,8,,,,,,,,,,Financial Service Provider
2646,1981,2,21,,,,,,,,,,Financial Service Provider
2647,1981,2,27,,,,,,,,,,Financial Service Provider
2648,1981,2,31,,,,,,,,,,Financial Service Provider
2649,1981,2,49,,,,,,,,,,Financial Service Provider
2650,1981,2,54,,,,,,,,,,Financial Service Provider
2651,1981,2,64,,,,,,,,,,Financial Service Provider
2652,1981,2,65,,,,,,,,,,Financial Service Provider
2653,1981,2,70,,,,,,,,,,Financial Service Provider
2654,1981,2,72,,,,,,,,,,Financial Service Provider
2655,1981,2,77,,,,,,,,,,Financial Service Provider
2656,1981,2,78,,,,,,,,,,Financial Service Provider
2657,1981,2,85,,,,,,,,,,Financial Service Provider
2658,1981,2,86,,,,,,,,,,Financial Service Provider
2659,1981,2,89,,,,,,,,,,Financial Service Provider
2660,1981,2,96,,,,,,,,,,Financial Service Provider
2661,1981,2,98,,,,,,,,,,Financial Service Provider
2662,1981,2,102,,,,,,,,,,Financial Service Provider
2663,1981,2,108,,,,,,,,,,Financial Service Provider
2664,1981,2,109,,,,,,,,,,Financial Service Provider
2665,1981,2,112,,,,,,,,,,Financial Service Provider
2666,1981,2,118,,,,,,,,,,Financial Service Provider
2667,1981,2,125,,,,,,,,,,Financial Service Provider
2668,1981,2,138,,,,,,,,,,Financial Service Provider
2669,1981,2,140,,,,,,,,,,Financial Service Provider
2670,1981,2,144,,,,,,,,,,Financial Service Provider
2671,1981,2,145,,,,,,,,,,Financial Service Provider
2672,1981,2,147,,,,,,,,,,Financial Service Provider
2673,1981,2,148,,,,,,,,,,Financial Service Provider
2674,1981,2,158,,,,,,,,,,Financial Service Provider
2675,1981,2,172,,,,,,,,,,Financial Service Provider
2676,1981,2,300,,,,,,,,,,Financial Service Provider
2677,1981,2,302,,,,,,,,,,Financial Service Provider
2678,1981,2,304,,,,,,,,,,Financial Service Provider
2679,1981,2,306,,,,,,,,,,Financial Service Provider
2680,1981,2,308,,,,,,,,,,Financial Service Provider
2681,1981,2,310,,,,,,,,,,Financial Service Provider
2682,1981,2,312,,,,,,,,,,Financial Service Provider
2683,1981,2,314,,,,,,,,,,Financial Service Provider
2684,1981,2,316,,,,,,,,,,Financial Service Provider
2685,1981,2,318,,,,,,,,,,Financial Service Provider
2686,1981,3,4,,956.0,961.0,971.0,980.0,990.0,1003.0,962.0,996.0,Financial Service Provider
2687,1981,3,5,,955.0,963.0,971.0,977.0,986.0,996.0,962.0,991.0,Financial Service Provider
2688,1981,3,12,,,,,,,,,,Financial Service Provider
2689,1981,3,13,,,,,,,,,,Financial Service Provider
2690,1981,3,16,,956.0,966.0,977.0,983.0,993.0,1000.0,965.0,995.0,Financial Service Provider
2691,1981,3,18,,959.0,952.0,952.0,955.0,956.0,961.0,955.0,960.0,Financial Service Provider
2692,1981,3,19,,955.0,967.0,971.0,978.0,986.0,998.0,964.0,993.0,Financial Service Provider
2693,1981,3,21,,,,,,,,,,Financial Service Provider
2694,1981,3,23,,956.0,971.0,980.0,989.0,991.0,994.0,967.0,993.0,Financial Service Provider
2695,1981,3,25,,958.0,962.0,968.0,974.0,979.0,990.0,962.0,986.0,Financial Service Provider
2696,1981,3,30,,956.0,950.0,960.0,965.0,975.0,985.0,957.0,981.0,Financial Service Provider
2697,1981,3,31,,,955.0,966.0,973.0,974.0,974.0,964.0,985.0,Financial Service Provider
2698,1981,3,33,,955.0,963.0,971.0,979.0,986.0,990.0,962.0,988.0,Financial Service Provider
2699,1981,3,34,,,,,,,,,,Financial Service Provider
2700,1981,3,35,,955.0,964.0,976.0,982.0,989.0,1000.0,964.0,995.0,Financial Service Provider
2701,1981,3,40,,,956.0,967.0,975.0,984.0,985.0,965.0,996.0,Financial Service Provider
2702,1981,3,43,,955.0,963.0,973.0,982.0,992.0,1002.0,963.0,997.0,Financial Service Provider
2703,1981,3,54,,958.0,961.0,965.0,971.0,976.0,984.0,962.0,981.0,Financial Service Provider
2704,1981,3,58,,,,,,,,,,Financial Service Provider
2705,1981,3,62,,913.0,961.0,967.0,979.0,991.0,1004.0,961.0,998.0,Financial Service Provider
2706,1981,3,65,,,964.0,972.0,976.0,986.0,992.0,963.0,989.0,Financial Service Provider
2707,1981,3,66,,,,,,,,,,Financial Service Provider
2708,1981,3,68,,955.0,963.0,967.0,973.0,979.0,987.0,962.0,984.0,Financial Service Provider
2709,1981,3,69,,,,,,,,,,Financial Service Provider
2710,1981,3,70,,955.0,963.0,973.0,983.0,991.0,1001.0,963.0,997.0,Financial Service Provider
2711,1981,3,72,,,,,,,,,,Financial Service Provider
2712,1981,3,74,,955.0,959.0,965.0,975.0,985.0,995.0,960.0,988.0,Financial Service Provider
2713,1981,3,75,,,,,,,,,,Financial Service Provider
2714,1981,3,77,,956.0,964.0,977.0,987.0,994.0,1000.0,964.0,998.0,Financial Service Provider
2715,1981,3,79,,956.0,966.0,970.0,980.0,988.0,1000.0,963.0,994.0,Financial Service Provider
2716,1981,3,81,,955.0,965.0,969.0,977.0,985.0,1002.0,962.0,995.0,Financial Service Provider
2717,1981,3,82,,955.0,968.0,974.0,984.0,995.0,1010.0,963.0,1003.0,Financial Service Provider
2718,1981,3,84,,,,,,,,,,Financial Service Provider
2719,1981,3,85,,955.0,963.0,971.0,977.0,986.0,996.0,962.0,991.0,Financial Service Provider
2720,1981,3,86,,,,,,,,,,Financial Service Provider
2721,1981,3,87,,,,,,,,,,Financial Service Provider
2722,1981,4,4,,965.0,971.0,980.0,990.0,1003.0,1011.0,962.0,996.0,Financial Service Provider
2723,1981,4,5,,965.0,967.0,968.0,977.0,989.0,999.0,962.0,983.0,Financial Service Provider
2724,1981,4,7,,965.0,967.0,971.0,974.0,982.0,988.0,962.0,979.0,Financial Service Provider
2725,1981,4,9,,,,,,,,,,Financial Service Provider
2726,1981,4,12,,,,,,,,,,Financial Service Provider
2727,1981,4,13,,965.0,979.0,999.0,1006.0,1023.0,1058.0,,,Financial Service Provider
2728,1981,4,14,,,,,,,,,,Financial Service Provider
2729,1981,4,16,,965.0,971.0,981.0,991.0,1000.0,1010.0,963.0,995.0,Financial Service Provider
2730,1981,4,18,,,,,,,,,,Financial Service Provider
2731,1981,4,19,,965.0,965.0,971.0,976.0,984.0,999.0,961.0,983.0,Financial Service Provider
2732,1981,4,20,,965.0,980.0,995.0,990.0,997.0,1005.0,966.0,997.0,Financial Service Provider
2733,1981,4,21,,,,,,,,,,Financial Service Provider
2734,1981,4,23,,965.0,971.0,972.0,976.0,980.0,993.0,963.0,980.0,Financial Service Provider
2735,1981,4,25,,965.0,,961.0,963.0,974.0,982.0,960.0,970.0,Financial Service Provider
2736,1981,4,30,,960.0,950.0,940.0,935.0,960.0,975.0,958.0,952.0,Financial Service Provider
2737,1981,4,31,,965.0,963.0,963.0,966.0,978.0,987.0,961.0,923.0,Financial Service Provider
2738,1981,4,35,,965.0,967.0,970.0,973.0,984.0,996.0,962.0,981.0,Financial Service Provider
2739,1981,4,36,,965.0,974.0,981.0,996.0,1018.0,1036.0,964.0,1108.0,Financial Service Provider
2740,1981,4,39,,965.0,965.0,973.0,980.0,992.0,1005.0,961.0,987.0,Financial Service Provider
2741,1981,4,40,,965.0,962.0,965.0,971.0,980.0,957.0,961.0,976.0,Financial Service Provider
2742,1981,4,41,,965.0,950.0,900.0,920.0,950.0,950.0,958.0,930.0,Financial Service Provider
2743,1981,4,42,,965.0,940.0,935.0,930.0,940.0,955.0,955.0,940.0,Financial Service Provider
2744,1981,4,44,,965.0,970.0,978.0,990.0,1004.0,1022.0,963.0,999.0,Financial Service Provider
2745,1981,4,47,,965.0,960.0,965.0,975.0,980.0,985.0,960.0,975.0,Financial Service Provider
2746,1981,4,53,,965.0,967.0,978.0,986.0,999.0,1011.0,962.0,993.0,Financial Service Provider
2747,1981,4,54,,,,,,,,,,Financial Service Provider
2748,1981,4,58,,965.0,976.0,978.0,969.0,962.0,966.0,964.0,969.0,Financial Service Provider
2749,1981,4,62,,965.0,962.0,967.0,979.0,996.0,1012.0,961.0,989.0,Financial Service Provider
2750,1981,4,63,,965.0,972.0,965.0,973.0,985.0,998.0,966.0,975.0,Financial Service Provider
2751,1981,4,66,,,,,,,,,,Financial Service Provider
2752,1981,4,67,,964.0,959.0,963.0,970.0,983.0,990.0,955.0,977.0,Financial Service Provider
2753,1981,4,68,,965.0,961.0,965.0,968.0,978.0,988.0,960.0,975.0,Financial Service Provider
2754,1981,4,69,,,,,,,,,,Financial Service Provider
2755,1981,4,70,,965.0,962.0,970.0,980.0,990.0,1000.0,961.0,985.0,Financial Service Provider
2756,1981,4,72,,,,,,,,,,Financial Service Provider
2757,1981,4,74,,965.0,964.0,925.0,919.0,978.0,985.0,,974.0,Financial Service Provider
2758,1981,4,75,,967.0,960.0,965.0,972.0,983.0,989.0,962.0,977.0,Financial Service Provider
2759,1981,4,76,,,,,,,,,,Financial Service Provider
2760,1981,4,79,,965.0,958.0,957.0,962.0,978.0,985.0,960.0,871.0,Financial Service Provider
2761,1981,4,80,,965.0,966.0,969.0,971.0,982.0,994.0,962.0,979.0,Financial Service Provider
2762,1981,4,82,,968.0,962.0,975.0,984.0,1004.0,1019.0,961.3,995.0,Financial Service Provider
2763,1981,4,84,,965.0,963.0,966.0,970.0,980.0,984.0,961.0,976.0,Financial Service Provider
2764,1981,4,88,,,,,,,,963.0,970.0,Financial Service Provider
2765,1981,4,89,,969.0,956.0,954.0,958.0,972.0,981.0,959.0,968.0,Financial Service Provider
2766,1981,4,96,,965.0,963.0,968.0,974.0,985.0,995.0,961.0,980.0,Financial Service Provider
2767,1981,4,97,,,,,,,,,,Financial Service Provider
2768,1982,1,3,,957.0,965.0,977.0,998.0,1013.0,1025.0,988.0,1047.0,Financial Service Provider
2769,1982,1,5,,957.0,962.0,966.0,977.0,985.0,995.0,973.0,1006.0,Financial Service Provider
2770,1982,1,9,,,,,,,,,,Financial Service Provider
2771,1982,1,16,,958.0,965.0,975.0,987.0,999.0,1005.0,981.0,1013.0,Financial Service Provider
2772,1982,1,19,,957.0,963.0,972.0,979.0,989.0,999.0,976.0,1014.0,Financial Service Provider
2773,1982,1,21,,,,,,,,,,Financial Service Provider
2774,1982,1,23,,958.0,971.0,971.0,981.0,989.0,991.0,979.0,1000.0,Financial Service Provider
2775,1982,1,27,,,,,,,,,,Financial Service Provider
2776,1982,1,30,,958.0,940.0,938.0,939.0,950.0,965.0,942.0,954.0,Financial Service Provider
2777,1982,1,31,,957.0,963.0,967.0,978.0,987.0,994.0,959.0,1008.0,Financial Service Provider
2778,1982,1,35,,957.0,962.0,971.0,982.0,985.0,,975.0,,Financial Service Provider
2779,1982,1,36,,,,,,,,,,Financial Service Provider
2780,1982,1,40,,957.0,967.0,967.0,977.0,987.0,995.0,974.0,1007.0,Financial Service Provider
2781,1982,1,41,,958.0,960.0,965.0,975.0,985.0,987.0,972.0,,Financial Service Provider
2782,1982,1,47,,958.0,955.0,960.0,968.0,975.0,980.0,965.0,970.0,Financial Service Provider
2783,1982,1,53,,958.0,968.0,975.0,987.0,998.0,1003.0,982.0,1013.0,Financial Service Provider
2784,1982,1,58,,958.0,980.0,977.0,961.0,944.0,971.0,966.0,954.0,Financial Service Provider
2785,1982,1,60,,958.0,961.0,968.0,979.0,990.0,995.0,975.0,1004.0,Financial Service Provider
2786,1982,1,61,,958.0,962.0,968.0,972.0,981.0,955.0,971.0,997.0,Financial Service Provider
2787,1982,1,62,,958.0,963.0,975.0,985.0,999.0,1009.0,980.0,1026.0,Financial Service Provider
2788,1982,1,63,,958.0,955.0,960.0,975.0,990.0,998.0,971.0,998.0,Financial Service Provider
2789,1982,1,65,,958.0,965.0,970.0,975.0,978.0,978.0,972.0,985.0,Financial Service Provider
2790,1982,1,67,,957.0,961.0,965.0,975.0,987.0,,972.0,,Financial Service Provider
2791,1982,1,68,,957.0,959.0,961.0,973.0,980.0,987.0,968.0,1000.0,Financial Service Provider
2792,1982,1,69,,,,,,,,,,Financial Service Provider
2793,1982,1,70,,957.0,966.0,977.0,988.0,1001.0,1003.0,983.0,1007.0,Financial Service Provider
2794,1982,1,72,,,,,,,,,,Financial Service Provider
2795,1982,1,75,,,,,,,,,,Financial Service Provider
2796,1982,1,78,,958.0,964.0,967.0,978.0,986.0,995.0,974.0,1008.0,Financial Service Provider
2797,1982,1,79,,985.0,961.0,965.0,976.0,986.0,991.0,971.0,1007.0,Financial Service Provider
2798,1982,1,83,,958.0,960.0,963.0,973.0,980.0,980.0,969.0,986.0,Financial Service Provider
2799,1982,1,86,,957.0,964.0,971.0,981.0,986.0,,976.0,,Financial Service Provider
2800,1982,1,87,,962.0,968.0,975.0,986.0,1000.0,1009.0,982.0,1020.0,Financial Service Provider
2801,1982,1,88,,,,,,,,,,Financial Service Provider
2802,1982,1,90,,958.0,962.0,969.0,980.0,994.0,1002.0,976.0,1014.0,Financial Service Provider
2803,1982,2,3,,964.0,971.0,991.0,1010.0,1025.0,1040.0,983.0,1040.0,Financial Service Provider
2804,1982,2,4,,967.0,969.0,980.0,993.0,1005.0,1019.0,977.0,1020.0,Financial Service Provider
2805,1982,2,5,,964.0,966.0,978.0,988.0,999.0,1008.0,974.0,1013.0,Financial Service Provider
2806,1982,2,9,,,,,,,,,,Financial Service Provider
2807,1982,2,10,,964.0,964.0,972.0,976.0,976.0,981.0,969.0,985.0,Financial Service Provider
2808,1982,2,12,,,,,,,,,,Financial Service Provider
2809,1982,2,13,,967.0,947.0,953.0,947.0,954.0,962.0,,,Financial Service Provider
2810,1982,2,15,,967.0,966.0,977.0,986.0,993.0,999.0,974.0,996.0,Financial Service Provider
2811,1982,2,16,,967.0,984.0,985.0,997.0,1003.0,1011.0,980.0,1013.0,Financial Service Provider
2812,1982,2,19,,964.0,968.0,979.0,988.0,995.0,1005.0,975.0,1008.0,Financial Service Provider
2813,1982,2,20,,947.0,966.0,975.0,990.0,1020.0,1035.0,976.0,1010.0,Financial Service Provider
2814,1982,2,30,,967.0,960.0,950.0,980.0,985.0,991.0,964.0,1000.0,Financial Service Provider
2815,1982,2,31,,964.0,971.0,982.0,989.0,996.0,1004.0,977.0,1010.0,Financial Service Provider
2816,1982,2,33,,964.0,967.0,975.0,986.0,989.0,993.0,973.0,1000.0,Financial Service Provider
2817,1982,2,35,,964.0,969.0,977.0,986.0,994.0,1003.0,974.0,1009.0,Financial Service Provider
2818,1982,2,40,,967.0,969.0,979.0,987.0,994.0,1001.0,975.0,1007.0,Financial Service Provider
2819,1982,2,41,,997.0,995.0,990.0,990.0,995.0,1000.0,993.0,1005.0,Financial Service Provider
2820,1982,2,46,,,,,,,,,,Financial Service Provider
2821,1982,2,47,,940.0,915.0,938.0,942.0,950.0,965.0,934.0,970.0,Financial Service Provider
2822,1982,2,51,,967.0,970.0,972.0,974.0,977.0,979.0,971.0,980.0,Financial Service Provider
2823,1982,2,53,,967.0,967.0,978.0,991.0,1002.0,1008.0,976.0,1015.0,Financial Service Provider
2824,1982,2,58,,967.0,950.0,949.0,950.0,940.0,927.0,955.0,923.0,Financial Service Provider
2825,1982,2,60,,967.0,961.0,970.0,981.0,991.0,1002.0,970.0,1006.0,Financial Service Provider
2826,1982,2,62,,964.0,969.0,977.0,984.0,994.0,1003.0,974.0,1008.0,Financial Service Provider
2827,1982,2,63,,967.0,971.0,978.0,989.0,999.0,1012.0,975.0,1016.0,Financial Service Provider
2828,1982,2,65,,967.0,968.0,974.0,971.0,978.0,982.0,970.0,984.0,Financial Service Provider
2829,1982,2,66,,,,,,,,,,Financial Service Provider
2830,1982,2,67,,967.0,970.0,975.0,987.0,985.0,990.0,975.0,992.0,Financial Service Provider
2831,1982,2,68,,964.0,964.0,972.0,979.0,985.0,994.0,969.0,998.0,Financial Service Provider
2832,1982,2,69,,,,,,,,,,Financial Service Provider
2833,1982,2,70,,964.0,971.0,982.0,996.0,1009.0,1013.0,978.0,1011.0,Financial Service Provider
2834,1982,2,72,,,,,,,,,,Financial Service Provider
2835,1982,2,74,,,,,,,,,,Financial Service Provider
2836,1982,2,75,,966.0,969.0,979.0,985.0,994.0,997.0,974.0,1002.0,Financial Service Provider
2837,1982,2,78,,967.0,965.0,975.0,983.0,991.0,999.0,972.0,1003.0,Financial Service Provider
2838,1982,2,79,,967.0,967.0,974.0,982.0,988.0,995.0,973.0,999.0,Financial Service Provider
2839,1982,2,80,,967.0,963.0,972.0,982.0,989.0,996.0,901.0,1000.0,Financial Service Provider
2840,1982,2,83,,964.0,964.0,971.0,979.0,977.0,976.0,970.0,985.0,Financial Service Provider
2841,1982,2,84,,,,,,,,,,Financial Service Provider
2842,1982,2,88,,957.0,958.0,966.0,939.0,975.0,982.0,963.0,985.0,Financial Service Provider
2843,1982,2,92,,964.0,963.0,974.0,982.0,990.0,998.0,971.0,1002.0,Financial Service Provider
2844,1982,2,93,,964.0,966.0,979.0,992.0,1001.0,1015.0,975.0,1020.0,Financial Service Provider
2845,1982,3,3,,954.0,979.0,1009.0,1020.0,1031.0,1040.0,972.0,1035.0,Financial Service Provider
2846,1982,3,5,,954.0,963.0,974.0,978.0,983.0,994.0,960.0,989.0,Financial Service Provider
2847,1982,3,9,,,,,,,,,,Financial Service Provider
2848,1982,3,16,,954.0,965.0,977.0,984.0,992.0,1000.0,962.0,996.0,Financial Service Provider
2849,1982,3,19,,945.0,953.0,967.0,974.0,984.0,992.0,952.0,987.0,Financial Service Provider
2850,1982,3,20,,956.0,962.0,969.0,976.0,982.0,990.0,968.0,986.0,Financial Service Provider
2851,1982,3,21,,,,,,,,,,Financial Service Provider
2852,1982,3,23,,956.0,964.0,971.0,976.0,982.0,990.0,961.0,985.0,Financial Service Provider
2853,1982,3,25,,,984.0,974.0,981.0,985.0,995.0,961.0,991.0,Financial Service Provider
2854,1982,3,27,,,,,,,,,,Financial Service Provider
2855,1982,3,30,,956.0,969.0,981.0,985.0,995.0,1000.0,964.0,1001.0,Financial Service Provider
2856,1982,3,33,,954.0,962.0,972.0,974.0,980.0,989.0,959.0,985.0,Financial Service Provider
2857,1982,3,35,,954.0,963.0,974.0,982.0,991.0,1003.0,960.0,998.0,Financial Service Provider
2858,1982,3,36,,,,,,,,,,Financial Service Provider
2859,1982,3,39,,956.0,960.0,971.0,978.0,983.0,990.0,959.0,989.0,Financial Service Provider
2860,1982,3,43,,956.0,966.0,979.0,990.0,999.0,1008.0,963.0,1002.0,Financial Service Provider
2861,1982,3,47,,956.0,960.0,975.0,978.0,983.0,988.0,960.0,985.0,Financial Service Provider
2862,1982,3,51,,956.0,960.0,974.0,989.0,1004.0,1019.0,960.0,1018.0,Financial Service Provider
2863,1982,3,56,,966.0,952.0,940.0,961.0,967.0,981.0,949.0,972.0,Financial Service Provider
2864,1982,3,58,,956.0,949.0,943.0,940.0,929.0,922.0,952.0,925.0,Financial Service Provider
2865,1982,3,59,,921.0,958.0,959.0,961.0,963.0,962.0,950.0,957.0,Financial Service Provider
2866,1982,3,60,,956.0,965.0,975.0,985.0,995.0,1007.0,961.0,1001.0,Financial Service Provider
2867,1982,3,61,,956.0,960.0,980.0,971.0,978.0,981.0,958.0,979.0,Financial Service Provider
2868,1982,3,62,,,,965.0,974.0,983.0,993.0,957.0,988.0,Financial Service Provider
2869,1982,3,65,,956.0,966.0,970.0,975.0,976.0,980.0,960.0,980.0,Financial Service Provider
2870,1982,3,66,,,,,,,,,,Financial Service Provider
2871,1982,3,68,,954.0,957.0,965.0,973.0,980.0,988.0,956.0,984.0,Financial Service Provider
2872,1982,3,69,,,,,,,,,,Financial Service Provider
2873,1982,3,70,,954.0,958.0,965.0,974.0,984.0,992.0,957.0,985.0,Financial Service Provider
2874,1982,3,72,,,,,,,,,,Financial Service Provider
2875,1982,3,75,,,,,,,,,,Financial Service Provider
2876,1982,3,78,,954.0,959.0,967.0,975.0,982.0,992.0,957.0,988.0,Financial Service Provider
2877,1982,3,79,,956.0,959.0,966.0,974.0,983.0,993.0,957.0,988.0,Financial Service Provider
2878,1982,3,80,,956.0,963.0,972.0,975.0,978.0,987.0,960.0,983.0,Financial Service Provider
2879,1982,3,84,,,,,,,,,,Financial Service Provider
2880,1982,3,86,,,,,,,,,,Financial Service Provider
2881,1982,3,87,,956.0,964.0,972.0,979.0,987.0,996.0,960.0,991.0,Financial Service Provider
2882,1982,3,89,,,,,,,,,,Financial Service Provider
2883,1982,3,92,,956.0,966.0,974.0,979.0,983.0,992.0,961.0,988.0,Financial Service Provider
2884,1982,3,94,,,,,,,,,,Financial Service Provider
2885,1982,3,95,,956.0,960.0,971.0,978.0,984.0,991.0,959.0,988.0,Financial Service Provider
2886,1982,3,96,,954.0,962.0,972.0,976.0,979.0,990.0,960.0,986.0,Financial Service Provider
2887,1982,3,97,,,,,,,,,,Financial Service Provider
2888,1982,4,5,,958.0,966.0,974.0,980.0,990.0,1000.0,957.0,986.0,Financial Service Provider
2889,1982,4,9,,,,,,,,,,Financial Service Provider
2890,1982,4,12,,,,,,,,,,Financial Service Provider
2891,1982,4,13,,958.0,963.0,972.0,989.0,1005.0,1027.0,,,Financial Service Provider
2892,1982,4,19,,958.0,965.0,972.0,982.0,989.0,998.0,957.0,986.0,Financial Service Provider
2893,1982,4,21,,,,,,,,,,Financial Service Provider
2894,1982,4,23,,958.0,962.0,968.0,977.0,985.0,992.0,956.0,981.0,Financial Service Provider
2895,1982,4,30,,956.0,964.0,975.0,980.0,995.0,1015.0,956.0,991.0,Financial Service Provider
2896,1982,4,31,,958.0,966.0,976.0,986.0,993.0,1000.0,957.0,989.0,Financial Service Provider
2897,1982,4,33,,958.0,964.0,967.0,973.0,985.0,999.0,956.0,981.0,Financial Service Provider
2898,1982,4,35,,958.0,965.0,972.0,981.0,993.0,1008.0,957.0,989.0,Financial Service Provider
2899,1982,4,39,,958.0,965.0,973.0,982.0,991.0,1001.0,957.0,986.0,Financial Service Provider
2900,1982,4,40,,958.0,967.0,981.0,990.0,1000.0,1005.0,957.0,994.0,Financial Service Provider
2901,1982,4,41,,955.0,960.0,950.0,950.0,950.0,950.0,955.0,950.0,Financial Service Provider
2902,1982,4,43,,958.0,965.0,969.0,974.0,982.0,991.0,957.0,979.0,Financial Service Provider
2903,1982,4,46,,958.0,965.0,968.0,973.0,982.0,991.0,957.0,979.0,Financial Service Provider
2904,1982,4,47,,958.0,962.0,963.0,965.0,968.0,974.0,956.0,968.0,Financial Service Provider
2905,1982,4,51,,958.0,966.0,973.0,980.0,987.0,995.0,957.0,983.0,Financial Service Provider
2906,1982,4,58,,958.0,959.0,959.0,956.0,954.0,953.0,955.0,955.0,Financial Service Provider
2907,1982,4,59,,958.0,960.0,965.0,968.0,972.0,975.0,955.0,970.0,Financial Service Provider
2908,1982,4,60,,958.0,963.0,975.0,986.0,996.0,1007.0,956.0,991.0,Financial Service Provider
2909,1982,4,61,,958.0,967.0,974.0,978.0,978.0,985.0,957.0,979.0,Financial Service Provider
2910,1982,4,62,,,965.0,973.0,979.0,987.0,997.0,957.0,984.0,Financial Service Provider
2911,1982,4,66,,,,,,,,,,Financial Service Provider
2912,1982,4,67,,956.0,960.0,970.0,973.0,981.0,992.0,955.0,979.0,Financial Service Provider
2913,1982,4,68,,958.0,963.0,967.0,975.0,983.0,992.0,956.0,979.0,Financial Service Provider
2914,1982,4,69,,,,,,,,,,Financial Service Provider
2915,1982,4,70,,,,,,,,,,Financial Service Provider
2916,1982,4,72,,,,,,,,,,Financial Service Provider
2917,1982,4,74,,,,,,,,,,Financial Service Provider
2918,1982,4,75,,,,,,,,,,Financial Service Provider
2919,1982,4,79,,958.0,965.0,973.0,984.0,996.0,1009.0,957.0,990.0,Financial Service Provider
2920,1982,4,84,,,,,,,,,,Financial Service Provider
2921,1982,4,87,,958.0,957.0,962.0,969.0,977.0,985.0,955.0,973.0,Financial Service Provider
2922,1982,4,92,,957.0,963.0,966.0,972.0,979.0,988.0,956.0,976.0,Financial Service Provider
2923,1982,4,94,,958.0,965.0,970.0,982.0,990.0,1001.0,957.0,986.0,Financial Service Provider
2924,1982,4,95,,958.0,965.0,973.0,983.0,992.0,1002.0,957.0,987.0,Financial Service Provider
2925,1982,4,96,,958.0,964.0,976.0,983.0,992.0,1002.0,957.0,988.0,Financial Service Provider
2926,1983,1,5,,968.0,973.0,979.0,990.0,1000.0,1008.0,986.0,1023.0,Financial Service Provider
2927,1983,1,9,,,,,,,,,,Financial Service Provider
2928,1983,1,12,,,,,,,,,,Financial Service Provider
2929,1983,1,16,,968.0,978.0,991.0,1000.0,1007.0,1015.0,957.0,994.0,Financial Service Provider
2930,1983,1,18,,968.0,975.0,982.0,990.0,999.0,1009.0,987.0,1019.0,Financial Service Provider
2931,1983,1,19,,968.0,975.0,982.0,990.0,999.0,1008.0,986.0,1022.0,Financial Service Provider
2932,1983,1,21,,,,,,,,,,Financial Service Provider
2933,1983,1,30,,968.0,974.0,981.0,995.0,1020.0,1030.0,993.0,1030.0,Financial Service Provider
2934,1983,1,35,,968.0,973.0,982.0,994.0,1009.0,1020.0,990.0,1019.0,Financial Service Provider
2935,1983,1,40,,968.0,975.0,982.0,990.0,996.0,1001.0,985.0,1008.0,Financial Service Provider
2936,1983,1,41,,968.0,975.0,981.0,988.0,995.0,1000.0,985.0,1020.0,Financial Service Provider
2937,1983,1,42,,,,,,,,,,Financial Service Provider
2938,1983,1,43,,968.0,973.0,980.0,990.0,997.0,1003.0,985.0,1011.0,Financial Service Provider
2939,1983,1,47,,968.0,980.0,985.0,990.0,999.0,1014.0,989.0,1025.0,Financial Service Provider
2940,1983,1,51,,968.0,978.0,987.0,997.0,1007.0,1017.0,992.0,1033.0,Financial Service Provider
2941,1983,1,53,,968.0,977.0,985.0,994.0,1005.0,1014.0,990.0,1027.0,Financial Service Provider
2942,1983,1,58,,968.0,968.0,968.0,964.0,963.0,960.0,966.0,955.0,Financial Service Provider
2943,1983,1,60,,968.0,976.0,980.0,990.0,1002.0,1011.0,987.0,1025.0,Financial Service Provider
2944,1983,1,61,,968.0,968.0,970.0,977.0,985.0,994.0,975.0,1007.0,Financial Service Provider
2945,1983,1,62,,968.0,976.0,984.0,991.0,1000.0,1009.0,988.0,1024.0,Financial Service Provider
2946,1983,1,65,,968.0,973.0,978.0,987.0,996.0,,983.0,,Financial Service Provider
2947,1983,1,66,,,,,,,,,,Financial Service Provider
2948,1983,1,67,,,,,,,,,,Financial Service Provider
2949,1983,1,69,,,,,,,,,,Financial Service Provider
2950,1983,1,70,,968.0,972.0,980.0,991.0,994.0,1004.0,985.0,1025.0,Financial Service Provider
2951,1983,1,78,,967.0,971.0,978.0,987.0,998.0,1006.0,983.0,1019.0,Financial Service Provider
2952,1983,1,79,,968.0,976.0,983.0,990.0,997.0,1003.0,986.0,1012.0,Financial Service Provider
2953,1983,1,80,,968.0,971.0,977.0,984.0,993.0,1002.0,981.0,1014.0,Financial Service Provider
2954,1983,1,82,,968.0,975.0,988.0,1005.0,1020.0,1032.0,997.0,1042.0,Financial Service Provider
2955,1983,1,84,,968.0,974.0,979.0,986.0,994.0,,983.0,,Financial Service Provider
2956,1983,1,87,,968.0,970.0,979.0,989.0,998.0,1004.0,984.0,1019.0,Financial Service Provider
2957,1983,1,88,,,,,,,,,,Financial Service Provider
2958,1983,1,89,,,,,,,,,,Financial Service Provider
2959,1983,1,92,,968.0,970.0,976.0,986.0,995.0,1001.0,982.0,1013.0,Financial Service Provider
2960,1983,1,93,,,,,,,,,,Financial Service Provider
2961,1983,1,94,,,970.0,976.0,986.0,996.0,1004.0,982.0,1019.0,Financial Service Provider
2962,1983,1,98,,,,,,,,,,Financial Service Provider
2963,1983,1,99,,968.0,976.0,988.0,995.0,1005.0,1010.0,990.0,1028.0,Financial Service Provider
2964,1983,2,5,,973.0,979.0,989.0,1000.0,1012.0,1020.0,985.0,1024.0,Financial Service Provider
2965,1983,2,9,,,,,,,,,,Financial Service Provider
2966,1983,2,12,,,,,,,,,,Financial Service Provider
2967,1983,2,13,,972.0,989.0,1005.0,1010.0,1016.0,1022.0,,,Financial Service Provider
2968,1983,2,16,,973.0,991.0,1000.0,1007.0,1016.0,1025.0,993.0,1031.0,Financial Service Provider
2969,1983,2,19,,972.0,980.0,991.0,1002.0,1013.0,1023.0,986.0,1026.0,Financial Service Provider
2970,1983,2,21,,,,,,,,,,Financial Service Provider
2971,1983,2,23,,972.0,981.0,990.0,998.0,1006.0,1013.0,985.0,1016.0,Financial Service Provider
2972,1983,2,25,,973.0,982.0,993.0,1003.0,1011.0,1020.0,988.0,1024.0,Financial Service Provider
2973,1983,2,30,,972.0,981.0,996.0,1016.0,1028.0,1035.0,991.0,1025.0,Financial Service Provider
2974,1983,2,31,,973.0,981.0,992.0,1001.0,1010.0,1022.0,987.0,1026.0,Financial Service Provider
2975,1983,2,33,,973.0,978.0,992.0,1002.0,1011.0,1020.0,986.0,1025.0,Financial Service Provider
2976,1983,2,35,,973.0,988.0,995.0,1003.0,1014.0,1023.0,990.0,1027.0,Financial Service Provider
2977,1983,2,36,,,,,,,,,,Financial Service Provider
2978,1983,2,39,,972.0,981.0,990.0,1003.0,1014.0,1022.0,986.0,1027.0,Financial Service Provider
2979,1983,2,40,,972.0,982.0,994.0,1002.0,1007.0,1012.0,988.0,1014.0,Financial Service Provider
2980,1983,2,41,,972.0,980.0,988.0,999.0,1010.0,1020.0,985.0,1023.0,Financial Service Provider
2981,1983,2,43,,972.0,980.0,992.0,1004.0,1015.0,1023.0,987.0,1027.0,Financial Service Provider
2982,1983,2,47,,972.0,980.0,996.0,998.0,1007.0,1010.0,987.0,1013.0,Financial Service Provider
2983,1983,2,53,,972.0,980.0,989.0,1001.0,1013.0,1021.0,986.0,1026.0,Financial Service Provider
2984,1983,2,55,,973.0,981.0,992.0,1003.0,1012.0,1022.0,987.0,1026.0,Financial Service Provider
2985,1983,2,60,,972.0,980.0,988.0,999.0,1009.0,1020.0,985.0,1026.0,Financial Service Provider
2986,1983,2,62,,972.0,979.0,986.0,996.0,1004.0,1012.0,983.0,1016.0,Financial Service Provider
2987,1983,2,63,,972.0,978.0,987.0,999.0,1000.0,1015.0,983.0,1017.0,Financial Service Provider
2988,1983,2,66,,,,,,,,,,Financial Service Provider
2989,1983,2,67,,972.0,979.0,985.0,993.0,1003.0,1013.0,982.0,1018.0,Financial Service Provider
2990,1983,2,68,,973.0,982.0,992.0,1000.0,1010.0,1019.0,987.0,1023.0,Financial Service Provider
2991,1983,2,70,,973.0,981.0,989.0,992.0,1001.0,1012.0,984.0,1019.0,Financial Service Provider
2992,1983,2,72,,,,,,,,,,Financial Service Provider
2993,1983,2,74,,,,,,,,,,Financial Service Provider
2994,1983,2,75,,,,,,,,,,Financial Service Provider
2995,1983,2,78,,972.0,979.0,988.0,999.0,1010.0,1019.0,984.0,1022.0,Financial Service Provider
2996,1983,2,79,,972.0,986.0,994.0,997.0,1002.0,1012.0,987.0,1018.0,Financial Service Provider
2997,1983,2,80,,972.0,978.0,986.0,995.0,1005.0,1014.0,983.0,1017.0,Financial Service Provider
2998,1983,2,82,,973.0,985.0,1005.0,1024.0,1036.0,1047.0,997.0,1055.0,Financial Service Provider
2999,1983,2,87,,972.0,985.0,993.0,1001.0,1008.0,1015.0,989.0,1019.0,Financial Service Provider
3000,1983,2,89,,,,,,,,,,Financial Service Provider
3001,1983,2,93,,973.0,984.0,995.0,1005.0,1012.0,1020.0,989.0,1025.0,Financial Service Provider
3002,1983,2,94,,972.0,979.0,988.0,999.0,1010.0,1020.0,984.0,1023.0,Financial Service Provider
3003,1983,2,99,,972.0,981.0,993.0,999.0,1010.0,1019.0,987.0,1022.0,Financial Service Provider
3004,1983,3,5,,1010.0,1023.0,1033.0,1045.0,1055.0,1063.0,1014.0,1059.0,Financial Service Provider
3005,1983,3,9,,,,,,,,,,Financial Service Provider
3006,1983,3,12,,,,,,,,,,Financial Service Provider
3007,1983,3,13,,1011.0,1017.0,1023.0,1024.0,1016.0,1014.0,,,Financial Service Provider
3008,1983,3,16,,1010.0,1020.0,1030.0,1035.0,1046.0,1056.0,1012.0,1051.0,Financial Service Provider
3009,1983,3,19,,1010.0,1023.0,1036.0,1045.0,1053.0,1061.0,1014.0,1057.0,Financial Service Provider
3010,1983,3,20,,1011.0,1055.0,1100.0,1135.0,1178.0,1210.0,1038.0,1198.0,Financial Service Provider
3011,1983,3,23,,1011.0,1020.0,1030.0,1037.0,1041.0,1049.0,1012.0,1046.0,Financial Service Provider
3012,1983,3,27,,,,,,,,,,Financial Service Provider
3013,1983,3,30,,1011.0,1019.0,1037.0,1040.0,1045.0,1050.0,1013.0,1048.0,Financial Service Provider
3014,1983,3,35,,1010.0,1020.0,1031.0,1042.0,1052.0,1060.0,1012.0,1056.0,Financial Service Provider
3015,1983,3,40,,1010.0,1023.0,1028.0,1032.0,1036.0,1040.0,1012.0,1038.0,Financial Service Provider
3016,1983,3,43,,1011.0,1023.0,1034.0,1044.0,1054.0,1065.0,1014.0,1060.0,Financial Service Provider
3017,1983,3,47,,1010.0,1031.0,1048.0,1050.0,1052.0,1055.0,1020.0,1055.0,Financial Service Provider
3018,1983,3,60,,1011.0,1023.0,1034.0,1045.0,1055.0,1064.0,1014.0,1060.0,Financial Service Provider
3019,1983,3,62,,1011.0,1018.0,1028.0,1039.0,1049.0,1060.0,1011.0,1055.0,Financial Service Provider
3020,1983,3,65,,1010.0,1022.0,1031.0,1041.0,1048.0,1054.0,1013.0,1052.0,Financial Service Provider
3021,1983,3,66,,,,,,,,,,Financial Service Provider
3022,1983,3,67,,1011.0,1020.0,1030.0,1041.0,1052.0,1064.0,1012.0,1058.0,Financial Service Provider
3023,1983,3,68,,1010.0,1022.0,1031.0,1040.0,1048.0,1057.0,1012.0,1052.0,Financial Service Provider
3024,1983,3,70,,1010.0,1021.0,1025.0,1027.0,1035.0,1047.0,1011.0,1042.0,Financial Service Provider
3025,1983,3,72,,,,,,,,,,Financial Service Provider
3026,1983,3,79,,1011.0,1025.0,1035.0,1042.0,1055.0,1066.0,1014.0,1059.0,Financial Service Provider
3027,1983,3,80,,1011.0,1022.0,1031.0,1047.0,1055.0,1063.0,1012.0,1059.0,Financial Service Provider
3028,1983,3,82,,1010.0,1019.0,1029.0,1031.0,1032.0,1037.0,1011.0,1035.0,Financial Service Provider
3029,1983,3,84,,1010.0,1020.0,1031.0,1039.0,1045.0,1050.0,1012.0,1047.0,Financial Service Provider
3030,1983,3,89,,1001.0,1030.0,1056.0,1080.0,1106.0,1133.0,1013.0,1120.0,Financial Service Provider
3031,1983,3,94,,1011.0,1021.0,1033.0,1045.0,1054.0,1062.0,1013.0,1057.0,Financial Service Provider
3032,1983,3,95,,1011.0,1028.0,1041.0,1054.0,1065.0,1074.0,1016.0,1069.0,Financial Service Provider
3033,1983,3,98,,,1022.0,1035.0,1044.0,1052.0,1060.0,1014.0,1056.0,Financial Service Provider
3034,1983,3,99,,1010.0,999.0,1012.0,1015.0,1024.0,1031.0,998.0,1027.0,Financial Service Provider
3035,1983,3,100,,,,,,,,,,Financial Service Provider
3036,1983,4,5,,,,,,,,,,Financial Service Provider
3037,1983,4,9,,,,,,,,,,Financial Service Provider
3038,1983,4,10,,1019.0,1028.0,1037.0,1049.0,1057.0,1065.0,1011.0,1052.0,Financial Service Provider
3039,1983,4,12,,,,,,,,,,Financial Service Provider
3040,1983,4,13,,1019.0,1053.0,1062.0,1065.0,1072.0,1089.0,,,Financial Service Provider
3041,1983,4,16,,1019.0,1033.0,1038.0,1047.0,1056.0,1066.0,1012.0,1052.0,Financial Service Provider
3042,1983,4,19,,1019.0,1032.0,1042.0,1049.0,1058.0,1065.0,1012.0,1054.0,Financial Service Provider
3043,1983,4,23,,1019.0,1030.0,1040.0,1045.0,1052.0,1055.0,1012.0,1048.0,Financial Service Provider
3044,1983,4,25,,1020.0,1036.0,1048.0,1061.0,1073.0,1086.0,1010.0,1067.0,Financial Service Provider
3045,1983,4,30,,1019.0,1035.0,1053.0,1051.0,1047.0,1050.0,1013.0,1050.0,Financial Service Provider
3046,1983,4,31,,1018.0,1032.0,1040.0,1045.0,1054.0,1065.0,1012.0,1051.0,Financial Service Provider
3047,1983,4,35,,1019.0,1030.0,1038.0,1046.0,1056.0,1068.0,1012.0,1052.0,Financial Service Provider
3048,1983,4,39,,1019.0,1032.0,1043.0,1053.0,1064.0,1073.0,1013.0,1059.0,Financial Service Provider
3049,1983,4,40,,1019.0,1030.0,1037.0,1041.0,1046.0,1051.0,1012.0,1066.0,Financial Service Provider
3050,1983,4,41,,1019.0,1030.0,1038.0,1048.0,1060.0,1068.0,1012.0,1054.0,Financial Service Provider
3051,1983,4,43,,1019.0,1031.0,1041.0,1051.0,1062.0,1074.0,1012.0,1057.0,Financial Service Provider
3052,1983,4,44,,1019.0,1030.0,1042.0,1066.0,1072.0,1080.0,1012.0,1065.0,Financial Service Provider
3053,1983,4,47,,1019.0,1036.0,1040.0,1045.0,1046.0,1056.0,1014.0,1047.0,Financial Service Provider
3054,1983,4,51,,1019.0,1029.0,1040.0,1050.0,1060.0,1071.0,1014.0,1055.0,Financial Service Provider
3055,1983,4,60,,1019.0,1031.0,1040.0,1048.0,1056.0,1063.0,1012.0,1052.0,Financial Service Provider
3056,1983,4,61,,1019.0,1032.0,1042.0,1047.0,1057.0,1065.0,1012.0,1053.0,Financial Service Provider
3057,1983,4,62,,1018.0,1029.0,1040.0,1050.0,1060.0,1071.0,1011.0,1055.0,Financial Service Provider
3058,1983,4,66,,,,,,,,,,Financial Service Provider
3059,1983,4,67,,1018.0,1028.0,1037.0,1045.0,1053.0,1062.0,1011.0,1051.0,Financial Service Provider
3060,1983,4,70,,1018.0,1030.0,1041.0,1051.0,1060.0,1071.0,1011.0,1056.0,Financial Service Provider
3061,1983,4,74,,1019.0,1031.0,1040.0,1048.0,1060.0,1070.0,,1055.0,Financial Service Provider
3062,1983,4,79,,1018.0,1032.0,1043.0,1052.0,1060.0,1068.0,1012.0,1056.0,Financial Service Provider
3063,1983,4,80,,1019.0,1031.0,1041.0,1048.0,1053.0,1059.0,1012.0,1050.0,Financial Service Provider
3064,1983,4,82,,1019.0,1037.0,1044.0,1053.0,1064.0,1075.0,1014.0,1059.0,Financial Service Provider
3065,1983,4,84,,,,,,,,,,Financial Service Provider
3066,1983,4,87,,1025.0,1035.0,1040.0,1045.0,1060.0,1075.0,1015.0,1055.0,Financial Service Provider
3067,1983,4,89,,,,,,,,,,Financial Service Provider
3068,1983,4,90,,1019.0,1031.0,1041.0,1051.0,1060.0,1068.0,1012.0,1055.0,Financial Service Provider
3069,1983,4,94,,1019.0,1032.0,1041.0,1049.0,1056.0,1063.0,1012.0,1052.0,Financial Service Provider
3070,1983,4,95,,1019.0,1033.0,1044.0,1054.0,1064.0,1073.0,1012.0,1058.0,Financial Service Provider
3071,1983,4,98,,,1031.0,1038.0,1047.0,1054.0,1061.0,1012.0,1050.0,Financial Service Provider
3072,1983,4,99,,1019.0,1032.0,1041.0,1049.0,1059.0,1067.0,1012.0,1054.0,Financial Service Provider
3073,1984,1,2,,1032.0,1040.0,1050.0,1059.0,1067.0,1074.0,1054.0,1084.0,Financial Service Provider
3074,1984,1,9,,,,,,,,,,Financial Service Provider
3075,1984,1,12,,,,,,,,,,Financial Service Provider
3076,1984,1,13,,1032.0,1051.0,1057.0,1065.0,1078.0,1090.0,,,Financial Service Provider
3077,1984,1,19,,1032.0,1045.0,1055.0,1064.0,1072.0,1079.0,1060.0,1090.0,Financial Service Provider
3078,1984,1,20,,1032.0,1052.0,1080.0,1100.0,1143.0,1161.0,1094.0,1152.0,Financial Service Provider
3079,1984,1,30,,1032.0,1037.0,1040.0,1025.0,1009.0,990.0,1028.0,960.0,Financial Service Provider
3080,1984,1,35,,1032.0,1041.0,1049.0,1060.0,1072.0,,1055.0,,Financial Service Provider
3081,1984,1,36,,1032.0,,,,,,1076.0,1115.0,Financial Service Provider
3082,1984,1,39,,1032.0,1045.0,1056.0,1063.0,1070.0,1077.0,1059.0,1085.0,Financial Service Provider
3083,1984,1,40,,1032.0,1045.0,1049.0,1052.0,1054.0,1057.0,1050.0,1062.0,Financial Service Provider
3084,1984,1,41,,1032.0,1040.0,1048.0,1060.0,1068.0,1074.0,1054.0,1081.0,Financial Service Provider
3085,1984,1,43,,1032.0,1043.0,1054.0,1064.0,1074.0,1084.0,1059.0,1097.0,Financial Service Provider
3086,1984,1,47,,1032.0,1036.0,1050.0,1059.0,1064.0,1075.0,1053.0,1072.0,Financial Service Provider
3087,1984,1,53,,1033.0,1043.0,1053.0,1062.0,1070.0,1078.0,1057.0,1089.0,Financial Service Provider
3088,1984,1,60,,1032.0,1040.0,1051.0,1060.0,1067.0,1075.0,1054.0,1087.0,Financial Service Provider
3089,1984,1,62,,1030.0,1041.0,1053.0,1062.0,1071.0,1079.0,1057.0,1090.0,Financial Service Provider
3090,1984,1,65,,,,,,,,,,Financial Service Provider
3091,1984,1,66,,,,,,,,,,Financial Service Provider
3092,1984,1,68,,1030.0,1046.0,1052.0,1059.0,1067.0,,1056.0,,Financial Service Provider
3093,1984,1,69,,,,,,,,,,Financial Service Provider
3094,1984,1,70,,1030.0,1044.0,1052.0,1062.0,1072.0,1082.0,1057.0,1095.0,Financial Service Provider
3095,1984,1,72,,1032.0,,,,,,,,Financial Service Provider
3096,1984,1,82,,1032.0,1045.0,1054.0,1064.0,1074.0,1083.0,1060.0,1098.0,Financial Service Provider
3097,1984,1,84,,1030.0,1046.0,1054.0,1062.0,1069.0,1072.0,1058.0,,Financial Service Provider
3098,1984,1,86,,,,,,,,,,Financial Service Provider
3099,1984,1,87,,1032.0,1043.0,1054.0,1064.0,1072.0,1080.0,1058.0,1090.0,Financial Service Provider
3100,1984,1,90,,,,,,,,,,Financial Service Provider
3101,1984,1,93,,1032.0,1046.0,1054.0,1062.0,1069.0,1079.0,1058.0,1090.0,Financial Service Provider
3102,1984,1,98,,,,,,,,,,Financial Service Provider
3103,1984,1,99,,1016.0,,,,,,,,Financial Service Provider
3104,1984,2,5,,1050.0,1059.0,1068.0,1076.0,1083.0,1092.0,1063.0,1094.0,Financial Service Provider
3105,1984,2,9,,,,,,,,,,Financial Service Provider
3106,1984,2,12,,,,,,,,,,Financial Service Provider
3107,1984,2,13,,1047.0,1064.0,1075.0,1086.0,1097.0,1099.0,,,Financial Service Provider
3108,1984,2,15,,1050.0,1057.0,1061.0,1065.0,1070.0,1072.0,1058.0,1075.0,Financial Service Provider
3109,1984,2,16,,1047.0,1060.0,1066.0,1077.0,1085.0,1093.0,1063.0,1098.0,Financial Service Provider
3110,1984,2,19,,1047.0,1056.0,1063.0,1070.0,1077.0,1085.0,1059.0,1088.0,Financial Service Provider
3111,1984,2,20,,1047.0,1071.0,1100.0,1143.0,1161.0,1190.0,1094.0,1152.0,Financial Service Provider
3112,1984,2,23,,1047.0,1057.0,1067.0,1075.0,1085.0,1095.0,1061.0,1100.0,Financial Service Provider
3113,1984,2,25,,1050.0,1063.0,1074.0,1086.0,1097.0,1107.0,1068.0,1112.0,Financial Service Provider
3114,1984,2,27,,,,,,,,,,Financial Service Provider
3115,1984,2,30,,1047.0,1070.0,1090.0,1085.0,1050.0,1010.0,1073.0,978.0,Financial Service Provider
3116,1984,2,31,,1050.0,1057.0,1064.0,1073.0,1083.0,1093.0,1061.0,1094.0,Financial Service Provider
3117,1984,2,35,,1050.0,1062.0,1071.0,1081.0,1090.0,1099.0,1066.0,1102.0,Financial Service Provider
3118,1984,2,36,,1047.0,1057.0,1065.0,1073.0,1083.0,1089.0,1060.0,1092.0,Financial Service Provider
3119,1984,2,39,,1047.0,1058.0,1064.0,1072.0,1080.0,1087.0,1060.0,1091.0,Financial Service Provider
3120,1984,2,40,,1047.0,1057.0,1062.0,1065.0,1068.0,1072.0,1057.0,1075.0,Financial Service Provider
3121,1984,2,41,,1047.0,1057.0,1066.0,1074.0,1080.0,1082.0,1061.0,1088.0,Financial Service Provider
3122,1984,2,43,,1047.0,1058.0,1067.0,1076.0,1086.0,1095.0,1062.0,1099.0,Financial Service Provider
3123,1984,2,60,,1047.0,1055.0,1062.0,1068.0,1076.0,1084.0,1058.0,1088.0,Financial Service Provider
3124,1984,2,61,,1047.0,1054.0,1063.0,1069.0,1081.0,1091.0,1058.0,1094.0,Financial Service Provider
3125,1984,2,62,,1050.0,1059.0,1069.0,1075.0,1083.0,1091.0,1064.0,1095.0,Financial Service Provider
3126,1984,2,65,,,,,,,,,,Financial Service Provider
3127,1984,2,66,,,,,,,,,,Financial Service Provider
3128,1984,2,68,,1050.0,1058.0,1065.0,1071.0,1078.0,1084.0,1061.0,1088.0,Financial Service Provider
3129,1984,2,70,,1050.0,1056.0,1064.0,1073.0,1082.0,1091.0,1061.0,1095.0,Financial Service Provider
3130,1984,2,72,,,,,,,,,,Financial Service Provider
3131,1984,2,74,,,,,,,,,,Financial Service Provider
3132,1984,2,75,,1033.0,1039.0,1048.0,1053.0,1062.0,1071.0,1043.0,1070.0,Financial Service Provider
3133,1984,2,82,,1047.0,1055.0,1068.0,1081.0,1091.0,1101.0,1063.0,1106.0,Financial Service Provider
3134,1984,2,84,,1050.0,1059.0,1069.0,1076.0,,,1064.0,,Financial Service Provider
3135,1984,2,86,,,,,,,,,,Financial Service Provider
3136,1984,2,94,,1047.0,1058.0,1065.0,1071.0,1078.0,1084.0,1060.0,1088.0,Financial Service Provider
3137,1984,2,95,,1047.0,1060.0,1068.0,1076.0,1083.0,1091.0,1062.0,1094.0,Financial Service Provider
3138,1984,2,98,,1047.0,1053.0,1060.0,1068.0,1074.0,1078.0,1057.0,1081.0,Financial Service Provider
3139,1984,3,5,,1063.0,1074.0,1083.0,1090.0,1099.0,1106.0,1067.0,1102.0,Financial Service Provider
3140,1984,3,13,,1062.0,1064.0,1076.0,1086.0,1090.0,1091.0,,,Financial Service Provider
3141,1984,3,15,,1063.0,1070.0,1075.0,1079.0,1084.0,1082.0,1063.0,1082.0,Financial Service Provider
3142,1984,3,19,,1062.0,1074.0,1084.0,1093.0,1104.0,1115.0,1066.0,1109.0,Financial Service Provider
3143,1984,3,25,,1063.0,1074.0,1084.0,1093.0,1102.0,1110.0,1066.0,1106.0,Financial Service Provider
3144,1984,3,30,,1062.0,1086.0,1108.0,1114.0,1130.0,1140.0,1075.0,1127.0,Financial Service Provider
3145,1984,3,31,,,,,1044.0,1063.0,1073.0,1065.0,1100.0,Financial Service Provider
3146,1984,3,33,,1063.0,1075.0,1084.0,1090.0,1094.0,1096.0,1067.0,1096.0,Financial Service Provider
3147,1984,3,40,,1063.0,1076.0,1085.0,1090.0,1095.0,1100.0,1067.0,1098.0,Financial Service Provider
3148,1984,3,42,,1062.0,1080.0,1094.0,1110.0,1120.0,1125.0,1070.0,1120.0,Financial Service Provider
3149,1984,3,43,,1063.0,1070.0,1080.0,1089.0,1098.0,1105.0,1064.0,1101.0,Financial Service Provider
3150,1984,3,55,,,,,,,,,,Financial Service Provider
3151,1984,3,60,,1062.0,1074.0,1086.0,1093.0,1101.0,1109.0,1066.0,1108.0,Financial Service Provider
3152,1984,3,61,,1062.0,1078.0,1097.0,1112.0,1124.0,1134.0,1070.0,1129.0,Financial Service Provider
3153,1984,3,62,,1062.0,1074.0,1085.0,1094.0,1102.0,1111.0,1062.0,1106.0,Financial Service Provider
3154,1984,3,65,,,,,,,,,,Financial Service Provider
3155,1984,3,66,,,,,,,,,,Financial Service Provider
3156,1984,3,67,,1063.0,1074.0,1083.0,1086.0,1089.0,1095.0,1066.0,1094.0,Financial Service Provider
3157,1984,3,68,,1063.0,1075.0,1086.0,1098.0,1106.0,1114.0,1067.0,1109.0,Financial Service Provider
3158,1984,3,69,,,,,,,,,,Financial Service Provider
3159,1984,3,70,,1063.0,1069.0,1077.0,1085.0,1094.0,1101.0,1063.0,1097.0,Financial Service Provider
3160,1984,3,80,,1062.0,1074.0,1086.0,1098.0,1104.0,1108.0,1066.0,1105.0,Financial Service Provider
3161,1984,3,82,,1062.0,1076.0,1081.0,1093.0,1104.0,1113.0,1066.0,1107.0,Financial Service Provider
3162,1984,3,86,,,,,,,,,,Financial Service Provider
3163,1984,3,87,,1062.0,1076.0,1088.0,1097.0,1106.0,1113.0,1068.0,1109.0,Financial Service Provider
3164,1984,3,95,,1062.0,1078.0,1089.0,1097.0,1105.0,1112.0,1068.0,1108.0,Financial Service Provider
3165,1984,3,98,,1062.0,1075.0,1087.0,1096.0,1105.0,1115.0,1067.0,1110.0,Financial Service Provider
3166,1984,4,5,,1066.0,1078.0,1090.0,1100.0,1100.0,1111.0,1063.0,1102.0,Financial Service Provider
3167,1984,4,9,,,,,,,,,,Financial Service Provider
3168,1984,4,12,,,,,,,,,,Financial Service Provider
3169,1984,4,19,,1065.0,1074.0,1085.0,1095.0,1104.0,1115.0,1062.0,1100.0,Financial Service Provider
3170,1984,4,20,,1065.0,1074.0,1082.0,1100.0,1120.0,1120.0,,1107.0,Financial Service Provider
3171,1984,4,21,,,,,,,,,,Financial Service Provider
3172,1984,4,23,,1065.0,1091.0,1101.0,1110.0,1117.0,1134.0,1066.0,1116.0,Financial Service Provider
3173,1984,4,27,,,,,,,,,,Financial Service Provider
3174,1984,4,30,,1066.0,1075.0,1083.0,1088.0,1102.0,1105.0,1062.0,1094.0,Financial Service Provider
3175,1984,4,31,,1066.0,1076.0,1086.0,1095.0,1101.0,1107.0,1063.0,1097.0,Financial Service Provider
3176,1984,4,35,,1065.0,1076.0,1087.0,1095.0,1102.0,1111.0,1062.0,1098.0,Financial Service Provider
3177,1984,4,40,,1065.0,1079.0,1089.0,1098.0,1106.0,1113.0,1063.0,1102.0,Financial Service Provider
3178,1984,4,43,,1066.0,1080.0,1090.0,1098.0,1106.0,1112.0,1063.0,1101.0,Financial Service Provider
3179,1984,4,51,,1065.0,1073.0,1081.0,1089.0,1097.0,1105.0,1062.0,1093.0,Financial Service Provider
3180,1984,4,53,,1065.0,1079.0,1089.0,1097.0,1105.0,1112.0,1063.0,1100.0,Financial Service Provider
3181,1984,4,55,,,,,,,,,,Financial Service Provider
3182,1984,4,60,,1065.0,1077.0,1082.0,1089.0,1096.0,1099.0,1062.0,1092.0,Financial Service Provider
3183,1984,4,61,,1065.0,1078.0,1088.0,1101.0,1110.0,1119.0,1063.0,1104.0,Financial Service Provider
3184,1984,4,62,,1065.0,1072.0,1087.0,1100.0,1110.0,1118.0,1061.0,1104.0,Financial Service Provider
3185,1984,4,66,,,,,,,,,,Financial Service Provider
3186,1984,4,67,,1065.0,1074.0,1077.0,1080.0,1086.0,1095.0,1062.0,1085.0,Financial Service Provider
3187,1984,4,68,,1066.0,1076.0,1085.0,1095.0,1104.0,1113.0,1062.0,1099.0,Financial Service Provider
3188,1984,4,70,,1066.0,1074.0,1085.0,1095.0,1102.0,1110.0,1062.0,1098.0,Financial Service Provider
3189,1984,4,72,,,,,,,,,,Financial Service Provider
3190,1984,4,79,,1065.0,1074.0,1084.0,1091.0,1098.0,1105.0,1062.0,1095.0,Financial Service Provider
3191,1984,4,82,,1065.0,1081.0,1095.0,1109.0,1121.0,1132.0,1063.0,1114.0,Financial Service Provider
3192,1984,4,84,,1066.0,1075.0,1086.0,1095.0,1102.0,1106.0,1062.0,1097.0,Financial Service Provider
3193,1984,4,90,,1065.0,1078.0,1087.0,1095.0,1102.0,1109.0,1063.0,1098.0,Financial Service Provider
3194,1984,4,93,,1065.0,1076.0,1089.0,1097.0,1105.0,1111.0,1062.0,1100.0,Financial Service Provider
3195,1984,4,94,,1065.0,1079.0,1086.0,1091.0,1096.0,1102.0,1063.0,1094.0,Financial Service Provider
3196,1984,4,99,,1065.0,1069.0,1073.0,1084.0,1092.0,1100.0,1061.0,1087.0,Financial Service Provider
3197,1985,1,9,,,,,,,,,,Financial Service Provider
3198,1985,1,15,,1073.0,1085.0,1095.0,1102.0,1108.0,,1062.0,1097.0,Financial Service Provider
3199,1985,1,19,,1076.0,1091.0,1100.0,1108.0,1117.0,1127.0,1063.0,1104.0,Financial Service Provider
3200,1985,1,20,,1076.0,1090.0,1105.0,1110.0,1121.0,1130.0,1063.0,1106.0,Financial Service Provider
3201,1985,1,23,,1076.0,1093.0,1104.0,1115.0,1124.0,1132.0,1063.0,1109.0,Financial Service Provider
3202,1985,1,30,,1076.0,1082.0,1091.0,1103.0,1106.0,1110.0,1063.0,1096.0,Financial Service Provider
3203,1985,1,35,,1075.0,1095.0,1105.0,1115.0,1124.0,1132.0,1062.0,1110.0,Financial Service Provider
3204,1985,1,40,,1076.0,1093.0,1103.0,1113.0,1121.0,1129.0,1063.0,1107.0,Financial Service Provider
3205,1985,1,41,,1076.0,1086.0,1095.0,1102.0,1111.0,1118.0,1063.0,1099.0,Financial Service Provider
3206,1985,1,43,,1076.0,1088.0,1098.0,1107.0,1116.0,,1063.0,1102.0,Financial Service Provider
3207,1985,1,44,,1076.0,1089.0,1099.0,1105.0,1111.0,1114.0,1063.0,1101.0,Financial Service Provider
3208,1985,1,62,,1076.0,1086.0,1087.0,1107.0,1116.0,1125.0,1063.0,1102.0,Financial Service Provider
3209,1985,1,65,,1076.0,1087.0,1098.0,1106.0,1119.0,,1063.0,1103.0,Financial Service Provider
3210,1985,1,66,,,,,,,,,,Financial Service Provider
3211,1985,1,68,,1075.0,1092.0,1101.0,1110.0,1118.0,1126.0,1062.0,1105.0,Financial Service Provider
3212,1985,1,70,,1075.0,1089.0,1098.0,1107.0,1115.0,1124.0,1062.0,1102.0,Financial Service Provider
3213,1985,1,72,,,,,,,,,,Financial Service Provider
3214,1985,1,79,,1076.0,1090.0,1099.0,1108.0,1116.0,1124.0,1063.0,1103.0,Financial Service Provider
3215,1985,1,82,,1076.0,1093.0,1110.0,1124.0,1139.0,1146.0,1063.0,1117.0,Financial Service Provider
3216,1985,1,84,,1076.0,1090.0,1102.0,1112.0,1119.0,1124.0,1063.0,1106.0,Financial Service Provider
3217,1985,1,87,,1076.0,1084.0,1097.0,1110.0,1123.0,1134.0,1063.0,1104.0,Financial Service Provider
3218,1985,1,94,,1076.0,1088.0,1103.0,1113.0,1122.0,1130.0,1063.0,1106.0,Financial Service Provider
3219,1985,1,95,,1076.0,1089.0,1100.0,1110.0,1119.0,1125.0,1063.0,1104.0,Financial Service Provider
3220,1985,1,99,,1076.0,1091.0,1110.0,1118.0,1147.0,1158.0,1062.0,1117.0,Financial Service Provider
3221,1985,2,9,,,,,,,,,,Financial Service Provider
3222,1985,2,13,,1088.0,1106.0,1100.0,1101.0,1126.0,1138.0,,,Financial Service Provider
3223,1985,2,15,,1089.0,1095.0,1099.0,1109.0,1118.0,1127.0,1098.0,,Financial Service Provider
3224,1985,2,20,,1087.0,1107.0,1116.0,1130.0,1138.0,1150.0,1110.0,1170.0,Financial Service Provider
3225,1985,2,23,,1088.0,1097.0,1106.0,1115.0,1125.0,1133.0,1102.0,1136.0,Financial Service Provider
3226,1985,2,27,,1075.0,1085.0,1095.0,1105.0,1110.0,1118.0,1090.0,1123.0,Financial Service Provider
3227,1985,2,30,,1088.0,1092.0,1100.0,1103.0,1103.0,1102.0,1096.0,1080.0,Financial Service Provider
3228,1985,2,31,,1088.0,1097.0,1109.0,1121.0,1132.0,1140.0,1104.0,1144.0,Financial Service Provider
3229,1985,2,35,,1089.0,1096.0,1106.0,1115.0,1123.0,1128.0,1101.0,1128.0,Financial Service Provider
3230,1985,2,36,,,,,,,,,,Financial Service Provider
3231,1985,2,40,,1088.0,1100.0,1108.0,1115.0,1123.0,1130.0,1102.0,1133.0,Financial Service Provider
3232,1985,2,41,,1088.0,1099.0,1108.0,1117.0,1125.0,1132.0,1103.0,1130.0,Financial Service Provider
3233,1985,2,43,,1089.0,1099.0,1109.0,1120.0,,,1104.0,,Financial Service Provider
3234,1985,2,55,,,,,,,,,,Financial Service Provider
3235,1985,2,60,,1089.0,1099.0,1106.0,1113.0,1120.0,1127.0,1102.0,1131.0,Financial Service Provider
3236,1985,2,61,,1088.0,1097.0,1107.0,1116.0,1122.0,1130.0,1102.0,1133.0,Financial Service Provider
3237,1985,2,62,,1089.0,1097.0,1105.0,1114.0,1121.0,1128.0,1101.0,1132.0,Financial Service Provider
3238,1985,2,65,,1089.0,1096.0,1103.0,1112.0,1119.0,1120.0,1100.0,1126.0,Financial Service Provider
3239,1985,2,66,,,,,,,,,,Financial Service Provider
3240,1985,2,68,,1089.0,1098.0,1106.0,1115.0,1123.0,1130.0,1102.0,1133.0,Financial Service Provider
3241,1985,2,70,,1089.0,1098.0,1107.0,1115.0,1124.0,1134.0,1102.0,1138.0,Financial Service Provider
3242,1985,2,75,,,,,,,,,,Financial Service Provider
3243,1985,2,79,,1089.0,1098.0,1107.0,1114.0,1121.0,1127.0,1102.0,1130.0,Financial Service Provider
3244,1985,2,82,,1088.0,1101.0,1116.0,1128.0,1137.0,1146.0,1108.0,1150.0,Financial Service Provider
3245,1985,2,84,,1089.0,1096.0,1104.0,1112.0,1114.0,1117.0,1100.0,,Financial Service Provider
3246,1985,2,86,,1089.0,1099.0,1112.0,1119.0,,,1105.0,,Financial Service Provider
3247,1985,2,87,,1096.0,1108.0,1119.0,1127.0,1135.0,1148.0,1111.0,1155.0,Financial Service Provider
3248,1985,2,94,,1088.0,1099.0,1108.0,1116.0,1125.0,1132.0,1103.0,1136.0,Financial Service Provider
3249,1985,2,99,,1088.0,1093.0,1102.0,1110.0,1115.0,1124.0,1098.0,1125.0,Financial Service Provider
3250,1985,3,9,,,,,,,,,,Financial Service Provider
3251,1985,3,12,,,,,,,,,,Financial Service Provider
3252,1985,3,13,,1103.0,1103.0,1105.0,1119.0,1124.0,1125.0,,,Financial Service Provider
3253,1985,3,15,,1103.0,1107.0,1113.0,1121.0,1130.0,1137.0,1103.0,1133.0,Financial Service Provider
3254,1985,3,20,,1103.0,1107.0,1113.0,1121.0,1130.0,1139.0,1103.0,1163.0,Financial Service Provider
3255,1985,3,23,,1103.0,1107.0,1115.0,1122.0,1126.0,1130.0,1104.0,1127.0,Financial Service Provider
3256,1985,3,27,,,,,,,,,,Financial Service Provider
3257,1985,3,30,,1103.0,1112.0,1115.0,1118.0,1120.0,1122.0,1105.0,1121.0,Financial Service Provider
3258,1985,3,31,,1103.0,1110.0,1119.0,1132.0,1141.0,1148.0,1105.0,1144.0,Financial Service Provider
3259,1985,3,35,,1100.0,1110.0,1120.0,1130.0,1140.0,1140.0,1110.0,1140.0,Financial Service Provider
3260,1985,3,40,,1103.0,1105.0,1116.0,1121.0,1128.0,1135.0,1103.0,1132.0,Financial Service Provider
3261,1985,3,43,,1103.0,1109.0,1114.0,1119.0,1125.0,1130.0,1104.0,1128.0,Financial Service Provider
3262,1985,3,51,,1103.0,1114.0,1125.0,1136.0,1147.0,1158.0,1109.0,1152.0,Financial Service Provider
3263,1985,3,60,,1103.0,1109.0,1116.0,1124.0,1131.0,1138.0,1105.0,1134.0,Financial Service Provider
3264,1985,3,62,,1103.0,1108.0,1115.0,1121.0,1128.0,1134.0,1104.0,1131.0,Financial Service Provider
3265,1985,3,65,,1103.0,1111.0,1118.0,1116.0,1120.0,1125.0,1105.0,1222.0,Financial Service Provider
3266,1985,3,66,,,,,,,,,,Financial Service Provider
3267,1985,3,67,,1103.0,1106.0,1114.0,1121.0,1128.0,1133.0,1103.0,1131.0,Financial Service Provider
3268,1985,3,68,,1103.0,1110.0,1116.0,1123.0,1131.0,1140.0,1105.0,1134.0,Financial Service Provider
3269,1985,3,69,,,,,,,,,,Financial Service Provider
3270,1985,3,70,,1103.0,1109.0,1115.0,1124.0,1134.0,1142.0,1104.0,1138.0,Financial Service Provider
3271,1985,3,74,,,,,,,,,,Financial Service Provider
3272,1985,3,75,,,,,,,,,,Financial Service Provider
3273,1985,3,79,,1102.0,1110.0,1115.0,1119.0,1123.0,1125.0,1104.0,1125.0,Financial Service Provider
3274,1985,3,80,,1103.0,1110.0,1114.0,1120.0,1126.0,1133.0,1104.0,1129.0,Financial Service Provider
3275,1985,3,82,,1103.0,1107.0,1113.0,1118.0,1123.0,1128.0,1103.0,1125.0,Financial Service Provider
3276,1985,3,84,,1103.0,1108.0,1113.0,1118.0,1121.0,,,,Financial Service Provider
3277,1985,3,95,,1103.0,1115.0,1125.0,1133.0,1140.0,1146.0,1108.0,1142.0,Financial Service Provider
3278,1985,3,99,,1100.0,1120.0,1130.0,1150.0,1160.0,1170.0,1110.0,1170.0,Financial Service Provider
3279,1985,3,100,,1103.0,1110.0,1120.0,1130.0,1135.0,1140.0,1106.0,1136.0,Financial Service Provider
3280,1985,3,101,,1103.0,1112.0,1122.0,1133.0,1143.0,1151.0,1107.0,1146.0,Financial Service Provider
3281,1985,4,9,,,,,,,,,,Financial Service Provider
3282,1985,4,12,,,,,,,,,,Financial Service Provider
3283,1985,4,13,,1115.0,1116.0,1139.0,1134.0,1135.0,1130.0,,,Financial Service Provider
3284,1985,4,15,,1116.0,1114.0,1123.0,1130.0,1138.0,1145.0,1105.0,1134.0,Financial Service Provider
3285,1985,4,20,,1115.0,1120.0,1120.0,1128.0,1139.0,1146.0,1106.0,1133.0,Financial Service Provider
3286,1985,4,23,,1115.0,1114.0,1120.0,1125.0,1129.0,1129.0,1105.0,1126.0,Financial Service Provider
3287,1985,4,30,,1117.0,1118.0,1120.0,1122.0,1122.0,1124.0,1107.0,1122.0,Financial Service Provider
3288,1985,4,35,,1115.0,1122.0,1130.0,1137.0,1144.0,1148.0,1107.0,1140.0,Financial Service Provider
3289,1985,4,40,,1115.0,1111.0,1119.0,1126.0,1132.0,1136.0,,1128.0,Financial Service Provider
3290,1985,4,43,,1115.0,1118.0,1120.0,1126.0,1137.0,1151.0,1106.0,1134.0,Financial Service Provider
3291,1985,4,59,,,,,,,,,,Financial Service Provider
3292,1985,4,60,,1117.0,1121.0,1128.0,1136.0,1143.0,1150.0,1107.0,1134.0,Financial Service Provider
3293,1985,4,62,,1115.0,1115.0,1121.0,1128.0,1135.0,1140.0,1105.0,1131.0,Financial Service Provider
3294,1985,4,65,,1115.0,1128.0,1139.0,1146.0,1154.0,1159.0,1109.0,1150.0,Financial Service Provider
3295,1985,4,68,,1117.0,1114.0,1122.0,1131.0,1139.0,1146.0,1106.0,1134.0,Financial Service Provider
3296,1985,4,69,,,,,,,,,,Financial Service Provider
3297,1985,4,70,,1117.0,1115.0,1124.0,1134.0,1142.0,1152.0,1106.0,1138.0,Financial Service Provider
3298,1985,4,72,,,,,,,,,,Financial Service Provider
3299,1985,4,79,,1115.0,1114.0,1122.0,1128.0,1137.0,1147.0,1105.0,1133.0,Financial Service Provider
3300,1985,4,80,,1115.0,1113.0,1115.0,1119.0,1125.0,1129.0,1105.0,1122.0,Financial Service Provider
3301,1985,4,82,,1117.0,1119.0,1122.0,1125.0,1126.0,1129.0,1107.0,1126.0,Financial Service Provider
3302,1985,4,84,,1116.0,1116.0,1124.0,1131.0,1136.0,1141.0,1105.0,1133.0,Financial Service Provider
3303,1985,4,94,,1115.0,1113.0,1117.0,1121.0,1126.0,1132.0,1105.0,1124.0,Financial Service Provider
3304,1985,4,99,,1115.0,1125.0,1142.0,1160.0,1171.0,1184.0,1108.0,1164.0,Financial Service Provider
3305,1985,4,102,,1117.0,1112.0,1118.0,1124.0,1132.0,1141.0,1105.0,1129.0,Financial Service Provider
3306,1986,1,9,,,,,,,,,,Financial Service Provider
3307,1986,1,13,,2329.0,2484.0,2500.0,2502.0,2515.0,2515.0,,,Financial Service Provider
3308,1986,1,20,,2329.0,2330.0,2332.0,2336.0,2339.0,2340.0,2313.0,2334.0,Financial Service Provider
3309,1986,1,30,,2329.0,2328.0,2327.0,2327.0,2325.0,2320.0,2313.0,2327.0,Financial Service Provider
3310,1986,1,35,,2330.0,2348.0,2370.0,2385.0,2391.0,2396.0,2313.0,2374.0,Financial Service Provider
3311,1986,1,40,,,,,,,,,,Financial Service Provider
3312,1986,1,41,,2329.0,2329.0,2339.0,2358.0,2372.0,2383.0,,2349.0,Financial Service Provider
3313,1986,1,43,,2329.0,2330.0,2352.0,2366.0,2381.0,,2314.0,2356.0,Financial Service Provider
3314,1986,1,44,,2329.0,2354.0,2379.0,2403.0,2424.0,2440.0,2322.0,2390.0,Financial Service Provider
3315,1986,1,51,,2329.0,2345.0,2361.0,2378.0,2395.0,2411.0,2313.0,2387.0,Financial Service Provider
3316,1986,1,60,,2329.0,2353.0,2368.0,2384.0,2399.0,2415.0,2313.0,2376.0,Financial Service Provider
3317,1986,1,62,,2330.0,2350.0,2360.0,2381.0,2393.0,2404.0,2313.0,2371.0,Financial Service Provider
3318,1986,1,65,,2330.0,2355.0,2368.0,2386.0,2409.0,2418.0,2313.0,2379.0,Financial Service Provider
3319,1986,1,66,,,,,,,,,,Financial Service Provider
3320,1986,1,68,,2330.0,2353.0,2368.0,2380.0,2394.0,2408.0,2313.0,2374.0,Financial Service Provider
3321,1986,1,69,,,,,,,,,,Financial Service Provider
3322,1986,1,70,,2330.0,2344.0,2357.0,2373.0,2389.0,2405.0,2313.0,2366.0,Financial Service Provider
3323,1986,1,72,,,,,,,,,,Financial Service Provider
3324,1986,1,80,,2329.0,2355.0,2367.0,2381.0,2395.0,2409.0,2313.0,2375.0,Financial Service Provider
3325,1986,1,82,,2330.0,2350.0,2362.0,2368.0,2370.0,2375.0,2313.0,2363.0,Financial Service Provider
3326,1986,1,84,,2329.0,2352.0,2366.0,2382.0,2393.0,2402.0,2313.0,2373.0,Financial Service Provider
3327,1986,1,94,,2330.0,2358.0,2380.0,2395.0,2416.0,2430.0,2313.0,2388.0,Financial Service Provider
3328,1986,1,98,,2633.0,2690.0,2725.0,2765.0,2809.0,2855.0,2582.0,2747.0,Financial Service Provider
3329,1986,1,99,,2634.0,2690.0,2725.0,2775.0,2841.0,2850.0,2582.0,2757.0,Financial Service Provider
3330,1986,1,100,,2329.0,2341.0,2362.0,2355.0,2331.0,2287.0,2313.0,2348.0,Financial Service Provider
3331,1986,1,102,,2330.0,2353.0,2374.0,2390.0,2407.0,2425.0,2313.0,2381.0,Financial Service Provider
3332,1986,2,10,,2355.0,2377.0,2386.0,2392.0,2403.0,2416.0,2380.0,2428.0,Financial Service Provider
3333,1986,2,12,,,,,,,,,,Financial Service Provider
3334,1986,2,13,,2355.0,2380.0,2401.0,2417.0,2428.0,2446.0,,,Financial Service Provider
3335,1986,2,15,,2354.0,2380.0,2392.0,2404.0,2417.0,2431.0,2382.0,2437.0,Financial Service Provider
3336,1986,2,20,,2355.0,2354.0,2357.0,2360.0,2365.0,2370.0,2356.0,2400.0,Financial Service Provider
3337,1986,2,23,,2355.0,2377.0,2391.0,2400.0,2418.0,2427.0,2381.0,2434.0,Financial Service Provider
3338,1986,2,30,,2355.0,2360.0,2365.0,2370.0,2375.0,2378.0,2362.0,2375.0,Financial Service Provider
3339,1986,2,31,,,,,,,,,,Financial Service Provider
3340,1986,2,35,,2355.0,2376.0,2401.0,2429.0,2452.0,2476.0,2390.0,2488.0,Financial Service Provider
3341,1986,2,40,,2354.0,2380.0,2402.0,2421.0,2434.0,2449.0,2389.0,2456.0,Financial Service Provider
3342,1986,2,41,,2355.0,2370.0,2385.0,2395.0,2405.0,2415.0,2376.0,2420.0,Financial Service Provider
3343,1986,2,44,,2354.0,2380.0,2401.0,2422.0,2437.0,2445.0,2389.0,2449.0,Financial Service Provider
3344,1986,2,51,,2535.0,2554.0,2573.0,2592.0,2612.0,2631.0,2563.0,2640.0,Financial Service Provider
3345,1986,2,60,,2354.0,2367.0,2383.0,2399.0,2416.0,2432.0,2376.0,2440.0,Financial Service Provider
3346,1986,2,62,,2355.0,2370.0,2396.0,2420.0,2439.0,2453.0,2385.0,2457.0,Financial Service Provider
3347,1986,2,65,,2354.0,2304.0,2401.0,2418.0,2439.0,2460.0,2389.0,2467.0,Financial Service Provider
3348,1986,2,66,,,,,,,,,,Financial Service Provider
3349,1986,2,68,,2354.0,2380.0,2399.0,2413.0,2434.0,2458.0,2387.0,2465.0,Financial Service Provider
3350,1986,2,69,,,,,,,,,,Financial Service Provider
3351,1986,2,70,,2354.0,2369.0,2384.0,2400.0,2420.0,2441.0,2377.0,2452.0,Financial Service Provider
3352,1986,2,72,,2354.0,2387.0,2393.0,2405.0,2415.0,2425.0,2385.0,2429.0,Financial Service Provider
3353,1986,2,74,,,,,,,,,,Financial Service Provider
3354,1986,2,79,,2355.0,2371.0,2392.0,2417.0,2440.0,2461.0,2384.0,2472.0,Financial Service Provider
3355,1986,2,82,,2354.0,2368.0,2377.0,2388.0,2400.0,2414.0,2371.0,2422.0,Financial Service Provider
3356,1986,2,84,,2354.0,2384.0,2400.0,2406.0,2424.0,2438.0,2386.0,,Financial Service Provider
3357,1986,2,99,,2355.0,2372.0,2399.0,2418.0,2440.0,2461.0,2386.0,2467.0,Financial Service Provider
3358,1986,2,100,,,,,,,,,,Financial Service Provider
3359,1986,2,102,,2355.0,2376.0,2389.0,2403.0,2419.0,,2380.0,2458.0,Financial Service Provider
3360,1986,3,9,,,,,,,,,,Financial Service Provider
3361,1986,3,12,,,,,,,,,,Financial Service Provider
3362,1986,3,15,,2410.0,2427.0,2444.0,2462.0,2482.0,2498.0,2413.0,2490.0,Financial Service Provider
3363,1986,3,20,,2407.0,2407.0,2410.0,2415.0,2420.0,2425.0,2399.0,2435.0,Financial Service Provider
3364,1986,3,23,,2407.0,2426.0,2433.0,2437.0,2442.0,2452.0,2410.0,2450.0,Financial Service Provider
3365,1986,3,30,,2403.0,2400.0,2425.0,2420.0,2425.0,2420.0,2400.0,2423.0,Financial Service Provider
3366,1986,3,35,,2410.0,2434.0,2462.0,2488.0,2514.0,2535.0,2420.0,2523.0,Financial Service Provider
3367,1986,3,40,,2407.0,2431.0,2453.0,2471.0,2489.0,2500.0,2416.0,2494.0,Financial Service Provider
3368,1986,3,43,,2407.0,2424.0,2440.0,2459.0,2478.0,2497.0,2411.0,2488.0,Financial Service Provider
3369,1986,3,51,,2410.0,2425.0,2440.0,2455.0,2471.0,2486.0,2412.0,2479.0,Financial Service Provider
3370,1986,3,59,,,,,,,,,,Financial Service Provider
3371,1986,3,60,,2407.0,2422.0,2436.0,2451.0,2465.0,2480.0,2404.0,2473.0,Financial Service Provider
3372,1986,3,65,,2407.0,2429.0,2452.0,2475.0,2501.0,2517.0,2415.0,2509.0,Financial Service Provider
3373,1986,3,68,,2410.0,2428.0,2440.0,2451.0,2460.0,2496.0,2412.0,2479.0,Financial Service Provider
3374,1986,3,69,,2395.0,2417.0,2432.0,2447.0,2460.0,2474.0,2405.0,2466.0,Financial Service Provider
3375,1986,3,70,,2410.0,2426.0,2446.0,2466.0,2488.0,2509.0,2414.0,2499.0,Financial Service Provider
3376,1986,3,79,,2407.0,2426.0,2442.0,2466.0,2491.0,2514.0,2412.0,2501.0,Financial Service Provider
3377,1986,3,82,,2410.0,2421.0,2427.0,2430.0,2440.0,2451.0,2407.0,2445.0,Financial Service Provider
3378,1986,3,84,,2410.0,2430.0,2438.0,2445.0,2459.0,2468.0,2413.0,2463.0,Financial Service Provider
3379,1986,3,86,,2410.0,2426.0,2448.0,2466.0,2485.0,2501.0,2414.0,2493.0,Financial Service Provider
3380,1986,3,94,,2407.0,2426.0,2440.0,2495.0,2476.0,2494.0,2412.0,2486.0,Financial Service Provider
3381,1986,3,100,,2407.0,2420.0,2385.0,2445.0,2440.0,2440.0,2396.0,2433.0,Financial Service Provider
3382,1986,3,103,,,,,,,,,,Financial Service Provider
3383,1986,3,104,,2407.0,2423.0,2432.0,2455.0,2474.0,2494.0,2409.0,2483.0,Financial Service Provider
3384,1986,4,9,,,,,,,,,,Financial Service Provider
3385,1986,4,12,,,,,,,,,,Financial Service Provider
3386,1986,4,13,,2450.0,2435.0,2442.0,2446.0,2454.0,2471.0,,,Financial Service Provider
3387,1986,4,15,,2447.0,2447.0,2457.0,2478.0,2490.0,2516.0,2419.0,2487.0,Financial Service Provider
3388,1986,4,30,,2450.0,2470.0,2482.0,2490.0,2500.0,2505.0,2425.0,2494.0,Financial Service Provider
3389,1986,4,35,,2450.0,2465.0,2488.0,2514.0,2535.0,2552.0,2424.0,2522.0,Financial Service Provider
3390,1986,4,40,,2450.0,2449.0,2460.0,2473.0,2485.0,2502.0,2420.0,2480.0,Financial Service Provider
3391,1986,4,41,,2450.0,2500.0,2500.0,2510.0,2530.0,2545.0,2433.0,2521.0,Financial Service Provider
3392,1986,4,43,,2450.0,2440.0,2453.0,2471.0,2498.0,2525.0,2418.0,2487.0,Financial Service Provider
3393,1986,4,51,,2450.0,2475.0,2500.0,2515.0,2550.0,2575.0,2427.0,2537.0,Financial Service Provider
3394,1986,4,60,,2450.0,2441.0,2451.0,2465.0,2487.0,2495.0,2418.0,2473.0,Financial Service Provider
3395,1986,4,62,,2450.0,2446.0,2462.0,2482.0,2502.0,2520.0,2419.0,2492.0,Financial Service Provider
3396,1986,4,65,,,,,,,,,,Financial Service Provider
3397,1986,4,66,,,,,,,,,,Financial Service Provider
3398,1986,4,68,,2447.0,2424.0,2441.0,2459.0,2478.0,2496.0,2413.0,2469.0,Financial Service Provider
3399,1986,4,70,,2447.0,2449.0,2466.0,2488.0,2509.0,2532.0,2419.0,2499.0,Financial Service Provider
3400,1986,4,72,,,,,,,,,,Financial Service Provider
3401,1986,4,78,,2450.0,2426.0,2444.0,2460.0,2475.0,2489.0,2414.0,2467.0,Financial Service Provider
3402,1986,4,79,,2450.0,2446.0,2461.0,2481.0,2503.0,2522.0,2419.0,2492.0,Financial Service Provider
3403,1986,4,80,,2450.0,2432.0,2442.0,2461.0,2472.0,2487.0,2416.0,2465.0,Financial Service Provider
3404,1986,4,82,,2447.0,2433.0,2437.0,2444.0,2453.0,2466.0,2415.0,2450.0,Financial Service Provider
3405,1986,4,84,,2447.0,2427.0,2441.0,2455.0,2469.0,2483.0,2414.0,2462.0,Financial Service Provider
3406,1986,4,94,,2450.0,2427.0,2443.0,2460.0,2473.0,2488.0,2415.0,2466.0,Financial Service Provider
3407,1986,4,100,,2450.0,2464.0,2468.0,2467.0,2479.0,2490.0,2424.0,2476.0,Financial Service Provider
3408,1987,1,9,,,,,,,,,,Financial Service Provider
3409,1987,1,12,,,,,,,,,,Financial Service Provider
3410,1987,1,15,,,,,,,,,,Financial Service Provider
3411,1987,1,20,,2445.0,2456.0,2470.0,2486.0,2500.0,2534.0,2500.0,2535.0,Financial Service Provider
3412,1987,1,30,,2445.0,2458.0,2460.0,2465.0,2470.0,2475.0,2463.0,2475.0,Financial Service Provider
3413,1987,1,35,,2445.0,2460.0,2477.0,2492.0,2507.0,2524.0,2484.0,2550.0,Financial Service Provider
3414,1987,1,40,,2445.0,2441.0,2454.0,2467.0,2481.0,2497.0,2460.0,2523.0,Financial Service Provider
3415,1987,1,43,,2445.0,2450.0,2466.0,2487.0,2512.0,2532.0,2427.0,2550.0,Financial Service Provider
3416,1987,1,51,,2445.0,2450.0,2466.0,2482.0,2498.0,2515.0,2474.0,2539.0,Financial Service Provider
3417,1987,1,60,,2447.0,2450.0,2463.0,2478.0,2493.0,2510.0,2471.0,2534.0,Financial Service Provider
3418,1987,1,62,,2445.0,2454.0,2474.0,2492.0,2511.0,2526.0,2483.0,2548.0,Financial Service Provider
3419,1987,1,65,,,,,,,,,,Financial Service Provider
3420,1987,1,66,,,,,,,,,,Financial Service Provider
3421,1987,1,70,,2445.0,2460.0,2478.0,2497.0,2520.0,2540.0,2489.0,2568.0,Financial Service Provider
3422,1987,1,72,,,,,,,,,,Financial Service Provider
3423,1987,1,78,,2445.0,2441.0,2454.0,2470.0,2484.0,2502.0,2462.0,2517.0,Financial Service Provider
3424,1987,1,79,,2445.0,2456.0,2472.0,2492.0,2508.0,2528.0,2482.0,2552.0,Financial Service Provider
3425,1987,1,82,,2447.0,2434.0,2437.0,2447.0,2458.0,2474.0,2444.0,2505.0,Financial Service Provider
3426,1987,1,86,,2447.0,2443.0,2463.0,2480.0,2496.0,,2471.0,,Financial Service Provider
3427,1987,1,90,,2445.0,2447.0,2465.0,2480.0,2496.0,2509.0,2472.0,2565.0,Financial Service Provider
3428,1987,1,94,,2441.0,2451.0,2468.0,2484.0,2503.0,2517.0,2461.0,2521.0,Financial Service Provider
3429,1987,1,100,,2445.0,2531.0,2431.0,2313.0,2247.0,2135.0,2380.0,2078.0,Financial Service Provider
3430,1987,2,9,,,,,,,,,,Financial Service Provider
3431,1987,2,12,,,,,,,,,,Financial Service Provider
3432,1987,2,15,,2443.0,2456.0,2471.0,2489.0,2507.0,2523.0,2465.0,2527.0,Financial Service Provider
3433,1987,2,20,,2443.0,2450.0,2460.0,2490.0,2510.0,2521.0,2464.0,2560.0,Financial Service Provider
3434,1987,2,30,,2443.0,2450.0,2460.0,2470.0,2475.0,2480.0,2456.0,2485.0,Financial Service Provider
3435,1987,2,35,,2439.0,2459.0,2475.0,2490.0,2507.0,2525.0,2466.0,2534.0,Financial Service Provider
3436,1987,2,40,,2443.0,2463.0,2475.0,2459.0,2506.0,2516.0,2468.0,2526.0,Financial Service Provider
3437,1987,2,41,,2443.0,2460.0,2475.0,2495.0,2510.0,2525.0,2468.0,2533.0,Financial Service Provider
3438,1987,2,43,,2443.0,2461.0,2482.0,2507.0,2527.0,2543.0,2473.0,2544.0,Financial Service Provider
3439,1987,2,44,,2443.0,2452.0,2466.0,2481.0,2498.0,2568.0,2461.0,2530.0,Financial Service Provider
3440,1987,2,51,,2443.0,2461.0,2480.0,2498.0,2517.0,2536.0,2470.0,2545.0,Financial Service Provider
3441,1987,2,54,,2443.0,2464.0,2478.0,2492.0,2507.0,2513.0,2469.0,2517.0,Financial Service Provider
3442,1987,2,60,,2443.0,2459.0,2474.0,2489.0,2506.0,2522.0,2466.0,2530.0,Financial Service Provider
3443,1987,2,62,,2443.0,2466.0,2485.0,2503.0,2518.0,2533.0,2474.0,2539.0,Financial Service Provider
3444,1987,2,65,,2443.0,2458.0,2485.0,2498.0,2485.0,2501.0,2471.0,2508.0,Financial Service Provider
3445,1987,2,66,,,,,,,,,,Financial Service Provider
3446,1987,2,69,,,,,,,,,,Financial Service Provider
3447,1987,2,70,,2439.0,2466.0,2485.0,2504.0,2524.0,2544.0,2475.0,2553.0,Financial Service Provider
3448,1987,2,72,,,,,,,,,,Financial Service Provider
3449,1987,2,79,,2443.0,2466.0,2484.0,2496.0,2514.0,2530.0,2472.0,2537.0,Financial Service Provider
3450,1987,2,80,,2443.0,2460.0,2470.0,2482.0,2498.0,2505.0,2464.0,2509.0,Financial Service Provider
3451,1987,2,82,,2439.0,2443.0,2449.0,2453.0,2473.0,2486.0,2446.0,2497.0,Financial Service Provider
3452,1987,2,84,,2439.0,2459.0,2477.0,2481.0,2493.0,2504.0,2464.0,,Financial Service Provider
3453,1987,2,86,,2443.0,2460.0,2478.0,2494.0,2507.0,2519.0,2468.0,2525.0,Financial Service Provider
3454,1987,2,94,,2443.0,2465.0,2479.0,2492.0,2507.0,2515.0,2470.0,2521.0,Financial Service Provider
3455,1987,2,100,,2443.0,2430.0,2463.0,2463.0,2460.0,2474.0,2450.0,2477.0,Financial Service Provider
3456,1987,2,105,,2439.0,2466.0,2476.0,2481.0,2496.0,2509.0,2466.0,2515.0,Financial Service Provider
3457,1987,2,106,,2443.0,2466.0,2484.0,2496.0,2515.0,2530.0,2472.0,2537.0,Financial Service Provider
3458,1987,3,2,,2489.0,2514.0,2535.0,2553.0,2561.0,2568.0,2504.0,2564.0,Financial Service Provider
3459,1987,3,9,,,,,,,,,,Financial Service Provider
3460,1987,3,15,,2489.0,2514.0,2524.0,2541.0,2559.0,2570.0,2501.0,2562.0,Financial Service Provider
3461,1987,3,30,,2489.0,2501.0,2512.0,2520.0,2531.0,2538.0,2495.0,2534.0,Financial Service Provider
3462,1987,3,35,,2489.0,2509.0,2527.0,2545.0,2563.0,2581.0,2500.0,2572.0,Financial Service Provider
3463,1987,3,43,,2489.0,2516.0,2543.0,2564.0,2585.0,2601.0,2506.0,2591.0,Financial Service Provider
3464,1987,3,44,,2489.0,2514.0,2525.0,2534.0,2540.0,2555.0,2501.0,2550.0,Financial Service Provider
3465,1987,3,51,,2489.0,2507.0,2526.0,2545.0,2564.0,2583.0,2495.0,2574.0,Financial Service Provider
3466,1987,3,60,,2489.0,2520.0,2523.0,2541.0,2558.0,2575.0,2502.0,2566.0,Financial Service Provider
3467,1987,3,62,,2489.0,2512.0,2532.0,2549.0,2564.0,2579.0,2502.0,2571.0,Financial Service Provider
3468,1987,3,65,,2489.0,2509.0,2525.0,2554.0,2551.0,2552.0,2500.0,2552.0,Financial Service Provider
3469,1987,3,66,,,,,,,,,,Financial Service Provider
3470,1987,3,69,,2489.0,2514.0,2529.0,2542.0,2558.0,2576.0,2502.0,2566.0,Financial Service Provider
3471,1987,3,70,,2489.0,2526.0,2537.0,2554.0,2571.0,2588.0,2507.0,2580.0,Financial Service Provider
3472,1987,3,72,,,,,,,,,,Financial Service Provider
3473,1987,3,79,,2489.0,2513.0,2533.0,2552.0,2567.0,2583.0,2503.0,2575.0,Financial Service Provider
3474,1987,3,82,,2489.0,2500.0,2509.0,2531.0,2535.0,2556.0,2493.0,2545.0,Financial Service Provider
3475,1987,3,84,,2489.0,2523.0,2516.0,2526.0,2533.0,,2500.0,,Financial Service Provider
3476,1987,3,86,,2489.0,2520.0,2526.0,2538.0,2551.0,2564.0,2503.0,2557.0,Financial Service Provider
3477,1987,3,94,,2489.0,2514.0,2536.0,2555.0,2565.0,2572.0,2504.0,2567.0,Financial Service Provider
3478,1987,3,99,,2489.0,2509.0,2522.0,2531.0,2545.0,2550.0,2499.0,2544.0,Financial Service Provider
3479,1987,3,100,,2489.0,2510.0,2525.0,2540.0,2550.0,2560.0,2500.0,2550.0,Financial Service Provider
3480,1987,4,15,,2517.0,2519.0,2526.0,2536.0,2549.0,2564.0,2500.0,2544.0,Financial Service Provider
3481,1987,4,20,,2538.0,2578.0,2598.0,2622.0,2670.0,2733.0,2520.0,2650.0,Financial Service Provider
3482,1987,4,30,,2517.0,2540.0,2541.0,2535.0,2516.0,2490.0,2505.0,2521.0,Financial Service Provider
3483,1987,4,35,,2517.0,2518.0,2529.0,2537.0,2546.0,2554.0,2500.0,2541.0,Financial Service Provider
3484,1987,4,40,,2517.0,2505.0,2501.0,2498.0,2503.0,2515.0,2496.0,2504.0,Financial Service Provider
3485,1987,4,41,,2517.0,2530.0,2540.0,2555.0,2565.0,2575.0,2502.0,2566.0,Financial Service Provider
3486,1987,4,43,,2517.0,2537.0,2541.0,2552.0,2567.0,2584.0,2504.0,2561.0,Financial Service Provider
3487,1987,4,51,,2517.0,2533.0,2549.0,2564.0,2581.0,2597.0,2509.0,2573.0,Financial Service Provider
3488,1987,4,60,,2517.0,2508.0,2521.0,2536.0,2552.0,2568.0,2447.0,2544.0,Financial Service Provider
3489,1987,4,62,,2517.0,2516.0,2520.0,2525.0,2534.0,2545.0,2499.0,2531.0,Financial Service Provider
3490,1987,4,66,,,,,,,,,,Financial Service Provider
3491,1987,4,69,,2517.0,2514.0,2525.0,2540.0,2557.0,2568.0,2499.0,2548.0,Financial Service Provider
3492,1987,4,70,,2517.0,2513.0,2527.0,2542.0,2558.0,2573.0,2498.0,2550.0,Financial Service Provider
3493,1987,4,72,,,,,,,,,,Financial Service Provider
3494,1987,4,79,,2517.0,2510.0,2517.0,2529.0,2544.0,2558.0,2498.0,2537.0,Financial Service Provider
3495,1987,4,82,,2518.0,2491.0,2512.0,2530.0,2547.0,2563.0,2492.0,2537.0,Financial Service Provider
3496,1987,4,84,,2517.0,2508.0,2519.0,2529.0,2543.0,2542.0,2497.0,2533.0,Financial Service Provider
3497,1987,4,87,,2517.0,2513.0,2522.0,2539.0,2556.0,2514.0,2498.0,2548.0,Financial Service Provider
3498,1987,4,94,,2517.0,2516.0,2520.0,2521.0,2528.0,2536.0,2499.0,2526.0,Financial Service Provider
3499,1987,4,100,,2517.0,2505.0,2559.0,2472.0,2528.0,2538.0,2496.0,2524.0,Financial Service Provider
3500,1988,1,2,,2497.0,2515.0,2521.0,2528.0,2534.0,2545.0,2524.0,2566.0,Financial Service Provider
3501,1988,1,12,,,,,,,,,,Financial Service Provider
3502,1988,1,15,,2501.0,2521.0,2531.0,2544.0,2559.0,2574.0,2539.0,2594.0,Financial Service Provider
3503,1988,1,20,,2496.0,2598.0,2622.0,2670.0,2733.0,2750.0,2668.0,2780.0,Financial Service Provider
3504,1988,1,30,,2496.0,2510.0,2520.0,2508.0,2480.0,2471.0,2505.0,2455.0,Financial Service Provider
3505,1988,1,35,,2497.0,2515.0,2529.0,2541.0,2549.0,2558.0,2533.0,2572.0,Financial Service Provider
3506,1988,1,40,,2497.0,2505.0,2506.0,2513.0,2527.0,2538.0,2513.0,2551.0,Financial Service Provider
3507,1988,1,44,,2501.0,2528.0,2552.0,2572.0,2588.0,2606.0,2560.0,2635.0,Financial Service Provider
3508,1988,1,60,,2497.0,2511.0,2527.0,2543.0,2559.0,2576.0,2535.0,2600.0,Financial Service Provider
3509,1988,1,62,,2497.0,2515.0,2522.0,2525.0,2527.0,2544.0,2522.0,2567.0,Financial Service Provider
3510,1988,1,65,,2497.0,2501.0,2506.0,2502.0,2493.0,2529.0,2500.0,2568.0,Financial Service Provider
3511,1988,1,66,,,,,,,,,,Financial Service Provider
3512,1988,1,70,,2497.0,2518.0,2532.0,2547.0,2562.0,2585.0,2540.0,2606.0,Financial Service Provider
3513,1988,1,72,,,,,,,,,,Financial Service Provider
3514,1988,1,82,,2497.0,2508.0,2521.0,2537.0,2547.0,2550.0,2526.0,2564.0,Financial Service Provider
3515,1988,1,87,,2496.0,2500.0,2514.0,2537.0,2554.0,2563.0,2526.0,,Financial Service Provider
3516,1988,1,99,,2497.0,2500.0,2510.0,2521.0,2530.0,2535.0,2515.0,2500.0,Financial Service Provider
3517,1988,1,100,,2497.0,2524.0,2429.0,2447.0,2411.0,2428.0,2453.0,2480.0,Financial Service Provider
3518,1988,2,9,,,,,,,,,,Financial Service Provider
3519,1988,2,12,,,,,,,,,,Financial Service Provider
3520,1988,2,15,,2531.0,2546.0,2561.0,2573.0,2585.0,2601.0,2553.0,2600.0,Financial Service Provider
3521,1988,2,20,,2540.0,2558.0,2587.0,2604.0,2630.0,2648.0,2568.0,2660.0,Financial Service Provider
3522,1988,2,30,,2528.0,2545.0,2550.0,2541.0,2530.0,2520.0,2541.0,2505.0,Financial Service Provider
3523,1988,2,35,,2528.0,2543.0,2555.0,2563.0,2573.0,2582.0,2547.0,2586.0,Financial Service Provider
3524,1988,2,40,,2528.0,2545.0,2555.0,2568.0,2584.0,2595.0,2549.0,2601.0,Financial Service Provider
3525,1988,2,41,,2528.0,2576.0,2630.0,2657.0,2692.0,2727.0,2598.0,2738.0,Financial Service Provider
3526,1988,2,43,,2528.0,2544.0,2558.0,2573.0,2585.0,2596.0,2551.0,2600.0,Financial Service Provider
3527,1988,2,44,,2531.0,2556.0,2572.0,2588.0,2606.0,2623.0,2562.0,2623.0,Financial Service Provider
3528,1988,2,60,,2531.0,2547.0,2563.0,2580.0,2596.0,2612.0,2555.0,2621.0,Financial Service Provider
3529,1988,2,62,,2528.0,2538.0,2546.0,2554.0,2567.0,2581.0,2542.0,2589.0,Financial Service Provider
3530,1988,2,66,,,,,,,,,,Financial Service Provider
3531,1988,2,70,,2531.0,2540.0,2551.0,2566.0,2579.0,2591.0,2547.0,2595.0,Financial Service Provider
3532,1988,2,84,,2531.0,2533.0,2544.0,2554.0,2561.0,2567.0,2540.0,,Financial Service Provider
3533,1988,2,87,,2531.0,2540.0,2559.0,2556.0,2569.0,2588.0,2547.0,2593.0,Financial Service Provider
3534,1988,2,94,,,2538.0,2549.0,2557.0,2566.0,2576.0,2543.0,2585.0,Financial Service Provider
3535,1988,2,99,,2531.0,2550.0,2568.0,2580.0,2593.0,2602.0,2558.0,2606.0,Financial Service Provider
3536,1988,2,100,,2528.0,2538.0,2492.0,2481.0,2500.0,2509.0,2510.0,2516.0,Financial Service Provider
3537,1988,3,9,,,,,,,,,,Financial Service Provider
3538,1988,3,13,,2574.0,2603.0,2592.0,2618.0,2634.0,2660.0,,,Financial Service Provider
3539,1988,3,20,,2589.0,2610.0,2630.0,2649.0,2679.0,2700.0,2610.0,2715.0,Financial Service Provider
3540,1988,3,30,,2574.0,2587.0,2600.0,2605.0,2610.0,2600.0,2580.0,2600.0,Financial Service Provider
3541,1988,3,35,,2574.0,2577.0,2589.0,2588.0,2598.0,2600.0,2575.0,2597.0,Financial Service Provider
3542,1988,3,43,,2574.0,2592.0,2605.0,2621.0,2635.0,2648.0,2583.0,2641.0,Financial Service Provider
3543,1988,3,44,,2577.0,2592.0,2602.0,2616.0,2626.0,2641.0,2583.0,2635.0,Financial Service Provider
3544,1988,3,60,,2577.0,2591.0,2605.0,2620.0,2636.0,2651.0,2583.0,2644.0,Financial Service Provider
3545,1988,3,62,,2574.0,2585.0,2595.0,2607.0,2620.0,2633.0,2579.0,2627.0,Financial Service Provider
3546,1988,3,66,,,,,,,,,,Financial Service Provider
3547,1988,3,69,,2574.0,2590.0,2603.0,2616.0,2628.0,2635.0,2582.0,2631.0,Financial Service Provider
3548,1988,3,70,,2577.0,2597.0,2611.0,2626.0,2643.0,2659.0,2586.0,2651.0,Financial Service Provider
3549,1988,3,72,,,,,,,,,,Financial Service Provider
3550,1988,3,84,,2577.0,2604.0,2614.0,2623.0,2630.0,2637.0,2589.0,2632.0,Financial Service Provider
3551,1988,3,94,,2574.0,2594.0,2609.0,2622.0,2631.0,2641.0,2584.0,2637.0,Financial Service Provider
3552,1988,3,99,,2574.0,2585.0,2606.0,2595.0,2611.0,2620.0,2581.0,2614.0,Financial Service Provider
3553,1988,3,100,,2574.0,2575.0,2580.0,2560.0,2618.0,2650.0,2571.0,2649.0,Financial Service Provider
3554,1988,3,106,,2574.0,2590.0,2603.0,2612.0,2622.0,2633.0,2581.0,2628.0,Financial Service Provider
3555,1988,4,9,,,,,,,,,,Financial Service Provider
3556,1988,4,15,,2605.0,2619.0,2634.0,2644.0,2656.0,2662.0,2590.0,2649.0,Financial Service Provider
3557,1988,4,30,,2601.0,2620.0,2635.0,2650.0,2655.0,2662.0,2590.0,2650.0,Financial Service Provider
3558,1988,4,35,,2601.0,2609.0,2609.0,2618.0,2621.0,2624.0,2587.0,2618.0,Financial Service Provider
3559,1988,4,40,,2601.0,2618.0,2639.0,2656.0,2671.0,2686.0,2589.0,2663.0,Financial Service Provider
3560,1988,4,44,,2601.0,2612.0,2630.0,2643.0,2661.0,2673.0,2588.0,2652.0,Financial Service Provider
3561,1988,4,51,,2601.0,2618.0,2634.0,2650.0,2667.0,2684.0,2590.0,2658.0,Financial Service Provider
3562,1988,4,60,,2601.0,2616.0,2631.0,2646.0,2662.0,2678.0,2589.0,2654.0,Financial Service Provider
3563,1988,4,62,,2601.0,2607.0,2615.0,2624.0,2632.0,2638.0,2587.0,2627.0,Financial Service Provider
3564,1988,4,69,,2601.0,2614.0,2624.0,2635.0,2643.0,2650.0,2588.0,2638.0,Financial Service Provider
3565,1988,4,70,,2601.0,2615.0,2630.0,2647.0,2663.0,2678.0,2589.0,2655.0,Financial Service Provider
3566,1988,4,72,,,,,,,,,,Financial Service Provider
3567,1988,4,84,,2604.0,2615.0,2629.0,2642.0,2655.0,2665.0,2589.0,2648.0,Financial Service Provider
3568,1988,4,99,,2601.0,2631.0,2650.0,2688.0,2702.0,2712.0,2593.0,2688.0,Financial Service Provider
3569,1988,4,100,,2601.0,2620.0,2640.0,2668.0,2706.0,2719.0,2590.0,2683.0,Financial Service Provider
3570,1989,1,12,,,,,,,,,,Financial Service Provider
3571,1989,1,15,,2622.0,2637.0,2648.0,2659.0,2665.0,2675.0,2652.0,2694.0,Financial Service Provider
3572,1989,1,30,,2622.0,2637.0,2653.0,2663.0,2675.0,2685.0,2657.0,2665.0,Financial Service Provider
3573,1989,1,35,,2622.0,2641.0,2651.0,2653.0,2652.0,2651.0,2649.0,2661.0,Financial Service Provider
3574,1989,1,40,,2622.0,2653.0,2676.0,2693.0,2708.0,2721.0,2682.0,2737.0,Financial Service Provider
3575,1989,1,51,,2622.0,2638.0,2653.0,2669.0,2685.0,2702.0,2661.0,2725.0,Financial Service Provider
3576,1989,1,60,,2622.0,2644.0,2661.0,2678.0,2678.0,2712.0,2670.0,2738.0,Financial Service Provider
3577,1989,1,62,,2622.0,2639.0,2645.0,2651.0,2659.0,2667.0,2648.0,2682.0,Financial Service Provider
3578,1989,1,66,,,,,,,,,,Financial Service Provider
3579,1989,1,69,,2622.0,2642.0,2653.0,2665.0,2673.0,,2658.0,,Financial Service Provider
3580,1989,1,70,,2622.0,2630.0,2642.0,2657.0,2672.0,2685.0,2650.0,2705.0,Financial Service Provider
3581,1989,1,78,,2622.0,2640.0,2654.0,2662.0,2671.0,2678.0,2657.0,2687.0,Financial Service Provider
3582,1989,1,82,,2662.0,2638.0,2653.0,2675.0,2683.0,2694.0,2662.0,2703.0,Financial Service Provider
3583,1989,1,84,,2624.0,2629.0,2649.0,2662.0,2675.0,2686.0,2654.0,,Financial Service Provider
3584,1989,1,94,,2636.0,2650.0,2663.0,2672.0,2680.0,2682.0,2655.0,2688.0,Financial Service Provider
3585,1989,1,99,,,,,,,,,,Financial Service Provider
3586,1989,1,100,,2622.0,2590.0,2620.0,2631.0,2651.0,2660.0,2621.0,2709.0,Financial Service Provider
3587,1989,2,12,,,,,,,,,,Financial Service Provider
3588,1989,2,15,,2635.0,2652.0,2662.0,2669.0,2682.0,2695.0,2655.0,2703.0,Financial Service Provider
3589,1989,2,20,,2635.0,2657.0,2683.0,2714.0,2730.0,2750.0,2672.0,2780.0,Financial Service Provider
3590,1989,2,30,,2635.0,2670.0,2700.0,2725.0,2740.0,2745.0,2683.0,2700.0,Financial Service Provider
3591,1989,2,35,,,,,,,,,,Financial Service Provider
3592,1989,2,40,,2635.0,2656.0,2660.0,2663.0,2683.0,2697.0,2653.0,2705.0,Financial Service Provider
3593,1989,2,41,,2635.0,2650.0,2663.0,2670.0,2680.0,2643.0,2655.0,2720.0,Financial Service Provider
3594,1989,2,44,,2634.0,2647.0,2661.0,2674.0,2685.0,2698.0,2654.0,2706.0,Financial Service Provider
3595,1989,2,60,,2634.0,2655.0,2672.0,2689.0,2705.0,2722.0,2662.0,2731.0,Financial Service Provider
3596,1989,2,62,,2635.0,2646.0,2654.0,2661.0,2666.0,2671.0,2649.0,2676.0,Financial Service Provider
3597,1989,2,70,,2634.0,2650.0,2662.0,2675.0,2687.0,2699.0,2655.0,2705.0,Financial Service Provider
3598,1989,2,82,,2635.0,2648.0,2670.0,2680.0,2686.0,2690.0,2658.0,2693.0,Financial Service Provider
3599,1989,2,84,,2634.0,2697.0,2664.0,2677.0,,,2656.0,,Financial Service Provider
3600,1989,2,93,,2635.0,2644.0,2661.0,2671.0,2684.0,2700.0,2654.0,2704.0,Financial Service Provider
3601,1989,2,94,,2656.0,2670.0,2673.0,2680.0,2685.0,,2658.0,2689.0,Financial Service Provider
3602,1989,2,99,,2635.0,2644.0,2652.0,2662.0,2670.0,2674.0,2648.0,2699.0,Financial Service Provider
3603,1989,2,110,,2635.0,2692.0,2730.0,2814.0,2936.0,2977.0,2718.0,2981.0,Financial Service Provider
3604,1989,3,12,,,,,,,,,,Financial Service Provider
3605,1989,3,15,,2648.2,2659.6,2666.6,2679.9,2692.4,2707.4,2653.8,2700.2,Financial Service Provider
3606,1989,3,20,,2658.0,2683.0,,,,,2672.0,2780.0,Financial Service Provider
3607,1989,3,30,,2648.0,2655.0,2660.0,2664.0,2667.0,2670.0,2651.0,2666.0,Financial Service Provider
3608,1989,3,35,,,,,,,,,,Financial Service Provider
3609,1989,3,51,,2648.0,2658.0,2668.0,2678.0,2688.0,2698.0,2653.0,2693.0,Financial Service Provider
3610,1989,3,60,,2648.0,2664.0,2680.0,2616.0,2712.0,2728.0,2658.0,2720.0,Financial Service Provider
3611,1989,3,62,,2648.0,2657.0,2664.0,2669.0,2674.0,2687.0,2653.0,2682.0,Financial Service Provider
3612,1989,3,69,,2648.0,2659.0,2668.0,2677.0,2687.0,2698.0,2654.0,2693.0,Financial Service Provider
3613,1989,3,70,,2641.2,2666.0,2677.0,2691.0,2705.0,2719.0,2658.0,2712.0,Financial Service Provider
3614,1989,3,84,,2654.0,2678.0,2694.0,2710.0,2722.0,2701.0,2667.0,2731.0,Financial Service Provider
3615,1989,3,87,,2648.1,2659.1,2672.3,2684.6,2699.6,2712.2,2655.1,2705.8,Financial Service Provider
3616,1989,3,93,,2648.0,2663.0,2676.0,2689.0,2701.0,2716.0,2657.0,2710.0,Financial Service Provider
3617,1989,3,99,,2635.0,2665.0,2690.0,2710.0,2730.0,2765.0,2640.0,2734.0,Financial Service Provider
3618,1989,3,100,,2648.2,2674.0,2717.0,2727.0,2757.0,2777.0,2670.0,2765.0,Financial Service Provider
3619,1989,4,12,,,,,,,,,,Financial Service Provider
3620,1989,4,15,,2691.0,2687.0,2700.0,2712.0,2727.0,2743.0,2668.0,2721.0,Financial Service Provider
3621,1989,4,30,,2691.0,2715.0,2730.0,2745.0,2758.0,2765.0,2675.0,2750.0,Financial Service Provider
3622,1989,4,35,,2691.0,2701.0,2707.0,2711.0,2726.0,2744.0,2672.0,2722.0,Financial Service Provider
3623,1989,4,40,,2691.0,2690.0,2724.0,2740.0,2759.0,2780.0,2669.0,2751.0,Financial Service Provider
3624,1989,4,44,,2691.0,2676.0,2684.0,2694.0,2707.0,2719.0,2666.0,2701.0,Financial Service Provider
3625,1989,4,51,,2691.0,2703.0,2715.0,2728.0,2740.0,2752.0,2673.0,2734.0,Financial Service Provider
3626,1989,4,60,,2691.0,2697.0,2714.0,2731.0,2748.0,2765.0,2671.0,2739.0,Financial Service Provider
3627,1989,4,62,,2691.0,2688.0,2695.0,2701.0,2716.0,2733.0,2668.0,2711.0,Financial Service Provider
3628,1989,4,65,,2691.0,2667.0,2679.0,2693.0,2703.0,2718.0,2663.0,2698.0,Financial Service Provider
3629,1989,4,66,,,,,,,,,,Financial Service Provider
3630,1989,4,69,,2691.0,2700.0,2712.0,2723.0,2736.0,2751.0,2671.0,2731.0,Financial Service Provider
3631,1989,4,70,,2691.0,2690.0,2705.0,2719.0,2733.0,2748.0,2669.0,2726.0,Financial Service Provider
3632,1989,4,78,,,2692.0,2706.0,2716.0,2726.0,2735.0,2670.0,2721.0,Financial Service Provider
3633,1989,4,84,,2694.0,2698.0,2716.0,2736.0,2755.0,2768.0,2672.0,2744.0,Financial Service Provider
3634,1989,4,87,,2691.0,2679.0,2683.0,2682.0,2691.0,2701.0,,,Financial Service Provider
3635,1989,4,100,,2691.0,2657.0,2744.0,2730.0,2767.0,2793.0,2660.0,2755.0,Financial Service Provider
3636,1990,1,15,,2689.0,2705.0,2719.0,2734.0,2750.0,2767.0,2689.0,2727.0,Financial Service Provider
3637,1990,1,20,,2689.0,2711.0,2733.0,2757.0,2780.0,2800.0,2669.0,2745.0,Financial Service Provider
3638,1990,1,30,,2689.0,2695.0,2700.0,2710.0,2720.0,2728.0,2669.0,2706.0,Financial Service Provider
3639,1990,1,35,,2689.0,2695.0,2705.0,2718.0,2735.0,2750.0,2669.0,2713.0,Financial Service Provider
3640,1990,1,40,,2689.0,2717.0,2729.0,2748.0,2765.0,2778.0,2669.0,2740.0,Financial Service Provider
3641,1990,1,41,,2690.0,2760.0,2820.0,2890.0,3065.0,3130.0,2670.0,2885.0,Financial Service Provider
3642,1990,1,44,,2689.0,2696.0,2710.0,2726.0,2744.0,2764.0,2669.0,2719.0,Financial Service Provider
3643,1990,1,60,,2689.0,2706.0,2723.0,2740.0,2758.0,2775.0,2669.0,2732.0,Financial Service Provider
3644,1990,1,62,,2689.0,2697.0,2710.0,2726.0,2742.0,2762.0,2668.0,2719.0,Financial Service Provider
3645,1990,1,82,,,,,,,,,,Financial Service Provider
3646,1990,1,84,,2691.0,2714.0,2730.0,2748.0,2757.0,2779.0,2669.0,2757.0,Financial Service Provider
3647,1990,1,94,,2689.0,2706.0,2718.0,2732.0,2742.0,2753.0,2669.0,2725.0,Financial Service Provider
3648,1990,1,99,,,,,,,,,,Financial Service Provider
3649,1990,1,100,,2689.0,2706.0,2720.0,2734.0,2749.0,2763.0,2669.0,2726.0,Financial Service Provider
3650,1990,2,20,2.0,2670.0,2733.0,2757.0,2783.0,2805.0,2840.0,2729.0,2810.0,Non-Financial Service Provider
3651,1990,2,30,3.0,2710.0,2718.0,2722.0,2720.0,2690.0,2680.0,2718.0,2695.0,Unknown
3652,1990,2,35,2.0,2708.0,2724.0,2743.0,2761.0,2777.0,2795.0,2734.0,2803.0,Non-Financial Service Provider
3653,1990,2,40,2.0,2710.0,2719.0,2736.0,2752.0,2768.0,2783.0,2729.0,2792.0,Non-Financial Service Provider
3654,1990,2,60,2.0,2710.1,2724.9,2741.1,2758.0,2774.5,2791.1,2733.5,2799.5,Non-Financial Service Provider
3655,1990,2,62,2.0,2710.0,2712.0,2724.0,2738.0,2753.0,2770.0,2721.0,2779.0,Non-Financial Service Provider
3656,1990,2,65,1.0,2710.1,2716.5,2726.5,2730.8,2740.9,2754.6,2721.0,2762.7,Financial Service Provider
3657,1990,2,70,1.0,2710.0,2727.0,2744.0,2762.0,2780.0,2797.0,2736.0,2806.0,Financial Service Provider
3658,1990,2,84,1.0,2710.0,2718.0,2735.0,2747.0,2772.0,2789.0,2728.0,,Financial Service Provider
3659,1990,3,20,2.0,2680.0,2734.0,2759.0,2787.0,2815.0,2848.0,2732.0,2816.0,Non-Financial Service Provider
3660,1990,3,35,2.0,2675.0,2679.0,2685.0,2694.0,2708.0,2722.0,2679.0,2715.0,Non-Financial Service Provider
3661,1990,3,60,2.0,2675.0,2679.0,2697.0,2711.0,2727.0,2743.0,2682.0,2735.0,Non-Financial Service Provider
3662,1990,3,62,2.0,2675.0,2696.0,2709.0,2726.0,2742.0,2759.0,2689.0,2751.0,Non-Financial Service Provider
3663,1990,3,65,1.0,2675.2,2674.4,2677.4,2697.0,2715.9,2729.9,2676.1,2723.7,Financial Service Provider
3664,1990,3,70,1.0,2675.0,2693.0,2705.0,2718.0,2732.0,2745.0,2688.0,2738.0,Financial Service Provider
3665,1990,3,84,1.0,2679.0,2690.0,2696.0,2709.0,2714.0,2726.0,2686.0,2720.0,Financial Service Provider
3666,1990,3,94,1.0,2675.2,2690.6,2693.1,2696.5,2703.4,2709.5,2684.1,2707.1,Financial Service Provider
3667,1990,3,99,1.0,2680.0,2670.0,2670.0,2660.0,2680.0,,2670.0,2690.0,Financial Service Provider
3668,1990,3,404,2.0,2675.0,2695.0,2688.0,2704.0,2704.0,2724.0,2684.0,2716.0,Non-Financial Service Provider
3669,1990,3,405,1.0,2675.2,2681.9,2687.7,2671.7,2669.2,2684.2,2680.5,2684.9,Financial Service Provider
3670,1990,3,406,1.0,2675.0,2682.0,2686.0,2693.0,2706.0,2725.0,2680.0,2717.0,Financial Service Provider
3671,1990,3,407,1.0,2675.3,2691.3,2703.2,2719.6,2723.2,2739.6,2686.8,2734.4,Financial Service Provider
3672,1990,4,20,2.0,2702.7,2718.0,2727.0,2731.0,2744.0,2757.0,2694.2,2741.5,Non-Financial Service Provider
3673,1990,4,30,3.0,2703.0,2710.0,2705.0,2703.0,2707.0,2712.0,2632.0,2707.0,Unknown
3674,1990,4,35,2.0,2703.0,2697.0,2702.0,2714.0,2723.0,2733.0,2689.0,2718.0,Non-Financial Service Provider
3675,1990,4,40,2.0,2703.0,2697.0,2685.0,2685.0,2690.0,2702.0,2689.0,2690.0,Non-Financial Service Provider
3676,1990,4,60,2.0,2703.0,2705.0,2696.0,2689.0,2700.0,2717.0,2691.0,2700.0,Non-Financial Service Provider
3677,1990,4,62,2.0,2702.7,2691.0,2679.0,2667.0,2680.0,2695.0,2688.0,2680.0,Non-Financial Service Provider
3678,1990,4,65,1.0,2703.0,2688.0,2687.0,2701.0,2727.0,2742.0,2687.0,2715.0,Financial Service Provider
3679,1990,4,70,1.0,2703.0,2698.0,2710.0,2725.0,2738.0,2751.0,2689.0,2731.0,Financial Service Provider
3680,1990,4,84,1.0,2706.0,2710.0,2704.0,2702.0,2711.0,2723.0,2690.0,2712.0,Financial Service Provider
3681,1990,4,404,2.0,2703.0,2701.0,2701.0,2704.0,2714.0,2725.0,2690.0,2711.0,Non-Financial Service Provider
3682,1990,4,405,1.0,2703.0,2674.0,2654.0,2656.0,2664.0,2678.0,2683.0,2663.0,Financial Service Provider
3683,1990,4,407,1.0,2702.7,2700.2,2708.4,2712.8,2732.8,2746.4,2689.8,2725.1,Financial Service Provider
3684,1990,4,408,1.0,2702.7,2699.3,2711.4,2728.8,2742.4,2755.3,2689.5,2734.5,Financial Service Provider
3685,1990,4,409,1.0,2702.7,2689.0,2689.0,2695.0,2707.0,2722.0,2687.0,2703.0,Financial Service Provider
3686,1990,4,410,2.0,2696.0,2676.0,2676.0,2688.0,2703.0,2719.0,2682.0,2697.0,Non-Financial Service Provider
3687,1990,4,411,2.0,2702.7,2691.5,2683.3,2679.7,2688.8,2702.2,2687.6,2688.5,Non-Financial Service Provider
3688,1990,4,412,2.0,2702.7,2691.0,2690.0,2696.0,2714.0,2731.0,2687.0,2707.0,Non-Financial Service Provider
3689,1990,4,413,2.0,2702.7,2694.6,2681.8,2676.5,2684.5,2695.9,2688.4,2684.7,Non-Financial Service Provider
3690,1990,4,414,1.0,2703.0,2683.0,2669.0,2657.0,2669.0,2680.0,2686.0,2669.0,Financial Service Provider
3691,1990,4,415,1.0,,,,,,,,,Financial Service Provider
3692,1990,4,416,2.0,2703.0,2684.0,2671.0,2666.0,2673.0,2688.0,2686.0,2671.0,Non-Financial Service Provider
3693,1990,4,417,3.0,2703.0,2662.0,2638.0,2649.0,2666.0,2681.0,2680.0,2658.0,Unknown
3694,1990,4,418,1.0,2699.0,2682.0,2678.0,2687.0,2700.0,2714.0,2684.0,2695.0,Financial Service Provider
3695,1990,4,419,2.0,2706.0,2701.0,2703.0,2708.0,2717.0,2727.0,2691.0,2714.0,Non-Financial Service Provider
3696,1990,4,420,1.0,2705.0,2686.0,2671.0,2670.0,2679.0,2711.0,2687.0,2683.0,Financial Service Provider
3697,1990,4,421,1.0,2703.0,2706.0,2705.0,2709.0,2716.0,2727.0,2691.0,2714.0,Financial Service Provider
3698,1990,4,422,1.0,2702.0,2690.0,2671.0,2666.0,2690.0,2716.0,2686.0,2686.0,Financial Service Provider
3699,1990,4,423,2.0,2703.0,2721.0,2743.0,2766.0,2787.0,2811.0,2695.0,2777.0,Non-Financial Service Provider
3700,1990,4,424,1.0,2703.0,2701.0,2701.0,2704.0,2710.0,2717.0,2690.0,2708.0,Financial Service Provider
3701,1990,4,425,1.0,2702.6,2692.4,2697.1,2711.8,2730.6,2749.5,2687.8,2722.3,Financial Service Provider
3702,1991,1,35,2.0,2675.8,2675.3,2669.0,2683.7,2693.4,2709.0,2680.3,2729.3,Non-Financial Service Provider
3703,1991,1,40,2.0,2679.0,2663.0,2654.0,2656.0,2668.0,2687.0,2660.0,2719.0,Non-Financial Service Provider
3704,1991,1,60,2.0,2676.0,2661.0,2656.0,2668.0,2684.0,2700.0,2667.0,2724.0,Non-Financial Service Provider
3705,1991,1,62,2.0,2676.0,2661.0,2653.0,2665.0,2679.0,2699.0,2664.0,2741.0,Non-Financial Service Provider
3706,1991,1,65,1.0,2676.0,2675.0,2668.0,2673.0,2688.0,2696.0,2676.0,2714.0,Financial Service Provider
3707,1991,1,84,1.0,2676.0,2678.0,2680.0,2692.0,2704.0,,2688.0,,Financial Service Provider
3708,1991,1,94,1.0,2675.8,2655.6,2652.2,2660.8,2676.2,2697.7,2661.2,2726.3,Financial Service Provider
3709,1991,1,99,1.0,2676.0,2668.0,2689.0,2710.0,2734.0,2764.0,2700.0,2741.0,Financial Service Provider
3710,1991,1,404,2.0,2675.8,2670.9,2682.2,2697.8,2713.4,2726.1,2691.1,2752.3,Non-Financial Service Provider
3711,1991,1,405,1.0,2675.8,2692.6,2677.5,2685.8,2716.6,2747.6,2693.1,2775.9,Financial Service Provider
3712,1991,1,407,1.0,2675.8,2667.5,2675.2,2698.0,2711.2,2724.9,2688.0,2745.0,Financial Service Provider
3713,1991,1,408,1.0,2675.8,2678.5,2690.4,2708.1,2730.2,,2701.8,,Financial Service Provider
3714,1991,1,411,2.0,2675.8,2670.9,2677.6,2689.2,2699.0,2710.4,2684.2,2724.6,Non-Financial Service Provider
3715,1991,1,412,2.0,2675.0,2661.0,2661.0,2680.0,2703.0,2724.0,2676.0,2749.0,Non-Financial Service Provider
3716,1991,1,413,2.0,2676.0,2658.0,2648.0,2644.0,2646.0,2653.0,2649.0,2673.0,Non-Financial Service Provider
3717,1991,1,414,1.0,2676.0,2660.0,2651.0,2659.0,2669.0,2682.0,2660.0,2695.0,Financial Service Provider
3718,1991,1,415,1.0,,,,,,,,,Financial Service Provider
3719,1991,1,416,2.0,2675.8,2643.0,2628.0,2635.0,2655.0,2675.0,2640.3,2706.0,Non-Financial Service Provider
3720,1991,1,418,1.0,2676.0,2670.0,2675.0,2690.0,2705.0,2720.0,2720.0,,Financial Service Provider
3721,1991,1,419,2.0,2674.0,2672.0,2677.0,2688.0,2700.0,2720.0,2684.0,2740.0,Non-Financial Service Provider
3722,1991,1,421,1.0,2675.8,2660.6,2662.2,2676.0,2691.3,2713.7,2672.5,2739.6,Financial Service Provider
3723,1991,1,422,1.0,2676.0,2663.0,2679.0,2701.0,2717.0,2735.0,2690.0,2761.0,Financial Service Provider
3724,1991,1,424,1.0,2675.8,2664.0,2675.0,2690.0,2704.0,,2683.0,,Financial Service Provider
3725,1991,1,425,1.0,2676.0,2669.0,2680.0,2694.0,2711.0,2728.0,2689.0,2743.0,Financial Service Provider
3726,1991,1,426,1.0,2676.0,2671.0,2678.0,2688.0,2703.0,2717.0,2685.0,2734.0,Financial Service Provider
3727,1991,1,427,1.0,2676.0,2679.0,2685.0,2693.0,2701.0,2714.0,2689.0,2736.0,Financial Service Provider
3728,1991,1,428,2.0,2675.8,2663.6,2669.7,2685.9,2707.8,2726.1,2681.8,2749.9,Non-Financial Service Provider
3729,1991,1,429,2.0,2676.0,2677.0,2691.0,2704.0,2716.0,2731.0,2697.0,2750.0,Non-Financial Service Provider
3730,1991,1,430,2.0,2675.8,2661.0,2662.0,2679.0,2700.0,2727.0,2675.0,2771.0,Non-Financial Service Provider
3731,1991,1,431,1.0,2674.0,2665.0,2670.0,2683.0,2698.0,2711.0,2679.0,2731.0,Financial Service Provider
3732,1991,1,432,1.0,2676.0,2673.0,2680.0,2691.0,2701.0,,2686.0,,Financial Service Provider
3733,1991,1,433,2.0,2676.0,2663.0,2670.0,2684.0,2697.0,2709.0,2678.0,2737.0,Non-Financial Service Provider
3734,1991,1,434,1.0,2676.0,2649.0,2635.0,2644.0,2661.0,,2647.0,,Financial Service Provider
3735,1991,1,435,2.0,2675.8,2658.9,2658.9,2672.1,2695.2,2715.2,2671.3,2749.7,Non-Financial Service Provider
3736,1991,1,436,2.0,2650.0,2650.0,2660.0,2665.0,2690.0,2710.0,2665.0,2720.0,Non-Financial Service Provider
3737,1991,2,20,2.0,2668.0,2669.5,2688.3,2704.3,2721.8,2737.8,2682.0,2754.0,Non-Financial Service Provider
3738,1991,2,30,3.0,2664.0,2658.0,2645.0,2656.0,2666.0,2680.0,2656.0,2700.0,Unknown
3739,1991,2,35,2.0,2664.0,2659.0,2674.0,2684.0,2699.0,2713.0,2670.0,2719.0,Non-Financial Service Provider
3740,1991,2,40,2.0,2664.0,2672.0,2680.0,2694.0,2710.0,2726.0,2678.0,2734.0,Non-Financial Service Provider
3741,1991,2,60,2.0,2664.0,2664.0,2677.0,2694.0,2710.0,2726.0,2675.0,2734.0,Non-Financial Service Provider
3742,1991,2,62,2.0,2664.0,2659.0,2675.0,2692.0,2711.0,2731.0,2672.0,2744.0,Non-Financial Service Provider
3743,1991,2,65,1.0,2644.0,2670.0,2681.0,2699.0,2710.0,2722.0,2679.0,2791.0,Financial Service Provider
3744,1991,2,70,1.0,2664.1,2669.0,2687.0,2705.0,2722.0,2740.0,2681.0,2747.0,Financial Service Provider
3745,1991,2,84,1.0,2664.0,2673.0,2685.0,2701.0,2715.0,2727.0,2681.0,,Financial Service Provider
3746,1991,2,94,1.0,2664.1,2677.5,2682.8,2689.5,2703.2,2716.4,2678.5,2721.2,Financial Service Provider
3747,1991,2,99,1.0,2664.0,2670.0,2699.0,2715.0,2734.0,2763.0,2687.0,2775.0,Financial Service Provider
3748,1991,2,404,2.0,2664.1,2679.8,2691.3,2706.1,2716.8,2730.4,2685.3,2737.6,Non-Financial Service Provider
3749,1991,2,405,1.0,2664.1,2678.9,2670.7,2691.4,2711.1,2737.1,2676.3,,Financial Service Provider
3750,1991,2,406,1.0,2664.0,2685.0,2703.0,2723.0,2743.0,2762.0,2693.0,2772.0,Financial Service Provider
3751,1991,2,407,1.0,2664.0,2674.7,2696.6,2707.4,2724.2,2735.0,2685.7,2745.7,Financial Service Provider
3752,1991,2,408,1.0,2664.1,2667.4,2674.1,2683.4,,,2672.2,,Financial Service Provider
3753,1991,2,410,2.0,2664.1,2676.3,2696.8,2717.9,2738.3,2761.1,2688.8,2771.5,Non-Financial Service Provider
3754,1991,2,411,2.0,2664.0,2669.0,2679.0,2691.0,2711.0,2728.0,2676.2,2733.0,Non-Financial Service Provider
3755,1991,2,412,2.0,2664.0,2677.0,2695.0,2718.0,2745.0,2763.0,2688.0,2770.0,Non-Financial Service Provider
3756,1991,2,413,2.0,2664.0,2668.0,2662.0,2657.0,2664.0,2675.0,2663.0,2684.0,Non-Financial Service Provider
3757,1991,2,414,1.0,2664.0,2675.0,2687.0,2698.0,2710.0,2721.0,2681.0,2725.0,Financial Service Provider
3758,1991,2,415,1.0,2664.1,2669.2,2675.7,2683.0,2695.0,2705.0,2673.0,2718.0,Financial Service Provider
3759,1991,2,416,2.0,2664.1,2660.0,2661.0,2675.0,2693.0,2710.0,2665.0,2714.5,Non-Financial Service Provider
3760,1991,2,418,1.0,2664.0,2658.0,2664.0,2680.0,2694.0,2702.0,2667.0,2698.0,Financial Service Provider
3761,1991,2,420,1.0,2664.0,2660.0,2673.0,2686.0,2708.0,2716.0,2671.0,2716.0,Financial Service Provider
3762,1991,2,421,1.0,2664.0,2667.0,2677.0,2699.0,2722.0,2739.0,2677.0,2748.0,Financial Service Provider
3763,1991,2,422,1.0,2664.0,2669.0,2688.0,2710.0,2730.0,2747.0,2681.0,2757.0,Financial Service Provider
3764,1991,2,423,2.0,2664.1,2683.9,2698.0,2716.3,2737.0,2756.6,2690.6,2767.7,Non-Financial Service Provider
3765,1991,2,424,1.0,2664.1,2683.0,2703.0,2721.0,,,2693.0,,Financial Service Provider
3766,1991,2,425,1.0,2664.0,2673.0,2688.0,2705.0,2725.1,2746.6,2682.0,2751.0,Financial Service Provider
3767,1991,2,426,1.0,2664.0,2678.0,2692.0,2706.0,2718.0,2731.0,2685.0,2741.0,Financial Service Provider
3768,1991,2,427,1.0,2664.0,2682.3,2692.1,2700.9,2711.3,2722.0,2691.8,2728.9,Financial Service Provider
3769,1991,2,428,2.0,2664.0,2672.0,2688.0,2707.0,2724.0,2742.0,2683.0,2748.0,Non-Financial Service Provider
3770,1991,2,429,2.0,2664.1,2674.0,2686.0,2703.0,2717.0,2729.0,2682.0,2735.0,Non-Financial Service Provider
3771,1991,2,430,2.0,2664.1,2663.3,2675.1,2696.0,2721.7,2748.0,2674.6,2765.0,Non-Financial Service Provider
3772,1991,2,431,1.0,2659.7,2668.2,2675.9,2685.8,2701.9,2713.8,2672.4,2720.5,Financial Service Provider
3773,1991,2,432,1.0,2664.0,2676.0,2689.0,2703.0,,,2683.0,2735.0,Financial Service Provider
3774,1991,2,433,2.0,2664.0,2664.0,2647.0,2685.0,2700.0,2715.0,2672.0,2727.0,Non-Financial Service Provider
3775,1991,2,434,1.0,2664.0,2656.0,2665.0,2680.0,2700.0,2711.0,2666.0,2720.0,Financial Service Provider
3776,1991,2,435,2.0,2664.0,2661.0,2674.0,2691.0,2707.0,2727.0,2672.0,2739.0,Non-Financial Service Provider
3777,1991,2,437,1.0,2664.0,2681.0,2698.0,2712.0,2724.0,2736.0,2689.0,2741.0,Financial Service Provider
3778,1991,2,438,1.0,2664.1,2678.7,2700.1,2716.0,2731.5,2746.6,2689.7,2751.9,Financial Service Provider
3779,1991,3,30,3.0,2687.0,2690.0,2698.0,2708.0,2714.0,2721.0,2685.0,2720.0,Unknown
3780,1991,3,35,2.0,2687.0,2702.0,2712.0,2737.0,2761.0,2785.0,2691.0,2772.0,Non-Financial Service Provider
3781,1991,3,60,2.0,2687.0,2714.0,2725.0,2740.0,2756.0,2772.0,2697.0,2764.0,Non-Financial Service Provider
3782,1991,3,62,2.0,2687.0,2700.0,2712.0,2730.0,2749.0,2768.0,2691.0,2758.0,Non-Financial Service Provider
3783,1991,3,65,1.0,2687.0,2692.0,2703.0,2713.0,2723.0,2739.0,2686.0,2730.0,Financial Service Provider
3784,1991,3,84,1.0,2692.0,2717.0,2733.0,2748.0,2764.0,2780.0,2702.0,2771.0,Financial Service Provider
3785,1991,3,94,1.0,2687.2,2705.6,2716.1,2733.7,2749.3,2759.2,2693.1,2752.7,Financial Service Provider
3786,1991,3,99,1.0,2687.0,2697.0,2717.0,2737.0,2767.0,2797.0,2691.0,2780.0,Financial Service Provider
3787,1991,3,404,2.0,2687.2,2703.2,2718.8,2729.9,2744.9,2756.1,2693.2,2749.6,Non-Financial Service Provider
3788,1991,3,405,1.0,2687.0,2687.0,2698.0,2726.0,2759.0,2768.0,2684.0,2760.0,Financial Service Provider
3789,1991,3,406,1.0,2687.0,2708.0,2718.0,2741.0,2766.0,2787.0,2694.0,2775.0,Financial Service Provider
3790,1991,3,407,1.0,2687.1,2703.7,2712.8,2729.9,2750.5,2768.0,2691.8,2756.2,Financial Service Provider
3791,1991,3,408,1.0,2700.5,2713.9,2713.9,2730.7,2747.7,2764.7,2691.3,2756.2,Financial Service Provider
3792,1991,3,412,2.0,2687.0,2707.0,2730.0,2753.0,2773.0,2790.0,2697.0,2780.0,Non-Financial Service Provider
3793,1991,3,413,2.0,2687.0,2699.0,2693.0,2686.0,2697.0,2713.0,2686.0,2707.0,Non-Financial Service Provider
3794,1991,3,414,1.0,2687.0,2700.0,2711.0,2726.0,2740.0,2754.0,2691.0,2747.0,Financial Service Provider
3795,1991,3,416,2.0,2687.2,2698.0,2705.0,2712.0,2720.0,2728.0,2688.6,2724.8,Non-Financial Service Provider
3796,1991,3,421,1.0,2687.0,2706.0,2726.0,2744.0,2762.0,2778.0,2696.0,2769.0,Financial Service Provider
3797,1991,3,422,1.0,,,,,,,,,Financial Service Provider
3798,1991,3,423,2.0,2687.0,2700.0,2719.0,2740.0,2760.0,2781.0,2702.0,2771.0,Non-Financial Service Provider
3799,1991,3,424,1.0,2688.0,2708.0,2732.0,2757.0,2783.0,2800.0,2698.0,2788.0,Financial Service Provider
3800,1991,3,426,1.0,2687.2,2696.8,2708.3,2716.4,2730.9,2748.8,2689.0,2740.2,Financial Service Provider
3801,1991,3,427,1.0,2687.0,2710.0,2719.0,2729.0,2740.0,2753.0,2695.0,2747.0,Financial Service Provider
3802,1991,3,428,2.0,2687.2,2699.1,2718.1,2737.4,2757.0,2773.6,2692.0,2763.5,Non-Financial Service Provider
3803,1991,3,429,2.0,2687.0,2708.0,2726.0,2741.0,2753.0,2764.0,2696.0,2758.0,Non-Financial Service Provider
3804,1991,3,430,2.0,2687.2,2683.2,2692.5,2721.7,2748.0,2777.5,2681.7,2765.0,Non-Financial Service Provider
3805,1991,3,432,1.0,2687.0,2707.0,2720.0,2734.0,2748.0,,2695.0,2755.0,Financial Service Provider
3806,1991,3,433,2.0,2687.0,2704.0,2720.0,2738.0,2759.0,2780.0,2694.0,2770.0,Non-Financial Service Provider
3807,1991,3,434,1.0,2687.0,2704.0,2719.0,2735.0,2754.0,2772.0,2694.0,2762.0,Financial Service Provider
3808,1991,3,435,2.0,2687.0,2694.0,2711.0,2727.0,2748.0,2768.0,2689.0,2758.0,Non-Financial Service Provider
3809,1991,3,439,2.0,,,,,,,,,Non-Financial Service Provider
3810,1991,3,440,1.0,2687.2,2711.7,2722.2,2730.7,2746.7,2761.4,2696.2,2753.6,Financial Service Provider
3811,1991,3,441,3.0,2687.0,2707.0,2732.0,2755.0,2776.0,2796.0,2697.0,2786.0,Unknown
3812,1991,4,20,2.0,2705.3,2737.0,2779.0,2810.0,2840.0,2887.0,2699.7,2847.0,Non-Financial Service Provider
3813,1991,4,30,3.0,2705.3,2725.0,2745.0,2765.0,2785.0,2817.0,2694.0,2778.0,Unknown
3814,1991,4,35,2.0,2705.3,2707.0,2730.0,2754.0,2778.0,2802.0,2687.0,2687.0,Non-Financial Service Provider
3815,1991,4,40,2.0,2705.0,2708.0,2723.0,2738.0,2754.0,2770.0,2689.0,2746.0,Non-Financial Service Provider
3816,1991,4,60,2.0,2705.3,2715.1,2730.2,2745.7,2761.3,2776.9,2691.2,2753.5,Non-Financial Service Provider
3817,1991,4,62,2.0,2705.3,2706.0,2718.0,2736.0,2757.0,2778.0,2689.0,2747.0,Non-Financial Service Provider
3818,1991,4,65,1.0,2705.3,2710.0,2717.0,2729.0,2745.0,2755.0,2689.9,2736.5,Financial Service Provider
3819,1991,4,84,1.0,2705.3,2714.0,2728.0,2743.0,2757.0,2772.0,2691.0,2749.0,Financial Service Provider
3820,1991,4,94,1.0,2705.3,2715.5,2730.7,2744.7,2756.9,2772.1,2691.3,2751.1,Financial Service Provider
3821,1991,4,99,1.0,2705.3,2709.0,2718.0,2732.0,2747.0,2766.0,2690.0,2740.0,Financial Service Provider
3822,1991,4,404,2.0,2705.3,2713.8,2727.9,2742.0,2754.9,2771.0,2690.8,2749.0,Non-Financial Service Provider
3823,1991,4,405,1.0,2705.3,2708.0,2715.6,2741.7,2750.2,2770.6,2689.4,2744.5,Financial Service Provider
3824,1991,4,406,1.0,2705.3,2718.7,2742.2,2765.2,2786.4,2805.0,2692.1,2774.7,Financial Service Provider
3825,1991,4,407,1.0,2705.3,2714.4,2731.9,2748.0,2764.1,2778.9,2691.0,2755.7,Financial Service Provider
3826,1991,4,408,1.0,2705.3,2719.4,2732.9,2751.1,2769.5,2788.0,2691.7,2760.4,Financial Service Provider
3827,1991,4,410,2.0,2705.8,2714.0,2730.0,2746.0,2764.0,2783.0,2691.0,2756.0,Non-Financial Service Provider
3828,1991,4,411,2.0,2705.3,2712.4,2725.7,2741.7,2758.6,2774.9,2690.5,2750.2,Non-Financial Service Provider
3829,1991,4,412,2.0,2705.3,2712.5,2729.5,2749.0,2770.0,2792.0,2690.5,2760.1,Non-Financial Service Provider
3830,1991,4,413,2.0,2705.3,2708.7,2699.2,2710.7,2728.3,2748.1,2689.5,2721.6,Non-Financial Service Provider
3831,1991,4,414,1.0,2705.3,2711.0,2721.0,2732.0,2744.0,2758.0,2690.0,2739.0,Financial Service Provider
3832,1991,4,416,2.0,2705.3,2715.0,2725.0,2735.0,2745.0,2755.0,2691.1,2740.0,Non-Financial Service Provider
3833,1991,4,418,1.0,2705.3,2713.2,2730.2,2751.3,2765.9,2779.8,2690.7,2756.8,Financial Service Provider
3834,1991,4,420,1.0,,,,,,,,,Financial Service Provider
3835,1991,4,421,1.0,2705.3,2712.0,2730.5,2747.0,2765.4,2785.7,2690.4,2757.1,Financial Service Provider
3836,1991,4,422,1.0,2705.3,2719.6,2740.3,2760.3,2777.3,2794.1,2692.4,2768.0,Financial Service Provider
3837,1991,4,423,2.0,2705.3,2725.7,2747.4,2768.6,2790.3,2813.4,2693.8,2779.9,Non-Financial Service Provider
3838,1991,4,424,1.0,2705.3,2712.0,2718.0,2739.0,2765.0,2788.0,2690.0,2752.0,Financial Service Provider
3839,1991,4,426,1.0,2705.3,2698.8,2711.7,2726.9,2744.1,2762.0,2687.1,2736.2,Financial Service Provider
3840,1991,4,427,1.0,2705.3,2704.3,2707.1,2719.3,2736.5,2753.7,2688.5,2729.2,Financial Service Provider
3841,1991,4,428,2.0,2705.3,2717.3,2737.0,2756.8,2775.9,2793.4,2711.3,2765.8,Non-Financial Service Provider
3842,1991,4,429,2.0,2705.3,2719.5,2732.0,2745.8,2761.0,2775.7,2692.2,2753.6,Non-Financial Service Provider
3843,1991,4,430,2.0,2705.3,2692.6,2710.9,2734.2,2759.8,2793.8,2685.6,2749.7,Non-Financial Service Provider
3844,1991,4,431,1.0,,,,,,,,,Financial Service Provider
3845,1991,4,432,1.0,2705.3,2716.0,2723.2,2737.3,2756.9,2786.6,2691.4,2751.0,Financial Service Provider
3846,1991,4,433,2.0,2705.3,2717.6,2728.4,2742.1,2759.7,2778.7,2691.8,2752.2,Non-Financial Service Provider
3847,1991,4,435,2.0,2705.3,2712.0,2722.1,2735.7,2741.2,2769.6,2690.4,2744.2,Non-Financial Service Provider
3848,1991,4,437,1.0,2705.3,2711.0,2722.0,2735.0,2749.0,2762.0,2690.0,2742.0,Financial Service Provider
3849,1991,4,439,2.0,2705.3,2710.0,2740.0,2760.0,2788.0,2795.0,2690.0,2771.0,Non-Financial Service Provider
3850,1991,4,440,1.0,2705.3,2715.8,2724.3,2740.3,2757.0,2778.3,2691.3,2748.7,Financial Service Provider
3851,1992,1,20,2.0,3262.2,3277.0,3289.3,3304.4,3319.6,3339.4,3297.6,3405.0,Non-Financial Service Provider
3852,1992,1,30,3.0,3262.2,3287.0,3300.0,3310.0,3320.0,3335.0,3304.0,3370.0,Unknown
3853,1992,1,35,2.0,3262.2,3276.4,3297.5,3322.1,3349.6,3372.8,3311.4,3412.1,Non-Financial Service Provider
3854,1992,1,40,2.0,3262.2,3265.0,3282.8,3298.9,3313.5,3339.2,3290.0,3374.6,Non-Financial Service Provider
3855,1992,1,60,2.0,3262.2,3275.977,3294.653,3313.436,3332.326,3351.324,3302.294,3378.246,Non-Financial Service Provider
3856,1992,1,62,2.0,3262.2,3271.0,3291.0,3318.0,3347.0,3373.0,3306.8,3412.0,Non-Financial Service Provider
3857,1992,1,65,1.0,3262.2,3280.1,3303.7,3316.8,3335.2,,3308.9,,Financial Service Provider
3858,1992,1,84,1.0,3262.2,3279.0,3296.0,3316.0,3335.0,3351.0,3307.0,,Financial Service Provider
3859,1992,1,94,1.0,3262.2,3270.1,3293.2,3318.3,3347.0,3375.8,3307.2,3415.8,Financial Service Provider
3860,1992,1,99,1.0,3262.2,3275.0,3297.0,3318.0,3341.0,3358.0,3308.0,3386.0,Financial Service Provider
3861,1992,1,404,2.0,3262.2,3272.4,3288.1,3309.5,3328.2,3350.8,3299.6,3380.0,Non-Financial Service Provider
3862,1992,1,405,1.0,3262.2,3264.4,3275.7,3281.2,3285.6,3307.9,3276.2,,Financial Service Provider
3863,1992,1,406,1.0,3262.2,3273.1,3297.7,3332.0,3362.5,3392.3,3316.3,3432.7,Financial Service Provider
3864,1992,1,407,1.0,3262.2,3269.515,3293.765,3290.467,3313.262,3345.104,3292.524,3391.299,Financial Service Provider
3865,1992,1,408,1.0,3262.2,3268.705,3284.927,3309.292,3336.262,,3299.037,,Financial Service Provider
3866,1992,1,409,1.0,3262.2,3272.0,3289.0,3308.0,3327.0,3340.0,3299.0,,Financial Service Provider
3867,1992,1,410,2.0,3262.2,3272.0,3287.0,3314.0,3338.0,3387.0,3303.0,3399.0,Non-Financial Service Provider
3868,1992,1,411,2.0,3262.2,3269.6,3287.8,3304.0,3318.4,3332.2,3295.0,3350.1,Non-Financial Service Provider
3869,1992,1,414,1.0,3262.2,3274.0,3293.0,3312.0,3335.0,3349.0,3304.0,3371.0,Financial Service Provider
3870,1992,1,416,2.0,3262.2,3270.0,3280.0,3300.0,3320.0,3340.0,3292.5,3373.8,Non-Financial Service Provider
3871,1992,1,418,1.0,3262.2,3271.134,3293.796,3321.443,3359.8,3383.898,3312.064,3404.802,Financial Service Provider
3872,1992,1,420,1.0,,,,,,,,,Financial Service Provider
3873,1992,1,421,1.0,3262.2,3271.0,3286.0,3305.0,3331.0,3357.0,3298.0,3406.0,Financial Service Provider
3874,1992,1,422,1.0,3262.2,3298.0,3341.0,3380.0,3399.0,3431.0,3360.0,3479.0,Financial Service Provider
3875,1992,1,423,2.0,3262.2,3280.9,3301.8,3322.5,3346.1,3371.3,3312.8,3411.1,Non-Financial Service Provider
3876,1992,1,424,1.0,3262.2,3267.894,3280.888,3302.009,3329.725,,3295.78,,Financial Service Provider
3877,1992,1,426,1.0,3262.2,3273.558,3286.574,3306.119,3324.967,3346.372,3295.78,3374.879,Financial Service Provider
3878,1992,1,427,1.0,3262.2,3272.0,3287.0,3308.0,3327.0,3347.0,3298.0,3376.0,Financial Service Provider
3879,1992,1,428,2.0,3262.2,3280.7,3296.2,3319.5,3345.5,3372.5,3310.5,3400.7,Non-Financial Service Provider
3880,1992,1,429,2.0,3262.2,3271.7,3283.8,3307.3,3332.5,3362.1,3298.8,3398.8,Non-Financial Service Provider
3881,1992,1,430,2.0,3262.2,3272.4,3289.6,3309.0,3329.3,3354.4,3300.1,3395.8,Non-Financial Service Provider
3882,1992,1,432,1.0,3262.2,3273.4,3287.9,3313.2,3350.9,,3306.3,,Financial Service Provider
3883,1992,1,433,2.0,3262.2,3264.8,3288.5,3313.2,3336.3,3343.3,3300.7,3380.2,Non-Financial Service Provider
3884,1992,1,434,1.0,3262.2,3263.83,3278.419,3299.524,3319.145,,3386.968,,Financial Service Provider
3885,1992,1,435,2.0,3262.2,3270.3,3286.6,3302.9,3319.3,3343.9,3294.8,3387.4,Non-Financial Service Provider
3886,1992,1,436,2.0,,,,,,,3340.0,3440.0,Non-Financial Service Provider
3887,1992,1,437,1.0,3262.2,3270.325,3285.75,3311.726,3337.099,,3302.294,,Financial Service Provider
3888,1992,1,438,1.0,3262.2,3271.134,3289.783,3317.397,3338.753,3358.607,3305.551,3391.495,Financial Service Provider
3889,1992,1,439,2.0,3262.2,3274.0,3297.0,3328.0,3344.0,3373.0,3311.0,3404.0,Non-Financial Service Provider
3890,1992,1,440,1.0,3262.2,3270.0,3284.0,3304.0,3326.0,3348.0,3296.0,3380.0,Financial Service Provider
3891,1992,2,30,3.0,3313.8,3325.0,3340.0,3360.0,3370.0,3380.0,3332.0,3400.0,Unknown
3892,1992,2,35,2.0,3313.8,3335.0,3360.0,3388.0,3412.0,3438.0,3349.0,3451.0,Non-Financial Service Provider
3893,1992,2,40,2.0,3313.8,3326.0,3345.1,3361.5,3380.1,3400.9,3336.6,3411.0,Non-Financial Service Provider
3894,1992,2,60,2.0,3313.8,3332.692,3351.692,3370.8,3390.017,3409.344,3343.734,3430.671,Non-Financial Service Provider
3895,1992,2,62,2.0,3313.8,3332.0,3353.0,3377.0,3403.0,3432.0,3344.0,3445.0,Non-Financial Service Provider
3896,1992,2,65,1.0,3313.8,3328.9,3354.1,3380.8,3408.2,3428.6,3344.4,3435.0,Financial Service Provider
3897,1992,2,84,1.0,3313.8,3324.0,3339.0,3354.0,3366.0,3378.0,3333.0,,Financial Service Provider
3898,1992,2,94,1.0,3313.8,3335.2,3356.4,3385.0,3411.5,3436.3,3347.6,3445.1,Financial Service Provider
3899,1992,2,99,1.0,3313.8,3336.757,3361.506,3387.26,3413.212,3437.693,3333.957,3437.31,Financial Service Provider
3900,1992,2,404,2.0,3313.8,3325.1,3346.8,3368.1,3387.9,3409.8,3338.5,3421.1,Non-Financial Service Provider
3901,1992,2,407,1.0,3313.8,3319.9,3337.5,3356.2,3376.0,3395.1,3331.8,3407.9,Financial Service Provider
3902,1992,2,408,1.0,3313.8,3320.4,3340.2,3360.0,,,3333.6,,Financial Service Provider
3903,1992,2,409,1.0,3313.8,3333.0,3361.0,3386.0,3408.0,3433.0,3349.0,3445.0,Financial Service Provider
3904,1992,2,410,2.0,3313.8,3322.2,3339.4,3363.3,3390.2,3420.0,3334.7,3430.5,Non-Financial Service Provider
3905,1992,2,411,2.0,3313.8,3327.9,3348.5,3368.3,3387.7,3409.6,3396.0,3421.2,Non-Financial Service Provider
3906,1992,2,412,2.0,3313.8,3326.5,3350.0,3375.5,3399.0,3422.0,3341.5,3433.6,Non-Financial Service Provider
3907,1992,2,414,1.0,3313.8,3320.0,3338.0,3356.0,3373.0,3390.0,3332.0,3399.0,Financial Service Provider
3908,1992,2,416,2.0,3313.8,3329.4,3348.0,3373.1,3395.1,3421.5,3341.1,3431.2,Non-Financial Service Provider
3909,1992,2,418,1.0,3313.8,3340.807,3363.951,3387.255,3409.061,3436.844,3350.252,3450.76,Financial Service Provider
3910,1992,2,421,1.0,3313.8,3329.4,3348.3,3373.1,3402.5,3435.9,3341.1,3449.6,Financial Service Provider
3911,1992,2,422,1.0,3313.8,3350.467,3386.729,3417.631,3438.794,3456.707,3369.806,3470.9,Financial Service Provider
3912,1992,2,423,2.0,3313.8,3337.7,3358.7,3382.6,3407.9,3432.1,3348.2,3444.6,Non-Financial Service Provider
3913,1992,2,424,1.0,3313.8,3323.697,3337.734,3352.653,3372.59,3387.666,3340.475,3423.987,Financial Service Provider
3914,1992,2,426,1.0,3313.8,3326.977,3340.205,3349.353,3363.498,3381.019,3333.957,3390.634,Financial Service Provider
3915,1992,2,427,1.0,3313.8,3326.0,3346.9,3368.1,3389.2,3409.2,3338.7,3418.2,Financial Service Provider
3916,1992,2,428,2.0,3313.8,3330.5,3356.9,3387.4,3412.9,3432.2,3347.2,3439.4,Non-Financial Service Provider
3917,1992,2,429,2.0,3313.8,3326.2,3347.6,3370.6,3393.1,3414.3,3339.5,3425.7,Non-Financial Service Provider
3918,1992,2,430,2.0,3313.8,3320.0,3345.7,3361.7,3384.8,3412.5,3335.3,3430.5,Non-Financial Service Provider
3919,1992,2,431,1.0,3313.8,3324.518,3341.836,3360.066,3375.914,3393.5,3333.957,3403.97,Financial Service Provider
3920,1992,2,432,1.0,3313.8,3317.8,3338.3,3356.7,,,3331.7,,Financial Service Provider
3921,1992,2,433,2.0,3313.8,3331.062,3349.234,3369.973,3385.868,3402.671,3340.475,3413.966,Non-Financial Service Provider
3922,1992,2,434,1.0,3313.8,3337.0,3363.7,3386.6,3413.7,3446.7,3350.3,3457.6,Financial Service Provider
3923,1992,2,435,2.0,3313.8,3330.3,3350.9,3375.7,3400.8,3424.3,3342.7,3447.2,Non-Financial Service Provider
3924,1992,2,437,1.0,3313.8,3328.5,3351.1,3375.1,3378.3,3419.5,3342.1,3428.5,Financial Service Provider
3925,1992,2,438,1.0,3313.8,3327.795,3355.727,3377.33,3397.414,3419.285,3343.734,3430.671,Financial Service Provider
3926,1992,2,439,2.0,3313.8,3335.0,3359.0,3368.0,3388.0,3398.0,3345.0,3411.0,Non-Financial Service Provider
3927,1992,2,440,1.0,3313.8,3328.9,3349.3,3371.6,3394.2,3416.4,3340.9,3426.5,Financial Service Provider
3928,1992,3,20,2.0,3286.6,3349.0,3364.0,3403.0,3440.0,3460.0,3357.0,3464.0,Non-Financial Service Provider
3929,1992,3,30,3.0,3286.6,3299.0,3312.0,3326.0,3347.0,3367.0,3298.0,3358.0,Unknown
3930,1992,3,60,2.0,3286.6,3306.8,3325.7,3344.7,3363.8,3383.0,3302.1,3373.5,Non-Financial Service Provider
3931,1992,3,62,2.0,3286.6,3311.0,3333.0,3356.0,3380.0,3404.0,3305.0,3392.0,Non-Financial Service Provider
3932,1992,3,65,1.0,3286.6,3296.1,3318.8,3341.7,3359.7,3377.1,3297.7,3369.4,Financial Service Provider
3933,1992,3,84,1.0,3286.6,3308.0,3319.0,3328.0,3341.0,3359.0,3300.0,3351.0,Financial Service Provider
3934,1992,3,94,1.0,3286.6,3303.3,3315.1,3327.6,3349.1,3373.0,3299.0,3362.0,Financial Service Provider
3935,1992,3,404,2.0,3286.6,3298.6,3318.5,3338.7,3357.3,3376.0,3298.3,3366.6,Non-Financial Service Provider
3936,1992,3,405,1.0,3286.6,3305.9,3312.4,3331.9,3355.7,3379.6,3298.5,3365.4,Financial Service Provider
3937,1992,3,406,1.0,3286.6,3302.9,3329.8,3355.3,3381.0,3404.5,3302.2,3392.4,Financial Service Provider
3938,1992,3,407,1.0,3286.6,3305.2,3316.0,3350.4,3360.5,3390.0,3299.3,3378.8,Financial Service Provider
3939,1992,3,408,1.0,3286.6,3306.1,3327.4,3348.0,3367.9,3388.0,3302.4,3378.0,Financial Service Provider
3940,1992,3,409,1.0,3286.6,3308.0,3331.0,3355.0,3379.0,3406.0,3303.7,3393.8,Financial Service Provider
3941,1992,3,410,2.0,3286.6,3303.4,3322.8,3344.0,3365.8,3393.4,3300.5,3380.0,Non-Financial Service Provider
3942,1992,3,411,2.0,3286.6,3305.4,3326.0,3349.9,3366.8,3384.1,3301.8,3375.7,Non-Financial Service Provider
3943,1992,3,412,2.0,3286.6,3306.0,3326.5,3348.5,3372.0,3394.0,3302.1,3382.6,Non-Financial Service Provider
3944,1992,3,413,2.0,3286.6,3308.8,3333.6,3351.9,3369.5,3385.5,3304.6,3377.4,Non-Financial Service Provider
3945,1992,3,414,1.0,3286.6,3295.0,3310.0,3327.0,3345.0,3362.0,3295.0,3354.0,Financial Service Provider
3946,1992,3,415,1.0,,,,,,,,,Financial Service Provider
3947,1992,3,416,2.0,3286.6,3305.0,3326.0,3345.0,3365.0,3385.0,3301.7,3376.3,Non-Financial Service Provider
3948,1992,3,418,1.0,3286.6,3300.48,3317.673,3334.955,3358.875,3378.024,3299.135,3371.716,Financial Service Provider
3949,1992,3,420,1.0,3286.6,3304.5,3326.0,3345.0,3376.5,3392.0,3301.6,3380.9,Financial Service Provider
3950,1992,3,421,1.0,3286.6,3306.2,3317.1,3333.4,3352.3,3373.1,3299.8,3362.7,Financial Service Provider
3951,1992,3,423,2.0,3286.6,3299.6,3321.1,3339.3,3358.0,3379.7,3305.3,3369.7,Non-Financial Service Provider
3952,1992,3,424,1.0,3286.6,3301.0,3315.0,3323.0,3338.0,3357.0,3298.0,3349.0,Financial Service Provider
3953,1992,3,426,1.0,3286.6,3299.668,3313.604,3325.96,3340.827,3355.76,3295.894,3348.628,Financial Service Provider
3954,1992,3,427,1.0,3286.7,3310.0,3331.0,3353.2,3373.6,3392.6,3304.2,3382.8,Financial Service Provider
3955,1992,3,428,2.0,3286.6,3305.3,3330.1,3359.8,3389.1,3413.9,3302.9,3399.8,Non-Financial Service Provider
3956,1992,3,429,2.0,3286.6,3300.4,3319.8,3338.9,3355.4,3370.7,3299.0,3362.3,Non-Financial Service Provider
3957,1992,3,430,2.0,3286.6,3292.7,3307.7,3329.8,3353.5,3381.9,3294.1,3370.2,Non-Financial Service Provider
3958,1992,3,431,1.0,3286.6,3308.6,3323.7,3340.3,3360.3,3383.0,3307.4,3372.6,Financial Service Provider
3959,1992,3,432,1.0,3286.6,3312.8,3328.9,3349.6,3367.7,3397.6,3304.4,3387.6,Financial Service Provider
3960,1992,3,433,2.0,3286.6,3300.48,3320.107,3339.851,3360.532,3378.865,3299.135,3368.416,Non-Financial Service Provider
3961,1992,3,434,1.0,3286.6,3301.291,3323.353,3342.299,3371.982,3397.816,3299.135,3384.912,Financial Service Provider
3962,1992,3,439,2.0,3286.6,3309.0,3326.0,3340.0,3343.0,3375.0,3305.0,3361.0,Non-Financial Service Provider
3963,1992,3,440,1.0,3286.6,3311.78,3333.912,3357.008,3378.619,3402.025,3325.061,3414.837,Financial Service Provider
3964,1992,4,20,2.0,3316.1,3354.1,3390.6,3348.4,3470.0,3519.0,3312.0,3457.0,Non-Financial Service Provider
3965,1992,4,30,3.0,3316.1,3330.0,3350.0,3360.0,3385.0,3415.0,3306.0,3377.5,Unknown
3966,1992,4,40,2.0,3294.7,3313.0,3334.9,3359.8,3388.0,3413.3,3296.4,3374.0,Non-Financial Service Provider
3967,1992,4,60,2.0,3316.1,3336.634,3355.657,3374.788,3394.028,3413.377,3308.857,3384.961,Non-Financial Service Provider
3968,1992,4,62,2.0,3316.1,3334.0,3354.0,3376.0,3400.0,3424.0,3307.0,3388.5,Non-Financial Service Provider
3969,1992,4,65,1.0,3316.1,3327.8,3337.2,3344.8,3360.6,3382.2,3305.4,3356.2,Financial Service Provider
3970,1992,4,84,1.0,3319.0,3337.0,3351.0,3364.0,3377.0,3393.0,3308.0,3380.0,Financial Service Provider
3971,1992,4,94,1.0,3316.1,3332.3,3349.6,3371.6,3390.3,3419.1,3306.5,3382.7,Financial Service Provider
3972,1992,4,99,1.0,3316.1,3336.0,3354.0,3368.0,3396.0,3425.0,3307.0,3386.0,Financial Service Provider
3973,1992,4,404,2.0,3316.1,3334.8,3356.9,3376.1,3395.6,3414.8,3307.2,3385.9,Non-Financial Service Provider
3974,1992,4,405,1.0,3316.1,3329.8,3349.5,3382.5,3406.6,3426.7,3305.9,3391.3,Financial Service Provider
3975,1992,4,407,1.0,3316.1,3325.9,3343.8,3361.8,3387.0,3401.7,3304.9,3373.6,Financial Service Provider
3976,1992,4,408,1.0,3316.1,3340.7,3367.9,3397.0,3424.7,3451.8,3308.6,3410.4,Financial Service Provider
3977,1992,4,409,1.0,3316.1,3341.0,3362.0,3385.0,3409.0,3433.0,3308.7,3397.3,Financial Service Provider
3978,1992,4,411,2.0,3316.1,3335.2,3356.2,3377.7,3399.5,3418.4,3307.3,3388.0,Non-Financial Service Provider
3979,1992,4,412,2.0,3316.1,3338.0,3360.5,3383.5,3408.0,3432.5,3308.0,3396.1,Non-Financial Service Provider
3980,1992,4,413,2.0,3316.1,3341.0,3359.4,3351.8,3360.2,3367.8,3308.7,3359.8,Non-Financial Service Provider
3981,1992,4,414,1.0,3316.1,3333.0,3343.0,3355.0,3376.0,3400.0,3307.0,3369.0,Financial Service Provider
3982,1992,4,416,2.0,3316.1,3335.0,3352.0,3370.0,3388.0,3408.0,3307.2,3379.5,Non-Financial Service Provider
3983,1992,4,418,1.0,3316.1,3338.261,3361.387,3384.674,3403.97,3425.883,3308.857,3394.887,Financial Service Provider
3984,1992,4,420,1.0,3316.1,3341.5,3352.5,3374.6,3405.0,3415.8,3308.9,3387.0,Financial Service Provider
3985,1992,4,421,1.0,3316.1,3329.9,3344.5,3361.8,3380.4,3403.5,3305.9,3372.6,Financial Service Provider
3986,1992,4,422,1.0,3316.1,3343.1,3378.2,3412.7,3441.0,3464.1,3309.3,3424.0,Financial Service Provider
3987,1992,4,423,2.0,3316.1,3340.1,3359.3,3381.8,3405.5,3482.4,3308.5,3393.8,Non-Financial Service Provider
3988,1992,4,424,1.0,3316.1,3331.74,3340.039,3354.144,3372.442,3390.839,3305.616,3365.117,Financial Service Provider
3989,1992,4,426,1.0,3316.1,3326.825,3340.875,3354.984,3369.981,3384.213,3305.616,3361.812,Financial Service Provider
3990,1992,4,427,1.0,3316.1,3333.0,3353.0,3371.0,3389.0,3406.0,3307.0,3380.0,Financial Service Provider
3991,1992,4,428,2.0,3316.1,3338.8,3360.9,3384.9,3411.1,3440.8,3308.2,3399.4,Non-Financial Service Provider
3992,1992,4,429,2.0,3316.1,3337.0,3353.2,3369.4,3390.1,3406.8,3307.7,3379.9,Non-Financial Service Provider
3993,1992,4,430,2.0,3316.1,3335.7,3360.8,3387.5,3412.9,3440.7,3307.4,3400.5,Non-Financial Service Provider
3994,1992,4,431,1.0,3316.1,3330.923,3347.454,3366.538,3387.385,3408.36,3305.616,3378.34,Financial Service Provider
3995,1992,4,432,1.0,3316.1,3333.1,3356.5,3361.8,3396.5,3402.9,3306.7,3374.4,Financial Service Provider
3996,1992,4,433,2.0,3316.1,3335.82,3358.112,3380.554,3401.487,3421.715,3308.857,3391.578,Non-Financial Service Provider
3997,1992,4,434,1.0,3316.1,3338.261,3357.292,3387.109,3413.059,3440.042,3308.857,3401.505,Financial Service Provider
3998,1992,4,435,2.0,3316.1,3332.6,3349.1,3365.7,3394.8,3424.1,3306.6,3383.4,Non-Financial Service Provider
3999,1992,4,437,1.0,3316.1,3340.2,3363.7,3386.2,3409.8,3433.6,3308.5,3398.3,Financial Service Provider
4000,1992,4,439,2.0,3316.1,3334.0,3358.0,3368.0,3385.0,3395.0,3307.0,3377.0,Non-Financial Service Provider
4001,1992,4,440,1.0,3316.1,3333.374,3352.378,3372.314,3394.023,3415.873,3325.061,3408.187,Financial Service Provider
4002,1992,4,442,1.0,3316.1,3334.19,3355.654,3378.079,3396.507,3416.705,3305.616,3384.951,Financial Service Provider
4003,1992,4,444,2.0,3316.1,3339.3,3372.6,3402.8,3447.6,3483.7,3308.3,3426.7,Non-Financial Service Provider
4004,1993,1,20,2.0,3353.6,3394.6,3453.4,3476.0,3532.0,3552.7,3464.0,3648.0,Non-Financial Service Provider
4005,1993,1,30,3.0,3353.6,3370.3,3400.5,3446.3,3488.1,3510.0,3426.3,3520.0,Unknown
4006,1993,1,40,2.0,3353.6,3373.0,3397.0,3423.0,3449.8,3475.9,3410.7,3510.9,Non-Financial Service Provider
4007,1993,1,60,2.0,3353.6,3376.833,3400.226,3422.949,3444.984,3464.625,3411.772,3497.066,Non-Financial Service Provider
4008,1993,1,65,1.0,3353.6,3361.0,3374.7,3394.2,3428.9,3452.8,3389.9,3485.5,Financial Service Provider
4009,1993,1,94,1.0,3353.6,3376.5,3398.2,3414.8,3434.3,3456.1,3405.9,3489.5,Financial Service Provider
4010,1993,1,99,1.0,3353.6,3378.0,3409.0,3440.0,3472.0,3506.0,3425.0,3530.0,Financial Service Provider
4011,1993,1,404,2.0,3353.6,3377.6,3403.0,3424.5,3447.3,3469.3,3413.1,3504.8,Non-Financial Service Provider
4012,1993,1,407,1.0,3353.6,3374.366,3396.089,3418.784,3442.469,3470.524,3408.459,3510.713,Financial Service Provider
4013,1993,1,411,2.0,3353.6,3376.5,3402.2,3426.8,3452.4,3479.4,3414.5,3513.7,Non-Financial Service Provider
4014,1993,1,414,1.0,3353.6,3374.0,3390.0,3408.0,3428.0,3448.0,3400.0,3480.0,Financial Service Provider
4015,1993,1,416,2.0,3353.6,3376.0,3395.0,3415.0,3430.0,3454.0,3404.0,3495.5,Non-Financial Service Provider
4016,1993,1,417,3.0,3353.6,3372.1,3390.4,3412.3,3438.1,3467.7,3403.2,3547.4,Unknown
4017,1993,1,418,1.0,3353.6,3380.113,3404.356,3437.074,3465.924,3497.548,3421.709,3544.891,Financial Service Provider
4018,1993,1,420,1.0,3353.6,3384.0,3399.0,3440.0,3480.0,3526.0,3426.0,3560.0,Financial Service Provider
4019,1993,1,421,1.0,3353.6,3376.011,3396.087,3418.782,3444.976,3472.211,3408.459,3507.305,Financial Service Provider
4020,1993,1,422,1.0,3353.6,3391.519,3425.76,3457.851,3486.031,3510.182,3441.583,3548.272,Financial Service Provider
4021,1993,1,423,2.0,3353.6,3373.2,3396.2,3420.4,3444.4,3467.9,3408.6,3504.7,Non-Financial Service Provider
4022,1993,1,424,1.0,3353.6,3357.784,3378.576,3402.809,3428.88,3452.634,3395.21,,Financial Service Provider
4023,1993,1,426,1.0,3353.6,3375.189,3393.602,3412.114,3439.922,3467.117,3405.147,3500.491,Financial Service Provider
4024,1993,1,427,1.0,3353.6,3373.0,3392.0,3412.0,3433.0,3454.0,3402.0,3484.0,Financial Service Provider
4025,1993,1,428,2.0,3353.6,3376.2,3399.5,3428.8,3461.0,3492.8,3416.4,3526.6,Non-Financial Service Provider
4026,1993,1,429,2.0,3353.6,3375.5,3396.9,3417.8,3432.9,3445.4,3405.8,3463.5,Non-Financial Service Provider
4027,1993,1,430,2.0,3353.6,3376.8,3402.5,3427.9,3453.7,3479.0,3415.2,3523.9,Non-Financial Service Provider
4028,1993,1,431,1.0,3353.6,3376.4,3401.8,3426.2,3451.6,3479.0,3414.0,3513.3,Financial Service Provider
4029,1993,1,432,1.0,3353.6,3378.474,3393.575,3413.756,3439.076,,3405.147,,Financial Service Provider
4030,1993,1,433,2.0,3353.6,3376.011,3401.051,3431.256,3456.706,3481.499,3415.084,3514.122,Non-Financial Service Provider
4031,1993,1,434,1.0,3353.6,3380.113,3412.598,3447.052,3491.844,,3431.646,,Financial Service Provider
4032,1993,1,435,2.0,3353.6,3374.4,3399.4,3424.6,3454.2,3475.6,3413.1,3573.4,Non-Financial Service Provider
4033,1993,1,439,2.0,3353.6,3374.366,3380.256,3411.099,3418.748,,3401.835,3514.095,Non-Financial Service Provider
4034,1993,1,440,1.0,3353.6,3375.9,3399.3,3423.7,3447.5,3473.5,3411.6,3510.8,Financial Service Provider
4035,1993,1,442,1.0,3353.6,3380.931,3405.181,3432.933,3458.395,3485.736,3418.397,3524.367,Financial Service Provider
4036,1993,1,444,2.0,3353.6,3386.5,3416.8,3460.4,3494.2,3498.5,3439.5,3580.0,Non-Financial Service Provider
4037,1993,1,445,1.0,3357.1,3382.0,3414.0,3453.0,3470.0,,3429.8,,Financial Service Provider
4038,1993,2,20,2.0,3369.9,3394.0,3448.4,3476.0,3532.0,3559.8,3422.1,3648.0,Non-Financial Service Provider
4039,1993,2,30,3.0,3369.9,3390.0,3420.0,3460.0,3505.0,3560.0,3410.0,3520.0,Unknown
4040,1993,2,60,2.0,3369.9,3393.245,3415.921,3437.912,3457.511,3477.223,3403.478,3488.565,Non-Financial Service Provider
4041,1993,2,65,1.0,3369.9,3395.5,3439.4,3471.2,3499.8,3509.0,3419.0,3514.7,Financial Service Provider
4042,1993,2,84,1.0,3373.0,3391.0,3408.0,3430.0,,,3400.0,,Financial Service Provider
4043,1993,2,94,1.0,3369.9,3399.5,3422.7,3446.9,3474.2,3498.1,3409.8,3509.0,Financial Service Provider
4044,1993,2,99,1.0,3369.9,3400.0,3423.0,3447.0,3471.0,3495.0,3413.0,3506.0,Financial Service Provider
4045,1993,2,404,2.0,3369.9,3394.3,3420.2,3443.0,3465.9,3486.4,3406.8,3498.0,Non-Financial Service Provider
4046,1993,2,405,1.0,3369.9,3402.0,3426.0,3446.0,,,3411.0,,Financial Service Provider
4047,1993,2,406,1.0,3369.9,3394.9,3425.9,3454.6,3483.6,3511.2,3411.3,3520.4,Financial Service Provider
4048,1993,2,407,1.0,3369.9,3389.8,3410.4,3436.7,3463.9,3491.7,3401.7,3503.2,Financial Service Provider
4049,1993,2,409,1.0,3369.9,3409.631,3439.081,3467.948,3492.822,3522.99,3420.048,3567.11,Financial Service Provider
4050,1993,2,411,2.0,3369.9,3395.6,3424.8,3452.9,3478.0,3501.2,3410.8,3509.5,Non-Financial Service Provider
4051,1993,2,414,1.0,3369.9,3380.0,3395.0,3412.0,3430.0,3435.0,3389.0,3448.0,Financial Service Provider
4052,1993,2,416,2.0,3369.9,3395.0,3415.0,3435.0,3459.0,3484.0,3403.7,3495.8,Non-Financial Service Provider
4053,1993,2,421,1.0,3369.9,3399.007,3421.722,3447.938,3474.354,3500.123,3410.106,3512.409,Financial Service Provider
4054,1993,2,422,1.0,3369.9,3406.372,3445.71,3475.473,3496.994,3519.506,3443.246,3549.987,Financial Service Provider
4055,1993,2,423,2.0,3369.9,3389.9,3416.5,3439.1,3461.1,3486.2,3403.9,3498.3,Non-Financial Service Provider
4056,1993,2,424,1.0,3369.9,3391.594,3424.189,3460.42,,,3406.792,,Financial Service Provider
4057,1993,2,425,1.0,3369.9,3392.42,3416.752,3452.076,3482.734,3509.417,3406.792,3522.623,Financial Service Provider
4058,1993,2,426,1.0,3369.9,3391.594,3413.427,3435.402,3453.297,3474.681,3403.478,3488.565,Financial Service Provider
4059,1993,2,427,1.0,3369.9,3396.0,3416.0,3436.0,3457.0,3478.0,3404.0,3488.0,Financial Service Provider
4060,1993,2,429,2.0,3369.9,3387.4,3407.5,3422.7,3433.9,3445.8,3396.9,3453.7,Non-Financial Service Provider
4061,1993,2,431,1.0,3369.9,3390.767,3418.401,3443.756,3470.14,3493.33,3403.478,3495.372,Financial Service Provider
4062,1993,2,432,1.0,3369.9,3397.6,3417.6,3443.1,3463.5,3478.6,3407.1,3489.6,Financial Service Provider
4063,1993,2,433,2.0,3369.9,3394.895,3425.871,3456.296,3481.086,3509.457,3410.106,3522.639,Non-Financial Service Provider
4064,1993,2,434,1.0,3369.9,3389.94,3402.581,3425.32,3438.093,3449.213,3396.85,3457.993,Financial Service Provider
4065,1993,2,435,2.0,3369.9,3382.5,3403.4,3428.7,3449.9,3471.3,3396.1,3487.4,Non-Financial Service Provider
4066,1993,2,439,2.0,3369.9,3388.283,3414.243,3428.662,3456.605,3469.495,,,Non-Financial Service Provider
4067,1993,2,440,1.0,3369.9,3395.2,3423.7,3449.3,3472.7,3495.4,3407.5,3506.3,Financial Service Provider
4068,1993,2,442,1.0,3369.9,3401.468,3434.984,3457.097,3477.655,3503.449,3416.734,3515.819,Financial Service Provider
4069,1993,2,444,2.0,3369.9,3406.8,3445.4,3485.4,3504.2,3524.6,3426.9,3534.4,Non-Financial Service Provider
4070,1993,2,445,1.0,3369.9,3405.0,3429.0,3459.0,3483.0,3513.0,3415.5,3518.0,Financial Service Provider
4071,1993,2,446,2.0,3369.9,3395.6,3424.8,3452.9,3470.0,3501.2,3410.1,3509.0,Non-Financial Service Provider
4072,1993,2,447,1.0,3369.9,3399.0,3430.0,3459.0,3481.0,3504.0,3414.0,3515.0,Financial Service Provider
4073,1993,2,448,1.0,3369.9,3392.4,3421.1,3448.7,3476.5,3503.6,3408.8,3515.0,Financial Service Provider
4074,1993,3,20,2.0,3398.1,3455.8,3485.2,3547.8,3572.1,3602.0,3427.1,3628.8,Non-Financial Service Provider
4075,1993,3,60,2.0,3398.1,3420.8085,3442.8302,3456.5197,3471.9701,3491.764,3406.792,3481.7414,Non-Financial Service Provider
4076,1993,3,65,1.0,3398.1,3419.1,3435.2,3420.1,3429.5,3433.0,3404.7,3434.7,Financial Service Provider
4077,1993,3,84,1.0,3398.1,3422.0,3459.0,3477.0,3496.0,,3412.0,,Financial Service Provider
4078,1993,3,94,1.0,3398.1,3420.4,3436.4,,,,3405.3,,Financial Service Provider
4079,1993,3,99,1.0,3398.1,3422.0,3448.0,3476.0,3502.0,3530.0,3410.0,3510.0,Financial Service Provider
4080,1993,3,404,2.0,3398.1,3419.5,3440.9,3457.7,3475.1,3492.8,3406.3,3484.3,Non-Financial Service Provider
4081,1993,3,405,1.0,3398.1,3422.5,3432.6,3447.8,3463.9,3494.8,3404.9,3483.4,Financial Service Provider
4082,1993,3,407,1.0,3398.1,3414.1,3443.0,3466.5,3496.2,3520.9,3405.4,3508.0,Financial Service Provider
4083,1993,3,408,1.0,3398.1,3424.1,3452.0,3477.6,3500.9,,3410.2,,Financial Service Provider
4084,1993,3,411,2.0,3398.1,3424.7,3449.4,3469.2,3489.4,3513.1,3409.7,3501.1,Non-Financial Service Provider
4085,1993,3,414,1.0,3398.1,3410.0,3422.0,3434.0,3444.0,3415.0,3399.0,3456.0,Financial Service Provider
4086,1993,3,416,2.0,3398.1,3421.0,3440.0,3456.0,3481.0,3505.0,3406.4,3492.5,Non-Financial Service Provider
4087,1993,3,417,3.0,3398.1,3412.3,3438.1,3467.7,3486.5,3501.2,3403.5,3492.5,Unknown
4088,1993,3,420,1.0,3398.1,3422.0,3436.5,3466.5,3476.0,3496.0,3406.0,3489.0,Financial Service Provider
4089,1993,3,421,1.0,3398.1,3419.1,3445.7,3472.4,3494.2,3518.7,3407.5,3506.0,Financial Service Provider
4090,1993,3,422,1.0,3398.1,3426.6227,3454.5491,3486.0696,3509.366,3534.5369,3403.478,3512.3893,Financial Service Provider
4091,1993,3,423,2.0,3398.1,3429.5,3460.7,3484.1,3520.2,3540.1,3413.7,3526.6,Non-Financial Service Provider
4092,1993,3,424,1.0,3398.1,3425.0,3450.0,3463.0,3483.0,3508.0,3410.0,3497.0,Financial Service Provider
4093,1993,3,426,1.0,3398.1,3418.3076,3436.1141,3457.3914,3477.1022,3501.1904,3403.478,3488.5649,Financial Service Provider
4094,1993,3,427,1.0,3398.1,3431.0,3451.0,3473.0,3495.0,3514.0,3412.0,3504.0,Financial Service Provider
4095,1993,3,428,2.0,3398.1,3420.6,3443.4,3471.8,3493.8,3515.5,3417.2,3503.1,Non-Financial Service Provider
4096,1993,3,429,2.0,3398.1,3417.7,3431.7,3448.8,3465.7,3480.5,3403.5,3472.5,Non-Financial Service Provider
4097,1993,3,431,1.0,3400.7,3425.6,3445.0,3466.4,3488.9,3505.8,3403.5,3495.4,Financial Service Provider
4098,1993,3,432,1.0,3398.1,3425.4,3449.6,3473.1,3495.0,3513.4,3409.9,3503.2,Financial Service Provider
4099,1993,3,433,2.0,3398.1,3421.6409,3444.5068,3462.4498,3482.1894,3505.4599,3406.792,3495.3686,Non-Financial Service Provider
4100,1993,3,435,2.0,3398.1,3423.3,3448.7,3470.1,3491.5,3521.7,3409.2,3507.8,Non-Financial Service Provider
4101,1993,3,437,1.0,3398.1,3424.1,3447.2,3474.3,3492.6,3508.4,3409.0,,Financial Service Provider
4102,1993,3,439,2.0,3398.1,3418.3076,3431.8996,3454.834,3476.2272,3499.4578,3403.478,3485.1615,Non-Financial Service Provider
4103,1993,3,440,1.0,3398.1,3424.7,3451.2,3470.6,3491.7,3513.6,3410.1,3502.7,Financial Service Provider
4104,1993,3,442,1.0,3398.1,3423.304,3445.3417,3460.7422,3486.4108,3508.8548,3406.792,3495.3686,Financial Service Provider
4105,1993,3,444,2.0,3398.1,3424.0,3448.0,3474.0,3502.0,3536.0,3409.0,3519.0,Non-Financial Service Provider
4106,1993,3,447,1.0,,,,,,,,,Financial Service Provider
4107,1993,3,448,1.0,3398.1,3422.9,3450.1,3474.1,3498.6,3524.0,3409.7,3511.7,Financial Service Provider
4108,1993,3,450,1.0,3398.1,3424.1345,3450.3686,3472.5805,3492.3779,3513.1462,3410.106,3502.1789,Financial Service Provider
4109,1993,4,20,2.0,3467.9,3520.1,3572.4,3635.0,3682.0,3710.0,3456.1,3649.8,Non-Financial Service Provider
4110,1993,4,30,3.0,3467.9,3509.0,3535.0,3585.0,3645.0,3699.0,3454.0,3616.0,Unknown
4111,1993,4,65,1.0,3467.9,3495.2,3503.9,3498.4,3500.8,3513.8,3449.9,3504.2,Financial Service Provider
4112,1993,4,84,1.0,3467.9,3494.0,3513.0,3532.0,3552.0,3572.0,3449.0,3542.0,Financial Service Provider
4113,1993,4,94,1.0,3467.9,3494.7,3507.1,3526.3,3546.9,3570.7,3449.8,3537.8,Financial Service Provider
4114,1993,4,99,1.0,3467.9,3497.0,3521.0,3543.0,3571.0,3600.0,3435.0,3559.0,Financial Service Provider
4115,1993,4,404,2.0,3467.9,3494.3,3516.4,3531.7,3554.0,3577.2,3449.7,3544.8,Non-Financial Service Provider
4116,1993,4,405,1.0,3467.9,3487.7,3503.2,3519.6,3551.0,3578.3,3448.0,3538.0,Financial Service Provider
4117,1993,4,407,1.0,3467.9,3490.6,3515.9,3541.1,3569.0,3594.2,3448.7,3555.1,Financial Service Provider
4118,1993,4,411,2.0,3467.9,3493.3,3518.1,3541.4,3565.8,3588.3,3449.4,3553.4,Non-Financial Service Provider
4119,1993,4,412,2.0,3467.9,3495.6,3520.1,3547.6,3573.2,3595.2,3450.0,3559.0,Non-Financial Service Provider
4120,1993,4,414,1.0,3467.9,3494.469,3512.672,3535.285,3557.177,3578.33,3448.738,3545.302,Financial Service Provider
4121,1993,4,416,2.0,3467.9,3480.0,3496.0,3519.0,3542.0,3568.0,3446.1,3531.3,Non-Financial Service Provider
4122,1993,4,420,1.0,3467.9,3494.0,3506.0,3530.0,3560.0,3589.0,3449.5,3546.0,Financial Service Provider
4123,1993,4,421,1.0,3467.9,3495.6,3418.3,3537.5,3564.6,3584.6,3450.0,3551.3,Financial Service Provider
4124,1993,4,422,1.0,3467.9,3494.469,3522.096,3543.041,3566.718,3589.679,3445.396,3548.758,Financial Service Provider
4125,1993,4,424,1.0,3467.9,3491.924,3500.622,3519.718,3544.102,3566.048,3448.738,3531.507,Financial Service Provider
4126,1993,4,425,1.0,3467.9,3496.4,3526.9,3553.9,3579.4,3609.9,3450.2,3567.5,Financial Service Provider
4127,1993,4,426,1.0,3467.9,3485.965,3499.826,3528.349,3548.464,3570.437,3448.738,3538.405,Financial Service Provider
4128,1993,4,427,1.0,3467.9,3495.0,3520.0,3547.0,3571.0,3593.0,3450.0,3558.0,Financial Service Provider
4129,1993,4,429,2.0,3467.9,3492.4,3513.0,3531.1,3549.7,3565.8,3449.2,3539.9,Non-Financial Service Provider
4130,1993,4,431,1.0,3467.9,3497.009,3522.946,3549.076,3573.663,3594.915,3448.738,3552.2,Financial Service Provider
4131,1993,4,432,1.0,3467.9,3498.6,3519.6,3536.1,3555.3,3577.7,3450.7,3547.2,Financial Service Provider
4132,1993,4,433,2.0,3467.9,3495.316,3522.949,3550.801,3577.137,3607.163,3448.738,3562.546,Non-Financial Service Provider
4133,1993,4,434,1.0,3467.9,3480.0,3493.0,3504.0,3511.0,3518.0,3446.0,3506.0,Financial Service Provider
4134,1993,4,439,2.0,3467.9,3487.671,3517.795,3542.165,3580.502,3599.154,3448.738,3559.097,Non-Financial Service Provider
4135,1993,4,440,1.0,3467.9,3496.8,3521.2,3541.1,3560.8,3579.6,3450.3,3550.7,Financial Service Provider
4136,1993,4,442,1.0,3467.9,3497.009,3516.945,3543.031,3571.041,3597.528,3448.738,3555.648,Financial Service Provider
4137,1993,4,444,2.0,3467.9,3448.0,3494.0,3532.0,3575.0,3625.0,3438.1,3556.5,Non-Financial Service Provider
4138,1993,4,445,1.0,3467.9,3497.854,3519.513,3550.77,3568.393,3593.113,3452.079,3559.094,Financial Service Provider
4139,1993,4,446,2.0,3467.9,3492.8,3517.0,3539.6,3561.5,3583.6,3449.3,3550.4,Non-Financial Service Provider
4140,1993,4,448,1.0,3467.9,3497.854,3524.653,3547.343,3572.786,3599.285,3448.738,3552.2,Financial Service Provider
4141,1993,4,450,1.0,3467.9,3502.071,3525.474,3548.169,3571.881,3594.875,3452.079,3559.094,Financial Service Provider
4142,1993,4,451,2.0,3467.9,3498.2,3504.3,3519.7,3539.9,3560.3,3448.7,3531.1,Non-Financial Service Provider
4143,1994,1,20,2.0,3503.9,3562.3,3621.5,3682.9,3752.9,3810.0,3654.9,3864.4,Non-Financial Service Provider
4144,1994,1,40,2.0,3503.9,3529.1,3554.6,3577.9,3597.4,3619.9,3564.7,3652.3,Non-Financial Service Provider
4145,1994,1,65,1.0,3503.9,3525.0,3539.0,3550.0,3563.0,3570.0,3544.2,3633.0,Financial Service Provider
4146,1994,1,84,1.0,3503.9,3529.0,3548.0,3569.0,3590.0,3611.0,3559.0,,Financial Service Provider
4147,1994,1,94,1.0,3503.9,3521.6,3548.0,3572.8,3601.6,3625.5,3561.0,3646.9,Financial Service Provider
4148,1994,1,99,1.0,3503.9,3528.0,3543.0,3565.0,3587.0,3610.0,3555.0,3860.0,Financial Service Provider
4149,1994,1,405,1.0,3503.9,3514.7,3531.2,3562.7,3594.4,3606.9,3550.7,3635.3,Financial Service Provider
4150,1994,1,407,1.0,3503.9,3529.031,3549.151,3584.983,3617.694,3637.429,3569.885,3644.853,Financial Service Provider
4151,1994,1,409,1.0,3503.9,3529.0,3557.0,3581.0,3608.0,3629.0,3568.8,3671.8,Financial Service Provider
4152,1994,1,411,2.0,3503.9,3529.8,3554.8,3581.9,3604.5,3630.0,3567.7,3667.6,Non-Financial Service Provider
4153,1994,1,414,1.0,3503.9,3521.0,3551.0,3585.0,3608.0,3621.0,3566.0,3643.0,Financial Service Provider
4154,1994,1,416,2.0,3503.9,3523.0,3544.0,3566.8,3590.6,3608.4,3556.1,3637.2,Non-Financial Service Provider
4155,1994,1,420,1.0,,,,,,,,,Financial Service Provider
4156,1994,1,421,1.0,3503.9,3523.876,3548.288,3577.206,3597.6,3609.236,3562.98,3644.928,Financial Service Provider
4157,1994,1,422,1.0,3503.9,3529.031,3556.069,3581.575,3601.113,3629.583,3566.433,3673.426,Financial Service Provider
4158,1994,1,426,1.0,3503.9,3523.014,3539.631,3560.68,3580.98,3612.782,3552.623,3655.649,Financial Service Provider
4159,1994,1,428,2.0,3503.9,3530.0,3555.5,3579.3,3601.3,3626.7,3566.5,3666.3,Non-Financial Service Provider
4160,1994,1,429,2.0,3503.9,3533.2,3555.9,3576.9,3593.4,3611.1,3564.8,3634.2,Non-Financial Service Provider
4161,1994,1,431,1.0,3503.9,3525.8,3548.7,3576.2,3602.1,3629.2,3563.2,3641.5,Financial Service Provider
4162,1994,1,432,1.0,3503.9,3527.7,3560.4,3585.7,3604.2,,3569.5,,Financial Service Provider
4163,1994,1,433,2.0,3503.9,3532.456,3557.792,3584.181,3612.517,3641.958,3569.885,3676.981,Non-Financial Service Provider
4164,1994,1,435,2.0,3503.9,3529.9,3556.1,3578.1,3600.3,3618.1,3566.1,3642.9,Non-Financial Service Provider
4165,1994,1,437,1.0,3503.9,3531.1,3560.1,3581.5,3605.2,3626.1,3569.5,3659.3,Financial Service Provider
4166,1994,1,439,2.0,3503.9,3529.8,3547.4,3569.3,3591.4,3609.3,3559.5,,Non-Financial Service Provider
4167,1994,1,440,1.0,3503.9,3529.0,3549.5,3569.0,3589.0,3608.6,3559.1,3640.5,Financial Service Provider
4168,1994,1,442,1.0,3503.9,3531.1,3556.8,3586.3,3612.8,3636.8,3571.8,3678.0,Financial Service Provider
4169,1994,1,444,2.0,3503.9,3524.9,3569.0,3603.2,3634.2,3665.5,3582.8,3704.7,Non-Financial Service Provider
4170,1994,1,446,2.0,3503.9,3528.2,3550.9,3572.9,3595.0,3617.3,3561.7,3651.7,Non-Financial Service Provider
4171,1994,1,448,1.0,3503.9,3531.1,3553.6,3579.3,3605.5,3626.5,3567.4,3654.8,Financial Service Provider
4172,1994,1,451,2.0,3503.9,3519.3,3536.0,3558.0,3581.4,3604.1,3542.2,3640.0,Non-Financial Service Provider
4173,1994,2,20,2.0,3539.8,3655.1,3725.1,3810.8,3905.0,3970.5,3682.7,3872.5,Non-Financial Service Provider
4174,1994,2,40,2.0,3539.8,3563.2,3586.4,3606.2,3629.9,3652.4,3573.9,3663.8,Non-Financial Service Provider
4175,1994,2,65,1.0,3539.8,3569.8,3591.4,3622.1,3652.0,3680.9,3580.8,3695.0,Financial Service Provider
4176,1994,2,84,1.0,3539.8,3565.0,3586.0,3607.0,3626.0,3645.0,3574.0,,Financial Service Provider
4177,1994,2,94,1.0,3539.8,3568.7,3597.1,3626.6,3649.1,3666.7,3583.1,3671.4,Financial Service Provider
4178,1994,2,404,2.0,3539.8,3566.3,3591.2,3616.8,3640.5,3666.3,3578.5,3677.9,Non-Financial Service Provider
4179,1994,2,405,1.0,3539.8,3570.9,3597.3,3618.6,3636.6,3653.7,3581.7,3663.9,Financial Service Provider
4180,1994,2,407,1.0,3539.8,3564.4,3590.8,3618.1,3645.5,3666.2,3578.3,3677.2,Financial Service Provider
4181,1994,2,408,1.0,3539.8,3578.111,3616.837,3655.982,,,3598.234,3749.36,Financial Service Provider
4182,1994,2,409,1.0,3539.8,3574.0,3603.0,3629.0,3656.0,3682.0,3586.5,3695.8,Financial Service Provider
4183,1994,2,411,2.0,3539.8,3565.3,3590.1,3612.8,3634.9,3659.2,3577.0,3668.7,Non-Financial Service Provider
4184,1994,2,414,1.0,3539.8,3572.0,3601.0,3620.0,3631.0,3642.0,3583.0,3650.0,Financial Service Provider
4185,1994,2,416,2.0,3539.8,3570.4,3595.1,3617.4,3635.3,3655.1,3580.7,3664.3,Non-Financial Service Provider
4186,1994,2,420,1.0,3539.8,3569.0,3595.0,3625.0,3642.0,3660.0,3570.0,3656.0,Financial Service Provider
4187,1994,2,421,1.0,3539.8,3566.055,3589.886,3610.352,3622.029,3651.547,3577.515,3659.798,Financial Service Provider
4188,1994,2,423,2.0,3539.8,3569.1,3589.2,3613.0,3647.4,3675.1,3577.8,3686.0,Non-Financial Service Provider
4189,1994,2,424,1.0,3539.8,3560.0,3586.0,3609.0,3631.0,3652.0,3574.0,3660.0,Financial Service Provider
4190,1994,2,426,1.0,3539.8,3566.055,3585.509,3606.831,3627.393,3648.073,3574.062,3656.265,Financial Service Provider
4191,1994,2,428,2.0,3539.8,3566.3,3591.6,3614.7,3637.9,3660.2,3578.1,3669.8,Non-Financial Service Provider
4192,1994,2,429,2.0,3539.8,3557.3,3576.1,3593.0,3612.8,3629.8,3566.6,3638.1,Non-Financial Service Provider
4193,1994,2,431,1.0,3539.8,3570.0,3593.0,3613.0,3637.0,3658.0,3579.0,3668.0,Financial Service Provider
4194,1994,2,432,1.0,3539.8,3576.1,3601.5,3620.1,3637.3,3659.2,3584.4,3672.6,Financial Service Provider
4195,1994,2,433,2.0,3539.8,3566.055,3594.247,3623.54,3657.483,3683.717,3580.968,3695.559,Non-Financial Service Provider
4196,1994,2,434,1.0,3539.8,3571.237,3592.474,3615.601,3635.325,3656.05,3580.968,3666.912,Financial Service Provider
4197,1994,2,435,2.0,3539.8,3566.0,3588.1,3610.3,3628.2,3646.2,3576.0,3649.7,Non-Financial Service Provider
4198,1994,2,437,1.0,3539.8,3571.5,3593.0,3616.7,3637.7,3659.3,,,Financial Service Provider
4199,1994,2,439,2.0,3539.8,3567.7,3585.4,3607.6,3630.0,3648.0,3575.2,,Non-Financial Service Provider
4200,1994,2,440,1.0,3539.8,3569.512,3595.115,3616.494,3638.0,3661.42,3560.249,3652.816,Financial Service Provider
4201,1994,2,442,1.0,3539.8,3564.7,3589.6,3611.3,3640.1,3670.7,3576.3,3684.4,Financial Service Provider
4202,1994,2,444,2.0,3539.8,3587.6,3626.7,3653.9,3675.8,3707.4,3602.0,3724.5,Non-Financial Service Provider
4203,1994,2,446,2.0,3539.8,3564.3,3586.4,3608.6,3630.9,3653.4,3574.8,3663.9,Non-Financial Service Provider
4204,1994,2,448,1.0,3542.0,3565.2,3595.3,3623.0,3640.5,3665.5,3581.4,3675.8,Financial Service Provider
4205,1994,2,450,1.0,3539.8,3563.456,3588.142,3612.121,3635.374,3658.777,3574.062,3670.562,Financial Service Provider
4206,1994,2,451,2.0,3539.8,3567.266,3591.63,3612.635,3635.803,3655.548,3560.249,3667.057,Non-Financial Service Provider
4207,1994,2,452,3.0,3539.8,3575.6,3596.2,3608.2,3615.3,3627.0,3580.0,3626.0,Unknown
4208,1994,3,40,2.0,3569.9,3590.2,3607.9,3630.3,3652.1,3674.1,3580.0,3663.2,Non-Financial Service Provider
4209,1994,3,65,1.0,3557.1,3573.5,3598.2,3625.6,3652.8,3671.7,3568.8,3660.3,Financial Service Provider
4210,1994,3,84,1.0,3560.0,3583.0,3607.0,3627.0,3647.0,3667.0,3574.0,3657.0,Financial Service Provider
4211,1994,3,94,1.0,3557.1,3586.8,3613.5,3636.8,3655.9,3674.4,3575.9,3665.3,Financial Service Provider
4212,1994,3,99,1.0,3557.1,3593.0,3617.0,3640.0,3664.0,3685.0,3581.0,3674.0,Financial Service Provider
4213,1994,3,404,2.0,3557.1,3583.2,3613.0,3639.3,3666.3,3688.1,3574.9,3676.1,Non-Financial Service Provider
4214,1994,3,405,1.0,3557.1,3600.6,3621.9,3639.9,3657.0,3679.6,3581.5,3667.2,Financial Service Provider
4215,1994,3,407,1.0,3557.1,3585.222,3612.69,3641.251,3660.219,3683.782,3576.296,3672.856,Financial Service Provider
4216,1994,3,409,1.0,3557.1,3596.0,3626.0,3654.0,3682.0,3712.0,3581.4,3696.8,Financial Service Provider
4217,1994,3,414,1.0,3557.1,3590.0,3616.0,3628.0,3634.0,3651.0,3577.0,3646.0,Financial Service Provider
4218,1994,3,420,1.0,3557.1,3594.0,3625.0,3648.0,3664.0,3685.0,3580.5,3673.5,Financial Service Provider
4219,1994,3,421,1.0,3557.1,3585.222,3605.661,3617.323,3646.803,3664.003,3572.837,3651.44,Financial Service Provider
4220,1994,3,426,1.0,3557.1,3579.126,3597.771,3615.626,3631.788,3648.917,3569.378,3647.905,Financial Service Provider
4221,1994,3,428,2.0,3557.1,3584.8,3609.5,3632.8,3654.1,3674.1,3574.4,3664.0,Non-Financial Service Provider
4222,1994,3,429,2.0,3557.1,3586.3,3613.8,3636.2,3656.9,3677.7,3575.9,3667.2,Non-Financial Service Provider
4223,1994,3,432,1.0,3557.1,3582.6,3601.3,3618.3,3639.8,,3571.8,3653.9,Financial Service Provider
4224,1994,3,433,2.0,3557.1,3580.871,3604.801,3632.419,3663.794,3698.115,3572.837,3680.022,Non-Financial Service Provider
4225,1994,3,434,1.0,3557.1,3576.505,3604.78,3624.445,3645.108,3665.889,3569.378,3651.474,Financial Service Provider
4226,1994,3,435,2.0,3557.1,3579.1,3601.3,3623.6,3641.6,3655.2,3571.0,3647.3,Non-Financial Service Provider
4227,1994,3,437,1.0,3557.1,3587.3,3612.3,3632.8,3654.3,3675.7,3575.7,3665.1,Financial Service Provider
4228,1994,3,439,2.0,3562.1,3585.9,3608.1,3630.5,3648.5,3666.6,3575.6,3657.6,Non-Financial Service Provider
4229,1994,3,442,1.0,3557.1,3584.3,3603.9,3627.9,3650.4,3677.9,3572.9,3664.6,Financial Service Provider
4230,1994,3,444,2.0,3557.1,3598.0,3625.9,3649.5,3680.8,3716.2,3581.8,3703.6,Non-Financial Service Provider
4231,1994,3,445,1.0,3557.1,3579.126,3593.358,3607.646,3621.991,3640.858,3569.378,3633.627,Financial Service Provider
4232,1994,3,446,2.0,3557.1,3579.1,3599.5,3621.8,3643.4,3664.1,3570.5,3653.6,Non-Financial Service Provider
4233,1994,3,448,1.0,3557.1,3589.5,3615.5,3634.5,3657.7,,3577.1,3668.4,Financial Service Provider
4234,1994,3,451,2.0,3557.1,3575.367,3596.804,3621.546,3645.126,3670.557,3559.348,3658.654,Non-Financial Service Provider
4235,1994,3,452,3.0,3557.1,3574.0,3587.5,3602.5,3618.3,3634.1,3566.2,3628.3,Unknown
4236,1994,3,454,1.0,3557.1,3582.613,3609.186,3632.42,3653.129,3678.437,3559.002,3651.536,Financial Service Provider
4237,1994,3,455,1.0,3557.1,3581.742,3605.678,3628.005,3648.689,3668.593,3572.837,3658.585,Financial Service Provider
4238,1994,4,20,2.0,3583.9,3651.9,3737.6,3821.9,3897.2,3982.1,3585.0,3859.7,Non-Financial Service Provider
4239,1994,4,40,2.0,3585.3,3618.1,3648.6,3676.2,3699.7,3723.4,3576.9,3687.0,Non-Financial Service Provider
4240,1994,4,65,1.0,3583.9,3605.8,3619.4,3636.7,3651.0,3669.0,3573.4,3644.0,Financial Service Provider
4241,1994,4,84,1.0,3587.0,3623.0,3642.0,3662.0,3681.0,3700.0,3578.0,3671.0,Financial Service Provider
4242,1994,4,94,1.0,3583.9,3623.6,3654.2,3668.1,3681.2,3697.0,3577.9,3675.1,Financial Service Provider
4243,1994,4,404,2.0,3583.9,3613.7,3644.2,3672.7,3703.0,3727.0,3575.5,3686.7,Non-Financial Service Provider
4244,1994,4,407,1.0,3583.9,3610.482,3638.144,3658.885,3677.043,3698.007,3576.296,3669.279,Financial Service Provider
4245,1994,4,409,1.0,3583.9,3612.0,3638.0,3666.0,3697.0,3723.0,3575.0,3681.0,Financial Service Provider
4246,1994,4,411,2.0,3583.9,3612.4,3638.6,3662.5,3681.4,3697.8,3575.1,3670.1,Non-Financial Service Provider
4247,1994,4,416,2.0,3583.9,3612.2,3639.0,3658.9,3677.9,3696.2,3575.1,3668.0,Non-Financial Service Provider
4248,1994,4,420,1.0,3583.9,3615.0,3638.0,3654.0,3675.0,3698.0,3576.0,3666.0,Financial Service Provider
4249,1994,4,421,1.0,3583.9,3617.472,3632.749,3659.694,3676.955,3697.917,3576.296,3665.703,Financial Service Provider
4250,1994,4,423,2.0,3583.9,3602.0,3630.2,3649.8,3673.2,3697.0,3579.3,3662.6,Non-Financial Service Provider
4251,1994,4,426,1.0,3583.9,3604.332,3623.108,3641.981,3662.744,3677.308,3572.837,3658.585,Financial Service Provider
4252,1994,4,428,2.0,3583.9,3616.2,3646.6,3674.7,3693.8,3710.4,3576.0,3681.4,Non-Financial Service Provider
4253,1994,4,431,1.0,3583.9,3614.856,3635.464,3654.402,3668.933,3682.615,3576.296,3662.127,Financial Service Provider
4254,1994,4,433,2.0,3583.9,3613.108,3639.907,3666.014,3690.513,3714.271,3576.296,3680.008,Non-Financial Service Provider
4255,1994,4,435,2.0,3583.9,3619.3,3646.1,3664.2,3686.9,3714.2,3576.8,3672.9,Non-Financial Service Provider
4256,1994,4,437,1.0,3583.9,3621.0,3645.2,3667.9,3690.1,3712.5,3577.3,3678.9,Financial Service Provider
4257,1994,4,439,2.0,3583.9,3608.2,3630.6,3653.1,3671.2,3689.4,3574.1,3661.1,Non-Financial Service Provider
4258,1994,4,442,1.0,3583.9,3618.9,3644.9,3674.4,3703.8,3733.0,3576.7,3689.0,Financial Service Provider
4259,1994,4,443,1.0,3583.9,3618.9,3638.9,3655.9,3670.9,3680.9,3576.7,3661.7,Financial Service Provider
4260,1994,4,445,1.0,,,,,,,,,Financial Service Provider
4261,1994,4,446,2.0,3583.9,3612.2,3637.3,3658.9,3678.8,3696.2,3575.1,3667.8,Non-Financial Service Provider
4262,1994,4,448,1.0,,,,,,,,,Financial Service Provider
4263,1994,4,450,1.0,3583.9,3609.605,3631.071,3650.879,3667.198,3682.685,3576.296,3662.127,Financial Service Provider
4264,1994,4,452,3.0,3583.9,3610.7,3637.3,3653.3,3671.5,3694.9,3574.7,3664.5,Unknown
4265,1994,4,454,1.0,3583.9,3613.108,3637.253,3660.668,3683.336,3704.335,3562.461,3651.522,Financial Service Provider
4266,1994,4,455,1.0,3583.9,3613.108,3636.368,3654.415,3672.552,3690.778,3576.296,3665.703,Financial Service Provider
4267,1994,4,456,1.0,3583.9,3607.0,3638.4,3662.9,3681.6,3695.7,3573.8,3669.7,Financial Service Provider
4268,1995,1,20,2.0,3625.1,3710.8,3795.1,3870.4,3955.3,4054.0,3832.9,4360.0,Non-Financial Service Provider
4269,1995,1,40,2.0,3625.5,3651.9,3676.4,3698.0,3718.2,3737.5,3686.1,3767.0,Non-Financial Service Provider
4270,1995,1,65,1.0,3625.1,3652.5,3677.5,3699.0,3721.5,,3687.6,,Financial Service Provider
4271,1995,1,84,1.0,3628.0,3647.0,3670.0,3692.0,3714.0,,3681.0,,Financial Service Provider
4272,1995,1,99,1.0,3625.1,3645.0,3667.0,3689.0,3707.0,3717.0,3677.0,3760.0,Financial Service Provider
4273,1995,1,404,2.0,3625.1,3652.3,3680.5,3706.9,3727.5,3746.8,3691.6,3776.2,Non-Financial Service Provider
4274,1995,1,405,1.0,3625.1,3632.2,3665.7,3688.4,3701.1,3726.0,3671.8,3695.3,Financial Service Provider
4275,1995,1,407,1.0,3625.1,3647.548,3687.025,3694.377,3714.531,3729.301,3685.855,3741.143,Financial Service Provider
4276,1995,1,409,1.0,3625.1,3646.0,3673.0,3701.0,3726.0,3750.0,3686.5,3789.5,Financial Service Provider
4277,1995,1,411,2.0,3625.1,3646.658,3669.239,3687.449,3703.022,3724.133,3678.698,3752.272,Non-Financial Service Provider
4278,1995,1,414,1.0,3625.1,3662.5,3691.2,3718.0,3737.9,3747.3,3702.4,3762.0,Financial Service Provider
4279,1995,1,416,2.0,3625.1,3661.7,3681.7,3700.9,3719.2,3742.3,3690.9,3772.1,Non-Financial Service Provider
4280,1995,1,420,1.0,3625.1,3661.0,3682.0,3704.0,3736.0,3759.0,3701.0,3805.0,Financial Service Provider
4281,1995,1,421,1.0,3625.1,3643.091,3670.112,3687.423,3707.538,3735.944,3678.698,3766.987,Financial Service Provider
4282,1995,1,426,1.0,3625.1,3645.767,3664.759,3681.14,3696.686,3715.032,3678.698,3748.593,Financial Service Provider
4283,1995,1,428,2.0,3625.1,3652.9,3682.9,3703.7,3720.2,3735.6,3689.9,3763.1,Non-Financial Service Provider
4284,1995,1,429,2.0,3625.1,3651.4,3675.9,3700.2,3721.7,3743.9,3687.3,3775.2,Non-Financial Service Provider
4285,1995,1,431,1.0,3625.1,3648.437,3667.442,3682.025,3695.756,3715.007,3675.119,3744.947,Financial Service Provider
4286,1995,1,433,2.0,3625.1,3653.759,3683.537,3707.25,3727.474,3751.47,3693.012,3781.644,Non-Financial Service Provider
4287,1995,1,439,2.0,3629.2,3653.4,3680.5,3703.3,3726.2,3749.3,3690.9,3778.5,Non-Financial Service Provider
4288,1995,1,442,1.0,3625.2,3655.8,3684.3,3708.4,3734.7,3763.4,3695.8,3804.1,Financial Service Provider
4289,1995,1,446,2.0,3625.1,3657.3,3676.9,3697.1,3711.7,3732.4,3685.7,3759.9,Non-Financial Service Provider
4290,1995,1,448,1.0,3625.2,3650.0,3671.7,3699.5,3719.0,3744.0,3685.8,3772.8,Financial Service Provider
4291,1995,1,450,1.0,3625.1,3650.214,3671.024,3689.243,3709.368,,3678.698,3763.308,Financial Service Provider
4292,1995,1,451,2.0,3625.1,3657.295,3680.839,3698.2,3719.283,3744.138,3688.718,3781.673,Non-Financial Service Provider
4293,1995,1,452,3.0,3625.1,3653.2,3678.5,3703.4,3730.7,3752.6,3691.9,3785.0,Unknown
4294,1995,1,454,1.0,3625.1,3648.6,3669.1,3691.7,3713.0,3734.3,3680.6,3764.2,Financial Service Provider
4295,1995,1,455,1.0,3625.1,3654.644,3679.067,3700.945,3722.045,,3689.434,3777.98,Financial Service Provider
4296,1995,1,456,1.0,3625.1,3650.4,3679.7,3699.9,3716.6,3738.4,3686.6,3780.7,Financial Service Provider
4297,1995,2,20,2.0,3642.0,3726.3,3793.5,3880.2,3968.8,4015.7,3760.5,4042.1,Non-Financial Service Provider
4298,1995,2,40,2.0,3651.9,3676.4,3698.0,3718.2,3737.5,3756.9,3686.1,3767.0,Non-Financial Service Provider
4299,1995,2,65,1.0,3642.0,3660.1,3683.1,3706.2,3731.4,3767.4,3672.8,3776.8,Financial Service Provider
4300,1995,2,84,1.0,3647.0,3656.0,3678.0,3695.0,3716.0,3737.0,3669.0,3744.0,Financial Service Provider
4301,1995,2,94,1.0,3642.0,3670.8,3690.3,3712.8,3742.0,3763.8,3679.0,3776.9,Financial Service Provider
4302,1995,2,99,1.0,3642.0,3657.381,3676.433,3697.392,3716.652,3738.754,3669.09,3746.141,Financial Service Provider
4303,1995,2,404,2.0,3642.0,3667.6,3694.0,3718.5,3743.3,3763.9,3680.5,3776.9,Non-Financial Service Provider
4304,1995,2,405,1.0,3642.0,3652.2,3680.4,3717.8,3747.4,3756.7,3673.1,3699.5,Financial Service Provider
4305,1995,2,407,1.0,3642.0,3651.974,3673.692,3691.019,3717.492,3735.026,3665.51,3738.821,Financial Service Provider
4306,1995,2,409,1.0,3642.0,3660.0,3682.0,3706.0,3726.0,3748.0,3672.5,3760.5,Financial Service Provider
4307,1995,2,411,2.0,3642.0,3663.5,3685.7,3707.3,3730.2,3746.2,3674.6,3750.9,Non-Financial Service Provider
4308,1995,2,414,1.0,3642.0,3673.458,3693.497,3713.646,3731.161,3748.76,3694.147,3786.501,Financial Service Provider
4309,1995,2,416,2.0,3642.0,3664.6,3684.5,3702.8,3725.8,3746.1,3673.5,3755.8,Non-Financial Service Provider
4310,1995,2,420,1.0,3642.0,3656.0,3678.0,3696.0,3709.0,3722.0,3668.0,3735.0,Financial Service Provider
4311,1995,2,421,1.0,3642.0,3665.446,3682.734,3702.824,3731.193,3752.465,3672.67,3760.814,Financial Service Provider
4312,1995,2,423,2.0,3642.0,3670.8,3694.4,3720.7,3745.9,3776.7,3682.0,3785.7,Non-Financial Service Provider
4313,1995,2,426,1.0,3642.0,3660.972,3679.141,3701.923,3721.207,3743.336,3676.249,3753.45,Financial Service Provider
4314,1995,2,428,2.0,3642.0,3659.6,3682.9,3707.3,3726.3,3740.0,3673.0,3747.2,Non-Financial Service Provider
4315,1995,2,429,2.0,3642.0,3660.9,3687.8,3714.9,3742.9,3767.6,3676.4,3778.8,Non-Financial Service Provider
4316,1995,2,433,2.0,3642.0,3664.552,3683.641,3701.923,3725.754,3747.91,3672.67,3757.141,Non-Financial Service Provider
4317,1995,2,442,1.0,3642.0,3656.1,3688.0,3717.3,3745.1,3770.5,3675.9,3787.4,Financial Service Provider
4318,1995,2,445,1.0,3642.0,3660.075,3699.688,3724.412,3740.141,3762.382,3683.408,3775.494,Financial Service Provider
4319,1995,2,446,2.0,3642.0,3671.7,3698.9,3722.7,3744.0,3762.5,3683.8,3771.5,Non-Financial Service Provider
4320,1995,2,448,1.0,3642.0,3669.0,3694.0,3713.0,3737.0,3757.0,3680.0,3764.0,Financial Service Provider
4321,1995,2,450,1.0,3642.0,3655.6,3678.8,3700.6,3722.5,3744.7,3669.3,3755.6,Financial Service Provider
4322,1995,2,451,2.0,3642.0,3665.446,3682.734,3703.729,3728.48,3753.396,3672.67,3764.486,Non-Financial Service Provider
4323,1995,2,452,3.0,3642.0,3668.5,3695.9,3720.1,3742.5,3764.4,3681.6,3773.8,Unknown
4324,1995,2,454,1.0,3642.0,3662.763,3683.645,3704.646,3722.119,3738.756,3654.772,3724.212,Financial Service Provider
4325,1995,2,455,1.0,3642.0,3657.381,3676.433,3697.392,3717.562,3742.406,3697.727,3775.379,Financial Service Provider
4326,1995,2,456,1.0,3642.0,3658.3,3688.2,3709.8,3736.5,3768.3,3674.6,3778.5,Financial Service Provider
4327,1995,2,457,1.0,3642.0,3655.581,3678.218,3700.994,3719.362,3737.821,3669.09,3746.141,Financial Service Provider
4328,1995,2,458,2.0,3642.0,3664.552,3696.205,3728.13,3755.782,3783.639,3690.568,3804.975,Non-Financial Service Provider
4329,1995,2,461,3.0,3642.0,3655.0,3666.0,3677.0,3688.0,3699.0,3660.0,3742.0,Unknown
4330,1995,2,462,2.0,3642.0,3666.2,3687.5,3707.7,3727.0,3746.0,3675.8,3756.1,Non-Financial Service Provider
4331,1995,2,463,3.0,3642.0,3661.0,3695.0,3717.0,3730.0,3795.0,3679.0,3752.0,Unknown
4332,1995,2,464,1.0,3642.0,3663.5,3683.5,3710.8,3721.9,3723.2,3674.9,3735.3,Financial Service Provider
4333,1995,2,466,1.0,3642.0,3652.0,3673.0,3702.0,3733.0,3760.0,3667.0,3771.0,Financial Service Provider
4334,1995,2,469,2.0,3642.0,3663.0,3680.0,3720.0,3735.0,3745.0,3680.0,3740.0,Non-Financial Service Provider
4335,1995,2,471,1.0,3642.0,3663.8,3680.2,3697.2,3714.8,3733.2,3670.8,3742.5,Financial Service Provider
4336,1995,2,472,2.0,3642.0,3665.7,3689.5,3709.9,3732.3,3751.7,3676.8,3761.5,Non-Financial Service Provider
4337,1995,2,473,2.0,3642.0,3642.91,3649.269,3658.358,3665.653,3668.399,3672.67,3749.796,Non-Financial Service Provider
4338,1995,2,475,2.0,3642.0,3657.0,3671.0,3685.0,3698.0,3711.0,3663.0,3710.0,Non-Financial Service Provider
4339,1995,2,476,1.0,3642.0,3674.9,3694.7,3714.8,3732.3,3748.9,3681.9,3759.7,Financial Service Provider
4340,1995,2,480,1.0,3642.0,3669.0,3687.2,3705.5,3728.5,3751.6,3675.9,3763.2,Financial Service Provider
4341,1995,2,481,3.0,3642.0,3664.552,3686.344,3711.882,3728.474,3742.378,3651.192,3709.611,Unknown
4342,1995,2,483,3.0,3642.1,3664.0,3690.3,3717.4,3744.9,3770.8,3678.5,3782.6,Unknown
4343,1995,2,484,2.0,3642.0,3669.903,3682.681,3698.233,3713.852,3735.024,3679.829,3753.426,Non-Financial Service Provider
4344,1995,2,485,3.0,3642.0,3658.0,3685.0,3715.0,3725.0,3750.6,3675.0,3750.0,Unknown
4345,1995,2,486,1.0,3642.0,3670.5,3694.0,3720.0,3750.0,3775.0,3681.6,3786.0,Financial Service Provider
4346,1995,2,487,3.0,3642.0,3647.3,3666.9,3686.5,3706.1,3725.8,3660.7,3753.7,Unknown
4347,1995,2,488,1.0,3642.0,3662.0,3685.0,3700.0,3720.0,3743.0,3672.3,3752.3,Financial Service Provider
4348,1995,2,489,1.0,,,,,,,,,Financial Service Provider
4349,1995,3,20,2.0,3666.5,3722.2,3817.2,3898.4,3949.7,4012.4,3712.0,3984.1,Non-Financial Service Provider
4350,1995,3,40,2.0,3659.3,3679.4,3703.0,3728.9,3755.9,3777.7,3671.4,3765.1,Non-Financial Service Provider
4351,1995,3,65,1.0,3666.5,3691.3,3711.7,3737.0,3751.4,3774.2,3678.3,3765.9,Financial Service Provider
4352,1995,3,84,1.0,,3693.0,3715.0,3738.0,3757.0,3778.0,3680.0,3767.0,Financial Service Provider
4353,1995,3,94,1.0,3666.5,3693.6,3717.3,3752.6,3776.8,3798.6,3680.3,3787.6,Financial Service Provider
4354,1995,3,404,2.0,3666.5,3694.4,3708.6,3728.8,3750.3,3774.7,3678.4,3762.7,Non-Financial Service Provider
4355,1995,3,407,1.0,3666.5,3681.984,3705.688,3724.079,3737.966,3747.276,3676.249,3742.422,Financial Service Provider
4356,1995,3,409,1.0,3666.5,3683.0,3700.0,3718.0,3737.0,3757.0,3673.4,3746.8,Financial Service Provider
4357,1995,3,411,2.0,3666.5,3688.4,3711.6,3734.3,3755.2,3775.5,3677.6,3764.5,Non-Financial Service Provider
4358,1995,3,414,1.0,3666.5,3685.0,3704.0,3723.0,3742.0,3763.0,3675.0,3753.0,Financial Service Provider
4359,1995,3,420,1.0,,,,,,,,,Financial Service Provider
4360,1995,3,421,1.0,3666.5,3685.599,3712.936,3730.448,3751.716,3774.026,3676.249,3760.803,Financial Service Provider
4361,1995,3,423,2.0,3666.5,3690.1,3717.0,3742.4,3772.3,3796.1,3679.4,3781.9,Non-Financial Service Provider
4362,1995,3,426,1.0,3666.5,3682.889,3703.885,3725.001,3745.322,3762.063,3683.408,3753.393,Financial Service Provider
4363,1995,3,428,2.0,3666.5,3687.5,3709.9,3730.7,3745.8,3759.2,3676.9,3752.5,Non-Financial Service Provider
4364,1995,3,429,2.0,3666.5,3691.8,3720.9,3751.3,3776.9,3800.0,3680.8,3787.6,Non-Financial Service Provider
4365,1995,3,431,1.0,3666.5,3691.9,3706.2,3729.1,3747.7,3765.3,3677.8,3755.8,Financial Service Provider
4366,1995,3,433,2.0,3666.5,3691.002,3712.952,3739.583,3759.063,3773.081,3679.829,3764.465,Non-Financial Service Provider
4367,1995,3,439,2.0,3670.7,3694.3,3719.9,3744.8,3763.4,3786.7,3682.2,3776.2,Non-Financial Service Provider
4368,1995,3,442,1.0,3666.5,3688.304,3713.855,3738.674,3762.741,3786.041,3679.829,3779.184,Financial Service Provider
4369,1995,3,443,1.0,3666.5,3693.695,3701.06,3719.428,3741.546,3760.115,3679.829,3768.145,Financial Service Provider
4370,1995,3,445,1.0,,,,,,,,,Financial Service Provider
4371,1995,3,446,2.0,3666.5,3711.8,3729.3,3746.2,3759.3,3777.3,3693.4,3769.3,Non-Financial Service Provider
4372,1995,3,448,1.0,3666.5,3687.0,3708.0,3730.0,3750.0,3771.0,3676.4,3757.0,Financial Service Provider
4373,1995,3,450,1.0,3666.5,3685.0,3705.6,3728.5,3750.7,3772.3,3675.3,3761.6,Financial Service Provider
4374,1995,3,451,2.0,3666.5,3683.793,3702.076,3723.181,3738.905,3753.772,3672.67,3742.45,Non-Financial Service Provider
4375,1995,3,452,3.0,3666.5,3680.5,3705.3,3728.2,3750.5,3768.6,3674.1,3757.6,Unknown
4376,1995,3,454,1.0,3666.5,3684.697,3707.513,3728.65,3749.907,3770.364,3658.351,3742.493,Financial Service Provider
4377,1995,3,455,1.0,3666.5,3681.984,3697.534,3714.973,3733.411,3751.019,3672.67,3742.45,Financial Service Provider
4378,1995,3,456,1.0,3666.5,3695.4,3712.9,3742.1,3773.6,3799.2,3679.7,3783.7,Financial Service Provider
4379,1995,3,457,1.0,3666.5,3689.204,3707.513,3725.913,3744.405,3762.988,3676.249,3753.45,Financial Service Provider
4380,1995,3,458,2.0,3666.5,3693.695,3723.798,3754.146,3781.991,3810.042,3683.408,3797.594,Non-Financial Service Provider
4381,1995,3,460,1.0,3666.5,3695.0,3725.0,,,,,,Financial Service Provider
4382,1995,3,462,2.0,3666.5,3685.2,3701.4,3716.4,3732.3,3745.3,3674.3,3761.4,Non-Financial Service Provider
4383,1995,3,463,3.0,3666.5,3698.0,3730.0,3744.0,3762.0,3779.0,3685.0,3770.0,Unknown
4384,1995,3,464,1.0,3666.5,3677.5,3700.2,3714.0,3724.2,3733.8,3672.0,3727.5,Financial Service Provider
4385,1995,3,466,1.0,3666.5,3689.204,3716.567,3745.041,3769.15,3792.49,3676.249,3771.832,Financial Service Provider
4386,1995,3,468,2.0,3666.5,3692.1,3711.3,3726.1,3741.7,3757.4,3678.5,3755.7,Non-Financial Service Provider
4387,1995,3,469,2.0,3666.5,3686.0,3672.0,3677.0,3685.0,3700.0,3668.1,3689.5,Non-Financial Service Provider
4388,1995,3,470,2.0,3666.5,,,,,,3680.0,3772.0,Non-Financial Service Provider
4389,1995,3,471,1.0,3666.5,3688.1,3705.6,3723.2,3741.6,3760.4,3676.0,3751.0,Financial Service Provider
4390,1995,3,472,2.0,3666.5,3688.4,3713.1,3731.5,3752.0,3772.6,3678.0,3762.5,Non-Financial Service Provider
4391,1995,3,474,2.0,3666.5,3693.5,3711.8,3734.1,3752.4,3771.6,3678.9,3761.5,Non-Financial Service Provider
4392,1995,3,475,2.0,3666.5,3682.0,3696.0,3709.0,3721.0,3726.0,3672.0,3720.0,Non-Financial Service Provider
4393,1995,3,479,2.0,3666.5,3685.0,3703.0,3721.0,3740.0,3758.0,3675.0,3749.0,Non-Financial Service Provider
4394,1995,3,480,1.0,3666.5,3687.4,3705.5,3728.6,3751.7,3775.0,3675.9,3763.4,Financial Service Provider
4395,1995,3,481,3.0,3666.5,3684.697,3704.797,3725.919,3742.573,3756.53,3654.772,3724.212,Unknown
4396,1995,3,483,3.0,3666.5,3688.1,3713.8,3741.3,3769.6,,3678.1,3782.4,Unknown
4397,1995,3,485,3.0,3666.5,3685.8,3705.0,3725.0,3750.0,3750.0,3675.0,3750.0,Unknown
4398,1995,3,486,1.0,3666.5,3688.0,3710.0,3735.0,3760.0,3783.0,3677.0,3770.0,Financial Service Provider
4399,1995,3,487,3.0,3666.5,3666.9,3686.5,3706.1,3725.8,3745.4,3665.5,3735.6,Unknown
4400,1995,3,488,1.0,3666.5,3685.0,3700.0,3720.0,3738.0,3761.0,3673.8,3751.3,Financial Service Provider
4401,1995,4,20,2.0,3701.1,3807.2,3888.4,3937.7,4012.4,4071.9,3706.6,3977.0,Non-Financial Service Provider
4402,1995,4,40,2.0,3695.2,3714.4,3735.4,3755.8,3775.3,3797.7,3682.0,3766.0,Non-Financial Service Provider
4403,1995,4,65,1.0,3701.1,3716.5,3736.6,3750.4,3772.5,3798.5,3684.0,3764.5,Financial Service Provider
4404,1995,4,84,1.0,3704.0,3715.0,3737.0,3759.0,3780.0,3800.0,3684.0,3769.0,Financial Service Provider
4405,1995,4,94,1.0,3701.1,3727.2,3769.3,3797.6,3823.3,3850.3,3686.6,3810.1,Financial Service Provider
4406,1995,4,99,1.0,3701.1,3716.0,3738.0,3757.0,3777.0,3795.0,3702.0,3777.0,Financial Service Provider
4407,1995,4,404,2.0,3701.1,3722.7,3743.5,3762.7,3782.4,3800.8,3685.5,3772.4,Non-Financial Service Provider
4408,1995,4,405,1.0,3701.1,3725.7,3760.0,3769.4,3778.7,3787.2,3686.2,3773.8,Financial Service Provider
4409,1995,4,407,1.0,3701.1,3725.833,3748.905,3757.312,3764.804,3757.251,3686.988,3757.041,Financial Service Provider
4410,1995,4,409,1.0,3701.1,3710.0,3728.0,3746.0,3763.0,3783.0,3682.3,3755.0,Financial Service Provider
4411,1995,4,411,2.0,3701.1,3721.9,3745.4,3766.9,3787.1,3805.6,3685.3,3776.2,Non-Financial Service Provider
4412,1995,4,420,1.0,,,,,,,,,Financial Service Provider
4413,1995,4,421,1.0,3701.1,3719.469,3737.011,3758.316,3780.666,3789.144,3683.408,3764.443,Financial Service Provider
4414,1995,4,423,2.0,3701.1,3724.4,3751.2,3779.5,3805.3,3826.6,3685.9,3790.7,Non-Financial Service Provider
4415,1995,4,426,1.0,3701.1,3719.469,3732.419,3748.182,3757.517,3775.24,3694.147,3753.254,Financial Service Provider
4416,1995,4,428,2.0,3701.1,3723.1,3744.4,3763.5,3777.9,3790.7,3685.6,3769.1,Non-Financial Service Provider
4417,1995,4,429,2.0,3701.1,3727.7,3757.7,3779.1,3804.5,3828.1,3686.8,3792.4,Non-Financial Service Provider
4418,1995,4,431,1.0,3701.1,3714.902,3736.993,3758.298,3779.725,3798.483,3683.408,3771.81,Financial Service Provider
4419,1995,4,433,2.0,3701.1,3723.11,3751.634,3778.543,3804.719,3828.279,3686.988,3793.911,Non-Financial Service Provider
4420,1995,4,439,2.0,3701.1,3728.6,3756.2,3782.2,3808.4,3832.0,3687.0,3794.7,Non-Financial Service Provider
4421,1995,4,442,1.0,3701.1,3728.552,3754.382,3778.551,3801.021,3825.49,3686.988,3790.224,Financial Service Provider
4422,1995,4,445,1.0,,,,,,,,,Financial Service Provider
4423,1995,4,446,2.0,3701.1,3724.2,3748.2,3770.3,3790.8,3809.5,3686.0,3779.7,Non-Financial Service Provider
4424,1995,4,448,1.0,3701.1,3720.38,3742.504,3762.92,3784.372,3792.859,3683.408,3775.494,Financial Service Provider
4425,1995,4,450,1.0,,,,,,,,,Financial Service Provider
4426,1995,4,451,2.0,3701.1,3723.11,3747.99,3771.198,3794.551,3813.383,3686.988,3782.85,Non-Financial Service Provider
4427,1995,4,452,3.0,3701.1,3709.3,3733.0,3765.8,3795.8,3827.5,3682.2,3780.5,Unknown
4428,1995,4,455,1.0,3701.1,3713.987,3729.671,3749.1,3769.552,3790.116,3683.408,3760.76,Financial Service Provider
4429,1995,4,456,1.0,3701.1,3726.1,3754.7,3783.7,3808.1,3829.0,3686.3,3793.8,Financial Service Provider
4430,1995,4,457,1.0,3701.1,3724.018,3747.078,3770.281,3793.628,3821.765,3686.988,3782.85,Financial Service Provider
4431,1995,4,461,3.0,3701.1,3726.0,3751.0,3772.0,3795.0,3810.0,3686.3,3782.0,Unknown
4432,1995,4,462,2.0,3701.1,3724.9,3748.9,3771.6,3792.1,3811.3,3686.0,3780.9,Non-Financial Service Provider
4433,1995,4,463,3.0,3701.1,3722.0,3744.0,3762.0,3781.0,3799.0,3685.0,3772.0,Unknown
4434,1995,4,464,1.0,3701.1,3715.8,3734.2,3748.1,3759.3,3768.7,3683.8,3752.6,Financial Service Provider
4435,1995,4,465,1.0,3701.1,3710.0,3724.0,3738.0,3756.0,3775.0,3682.0,3748.0,Financial Service Provider
4436,1995,4,469,2.0,3701.1,3723.0,3741.0,3764.0,3797.0,3816.0,3685.0,3779.0,Non-Financial Service Provider
4437,1995,4,471,1.0,3701.1,3722.1,3739.2,3757.7,3776.6,3794.9,3685.3,3767.1,Financial Service Provider
4438,1995,4,472,2.0,3701.1,3724.8,3744.5,3766.6,3789.9,3809.3,3686.0,3777.6,Non-Financial Service Provider
4439,1995,4,475,2.0,3701.1,3720.8,3736.9,3749.4,3753.7,3749.8,3685.0,3747.5,Non-Financial Service Provider
4440,1995,4,480,1.0,3701.1,3722.2,3749.808,3773.028,3796.391,3819.9,,,Financial Service Provider
4441,1995,4,481,3.0,3701.1,3724.018,3747.992,3764.745,3775.989,3790.07,3686.988,3771.789,Unknown
4442,1995,4,484,2.0,3701.1,3729.456,3762.577,3794.159,3825.081,3857.188,3704.886,3834.557,Non-Financial Service Provider
4443,1995,4,485,3.0,3701.1,3699.0,3706.0,3725.0,3775.0,3800.0,3680.0,3750.0,Unknown
4444,1995,4,486,1.0,3701.1,3720.0,3745.0,3774.0,3800.0,3814.0,3684.8,3784.0,Financial Service Provider
4445,1995,4,487,3.0,3701.1,3721.9,3742.8,3763.7,3784.7,3805.7,3685.3,3774.2,Unknown
4446,1995,4,488,1.0,3701.1,3721.0,3740.0,3757.0,3780.0,3805.0,3685.1,3770.5,Financial Service Provider
4447,1995,4,490,1.0,3701.1,3721.0,3741.6,3764.0,3784.1,3802.8,3685.1,3773.1,Financial Service Provider
4448,1996,1,20,2.0,4647.4,4674.1,4706.0,4744.1,4779.0,4810.0,4725.8,4866.7,Non-Financial Service Provider
4449,1996,1,40,2.0,4612.4,4638.5,4671.8,4702.2,4732.2,4767.7,4686.2,4815.3,Non-Financial Service Provider
4450,1996,1,65,1.0,4609.7,4624.8,4654.3,4669.2,4693.8,,4660.5,4770.0,Financial Service Provider
4451,1996,1,84,1.0,4614.0,4637.0,4658.0,4681.0,4705.0,,4670.0,,Financial Service Provider
4452,1996,1,94,1.0,4609.7,4640.9,4668.9,4697.8,4732.3,4759.1,4685.0,4793.5,Financial Service Provider
4453,1996,1,404,2.0,4610.7,4638.119,4672.52,4702.6,4728.253,4757.532,4692.808,4800.742,Non-Financial Service Provider
4454,1996,1,407,1.0,,,,,,,,,Financial Service Provider
4455,1996,1,409,1.0,4609.7,4621.182,4638.415,4655.711,4675.374,4698.577,4650.638,4743.651,Financial Service Provider
4456,1996,1,420,2.0,4609.7,4615.0,4644.0,4660.0,4690.0,4713.0,4652.3,,Non-Financial Service Provider
4457,1996,1,421,1.0,4609.7,4616.599,4642.918,4663.672,4669.491,4665.985,4646.061,4673.938,Financial Service Provider
4458,1996,1,426,2.0,4609.7,4632.578,4658.988,4678.664,4694.954,4714.782,4664.371,4743.665,Non-Financial Service Provider
4459,1996,1,428,2.0,4609.7,4620.6,4638.6,4656.1,4680.3,4702.7,4648.9,4738.2,Non-Financial Service Provider
4460,1996,1,431,1.0,4614.1,4629.023,4649.715,4672.791,4698.282,4722.756,4660.811,4754.027,Financial Service Provider
4461,1996,1,433,2.0,4619.6,4643.209,4671.961,4699.515,4723.879,4745.927,4684.526,4774.001,Non-Financial Service Provider
4462,1996,1,439,2.0,4612.7,4641.3,4675.7,4703.5,4731.5,4760.8,,4688.0,Non-Financial Service Provider
4463,1996,1,442,1.0,4609.7,4627.118,4654.521,4681.057,4713.829,4742.556,4669.968,4786.717,Financial Service Provider
4464,1996,1,445,1.0,,,,,,,,,Financial Service Provider
4465,1996,1,446,2.0,4609.7,4630.4,4656.8,4682.3,4704.4,4727.4,4668.5,4759.2,Non-Financial Service Provider
4466,1996,1,450,1.0,4615.0,4628.0,4653.8,4680.2,4707.4,,4667.4,4774.4,Financial Service Provider
4467,1996,1,452,3.0,4609.7,4626.4,4660.1,4701.1,4723.6,4751.7,4677.8,4798.1,Unknown
4468,1996,1,455,1.0,4609.7,4630.305,4651.002,4676.375,4705.332,4736.776,4668.948,4795.009,Financial Service Provider
4469,1996,1,456,1.0,4609.7,4631.442,4654.427,4679.818,4711.092,4743.729,4668.948,4790.34,Financial Service Provider
4470,1996,1,458,2.0,4609.7,4655.122,4689.649,4724.433,4759.474,4794.775,4714.722,4846.734,Non-Financial Service Provider
4471,1996,1,462,2.0,,,,,,,,,Non-Financial Service Provider
4472,1996,1,463,3.0,,,,,,,,,Unknown
4473,1996,1,465,1.0,4610.0,4615.0,4635.0,4655.0,4680.0,4705.0,4645.0,4750.0,Financial Service Provider
4474,1996,1,467,1.0,4625.0,4600.0,4625.0,4650.0,4670.0,4685.0,4636.0,4725.0,Financial Service Provider
4475,1996,1,469,2.0,4609.7,4614.0,4623.0,4639.0,4657.0,4668.0,4634.0,4634.0,Non-Financial Service Provider
4476,1996,1,471,1.0,4609.7,4625.6,4645.6,4668.1,4682.9,4718.4,4658.3,4759.0,Financial Service Provider
4477,1996,1,472,2.0,4609.7,4629.5,4665.8,4695.2,4720.3,4744.2,4677.7,4778.1,Non-Financial Service Provider
4478,1996,1,474,2.0,,,,,,,,,Non-Financial Service Provider
4479,1996,1,475,2.0,4609.7,4591.15,4596.878,4609.468,4624.376,4645.047,4604.864,4683.147,Non-Financial Service Provider
4480,1996,1,480,1.0,4609.7,4634.847,4663.547,4692.425,4721.482,4749.56,,,Financial Service Provider
4481,1996,1,481,3.0,,,,,,,,,Unknown
4482,1996,1,484,2.0,4623.2,4648.421,4676.064,4706.167,4734.153,4762.306,4711.178,4843.091,Non-Financial Service Provider
4483,1996,1,485,3.0,4609.7,4625.0,4625.0,4650.0,4700.0,4725.0,4650.0,4700.0,Unknown
4484,1996,1,488,1.0,4609.7,4625.0,4652.0,4674.0,4704.0,,4663.8,,Financial Service Provider
4485,1996,1,490,1.0,4609.7,4618.9,4636.1,4655.7,4679.9,4713.5,4647.7,4757.5,Financial Service Provider
4486,1996,2,40,2.0,4653.5,4680.5,4710.5,4740.3,4772.6,4804.0,4696.2,4818.5,Non-Financial Service Provider
4487,1996,2,65,1.0,4653.5,4673.7,4683.8,4694.1,4710.8,4745.4,4676.3,4758.9,Financial Service Provider
4488,1996,2,84,1.0,4657.0,4683.0,4705.0,4731.0,4753.0,4775.0,4694.0,,Financial Service Provider
4489,1996,2,94,1.0,4653.5,4684.7,4723.1,4751.0,4782.7,4808.6,4703.1,4821.9,Financial Service Provider
4490,1996,2,99,1.0,4653.5,4677.0,4706.0,4728.0,4756.0,4867.0,4691.0,4788.0,Financial Service Provider
4491,1996,2,404,2.0,4653.5,4692.2,4723.1,4749.4,4776.3,4803.8,4704.6,4817.0,Non-Financial Service Provider
4492,1996,2,405,1.0,4653.5,4674.5,4685.0,4683.9,4677.0,4671.2,4674.2,4674.6,Financial Service Provider
4493,1996,2,407,1.0,4653.5,4670.854,4704.355,4718.405,4724.292,4720.745,4688.486,4721.306,Financial Service Provider
4494,1996,2,414,1.0,4653.5,4685.738,4703.211,4723.074,4744.186,4774.727,4693.065,4791.619,Financial Service Provider
4495,1996,2,420,2.0,4653.5,4682.0,4694.0,4716.0,4741.0,4758.0,4686.0,4783.0,Non-Financial Service Provider
4496,1996,2,421,1.0,4653.5,4685.738,4712.452,4718.331,4745.23,4741.667,4693.065,4754.075,Financial Service Provider
4497,1996,2,423,2.0,4653.5,4687.6,4718.0,4752.6,4787.9,4822.4,4703.1,4840.6,Non-Financial Service Provider
4498,1996,2,426,2.0,4653.5,4683.457,4702.08,4720.776,4743.042,4757.207,4688.486,4768.19,Non-Financial Service Provider
4499,1996,2,428,2.0,4653.5,4670.9,4687.4,4711.8,4734.3,4756.9,4680.9,4768.8,Non-Financial Service Provider
4500,1996,2,429,2.0,4653.5,4674.7,4707.4,4735.4,4770.0,4800.1,4692.8,4814.3,Non-Financial Service Provider
4501,1996,2,431,1.0,4658.4,4692.952,4708.13,4726.851,4749.145,4772.715,4697.644,4786.899,Financial Service Provider
4502,1996,2,433,2.0,4653.5,4694.828,4716.971,4739.218,4765.072,4792.238,4702.222,4805.671,Non-Financial Service Provider
4503,1996,2,439,2.0,4653.5,4681.2,4692.8,4715.0,4739.5,4764.2,4685.6,4776.7,Non-Financial Service Provider
4504,1996,2,442,1.0,4653.5,4682.315,4693.978,4716.117,4746.477,4778.196,4693.065,4801.005,Financial Service Provider
4505,1996,2,446,2.0,4653.5,4681.9,4710.6,4735.1,4756.4,4779.9,4695.3,4794.8,Non-Financial Service Provider
4506,1996,2,451,2.0,4653.5,4680.03,4709.01,4733.54,4754.698,4775.952,4693.065,4791.619,Non-Financial Service Provider
4507,1996,2,452,3.0,4653.5,4678.9,4712.4,4739.4,4766.1,4792.2,4696.1,4805.3,Unknown
4508,1996,2,455,1.0,4653.5,4684.598,4705.538,4730.05,4753.525,4777.116,4693.065,4801.005,Financial Service Provider
4509,1996,2,456,1.0,4653.5,4696.0,4721.7,4756.2,4784.3,4806.5,4706.8,4814.4,Financial Service Provider
4510,1996,2,462,2.0,4653.5,4674.0,4699.0,4727.0,4757.0,4789.0,4686.0,4806.0,Non-Financial Service Provider
4511,1996,2,463,3.0,4653.5,4671.0,4698.0,4723.0,4745.0,4770.0,4691.0,4794.0,Unknown
4512,1996,2,464,1.0,4653.5,4688.8,4702.1,4716.2,4735.0,4751.5,4690.2,4766.8,Financial Service Provider
4513,1996,2,465,1.0,4653.5,4696.0,4724.0,4752.0,4781.0,4802.0,4706.0,4800.0,Financial Service Provider
4514,1996,2,466,1.0,4653.5,4701.61,4736.482,4769.295,4799.998,4828.542,4715.958,4843.289,Financial Service Provider
4515,1996,2,469,2.0,4653.5,4668.0,4693.0,4717.0,4736.0,4748.0,4683.0,4727.0,Non-Financial Service Provider
4516,1996,2,470,2.0,4653.5,4670.0,4700.0,4720.0,4750.0,4785.0,4760.0,4870.0,Non-Financial Service Provider
4517,1996,2,471,1.0,4653.5,4689.8,4715.5,4739.5,4765.4,4791.6,4699.6,4804.5,Financial Service Provider
4518,1996,2,472,2.0,4653.5,4678.7,4706.5,4732.9,4758.4,4784.0,4692.9,4794.1,Non-Financial Service Provider
4519,1996,2,474,2.0,4653.5,4680.1,4714.3,4737.3,4768.3,4795.9,4696.3,4811.7,Non-Financial Service Provider
4520,1996,2,475,2.0,4653.5,4671.0,4682.0,4694.0,4715.0,4741.0,4675.0,4756.0,Non-Financial Service Provider
4521,1996,2,476,1.0,4653.5,,,,,,4691.6,4788.8,Financial Service Provider
4522,1996,2,480,1.0,4653.5,4673.152,4699.794,4726.588,4754.696,4782.971,4688.486,4711.929,Financial Service Provider
4523,1996,2,481,3.0,4653.5,4670.854,4689.426,4713.854,4736.086,4759.591,4665.593,4758.905,Unknown
4524,1996,2,483,3.0,4654.3,4683.8,4715.2,4745.9,4767.4,4777.5,4699.8,4776.3,Unknown
4525,1996,2,484,2.0,4653.5,4678.886,4705.561,4730.073,4752.382,4779.476,4679.329,4786.954,Non-Financial Service Provider
4526,1996,2,485,3.0,4653.5,4675.0,4721.5,4750.0,4775.0,4800.0,4700.0,4800.0,Unknown
4527,1996,2,488,1.0,4653.5,4685.0,4705.0,4725.0,4747.0,4770.0,4692.1,4778.0,Financial Service Provider
4528,1996,3,20,2.0,4692.0,4739.1,4783.8,4817.0,4855.5,4897.0,4716.0,4873.6,Non-Financial Service Provider
4529,1996,3,40,2.0,4692.0,4724.0,4756.1,4788.6,4820.8,4853.9,4705.3,4836.9,Non-Financial Service Provider
4530,1996,3,65,1.0,4692.0,4725.4,4757.1,4797.1,4841.8,4888.5,4705.9,4863.4,Financial Service Provider
4531,1996,3,84,1.0,4689.0,4706.0,4726.0,4747.0,4769.0,,4692.0,,Financial Service Provider
4532,1996,3,94,1.0,4692.0,4720.7,4755.1,4787.4,4808.0,4836.3,4704.2,4823.6,Financial Service Provider
4533,1996,3,404,2.0,4692.0,4722.5,4748.7,4776.0,4800.9,4824.4,4704.7,4812.3,Non-Financial Service Provider
4534,1996,3,405,1.0,4692.0,4710.9,4721.5,4714.5,4701.7,4689.9,4693.4,4705.1,Financial Service Provider
4535,1996,3,407,1.0,4692.0,4709.497,4740.969,4767.998,4778.689,4777.494,4673.934,4753.391,Financial Service Provider
4536,1996,3,411,2.0,4692.0,4710.0,4736.9,4766.3,4790.6,4814.7,4697.0,4803.5,Non-Financial Service Provider
4537,1996,3,414,1.0,4692.0,4706.0,4733.0,4758.0,4779.0,4809.0,4695.0,4798.0,Financial Service Provider
4538,1996,3,421,1.0,4692.0,4718.75,4724.637,4751.572,4746.813,4756.279,4696.823,4757.881,Financial Service Provider
4539,1996,3,426,2.0,4692.0,4710.656,4725.892,4744.683,4758.853,4780.125,4696.823,4776.669,Non-Financial Service Provider
4540,1996,3,428,2.0,4692.0,4707.9,4731.5,4752.1,4768.4,4785.7,4695.1,4779.1,Non-Financial Service Provider
4541,1996,3,429,2.0,4692.0,4712.0,4742.3,4773.7,4802.1,4830.5,4698.8,4816.9,Non-Financial Service Provider
4542,1996,3,431,1.0,4692.0,4707.175,4729.377,4754.013,4779.947,4800.134,4692.245,4786.089,Financial Service Provider
4543,1996,3,433,2.0,4692.0,4722.205,4742.148,4761.004,4779.935,4803.657,4701.4,4790.727,Non-Financial Service Provider
4544,1996,3,439,2.0,4692.0,4715.3,4750.3,4773.8,4803.4,4833.1,4701.7,4818.4,Non-Financial Service Provider
4545,1996,3,442,1.0,4692.0,4717.596,4744.491,4770.374,4795.223,4820.202,4701.4,4809.533,Financial Service Provider
4546,1996,3,443,1.0,4692.0,4714.13,4745.633,4776.184,4803.413,4827.252,4701.4,4814.234,Financial Service Provider
4547,1996,3,446,2.0,4692.0,4718.75,4743.33,4768.039,4790.528,4813.123,4701.4,4800.13,Non-Financial Service Provider
4548,1996,3,447,1.0,,,,,,,,,Financial Service Provider
4549,1996,3,451,2.0,4692.0,4709.497,4736.346,4765.675,4790.5,4814.275,4696.823,4804.85,Non-Financial Service Provider
4550,1996,3,456,1.0,4692.0,4709.7,4748.9,4781.8,4809.7,4832.9,4699.9,4819.4,Financial Service Provider
4551,1996,3,458,2.0,4692.0,4727.0,4767.0,4803.0,4839.0,4872.0,4709.0,4855.0,Non-Financial Service Provider
4552,1996,3,460,1.0,4692.0,4723.355,4764.153,4794.823,,,,,Financial Service Provider
4553,1996,3,462,2.0,4692.0,4716.0,4751.0,4784.0,4807.0,4841.0,4702.0,4826.0,Non-Financial Service Provider
4554,1996,3,463,3.0,4692.0,4712.0,4742.0,4764.0,4790.0,4815.0,4699.0,4802.0,Unknown
4555,1996,3,464,1.0,4692.0,4704.3,4727.9,4748.2,4764.7,4780.2,4693.3,4774.3,Financial Service Provider
4556,1996,3,465,1.0,4692.0,4715.0,4738.0,4760.0,4782.0,4803.0,4700.0,4780.0,Financial Service Provider
4557,1996,3,469,2.0,4692.0,4720.0,4745.0,4770.0,4785.0,4800.0,4714.0,4785.0,Non-Financial Service Provider
4558,1996,3,470,2.0,4692.0,4730.0,4745.0,4765.0,4800.0,4850.0,4692.0,4800.0,Non-Financial Service Provider
4559,1996,3,471,1.0,4692.0,4717.0,4740.5,4766.3,4792.6,4818.8,4699.7,4805.5,Financial Service Provider
4560,1996,3,472,2.0,4692.0,4720.6,4745.7,4775.7,4803.6,4824.4,4701.8,4814.8,Non-Financial Service Provider
4561,1996,3,474,2.0,4692.0,4718.8,4750.0,,4804.0,4839.3,4702.5,4823.8,Non-Financial Service Provider
4562,1996,3,475,2.0,4692.0,4723.0,4752.0,4780.0,4807.0,4832.0,4704.0,4819.0,Non-Financial Service Provider
4563,1996,3,480,1.0,4692.0,4719.9,4744.5,4772.7,4801.1,4829.6,4701.0,4732.3,Financial Service Provider
4564,1996,3,483,3.0,4692.0,4725.0,4756.0,4777.0,4787.0,4790.0,4706.0,4786.0,Unknown
4565,1996,3,485,3.0,4692.0,4700.0,4759.0,4775.0,4800.0,4850.0,4700.0,4825.0,Unknown
4566,1996,3,486,1.0,4692.0,4721.0,4754.0,4782.0,4810.0,4842.0,4704.0,4826.0,Financial Service Provider
4567,1996,3,488,1.0,4692.0,4720.0,4742.0,4762.0,4785.0,4804.0,4700.8,4792.8,Financial Service Provider
4568,1996,3,490,1.0,4692.0,4721.2,4747.1,4773.0,4794.8,4816.4,4702.4,4806.8,Financial Service Provider
4569,1996,3,491,3.0,4692.0,4711.5,4736.6,4763.3,4782.5,4793.4,4698.4,4749.3,Unknown
4570,1996,4,65,1.0,4692.8,4729.2,4767.9,4796.8,4826.9,4866.0,4689.7,4814.4,Financial Service Provider
4571,1996,4,84,1.0,4692.8,4719.0,4743.0,4767.0,4791.0,4816.0,4688.0,4779.0,Financial Service Provider
4572,1996,4,99,1.0,4692.8,4713.0,4739.0,4762.0,4785.0,4831.0,4698.0,4779.0,Financial Service Provider
4573,1996,4,404,2.0,4692.8,4718.6,4743.8,4765.5,4792.4,4818.0,4687.0,4779.9,Non-Financial Service Provider
4574,1996,4,407,1.0,4692.8,4725.31,4758.045,4767.533,4766.341,4767.532,4687.667,4772.045,Financial Service Provider
4575,1996,4,411,2.0,4692.8,4721.3,4751.1,4774.7,4796.3,4821.4,4687.7,4785.9,Non-Financial Service Provider
4576,1996,4,414,1.0,4692.8,4724.0,4760.0,4773.0,4800.0,4817.0,4689.0,4787.0,Financial Service Provider
4577,1996,4,420,2.0,4692.8,4726.5,4756.5,4778.5,4787.5,4785.0,4689.3,4777.0,Non-Financial Service Provider
4578,1996,4,421,1.0,4692.8,4729.9,4753.374,4754.562,4771.116,4795.97,4687.667,4767.357,Financial Service Provider
4579,1996,4,426,2.0,4692.8,4718.4,4742.979,4763.009,4783.125,4806.863,4687.667,4772.045,Non-Financial Service Provider
4580,1996,4,428,2.0,4692.8,4717.5,4740.0,4761.8,4779.2,4795.7,4686.8,4769.2,Non-Financial Service Provider
4581,1996,4,429,2.0,4692.8,4726.7,4766.2,4800.7,4833.1,4870.6,4689.0,4818.2,Non-Financial Service Provider
4582,1996,4,431,1.0,4694.9,4725.124,4754.383,4777.979,4804.043,4834.97,4687.667,4790.796,Financial Service Provider
4583,1996,4,433,2.0,4692.8,4719.554,4742.977,4765.347,4787.823,4820.992,4687.667,4781.42,Non-Financial Service Provider
4584,1996,4,439,2.0,4692.8,4721.9,4756.9,4789.3,4818.9,4848.7,4687.9,4803.4,Non-Financial Service Provider
4585,1996,4,443,1.0,4692.8,4723.01,4758.041,4791.003,4815.96,4839.862,4687.667,4800.171,Financial Service Provider
4586,1996,4,446,2.0,4692.8,4735.619,4764.943,4793.279,4814.705,4837.413,4692.245,4800.166,Non-Financial Service Provider
4587,1996,4,450,1.0,4692.8,4714.7,4737.9,4762.3,4787.9,4813.9,4686.1,4775.5,Financial Service Provider
4588,1996,4,452,3.0,4712.4,4739.266,4766.285,4792.286,4818.429,4844.714,4696.823,4804.85,Unknown
4589,1996,4,456,1.0,4692.8,4727.8,4766.5,4796.0,4818.5,4843.0,4689.3,4806.0,Financial Service Provider
4590,1996,4,458,2.0,4692.8,4733.333,4774.217,4809.628,4845.301,4875.305,4692.245,4833.012,Non-Financial Service Provider
4591,1996,4,462,2.0,4692.8,4732.0,4769.0,4796.0,4833.0,4871.0,4690.0,4817.0,Non-Financial Service Provider
4592,1996,4,463,3.0,4692.8,4723.0,4753.0,4779.0,4803.0,4830.0,4689.0,4795.0,Unknown
4593,1996,4,465,1.0,4692.8,4719.0,4744.0,4768.0,4789.0,4813.0,4687.0,4778.0,Financial Service Provider
4594,1996,4,469,2.0,4692.8,4711.0,4712.0,4765.0,4780.0,4820.0,4690.0,4760.0,Non-Financial Service Provider
4595,1996,4,471,1.0,4692.8,4718.1,4744.3,4770.5,4796.7,4822.1,4686.9,4783.4,Financial Service Provider
4596,1996,4,472,2.0,4692.8,4718.9,4741.3,4766.4,4797.8,4826.8,4687.1,4783.1,Non-Financial Service Provider
4597,1996,4,474,2.0,4692.8,4733.4,4771.8,4795.5,4836.7,4874.1,4690.7,4819.6,Non-Financial Service Provider
4598,1996,4,475,2.0,4692.8,4726.0,4754.0,4781.0,4806.0,4830.0,4689.0,4793.0,Non-Financial Service Provider
4599,1996,4,480,1.0,4692.8,4726.5,4759.2,4785.2,4818.3,4847.0,4689.0,4802.4,Financial Service Provider
4600,1996,4,481,3.0,4692.8,4714.934,4736.009,4754.841,4772.572,4795.082,4692.245,4776.705,Unknown
4601,1996,4,484,2.0,4692.8,4723.01,4748.775,4777.015,4804.249,4835.177,4687.667,4795.483,Non-Financial Service Provider
4602,1996,4,485,3.0,4692.8,4730.5,4725.0,4750.0,4750.0,4775.0,4690.0,4750.0,Unknown
4603,1996,4,486,1.0,4692.8,4725.0,4760.0,4788.0,4812.0,4837.0,4688.2,4799.3,Financial Service Provider
4604,1996,4,488,1.0,4692.8,4730.0,4755.0,4778.0,4797.0,4812.0,4689.9,4785.5,Financial Service Provider
4605,1996,4,490,1.0,4692.8,4725.2,4756.9,4779.5,4803.2,4828.2,4688.7,4792.0,Financial Service Provider
4606,1996,4,491,3.0,4692.8,4717.1,4735.8,4763.1,4788.3,4809.2,4685.3,4774.1,Unknown
4607,1997,1,20,2.0,4732.3,4783.2,4804.0,4857.0,4905.0,4951.4,4837.3,4984.0,Non-Financial Service Provider
4608,1997,1,40,2.0,4732.3,4773.1,4809.4,4843.8,4878.1,4915.3,4826.1,4970.6,Non-Financial Service Provider
4609,1997,1,65,1.0,4732.3,4763.9,4801.4,4830.4,4871.7,,4816.7,,Financial Service Provider
4610,1997,1,84,1.0,4731.0,4758.0,4781.0,4804.0,4827.0,,4793.0,,Financial Service Provider
4611,1997,1,94,1.0,4732.3,4780.1,4818.0,4852.3,4885.6,4917.7,4834.0,4954.8,Financial Service Provider
4612,1997,1,404,2.0,4732.3,4768.556,4795.742,4826.615,4852.945,4879.419,4812.556,4918.432,Non-Financial Service Provider
4613,1997,1,407,1.0,4732.3,4765.9,4803.5,4833.2,4855.2,4870.6,4814.5,4911.7,Financial Service Provider
4614,1997,1,411,2.0,4732.3,4760.3,4787.3,4810.6,4836.0,4863.6,4798.6,4902.8,Non-Financial Service Provider
4615,1997,1,414,1.0,4732.3,4761.0,4787.0,4815.0,4846.0,4869.0,4802.0,4916.0,Financial Service Provider
4616,1997,1,420,2.0,4732.3,4769.0,4793.0,4821.0,4837.0,4864.0,4805.0,4905.0,Non-Financial Service Provider
4617,1997,1,421,1.0,4732.3,4756.951,4758.14,4774.707,4799.579,4823.399,4770.34,4875.288,Financial Service Provider
4618,1997,1,423,2.0,4733.1,4767.3,4796.8,4832.8,4868.7,4903.1,4816.4,4958.4,Non-Financial Service Provider
4619,1997,1,426,2.0,4732.3,4751.117,4773.525,4790.146,4811.557,4836.621,4779.722,4865.757,Non-Financial Service Provider
4620,1997,1,428,2.0,4732.3,4759.2,4783.4,4802.3,4819.3,4836.6,4791.1,4871.0,Non-Financial Service Provider
4621,1997,1,429,2.0,4732.3,4773.5,4808.6,4842.7,4882.6,4923.7,4826.8,4974.7,Non-Financial Service Provider
4622,1997,1,431,1.0,4727.3,4758.891,4784.852,4808.599,4837.195,4869.521,4801.945,4917.192,Financial Service Provider
4623,1997,1,433,2.0,4732.3,4770.867,4796.893,4821.881,4848.185,4877.016,4812.556,4932.87,Non-Financial Service Provider
4624,1997,1,439,2.0,4732.3,4767.4,4798.1,4829.0,4860.1,4890.2,4813.6,4935.8,Non-Financial Service Provider
4625,1997,1,442,1.0,4732.3,4765.083,4793.42,4823.103,4851.784,4883.018,4807.865,4932.87,Financial Service Provider
4626,1997,1,446,2.0,4732.3,4765.083,4795.759,4825.456,4849.404,4874.665,4803.174,4904.041,Non-Financial Service Provider
4627,1997,1,450,1.0,4732.3,4759.279,4785.242,4810.169,4836.409,4861.603,4798.484,4899.252,Financial Service Provider
4628,1997,1,452,3.0,4732.3,4791.516,4822.361,4847.482,4866.757,4924.135,4831.318,4966.595,Unknown
4629,1997,1,456,1.0,4732.3,4767.399,4795.75,4819.551,4839.905,4856.756,4807.865,4894.407,Financial Service Provider
4630,1997,1,458,2.0,4732.3,4778.929,4820.207,4855.959,4891.976,4922.269,4836.009,4956.909,Non-Financial Service Provider
4631,1997,1,463,3.0,4732.3,4760.0,4781.0,4805.0,4831.0,4858.0,4794.0,4897.0,Unknown
4632,1997,1,464,1.0,4732.3,4759.3,4780.0,4797.8,4809.8,4815.8,4786.7,4811.0,Financial Service Provider
4633,1997,1,465,1.0,4732.3,4753.0,4786.0,4810.0,4836.0,4857.0,4796.0,4892.0,Financial Service Provider
4634,1997,1,466,1.0,4732.3,4772.0,4805.0,4837.0,4875.0,4904.0,4822.0,4943.0,Financial Service Provider
4635,1997,1,469,2.0,4732.3,4789.0,4814.0,4838.0,4862.0,4883.0,4821.0,4923.0,Non-Financial Service Provider
4636,1997,1,471,1.0,4732.3,4762.2,4788.5,4814.8,4840.3,4865.1,4801.4,4896.9,Financial Service Provider
4637,1997,1,472,2.0,4732.3,4762.9,4787.6,4816.8,4844.7,4873.1,4803.0,4919.7,Non-Financial Service Provider
4638,1997,1,474,2.0,4732.3,4779.0,4816.1,4861.1,4885.1,4917.8,4794.6,4929.3,Non-Financial Service Provider
4639,1997,1,475,2.0,4732.3,4758.0,4781.0,4803.0,4824.0,4844.0,4792.0,4875.0,Non-Financial Service Provider
4640,1997,1,481,3.0,4732.3,4755.786,4778.216,4796.035,4813.919,4833.061,4775.031,4856.206,Unknown
4641,1997,1,484,2.0,4732.3,4768.556,4799.254,4828.972,4860.059,4892.538,4817.246,4952.129,Non-Financial Service Provider
4642,1997,1,485,3.0,4732.3,4775.0,4800.0,4800.0,4825.0,4850.0,4800.0,4900.0,Unknown
4643,1997,1,488,1.0,4732.3,4765.0,4793.0,4813.0,4825.0,,4799.0,,Financial Service Provider
4644,1997,1,490,1.0,4732.3,4766.3,4793.9,4815.5,4838.3,4862.3,4803.5,4902.7,Financial Service Provider
4645,1997,2,20,2.0,4806.0,4826.1,4869.0,4916.0,4970.0,5020.0,4854.3,5026.0,Non-Financial Service Provider
4646,1997,2,40,2.0,4806.0,4835.7,4869.3,4901.9,4935.5,,4853.2,4988.8,Non-Financial Service Provider
4647,1997,2,65,2.0,4806.0,4834.8,4861.4,4885.7,4911.4,4935.9,4846.9,4943.9,Non-Financial Service Provider
4648,1997,2,84,1.0,4801.0,4820.0,4842.0,4864.0,4886.0,4908.0,4832.0,,Financial Service Provider
4649,1997,2,94,1.0,4805.8,4848.2,4892.2,4926.6,4948.9,4969.5,4868.2,4984.1,Financial Service Provider
4650,1997,2,99,1.0,4806.0,4826.296,4866.807,4906.471,4936.853,4961.354,4850.184,4961.738,Financial Service Provider
4651,1997,2,404,2.0,4806.0,4831.5,4859.5,4888.2,4925.3,4947.9,4846.3,4962.2,Non-Financial Service Provider
4652,1997,2,411,2.0,4806.0,4834.6,4858.4,4882.6,4912.0,4937.3,4845.4,4949.4,Non-Financial Service Provider
4653,1997,2,414,1.0,4806.0,4818.0,4854.0,4886.0,4897.0,4921.0,4841.0,4930.0,Financial Service Provider
4654,1997,2,420,2.0,4806.0,4832.0,4860.0,4878.0,4905.0,4930.0,4844.0,4938.0,Non-Financial Service Provider
4655,1997,2,421,1.0,4806.0,4826.296,4843.101,4868.329,4892.49,4920.383,4836.112,4932.834,Financial Service Provider
4656,1997,2,423,2.0,4807.7,4841.1,4878.4,4920.0,4958.0,4996.2,4861.8,5016.1,Non-Financial Service Provider
4657,1997,2,426,2.0,4806.0,4823.922,4835.937,4858.745,4879.265,4890.206,4831.421,4899.062,Non-Financial Service Provider
4658,1997,2,428,2.0,4806.0,4832.8,4855.2,4873.7,4891.6,4908.3,4841.9,4919.6,Non-Financial Service Provider
4659,1997,2,429,2.0,4806.0,4841.0,4878.4,4915.5,4955.1,4986.8,4860.2,5002.4,Non-Financial Service Provider
4660,1997,2,431,1.0,,,,,,,4840.1,4947.6,Financial Service Provider
4661,1997,2,433,2.0,4806.0,4845.168,4870.407,4894.579,4920.075,4945.705,4854.875,4961.682,Non-Financial Service Provider
4662,1997,2,439,2.0,4801.0,4831.9,4863.0,4894.3,4924.6,4955.1,4847.6,4970.6,Non-Financial Service Provider
4663,1997,2,443,1.0,4806.0,4828.0,4858.0,4888.0,4920.5,4950.5,4845.0,,Financial Service Provider
4664,1997,2,446,2.0,4806.0,4858.0,4888.1,4916.0,4939.2,4960.0,4867.0,4970.5,Non-Financial Service Provider
4665,1997,2,452,3.0,4806.0,4846.0,4875.3,4900.7,4924.9,4950.6,4857.0,4964.2,Unknown
4666,1997,2,456,1.0,4806.0,4826.296,4860.913,4892.205,4918.893,4942.093,4845.493,4947.249,Financial Service Provider
4667,1997,2,458,2.0,4806.0,4835.76,4883.409,4925.589,4968.133,5004.982,4864.256,5019.913,Non-Financial Service Provider
4668,1997,2,462,2.0,4806.0,4844.0,4887.0,4921.0,4943.0,4963.0,4868.0,4980.0,Non-Financial Service Provider
4669,1997,2,463,3.0,4806.0,4823.0,4851.0,4877.0,4903.0,4930.0,4839.0,4942.0,Unknown
4670,1997,2,465,1.0,4806.0,4818.0,4842.0,4872.0,4900.0,4935.0,4835.0,4935.0,Financial Service Provider
4671,1997,2,466,1.0,4806.0,4834.58,4860.954,4904.124,4948.871,4958.739,4840.803,4947.3,Financial Service Provider
4672,1997,2,469,2.0,4806.0,4876.0,4898.0,4932.0,4963.0,5007.0,4875.0,5001.0,Non-Financial Service Provider
4673,1997,2,470,2.0,4806.0,,,,,,4830.0,4885.0,Non-Financial Service Provider
4674,1997,2,471,1.0,4806.0,4836.7,4863.6,4889.6,4914.7,4937.0,4849.0,4946.8,Financial Service Provider
4675,1997,2,472,2.0,4806.0,4835.6,4863.5,4890.6,4917.7,4947.1,4848.9,4963.1,Non-Financial Service Provider
4676,1997,2,475,2.0,4806.0,4797.7,4831.8,4860.0,4884.7,4906.2,4823.9,4914.0,Non-Financial Service Provider
4677,1997,2,481,3.0,4806.0,4831.035,4850.245,4867.132,4885.282,4901.083,4807.968,4880.087,Unknown
4678,1997,2,483,3.0,4806.0,4826.1,4854.5,4892.9,4920.1,4939.3,4845.3,4946.4,Unknown
4679,1997,2,484,2.0,4806.0,4834.58,4865.703,4898.219,4927.348,4954.228,,,Non-Financial Service Provider
4680,1997,2,485,3.0,4806.0,4850.0,4925.0,5019.0,5025.0,5050.0,4900.0,5100.0,Unknown
4681,1997,2,486,1.0,4806.0,4827.0,4862.0,4895.0,4918.0,4937.0,4847.5,4969.0,Financial Service Provider
4682,1997,2,488,1.0,4806.0,4835.0,4860.0,4886.0,4910.0,4935.0,4846.8,4952.5,Financial Service Provider
4683,1997,2,490,1.0,4806.0,4832.0,4859.3,4879.1,4901.7,4924.4,4844.1,4937.3,Financial Service Provider
4684,1997,2,493,1.0,4806.0,4833.2,4862.5,4888.2,,,4847.5,4950.2,Financial Service Provider
4685,1997,3,65,2.0,4827.9,4855.0,4885.0,4914.0,4937.0,4960.0,4871.0,4975.0,Non-Financial Service Provider
4686,1997,3,84,1.0,4826.0,4867.0,4896.0,4926.0,4956.0,4982.0,4852.0,4963.0,Financial Service Provider
4687,1997,3,94,1.0,4827.9,4882.0,4931.8,4968.1,4995.0,5021.3,4864.9,5010.4,Financial Service Provider
4688,1997,3,404,2.0,4839.4,4875.1,4911.4,4939.6,4974.1,5010.3,4860.0,4991.1,Non-Financial Service Provider
4689,1997,3,407,1.0,4827.9,4857.795,4896.2,4930.119,4963.066,4990.141,4850.809,4976.93,Financial Service Provider
4690,1997,3,411,2.0,4827.9,4866.8,4902.2,4934.7,4964.0,4989.5,4853.8,4976.3,Non-Financial Service Provider
4691,1997,3,414,1.0,4827.9,4870.0,4913.0,4928.0,4978.0,5019.0,4857.0,4989.0,Financial Service Provider
4692,1997,3,420,2.0,4827.9,4870.0,4892.0,4915.0,4937.0,4976.0,4852.0,4962.0,Non-Financial Service Provider
4693,1997,3,421,1.0,4827.9,4870.776,4902.132,4933.69,4963.029,4997.412,4855.523,4976.911,Financial Service Provider
4694,1997,3,423,2.0,4827.3,4863.1,4904.2,4939.9,4976.6,5015.8,4853.5,4996.6,Non-Financial Service Provider
4695,1997,3,426,2.0,4827.9,4858.98,4883.095,4903.717,4922.003,4944.004,4846.095,4933.324,Non-Financial Service Provider
4696,1997,3,428,2.0,4827.9,4866.3,4896.6,4919.7,4937.8,4953.3,4852.2,4945.2,Non-Financial Service Provider
4697,1997,3,429,2.0,4827.9,4875.9,4912.1,4948.0,4980.2,5012.9,4858.5,4996.8,Non-Financial Service Provider
4698,1997,3,433,2.0,4827.9,4864.889,4899.782,4938.518,4973.939,5005.959,4850.809,4986.632,Non-Financial Service Provider
4699,1997,3,439,2.0,4827.9,4866.1,4902.2,4941.5,4969.1,5002.9,4853.6,4987.6,Non-Financial Service Provider
4700,1997,3,442,1.0,4827.9,4873.125,4916.404,4950.463,4983.545,5021.727,4860.237,5006.044,Financial Service Provider
4701,1997,3,446,2.0,4827.9,4862.5,4880.2,4915.8,4937.8,4958.7,4849.7,4948.3,Non-Financial Service Provider
4702,1997,3,451,2.0,4827.9,4866.068,4902.16,4933.718,4961.845,4991.352,4869.666,4981.668,Non-Financial Service Provider
4703,1997,3,452,3.0,4827.9,4844.41,4875.44,4907.11,4934.14,4948.31,4841.48,4936.55,Unknown
4704,1997,3,458,2.0,4827.9,4881.321,4929.418,4977.99,5020.987,5058.229,4864.951,5040.089,Non-Financial Service Provider
4705,1997,3,462,2.0,4827.9,4876.0,4926.0,4962.0,4988.0,,4862.0,5005.0,Non-Financial Service Provider
4706,1997,3,463,3.0,4827.9,4870.0,4902.0,4934.0,4967.0,4998.0,4855.0,4983.0,Unknown
4707,1997,3,464,1.0,4827.9,4860.2,4890.3,4915.7,4934.1,4946.4,4849.1,4940.8,Financial Service Provider
4708,1997,3,465,1.0,4827.9,4859.4,4901.9,4932.5,4957.2,4982.0,4851.8,4970.4,Financial Service Provider
4709,1997,3,466,1.0,4827.9,4857.795,4893.826,4931.32,4963.066,4993.798,4841.381,4967.257,Financial Service Provider
4710,1997,3,469,2.0,4827.9,4895.0,4925.0,4953.0,4988.0,5009.0,4870.0,4990.0,Non-Financial Service Provider
4711,1997,3,470,2.0,4827.9,4865.0,4900.0,4920.0,4930.0,4955.0,4852.0,4950.0,Non-Financial Service Provider
4712,1997,3,471,1.0,4827.9,4865.6,4894.1,4919.4,4941.8,4962.6,4851.4,4951.5,Financial Service Provider
4713,1997,3,472,2.0,4827.9,4873.0,4903.0,4931.0,4961.0,4991.0,4855.0,4975.0,Non-Financial Service Provider
4714,1997,3,474,2.0,4827.9,4870.8,4919.0,4955.0,4978.6,5002.2,4853.9,4991.3,Non-Financial Service Provider
4715,1997,3,475,2.0,4827.9,4866.0,4900.0,4930.0,4958.0,4986.0,4853.0,4972.0,Non-Financial Service Provider
4716,1997,3,481,3.0,4827.9,4851.86,4875.94,4897.735,4915.999,4934.331,4855.523,4942.922,Unknown
4717,1997,3,483,3.0,4827.9,4865.0,4910.0,4945.0,4983.0,5020.0,4855.0,5001.0,Unknown
4718,1997,3,484,2.0,4827.9,4858.98,4891.451,4919.337,4946.173,4971.939,4853.166,4959.936,Non-Financial Service Provider
4719,1997,3,485,3.0,,,,,,,,,Unknown
4720,1997,3,488,1.0,4827.9,4863.0,4890.0,4915.0,4942.0,4966.0,4849.8,4954.0,Financial Service Provider
4721,1997,3,490,1.0,4827.9,4867.1,4902.3,4933.0,4960.1,4984.7,4853.9,4972.5,Financial Service Provider
4722,1997,4,20,2.0,4897.1,4938.0,4993.0,5053.0,5086.0,5137.0,4870.7,5067.3,Non-Financial Service Provider
4723,1997,4,40,2.0,4897.1,4927.3,4958.7,4992.6,5026.6,5057.6,4868.0,5008.9,Non-Financial Service Provider
4724,1997,4,65,2.0,4897.1,4928.9,4959.7,4989.5,5018.2,5045.8,4868.4,5003.3,Non-Financial Service Provider
4725,1997,4,84,1.0,4894.0,4904.0,4951.0,4988.0,5012.0,5017.0,4866.0,4993.0,Financial Service Provider
4726,1997,4,94,1.0,4897.1,4934.7,4962.5,4994.8,5024.0,5058.7,4869.8,5010.0,Financial Service Provider
4727,1997,4,99,1.0,4897.1,4915.0,4951.0,4988.0,5010.0,5038.0,4865.0,4997.0,Financial Service Provider
4728,1997,4,404,2.0,4897.1,4933.4,4974.7,5007.7,5036.8,5071.1,4869.5,5022.6,Non-Financial Service Provider
4729,1997,4,411,2.0,4897.1,4925.2,4947.8,4969.8,4992.1,5014.5,4867.4,4981.1,Non-Financial Service Provider
4730,1997,4,414,1.0,4897.1,4937.011,4957.86,5010.319,5052.374,5069.965,4869.666,5020.625,Financial Service Provider
4731,1997,4,420,2.0,4897.1,4929.0,4952.0,4974.0,5015.0,5033.0,4868.0,4994.0,Non-Financial Service Provider
4732,1997,4,421,1.0,4897.1,4926.222,4957.935,4987.418,5021.969,5040.697,4869.666,5006.016,Financial Service Provider
4733,1997,4,426,2.0,4897.1,4912.938,4937.321,4955.733,4971.761,4995.21,4864.951,4967.115,Non-Financial Service Provider
4734,1997,4,428,2.0,4897.1,4926.0,4951.9,4973.7,4993.4,5010.5,4867.7,4982.4,Non-Financial Service Provider
4735,1997,4,429,2.0,4897.1,4932.3,4974.0,5007.1,5042.6,5075.0,4869.2,5024.7,Non-Financial Service Provider
4736,1997,4,431,1.0,4897.1,4920.197,4951.872,4978.885,5003.595,5030.891,4864.848,4991.334,Financial Service Provider
4737,1997,4,433,2.0,4897.1,4928.625,4962.77,4995.934,5028.096,5060.464,4869.666,5015.755,Non-Financial Service Provider
4738,1997,4,439,2.0,4897.1,4909.3,4945.7,4973.3,5007.1,5041.2,4863.1,4991.8,Non-Financial Service Provider
4739,1997,4,442,1.0,4897.1,4916.572,4960.236,4994.599,5034.085,5068.959,4864.951,5010.9,Financial Service Provider
4740,1997,4,452,3.0,4897.1,4924.5,4957.5,4988.2,5014.0,5043.5,4867.3,5000.8,Unknown
4741,1997,4,456,1.0,4897.1,4922.1,4963.5,5007.0,5041.7,5070.4,4866.7,5020.7,Financial Service Provider
4742,1997,4,458,2.0,4897.1,4927.424,4981.946,5037.071,5074.432,5112.069,4869.666,5054.713,Non-Financial Service Provider
4743,1997,4,462,2.0,4897.1,4932.0,4968.0,5000.0,5028.0,5061.0,4867.0,5014.0,Non-Financial Service Provider
4744,1997,4,463,3.0,4897.1,4921.0,4960.0,4995.0,5026.0,5059.0,4866.0,5010.0,Unknown
4745,1997,4,464,1.0,4897.1,4914.4,4940.6,4971.2,4998.3,5023.1,4864.8,4983.3,Financial Service Provider
4746,1997,4,465,1.0,4897.1,4942.5,4970.0,4999.0,5010.0,5060.0,4871.8,5010.0,Financial Service Provider
4747,1997,4,466,1.0,4897.1,4939.0,4980.0,5012.0,5042.0,5077.0,4871.0,5028.0,Financial Service Provider
4748,1997,4,469,2.0,4897.1,4943.0,4974.0,5001.0,5026.0,5051.0,4872.0,5000.0,Non-Financial Service Provider
4749,1997,4,470,2.0,4897.1,4927.424,4951.879,4974.014,4998.699,5027.197,4864.951,4967.115,Non-Financial Service Provider
4750,1997,4,471,1.0,4897.1,4936.3,4967.9,4994.1,5018.2,5041.0,4870.2,5005.3,Financial Service Provider
4751,1997,4,472,2.0,4897.1,4931.9,4962.5,4991.2,5021.3,5048.6,4869.1,5005.9,Non-Financial Service Provider
4752,1997,4,475,2.0,4897.1,4916.9,4946.8,4975.2,5003.0,5030.1,4865.4,4988.8,Non-Financial Service Provider
4753,1997,4,481,3.0,4897.1,4921.404,4945.829,4966.716,4986.465,5002.592,4855.523,4957.489,Unknown
4754,1997,4,483,3.0,4897.1,4954.0,4992.0,5036.0,5075.0,5114.0,4875.0,5054.0,Unknown
4755,1997,4,484,2.0,4897.1,4928.625,4950.656,4978.88,5003.59,5029.655,4869.666,4991.407,Non-Financial Service Provider
4756,1997,4,485,3.0,4897.1,4955.5,5000.0,5050.0,5075.0,5075.0,4875.0,5050.0,Unknown
4757,1997,4,486,1.0,4897.1,4938.0,4976.0,5005.0,5038.0,5070.0,4870.7,5020.8,Financial Service Provider
4758,1997,4,488,1.0,4897.1,4922.0,4953.0,4983.0,5015.0,5045.0,4866.7,4999.0,Financial Service Provider
4759,1997,4,494,2.0,4897.1,4920.0,4943.0,4967.0,4991.0,5013.0,4865.0,4979.0,Non-Financial Service Provider
4760,1998,1,20,2.0,4935.0,4996.0,5057.0,5089.0,5142.0,5180.0,5071.0,5346.0,Non-Financial Service Provider
4761,1998,1,40,2.0,4935.0,4969.5,5000.4,5029.0,5053.4,5083.2,5013.1,5129.2,Non-Financial Service Provider
4762,1998,1,65,2.0,4935.0,4967.979,4999.961,5030.922,5062.075,5092.178,4991.443,5101.254,Non-Financial Service Provider
4763,1998,1,84,1.0,4935.0,4979.0,5015.0,5048.0,5079.0,5109.0,5030.0,,Financial Service Provider
4764,1998,1,404,2.0,4944.1,4993.4,5032.7,5075.6,5116.1,5147.1,5054.5,5206.6,Non-Financial Service Provider
4765,1998,1,407,1.0,4935.0,4962.0,4993.2,5029.9,5069.4,5097.0,5013.6,5142.4,Financial Service Provider
4766,1998,1,411,2.0,4935.0,4969.3,5007.7,5037.2,5068.9,5102.7,5020.8,5150.4,Non-Financial Service Provider
4767,1998,1,414,1.0,4935.0,4984.0,5020.0,5065.0,5109.0,5159.0,5045.0,5207.0,Financial Service Provider
4768,1998,1,420,2.0,4935.0,4972.0,5002.0,5043.0,5077.0,5131.0,5024.0,5191.0,Non-Financial Service Provider
4769,1998,1,426,2.0,4935.0,4965.559,4987.754,5005.121,5023.785,5056.126,4996.313,5101.235,Non-Financial Service Provider
4770,1998,1,428,2.0,4935.0,4974.8,5007.3,5035.5,5062.0,5088.1,5019.9,5123.2,Non-Financial Service Provider
4771,1998,1,429,2.0,4935.0,4981.8,5024.8,5066.4,5105.9,5148.4,5044.7,5201.8,Non-Financial Service Provider
4772,1998,1,431,1.0,4935.0,4969.188,4999.958,5026.004,5049.709,5079.738,5010.921,5121.162,Financial Service Provider
4773,1998,1,433,2.0,4935.0,4972.81,5008.477,5039.491,5068.221,5098.361,5020.661,5141.157,Non-Financial Service Provider
4774,1998,1,442,1.0,4935.0,4965.559,5004.815,5043.159,5081.797,5118.247,5025.531,5171.271,Financial Service Provider
4775,1998,1,446,2.0,4935.0,4982.428,5021.818,5055.377,5084.198,5113.184,5035.27,5156.117,Non-Financial Service Provider
4776,1998,1,452,3.0,4935.0,4972.81,5007.26,5035.807,5062.039,5080.916,5020.661,5116.054,Unknown
4777,1998,1,456,1.0,4935.0,4975.0,5009.5,5045.3,5086.2,5134.0,5029.0,5199.8,Financial Service Provider
4778,1998,1,458,2.0,4935.0,4995.563,5038.712,5100.549,5138.38,5189.01,5069.358,5256.924,Non-Financial Service Provider
4779,1998,1,462,2.0,4935.0,4970.0,5009.0,5041.0,5074.0,,5023.0,5132.0,Non-Financial Service Provider
4780,1998,1,463,3.0,4935.0,4983.0,5026.0,5062.0,5099.0,5135.0,5043.0,5189.0,Unknown
4781,1998,1,464,1.0,4935.0,4967.1,4993.6,5015.9,5040.8,5063.3,5006.1,5091.2,Financial Service Provider
4782,1998,1,465,1.0,4935.0,4985.2,5014.6,5038.0,5068.0,5100.0,5026.4,5148.2,Financial Service Provider
4783,1998,1,469,2.0,4935.0,4998.0,5025.0,5050.0,5075.0,5100.0,5037.0,5170.0,Non-Financial Service Provider
4784,1998,1,470,2.0,4935.0,4969.188,4999.958,5030.919,5062.072,5090.932,4991.443,5096.263,Non-Financial Service Provider
4785,1998,1,472,2.0,4935.0,4973.6,5007.5,5042.1,5072.3,5102.0,5023.9,5149.1,Non-Financial Service Provider
4786,1998,1,475,2.0,4935.0,4970.0,5005.0,5040.0,5074.0,5108.0,5022.0,5158.0,Non-Financial Service Provider
4787,1998,1,481,3.0,,,,,,,,,Unknown
4788,1998,1,484,2.0,4935.0,4970.396,5008.477,5044.4,5081.814,5115.775,5025.531,5171.271,Non-Financial Service Provider
4789,1998,1,485,3.0,4935.0,5000.0,5025.0,5075.0,5100.0,5150.0,5050.0,5200.0,Unknown
4790,1998,1,486,1.0,4935.0,,,,,,,,Financial Service Provider
4791,1998,1,488,1.0,4935.0,4975.0,5005.0,5035.0,5067.0,,5020.5,,Financial Service Provider
4792,1998,2,40,2.0,4994.6,5031.7,5064.8,5094.6,5126.9,5160.2,5046.4,5176.2,Non-Financial Service Provider
4793,1998,2,65,2.0,4994.6,5031.646,5068.966,5105.323,5139.44,5172.525,5032.995,5158.82,Non-Financial Service Provider
4794,1998,2,84,1.0,5000.0,5045.0,5078.0,5111.0,,,5058.0,,Financial Service Provider
4795,1998,2,94,1.0,4994.6,5042.6,5087.4,5115.5,5145.9,5169.1,5060.0,5186.5,Financial Service Provider
4796,1998,2,99,1.0,4994.6,5040.173,5086.161,5132.569,5173.146,5211.515,5062.2,5229.253,Financial Service Provider
4797,1998,2,407,1.0,4994.6,5028.6,5077.0,5118.7,5151.4,5179.3,5054.7,5201.5,Financial Service Provider
4798,1998,2,411,2.0,4994.6,5034.2,5071.6,5105.1,5143.1,5178.1,5051.4,5191.9,Non-Financial Service Provider
4799,1998,2,414,1.0,4994.6,5024.302,5078.68,5129.955,5178.01,5210.073,5057.333,5224.225,Financial Service Provider
4800,1998,2,420,2.0,4986.0,5016.0,5059.0,5093.0,5147.0,5172.0,5039.0,5170.0,Non-Financial Service Provider
4801,1998,2,421,1.0,4994.6,5035.305,5078.797,5117.708,5168.135,5224.07,5057.333,5239.396,Financial Service Provider
4802,1998,2,428,2.0,4994.6,5026.4,5051.0,5074.4,5098.3,5124.7,5036.6,5141.3,Non-Financial Service Provider
4803,1998,2,429,2.0,4994.6,5044.2,5081.7,5114.5,5153.1,5186.2,5058.8,5202.4,Non-Financial Service Provider
4804,1998,2,431,1.0,4994.6,5036.523,5078.799,5118.951,5165.658,5202.708,5057.333,5219.167,Financial Service Provider
4805,1998,2,433,2.0,4994.6,5042.601,5086.156,5120.146,5151.851,5179.955,5062.2,5193.817,Non-Financial Service Provider
4806,1998,2,439,2.0,4994.6,5016.3,5053.5,5087.9,5119.4,5151.1,5038.1,5167.2,Non-Financial Service Provider
4807,1998,2,446,2.0,4994.6,5036.523,5076.341,5105.281,5134.387,5162.396,5052.465,5173.724,Non-Financial Service Provider
4808,1998,2,452,3.0,4994.6,5049.865,5087.32,5131.262,5169.321,5206.397,5067.067,5224.146,Unknown
4809,1998,2,456,1.0,4994.6,5044.8,5071.8,5109.6,5152.7,5189.7,5055.2,5204.1,Financial Service Provider
4810,1998,2,462,2.0,4994.6,5043.0,5086.0,5113.0,5141.0,5162.0,5059.0,5178.0,Non-Financial Service Provider
4811,1998,2,463,3.0,4994.6,5044.0,5082.0,5121.0,5157.0,5193.0,5060.0,5210.0,Unknown
4812,1998,2,472,2.0,4994.6,5024.302,5068.922,5100.311,5131.893,5163.671,5047.598,5183.883,Non-Financial Service Provider
4813,1998,2,475,2.0,4994.6,5043.0,5084.0,5125.0,5167.0,5208.0,5062.0,5230.0,Non-Financial Service Provider
4814,1998,2,481,3.0,4994.6,5031.646,5062.803,5087.929,5113.18,5138.557,5037.862,5138.62,Unknown
4815,1998,2,483,3.0,4994.6,5055.0,5095.0,5136.0,5178.0,5219.0,5071.0,5238.0,Unknown
4816,1998,2,484,2.0,4994.6,5032.866,5068.964,5106.561,5140.687,5177.558,5052.465,5198.986,Non-Financial Service Provider
4817,1998,2,485,3.0,4994.6,,,5205.5,5250.0,5275.0,5100.0,5300.0,Unknown
4818,1998,2,486,1.0,4994.6,5037.5,5080.0,5110.0,5140.0,5175.0,5055.5,5151.6,Financial Service Provider
4819,1998,2,495,2.0,4994.6,5029.0,5071.0,5111.0,5153.0,5190.0,5051.0,5177.0,Non-Financial Service Provider
4820,1998,2,496,1.0,4994.6,5032.0,5069.0,5103.0,5134.0,5160.0,5051.0,5171.0,Financial Service Provider
4821,1998,3,20,2.0,5126.5,5205.7,5298.6,5384.7,5471.3,5568.1,5171.5,5532.3,Non-Financial Service Provider
4822,1998,3,65,2.0,5126.5,5169.53,5210.399,5249.045,5287.978,5327.199,5095.299,5227.777,Non-Financial Service Provider
4823,1998,3,94,1.0,5126.5,5157.6,5194.6,5220.8,5246.0,5283.4,5133.4,5268.1,Financial Service Provider
4824,1998,3,407,1.0,5126.5,5160.3,5198.3,5233.1,5263.2,5294.1,5135.0,5278.7,Financial Service Provider
4825,1998,3,411,2.0,5126.5,5146.3,5200.1,5239.7,5275.3,5305.4,5132.0,5267.9,Non-Financial Service Provider
4826,1998,3,414,1.0,5126.5,5151.942,5220.128,5281.672,5329.864,5366.788,5124.78,5329.771,Financial Service Provider
4827,1998,3,420,2.0,5126.5,5150.0,5180.0,5215.0,5245.0,5275.0,5127.0,5262.0,Non-Financial Service Provider
4828,1998,3,421,1.0,5126.5,5158.245,5200.283,5246.467,5289.225,5327.162,5134.607,5304.049,Financial Service Provider
4829,1998,3,423,2.0,,,,,,,,,Non-Financial Service Provider
4830,1998,3,426,2.0,5126.5,5169.53,5204.077,5229.904,5258.435,5293.575,5144.435,5278.19,Non-Financial Service Provider
4831,1998,3,428,2.0,5126.5,5154.5,5181.5,5208.8,5234.2,5262.8,5129.4,5250.5,Non-Financial Service Provider
4832,1998,3,429,2.0,5126.5,5153.6,5200.2,5229.6,5255.2,5272.9,5133.8,5261.8,Non-Financial Service Provider
4833,1998,3,433,2.0,5126.5,5174.523,5205.294,5234.97,5264.815,5293.536,5139.521,5278.288,Non-Financial Service Provider
4834,1998,3,439,2.0,5126.5,5173.9,5212.3,5257.3,5293.1,5325.8,5141.9,5308.8,Non-Financial Service Provider
4835,1998,3,446,2.0,5126.5,5170.78,5214.182,5234.915,5249.252,5277.888,5139.521,5268.009,Non-Financial Service Provider
4836,1998,3,452,3.0,5126.5,5179.6,5218.4,5257.3,5300.0,5346.3,5144.9,5323.8,Unknown
4837,1998,3,456,1.0,5126.5,5156.4,5181.6,5220.6,5257.6,5287.3,5129.9,5269.2,Financial Service Provider
4838,1998,3,458,2.0,5126.5,5191.0,5260.0,5326.0,5384.0,5438.0,5158.0,5410.0,Non-Financial Service Provider
4839,1998,3,463,3.0,5126.5,5183.225,5229.257,5262.92,5300.668,5337.39,5149.348,,Unknown
4840,1998,3,465,1.0,5126.5,5148.0,5230.0,5262.0,5288.0,5315.0,5140.0,5307.0,Financial Service Provider
4841,1998,3,466,1.0,5126.5,5164.523,5227.904,5266.68,5300.584,5333.407,5154.262,5319.198,Financial Service Provider
4842,1998,3,469,2.0,5126.5,5150.0,5175.0,5201.0,5230.0,5261.0,5131.0,5254.0,Non-Financial Service Provider
4843,1998,3,470,2.0,5126.5,5160.0,5190.0,5220.0,5250.0,,5165.0,5270.0,Non-Financial Service Provider
4844,1998,3,472,2.0,5126.5,5162.015,5196.511,5231.237,5266.196,5302.679,5134.607,5283.511,Non-Financial Service Provider
4845,1998,3,475,2.0,5126.5,5185.0,5236.0,5284.0,5330.0,5375.0,5150.8,5352.0,Non-Financial Service Provider
4846,1998,3,481,3.0,5126.5,5158.245,5188.919,5217.226,5243.119,5275.585,5046.165,5172.319,Unknown
4847,1998,3,483,3.0,5126.5,5175.0,5210.0,5243.0,5279.0,5316.0,5145.0,5299.0,Unknown
4848,1998,3,484,2.0,5126.5,5172.028,5211.654,5246.482,5284.112,5323.305,5134.607,5298.915,Non-Financial Service Provider
4849,1998,3,488,1.0,5126.5,5175.0,5215.0,5255.0,5285.0,5330.0,5142.9,5310.0,Financial Service Provider
4850,1998,3,495,2.0,5126.5,5166.0,5206.0,5250.0,5292.0,5325.0,5125.0,5290.0,Non-Financial Service Provider
4851,1998,3,496,1.0,5126.5,5172.4,5205.9,5237.9,5262.9,5286.4,5143.1,5274.0,Financial Service Provider
4852,1998,3,497,1.0,5126.5,5159.6,5213.9,5242.9,5274.5,5313.3,5138.8,5292.7,Financial Service Provider
4853,1998,4,20,2.0,5179.3,5262.2,5348.3,5434.9,5417.7,5515.0,5156.7,5428.9,Non-Financial Service Provider
4854,1998,4,40,2.0,5179.3,5228.5,5268.2,5306.7,5345.2,5384.3,5148.3,5326.1,Non-Financial Service Provider
4855,1998,4,65,2.0,5179.3,5215.18,5247.474,5276.1,5302.285,5331.209,5124.78,5252.9,Non-Financial Service Provider
4856,1998,4,84,1.0,5179.3,5235.0,5268.0,5299.0,5331.0,5361.0,5150.0,5315.0,Financial Service Provider
4857,1998,4,99,1.0,5179.3,5210.0,5237.0,5271.0,5305.0,5338.0,5144.0,5288.0,Financial Service Provider
4858,1998,4,404,2.0,5179.3,5220.7,5252.1,5283.6,5312.6,5339.2,5136.8,5296.8,Non-Financial Service Provider
4859,1998,4,407,1.0,5179.3,5221.0,5251.6,5278.5,5307.7,5336.8,5146.4,5293.6,Financial Service Provider
4860,1998,4,411,2.0,5179.3,5224.2,5263.0,5297.2,5328.6,5357.6,5147.2,5311.6,Non-Financial Service Provider
4861,1998,4,420,2.0,5179.3,5210.0,5242.0,5277.0,5306.0,5342.0,5144.0,5292.0,Non-Financial Service Provider
4862,1998,4,421,1.0,5179.3,5229.076,5261.456,5297.905,5334.607,5368.949,5149.348,5319.277,Financial Service Provider
4863,1998,4,423,2.0,5177.9,5224.6,5273.9,5318.7,5362.7,5407.8,5149.1,5340.8,Non-Financial Service Provider
4864,1998,4,426,2.0,5179.3,5197.333,5221.846,5243.899,5267.339,5306.407,5144.435,5257.612,Non-Financial Service Provider
4865,1998,4,428,2.0,5179.3,5219.1,5245.2,5267.5,5292.4,5328.7,5145.9,5283.5,Non-Financial Service Provider
4866,1998,4,429,2.0,5179.3,5230.4,5251.3,5275.6,5297.8,5321.5,5148.7,5286.6,Non-Financial Service Provider
4867,1998,4,431,1.0,5179.3,5217.8,5247.6,5286.0,5317.8,5346.9,5145.6,5299.6,Financial Service Provider
4868,1998,4,433,2.0,5179.3,5218.981,5248.735,5274.784,5298.362,5323.352,5144.435,5283.334,Non-Financial Service Provider
4869,1998,4,446,2.0,5179.3,5226.6,5251.2,5264.9,5293.1,5320.7,5147.8,5282.5,Non-Financial Service Provider
4870,1998,4,452,3.0,5179.3,5213.9,5246.2,5278.7,5311.4,5344.3,5144.6,5295.1,Unknown
4871,1998,4,456,1.0,5179.3,5223.0,5254.7,5284.3,5307.8,5327.2,5146.9,5293.5,Financial Service Provider
4872,1998,4,458,2.0,5179.3,5249.0,5310.0,5368.0,5422.0,5477.0,5153.0,5394.0,Non-Financial Service Provider
4873,1998,4,462,2.0,5179.3,5235.355,5295.815,5347.997,5409.758,5470.925,5110.04,5339.992,Non-Financial Service Provider
4874,1998,4,463,3.0,5179.3,5236.0,5269.0,5307.0,5344.0,5381.0,5150.0,5325.0,Unknown
4875,1998,4,464,1.0,5179.3,5225.7,5236.2,5242.7,5225.8,5275.4,5147.6,5252.5,Financial Service Provider
4876,1998,4,466,1.0,5179.3,5225.297,5257.653,5299.219,5335.931,5372.896,5149.348,5319.277,Financial Service Provider
4877,1998,4,469,2.0,5179.3,5220.0,5253.0,5271.0,5275.0,5280.0,5152.0,5270.0,Non-Financial Service Provider
4878,1998,4,470,2.0,5179.3,5208.0,5235.0,5268.0,5295.0,5320.0,5140.0,5285.0,Non-Financial Service Provider
4879,1998,4,472,2.0,5179.3,5223.7,5262.2,5296.8,5335.1,5368.4,5147.1,5315.6,Non-Financial Service Provider
4880,1998,4,481,3.0,5179.3,5206.28,5232.118,5252.922,5276.403,5312.956,5139.521,5268.009,Unknown
4881,1998,4,484,2.0,5179.3,5218.981,5246.167,5276.076,5308.747,5342.922,5144.435,5293.623,Non-Financial Service Provider
4882,1998,4,485,3.0,5179.3,5195.5,5200.0,5175.0,5200.0,5225.0,5140.0,5200.0,Unknown
4883,1998,4,496,1.0,5179.3,5227.0,5257.0,5282.0,5306.0,5328.0,5152.0,5294.0,Financial Service Provider
4884,1998,4,497,1.0,5179.3,5224.0,5264.2,5297.0,5328.2,5358.3,5147.1,5311.9,Financial Service Provider
4885,1998,4,498,1.0,5179.3,5222.2,5250.7,5278.7,5307.5,5341.9,5146.7,5294.7,Financial Service Provider
4886,1999,1,40,2.0,5237.8,5288.8,5325.9,5359.6,5391.4,5420.6,5341.4,5462.9,Non-Financial Service Provider
4887,1999,1,65,2.0,5237.8,5271.519,5308.038,5340.907,5373.979,5407.256,5279.98,5396.14,Non-Financial Service Provider
4888,1999,1,84,1.0,5237.8,5284.0,5328.0,5372.0,5404.0,,5347.0,,Financial Service Provider
4889,1999,1,94,1.0,5237.8,5278.7,5328.2,5384.7,5428.5,5451.9,5355.0,5500.5,Financial Service Provider
4890,1999,1,99,1.0,5237.8,5303.0,5343.0,5373.0,5406.0,5439.0,5356.0,5449.0,Financial Service Provider
4891,1999,1,404,2.0,5237.8,5283.0,5319.8,5362.0,5413.6,5424.3,5344.7,5479.5,Non-Financial Service Provider
4892,1999,1,405,1.0,5237.8,5285.2,5304.9,5323.4,5357.7,5365.5,5317.8,5407.5,Financial Service Provider
4893,1999,1,407,1.0,5237.8,5278.9,5319.3,5353.2,5380.4,5397.6,5333.0,5409.9,Financial Service Provider
4894,1999,1,414,1.0,5237.8,5297.022,5355.634,5405.803,5452.495,5494.27,5383.004,5555.261,Financial Service Provider
4895,1999,1,421,1.0,5237.8,5289.41,5328.642,5362.946,5397.47,5420.265,5341.794,5464.656,Financial Service Provider
4896,1999,1,426,2.0,5237.8,5290.681,5310.411,5327.586,5347.453,5379.253,5321.19,5422.292,Non-Financial Service Provider
4897,1999,1,428,2.0,5237.8,5272.6,5294.3,5316.2,5345.8,5375.6,5307.2,5427.6,Non-Financial Service Provider
4898,1999,1,429,2.0,5237.8,5281.2,5326.1,5371.6,5415.2,5458.9,5348.5,5516.4,Non-Financial Service Provider
4899,1999,1,431,1.0,5237.8,5279.208,5319.655,5356.508,5393.617,5432.302,5336.644,5491.406,Financial Service Provider
4900,1999,1,433,2.0,5237.8,5281.765,5315.767,5338.216,5360.76,5382.076,5321.19,5422.292,Non-Financial Service Provider
4901,1999,1,439,2.0,5237.8,5295.8,5347.9,5381.1,5421.0,5454.5,5361.4,5495.3,Non-Financial Service Provider
4902,1999,1,446,2.0,5237.8,5285.591,5328.668,5362.972,5397.496,5428.268,5341.794,5464.656,Non-Financial Service Provider
4903,1999,1,456,1.0,5237.8,5281.7,5311.7,5327.8,5356.3,5354.2,5319.4,5386.7,Financial Service Provider
4904,1999,1,458,2.0,5237.8,5308.38,5367.117,5432.984,5486.517,5547.226,5413.912,5657.538,Non-Financial Service Provider
4905,1999,1,462,2.0,,,,,,,,,Non-Financial Service Provider
4906,1999,1,463,3.0,5237.8,5284.0,5323.0,5358.0,5407.0,5429.0,5343.0,5488.0,Unknown
4907,1999,1,464,1.0,5237.8,5281.3,5305.9,5329.7,5367.2,5393.9,5321.0,5446.2,Financial Service Provider
4908,1999,1,465,1.0,5237.8,5322.0,5363.0,5388.0,5415.0,5448.0,5372.0,5489.0,Financial Service Provider
4909,1999,1,466,1.0,5237.8,5295.756,5347.937,5394.129,5447.28,5498.308,5372.702,5544.628,Financial Service Provider
4910,1999,1,469,2.0,5237.8,5265.0,5296.0,5323.0,5344.0,5354.0,5306.0,5360.0,Non-Financial Service Provider
4911,1999,1,472,2.0,5237.8,5273.2,5313.5,5350.5,5384.7,5417.7,5330.5,5470.3,Non-Financial Service Provider
4912,1999,1,475,2.0,5237.8,5291.0,5334.0,5378.0,5421.0,5465.0,5356.0,5532.0,Non-Financial Service Provider
4913,1999,1,481,3.0,5237.8,5270.233,5296.389,5329.186,5368.712,5395.357,5279.98,5385.58,Unknown
4914,1999,1,483,3.0,5237.8,5265.0,5299.0,5330.0,5355.0,5380.0,5310.0,5424.0,Unknown
4915,1999,1,484,2.0,5237.8,5258.626,5280.834,5308.343,5339.911,5371.666,5295.434,5433.115,Non-Financial Service Provider
4916,1999,1,488,1.0,5237.8,5285.0,5323.0,5360.0,5395.0,,5340.8,,Financial Service Provider
4917,1999,1,497,1.0,5237.8,5278.9,5326.9,5366.8,5404.7,5435.9,5344.3,5483.8,Financial Service Provider
4918,1999,1,498,1.0,5237.8,5284.0,5328.0,5367.3,5407.1,5447.3,5346.6,5503.0,Financial Service Provider
4919,1999,2,20,2.0,5331.9,5410.8,5492.0,5570.0,5634.9,5678.0,5450.9,5761.0,Non-Financial Service Provider
4920,1999,2,40,2.0,5331.9,5395.2,5434.0,5468.3,5497.5,5526.1,5407.3,5539.5,Non-Financial Service Provider
4921,1999,2,65,2.0,5331.9,5368.837,5408.659,5455.375,5462.182,5475.787,5333.666,5461.673,Non-Financial Service Provider
4922,1999,2,84,1.0,5331.9,5384.0,5430.0,5472.0,5513.0,5546.0,5404.0,,Financial Service Provider
4923,1999,2,94,1.0,5331.9,5360.8,5395.5,5439.7,5472.1,5491.9,5382.0,5512.5,Financial Service Provider
4924,1999,2,407,1.0,5331.9,5374.8,5411.0,5440.7,5462.4,5492.4,5389.6,5513.6,Financial Service Provider
4925,1999,2,414,1.0,5331.9,5385.0,5429.0,5492.0,5538.0,5598.0,5411.0,5622.0,Financial Service Provider
4926,1999,2,420,2.0,5331.9,5370.0,5415.0,5445.0,5470.0,5500.0,5390.0,5505.0,Non-Financial Service Provider
4927,1999,2,421,2.0,5331.9,5370.9,5405.8,5440.7,5463.3,5495.8,5387.2,5512.5,Non-Financial Service Provider
4928,1999,2,426,2.0,5331.9,5368.837,5394.16,5420.931,5442.485,5464.126,5380.045,5471.506,Non-Financial Service Provider
4929,1999,2,428,2.0,5331.9,5370.9,5393.8,5415.9,5441.8,5469.0,5378.1,5487.4,Non-Financial Service Provider
4930,1999,2,429,2.0,5331.9,5387.3,5423.0,5468.4,5510.2,5551.7,5402.7,5569.8,Non-Financial Service Provider
4931,1999,2,431,1.0,5331.9,5374.053,5419.161,5465.969,5513.181,5547.32,5395.505,5562.766,Financial Service Provider
4932,1999,2,433,2.0,5331.9,5384.438,5411.16,5432.676,5452.935,5474.617,5390.352,5487.378,Non-Financial Service Provider
4933,1999,2,439,2.0,5331.9,5358.4,5394.8,5441.4,5468.4,5495.6,5381.6,5509.3,Non-Financial Service Provider
4934,1999,2,446,2.0,5331.9,5374.3,5412.3,5444.4,5474.1,5502.9,5390.7,5516.2,Non-Financial Service Provider
4935,1999,2,456,1.0,5331.9,5385.6,5426.4,5462.8,5482.4,5524.3,5401.7,5540.5,Financial Service Provider
4936,1999,2,458,2.0,5331.9,5390.897,5437.461,5497.626,5551.797,5613.228,5416.118,5654.427,Non-Financial Service Provider
4937,1999,2,463,3.0,5331.9,5378.0,5413.0,5465.0,5489.0,5535.0,5397.0,5537.0,Unknown
4938,1999,2,464,1.0,5331.9,5392.5,5430.2,5470.5,5487.6,5530.3,5406.3,5551.0,Financial Service Provider
4939,1999,2,465,1.0,5331.9,5371.0,5405.0,5431.0,5457.0,5484.0,5385.0,5498.0,Financial Service Provider
4940,1999,2,469,2.0,5331.9,5390.0,5425.0,5461.0,5491.0,5519.0,5402.0,5520.0,Non-Financial Service Provider
4941,1999,2,470,2.0,5331.9,5370.0,5405.0,5430.0,5460.0,5490.0,5380.0,5515.0,Non-Financial Service Provider
4942,1999,2,472,2.0,5331.9,5363.0,5397.1,5428.8,5461.9,5496.2,5380.2,5513.8,Non-Financial Service Provider
4943,1999,2,475,2.0,5331.9,5412.0,5466.0,5528.0,5581.0,5625.0,5434.0,5643.0,Non-Financial Service Provider
4944,1999,2,484,2.0,5331.9,5354.417,5382.31,5414.317,5446.515,5484.247,5369.738,5509.352,Non-Financial Service Provider
4945,1999,2,498,1.0,5331.9,5390.4,5435.9,5480.9,5523.5,5564.5,5409.8,5585.3,Financial Service Provider
4946,1999,2,499,1.0,5331.9,5360.0,5383.5,5413.0,5438.4,5473.0,5372.4,5493.6,Financial Service Provider
4947,1999,2,501,1.0,5331.9,5377.954,5430.945,5473.881,5514.481,5555.382,5405.812,5562.58,Financial Service Provider
4948,1999,2,502,2.0,5331.9,5389.8,5420.0,5430.2,5450.9,5470.0,5393.0,5481.0,Non-Financial Service Provider
4949,1999,2,504,1.0,5331.9,5384.6,5419.0,5445.3,5476.7,5507.6,5395.2,5526.2,Financial Service Provider
4950,1999,2,505,1.0,5331.9,5371.447,5398.105,5411.55,5425.028,5451.952,5282.132,5371.929,Financial Service Provider
4951,1999,2,506,2.0,5331.9,5384.0,5416.0,5444.0,5476.0,5511.0,5394.0,5530.0,Non-Financial Service Provider
4952,1999,2,507,3.0,5331.9,5383.0,5422.0,5467.0,5469.7,5510.0,5401.0,5529.4,Unknown
4953,1999,2,508,2.0,5331.9,5363.3,5400.4,5439.4,5478.7,5516.6,5383.8,5531.0,Non-Financial Service Provider
4954,1999,2,509,1.0,5331.9,5387.9,5437.9,5488.0,5533.0,5578.0,5411.4,5603.0,Financial Service Provider
4955,1999,2,510,2.0,5331.9,5375.354,5404.678,5439.471,5491.747,5557.819,5390.352,5579.014,Non-Financial Service Provider
4956,1999,3,20,2.0,5384.7,5466.9,5543.0,5606.9,5678.0,5736.0,5431.6,5705.2,Non-Financial Service Provider
4957,1999,3,40,2.0,5384.7,5434.4,5466.8,5499.6,5533.1,5567.7,5404.4,5550.3,Non-Financial Service Provider
4958,1999,3,65,2.0,5384.7,5427.271,5467.525,5501.381,5535.447,5571.082,5400.658,5551.876,Non-Financial Service Provider
4959,1999,3,84,1.0,5384.7,5429.0,5466.0,5502.0,5537.0,5566.0,5403.0,,Financial Service Provider
4960,1999,3,94,1.0,5384.7,5425.3,5449.6,5483.2,5512.3,5547.6,5397.9,5530.8,Financial Service Provider
4961,1999,3,404,2.0,5384.7,5469.8,5514.2,5545.8,5588.4,5628.6,5442.0,5605.4,Non-Financial Service Provider
4962,1999,3,407,1.0,5384.7,5417.3,5462.1,5495.0,5516.1,5550.0,5399.0,5537.0,Financial Service Provider
4963,1999,3,411,2.0,5384.7,5426.1,5468.4,5510.6,5543.1,5572.1,5402.8,5555.1,Non-Financial Service Provider
4964,1999,3,414,1.0,5384.7,5431.0,5475.0,5515.0,5553.0,5590.0,5405.8,5568.0,Financial Service Provider
4965,1999,3,420,2.0,5384.7,5414.0,5446.0,5473.0,5509.0,5545.0,5394.0,5530.0,Non-Financial Service Provider
4966,1999,3,423,2.0,5399.7,5439.8,5489.9,5540.6,5583.8,5629.0,5415.3,5607.8,Non-Financial Service Provider
4967,1999,3,426,2.0,5384.7,5427.271,5455.542,5473.187,5507.078,5537.12,5405.812,5524.739,Non-Financial Service Provider
4968,1999,3,428,2.0,5384.7,5422.5,5453.2,5475.5,5502.6,5530.4,5398.1,5517.5,Non-Financial Service Provider
4969,1999,3,446,2.0,5384.7,5414.1,5440.8,5465.3,5492.7,5518.2,5392.9,5505.2,Non-Financial Service Provider
4970,1999,3,456,1.0,5384.7,5432.3,5470.5,5501.5,5544.5,5582.2,5404.8,5560.8,Financial Service Provider
4971,1999,3,463,3.0,5384.7,5438.0,5486.0,5510.0,5554.0,5597.0,5410.0,5567.0,Unknown
4972,1999,3,464,1.0,5384.7,5430.7,5448.5,5515.7,5553.9,5597.8,5408.9,5574.3,Financial Service Provider
4973,1999,3,465,1.0,5384.7,5425.0,5453.0,5477.0,5504.0,5532.0,5398.0,5518.0,Financial Service Provider
4974,1999,3,466,1.0,5384.7,5450.783,5525.542,5559.757,5600.994,5642.537,5410.965,5600.349,Financial Service Provider
4975,1999,3,469,2.0,5384.7,5413.0,5451.0,5486.0,5519.0,5546.0,5398.0,5525.0,Non-Financial Service Provider
4976,1999,3,470,2.0,5384.7,5424.639,5451.561,5478.616,5504.456,5538.541,5385.198,5509.058,Non-Financial Service Provider
4977,1999,3,472,2.0,5384.7,5421.9,5456.3,5491.9,5529.3,5567.8,5398.7,5548.1,Non-Financial Service Provider
4978,1999,3,475,2.0,5384.7,5449.0,5497.0,5545.0,5591.0,5638.0,5416.0,5615.0,Non-Financial Service Provider
4979,1999,3,484,2.0,5384.7,5408.77,5440.934,5473.29,5511.207,5556.123,5390.352,5535.891,Non-Financial Service Provider
4980,1999,3,488,1.0,5384.7,5425.0,5460.0,5490.0,5530.0,5555.0,5400.4,5541.3,Financial Service Provider
4981,1999,3,497,1.0,5384.7,5432.6,5481.2,5525.9,5565.5,5598.8,5407.6,5580.2,Financial Service Provider
4982,1999,3,498,1.0,5384.7,5431.1,5474.2,5514.8,5555.7,5595.0,5405.5,5575.0,Financial Service Provider
4983,1999,3,499,1.0,5384.7,5431.21,5472.822,5516.088,5542.105,5581.855,5405.812,5562.58,Financial Service Provider
4984,1999,3,500,2.0,5384.7,5422.004,5468.836,5516.073,5550.229,5604.918,5400.658,5573.479,Non-Financial Service Provider
4985,1999,3,501,1.0,5384.7,5428.584,5472.827,5509.4,5544.867,5579.202,5405.812,5557.174,Financial Service Provider
4986,1999,3,502,2.0,5384.7,5419.0,5433.0,5447.0,5461.0,5481.0,5392.0,5475.0,Non-Financial Service Provider
4987,1999,3,504,1.0,5384.7,5424.639,5451.561,5482.64,5512.549,5546.684,5354.278,5482.781,Financial Service Provider
4988,1999,3,505,1.0,5384.7,5430.0,5475.0,5575.0,,,5456.0,5547.0,Financial Service Provider
4989,1999,3,506,2.0,5384.7,5436.0,5477.0,5505.0,5539.0,5574.0,5407.0,5558.0,Non-Financial Service Provider
4990,1999,3,507,3.0,5384.7,5433.0,5484.0,5492.0,5538.0,5586.0,5408.0,5563.0,Unknown
4991,1999,3,508,2.0,5384.7,5418.5,5458.4,5497.2,5535.8,5576.5,5398.4,5553.2,Non-Financial Service Provider
4992,1999,3,510,2.0,5384.7,5437.758,5478.09,5506.626,5550.16,5604.848,5395.505,5568.161,Non-Financial Service Provider
4993,1999,4,20,2.0,6025.1,6082.4,6153.9,6224.9,6290.9,6370.6,5989.4,6260.1,Non-Financial Service Provider
4994,1999,4,40,2.0,6025.1,6090.8,6142.6,6198.5,6249.8,6297.8,5991.5,6222.2,Non-Financial Service Provider
4995,1999,4,65,2.0,6025.1,6087.391,6110.091,6132.876,6160.29,6193.896,5983.53,6151.069,Non-Financial Service Provider
4996,1999,4,84,1.0,6025.1,6068.0,6106.0,6145.0,6183.0,6218.0,5991.0,6163.0,Financial Service Provider
4997,1999,4,99,1.0,6025.1,6073.0,6133.8,6206.3,6268.0,6325.6,5987.0,6233.4,Financial Service Provider
4998,1999,4,405,1.0,,,,,,,,,Financial Service Provider
4999,1999,4,407,1.0,,,,,,,,,Financial Service Provider
5000,1999,4,420,2.0,,,,,,,,,Non-Financial Service Provider
5001,1999,4,421,2.0,6025.1,6073.3,6097.6,6137.2,6174.1,6222.5,5989.2,6157.9,Non-Financial Service Provider
5002,1999,4,423,2.0,6032.9,6090.4,6150.1,6202.7,6252.7,6305.8,5996.8,6227.8,Non-Financial Service Provider
5003,1999,4,428,2.0,6025.1,6066.2,6091.6,6115.6,6145.4,6180.6,5985.4,6133.3,Non-Financial Service Provider
5004,1999,4,429,2.0,6025.1,6064.8,6114.3,6158.6,6206.4,6250.2,5985.0,6182.4,Non-Financial Service Provider
5005,1999,4,431,1.0,6025.1,6094.7,6134.6,6186.2,6235.7,6276.4,5992.5,6208.2,Financial Service Provider
5006,1999,4,433,2.0,6025.1,6069.789,6107.374,6143.693,6177.208,6212.425,5989.229,6162.916,Non-Financial Service Provider
5007,1999,4,439,2.0,6025.1,6069.8,6092.4,6130.1,6168.1,6202.5,5986.3,6148.3,Non-Financial Service Provider
5008,1999,4,446,2.0,6025.1,6074.2,6110.3,6140.7,6180.2,6221.5,5987.4,6163.2,Non-Financial Service Provider
5009,1999,4,456,1.0,6025.1,6069.6,6104.6,6154.1,6195.8,6228.8,5986.2,6170.8,Financial Service Provider
5010,1999,4,458,2.0,6025.1,6077.142,6151.722,6227.217,6296.122,6350.504,5989.229,6264.733,Non-Financial Service Provider
5011,1999,4,463,3.0,6025.1,6088.0,6120.0,6168.0,6213.0,6261.0,5991.0,6191.0,Unknown
5012,1999,4,465,1.0,6025.1,6069.8,6098.4,6128.7,6159.1,6189.7,5986.3,6144.0,Financial Service Provider
5013,1999,4,466,1.0,6025.1,6081.541,6123.671,6166.094,6214.842,6270.036,5989.229,6192.862,Financial Service Provider
5014,1999,4,469,2.0,6025.1,6064.0,6099.0,6132.0,6172.0,6209.0,5990.0,6170.0,Non-Financial Service Provider
5015,1999,4,470,2.0,,,,,,,,,Non-Financial Service Provider
5016,1999,4,472,2.0,,,,,,,,,Non-Financial Service Provider
5017,1999,4,475,2.0,6025.1,6086.0,6139.6,6191.6,6244.1,6295.0,5990.3,6217.6,Non-Financial Service Provider
5018,1999,4,481,3.0,6025.1,6084.468,6129.597,6175.061,6213.298,6251.772,5989.229,6192.862,Unknown
5019,1999,4,483,3.0,6025.1,6084.0,6130.0,6182.0,6232.0,6282.0,5990.0,6207.0,Unknown
5020,1999,4,484,2.0,6025.1,6088.851,6139.959,6198.967,6261.553,6318.686,5989.229,6228.798,Non-Financial Service Provider
5021,1999,4,486,1.0,,,,,,,,,Financial Service Provider
5022,1999,4,488,1.0,6025.1,6055.0,6095.0,6135.0,6175.0,6215.0,5982.6,6155.0,Financial Service Provider
5023,1999,4,498,1.0,6025.1,6072.8,6121.3,6170.2,6219.5,6269.2,5987.0,6195.1,Financial Service Provider
5024,1999,4,499,1.0,6025.1,6060.1,6108.6,6133.1,6194.4,6228.5,5984.0,6166.2,Financial Service Provider
5025,1999,4,500,2.0,6025.1,6077.1,6099.8,6152.5,6198.1,6228.9,5988.1,6169.8,Non-Financial Service Provider
5026,1999,4,501,1.0,6025.1,6078.609,6129.631,6172.095,6214.853,6253.337,5989.229,6198.852,Financial Service Provider
5027,1999,4,502,2.0,,,,,,,,,Non-Financial Service Provider
5028,1999,4,504,1.0,6025.1,6056.486,6098.443,6134.709,6174.202,6213.949,5983.53,6157.053,Financial Service Provider
5029,1999,4,505,1.0,6025.1,6047.0,6155.0,6220.0,6282.0,6332.0,6002.0,6251.0,Financial Service Provider
5030,1999,4,506,2.0,6025.1,6074.6,6117.3,6154.1,6199.1,6232.0,5987.5,6178.6,Non-Financial Service Provider
5031,1999,4,507,3.0,6025.1,6069.0,6080.0,6140.0,6177.0,6228.0,5986.0,6156.0,Unknown
5032,1999,4,508,2.0,6025.1,6058.9,6084.8,6125.2,6168.1,6201.8,5983.6,6145.0,Non-Financial Service Provider
5033,1999,4,509,1.0,,,,,,,,,Financial Service Provider
5034,1999,4,510,2.0,6025.1,6085.93,6110.129,6174.78,6234.123,6283.409,5989.229,6198.852,Non-Financial Service Provider
5035,1999,4,512,2.0,6025.1,6087.0,6146.0,6201.0,6271.0,6337.0,5990.5,6238.7,Non-Financial Service Provider
5036,2000,1,20,2.0,6111.2,6195.0,6237.0,6300.0,6395.0,6442.0,6281.8,6589.8,Non-Financial Service Provider
5037,2000,1,40,2.0,6111.2,6187.8,6241.9,6294.7,6340.8,6383.9,6266.3,6448.1,Non-Financial Service Provider
5038,2000,1,65,2.0,6111.2,6138.517,6161.408,6184.385,6222.68,6264.265,6166.664,6302.33,Non-Financial Service Provider
5039,2000,1,84,1.0,6111.2,6179.0,6230.0,6275.0,6314.0,,6250.0,,Financial Service Provider
5040,2000,1,94,1.0,6111.2,6164.4,6226.3,6280.9,6325.4,6376.5,6249.3,6450.5,Financial Service Provider
5041,2000,1,407,1.0,6111.2,6175.9,6227.3,6280.5,6327.6,6369.9,6252.8,6418.5,Financial Service Provider
5042,2000,1,411,2.0,6111.2,6174.3,6225.5,6277.4,6318.3,6359.1,6248.9,6403.4,Non-Financial Service Provider
5043,2000,1,414,1.0,6111.2,6181.775,6235.169,6290.544,6346.41,6395.033,6262.643,6463.048,Financial Service Provider
5044,2000,1,420,2.0,6111.2,6176.0,6220.0,6268.0,6312.0,6345.0,6244.0,6406.0,Non-Financial Service Provider
5045,2000,1,421,2.0,6111.2,6134.0,6183.0,6233.0,6260.0,6267.0,6202.0,6300.0,Non-Financial Service Provider
5046,2000,1,426,2.0,6111.2,6174.381,6203.503,6229.701,6266.748,6300.934,6220.652,6369.948,Non-Financial Service Provider
5047,2000,1,428,2.0,6111.2,6176.3,6222.6,6256.5,6282.2,6310.7,6234.4,6371.0,Non-Financial Service Provider
5048,2000,1,429,2.0,6111.2,6173.5,6213.0,6224.0,6267.4,6316.8,6219.5,6387.1,Non-Financial Service Provider
5049,2000,1,431,1.0,6111.2,6138.6,6188.1,6240.3,6284.0,6329.8,6212.7,6387.0,Financial Service Provider
5050,2000,1,433,2.0,6111.2,6174.381,6218.667,6249.53,6280.546,6310.168,6232.649,6369.768,Non-Financial Service Provider
5051,2000,1,456,1.0,6111.2,6186.0,6247.0,6307.0,6349.0,6389.0,6271.0,6440.0,Financial Service Provider
5052,2000,1,463,3.0,6111.2,6179.0,6237.0,6288.0,6337.0,6381.0,6260.0,6444.0,Unknown
5053,2000,1,464,1.0,6111.2,6172.6,6228.3,6283.7,6314.8,6338.4,6249.9,6377.5,Financial Service Provider
5054,2000,1,465,1.0,6111.2,6183.0,6229.0,6260.0,6291.0,6322.0,6241.0,6370.0,Financial Service Provider
5055,2000,1,469,2.0,6111.2,6170.0,6222.0,6268.0,6309.0,6343.0,6242.0,6420.0,Non-Financial Service Provider
5056,2000,1,470,2.0,6111.2,6162.8,6203.0,6235.1,6270.3,6304.9,6208.7,6364.0,Non-Financial Service Provider
5057,2000,1,472,2.0,6111.2,6179.4,6221.4,6275.7,6335.2,,6252.9,,Non-Financial Service Provider
5058,2000,1,481,3.0,,,,,,,,,Unknown
5059,2000,1,484,2.0,6111.2,6158.021,6202.189,6231.442,6270.028,6298.055,6214.653,6357.59,Non-Financial Service Provider
5060,2000,1,486,1.0,6111.2,6182.0,6237.0,6286.0,6334.0,,6260.0,,Financial Service Provider
5061,2000,1,498,1.0,6111.2,6182.9,6235.8,6287.0,6333.2,6381.6,6259.7,6454.6,Financial Service Provider
5062,2000,1,499,1.0,6111.2,6175.862,6220.159,6284.466,6337.216,6384.22,6256.645,6431.831,Financial Service Provider
5063,2000,1,500,2.0,6111.2,6171.4,6217.2,6255.7,6294.4,6325.7,6234.7,6384.7,Non-Financial Service Provider
5064,2000,1,501,1.0,6111.2,6171.417,6217.19,6266.342,6309.753,6348.825,6250.646,6438.165,Financial Service Provider
5065,2000,1,504,1.0,6111.2,6171.5,6226.1,6283.0,6335.9,,6254.1,,Financial Service Provider
5066,2000,1,506,2.0,6111.2,6181.4,6232.6,6267.6,6306.3,6359.7,6247.0,6441.3,Non-Financial Service Provider
5067,2000,1,507,3.0,6111.2,6183.25,6247.176,6307.215,6355.538,6399.567,6274.641,,Unknown
5068,2000,1,508,2.0,6111.2,6153.0,6193.7,6243.4,6284.5,6318.8,6190.0,6344.5,Non-Financial Service Provider
5069,2000,1,510,2.0,6111.2,6168.447,6220.224,6275.465,6325.078,6368.896,6244.647,6431.986,Non-Financial Service Provider
5070,2000,1,512,2.0,6111.2,6167.0,6230.0,6303.0,6368.0,6421.0,6267.0,6497.0,Non-Financial Service Provider
5071,2000,1,513,2.0,6111.2,6059.0,6095.0,6156.0,6209.0,6269.3,6131.4,6544.4,Non-Financial Service Provider
5072,2000,2,20,2.0,6225.2,6267.0,6312.0,6400.0,6462.0,6520.0,6301.1,6565.5,Non-Financial Service Provider
5073,2000,2,65,2.0,6225.2,6283.515,6334.725,6383.258,6427.479,6467.28,6252.862,6440.448,Non-Financial Service Provider
5074,2000,2,84,1.0,6216.0,6270.0,6318.0,6358.0,6393.0,,6291.0,,Financial Service Provider
5075,2000,2,407,1.0,6225.2,6284.6,6336.6,6385.9,6429.6,6466.7,6308.1,6480.5,Financial Service Provider
5076,2000,2,420,2.0,6225.2,6275.0,6327.0,6373.0,6405.0,6445.0,6300.0,6460.0,Non-Financial Service Provider
5077,2000,2,421,2.0,6225.2,6275.0,6318.9,6348.9,6356.9,6372.7,6292.0,6443.0,Non-Financial Service Provider
5078,2000,2,423,2.0,,,,,,,,,Non-Financial Service Provider
5079,2000,2,426,2.0,6225.2,6291.068,6334.651,6369.208,6405.519,6442.037,6306.714,6464.382,Non-Financial Service Provider
5080,2000,2,428,2.0,6225.2,6274.0,6307.6,6331.8,6359.6,6395.6,6284.7,6419.2,Non-Financial Service Provider
5081,2000,2,431,1.0,6225.2,6276.5,6329.5,6387.2,6444.6,6499.7,6304.6,6522.7,Financial Service Provider
5082,2000,2,433,2.0,6225.2,6283.515,6320.882,6356.917,6393.159,6428.035,6300.731,6445.648,Non-Financial Service Provider
5083,2000,2,439,2.0,6225.2,6279.0,6348.4,6395.5,6439.1,6490.7,6312.0,6517.0,Non-Financial Service Provider
5084,2000,2,446,2.0,6225.2,6301.6,6349.1,6389.2,6420.7,6455.7,6316.3,6474.4,Non-Financial Service Provider
5085,2000,2,456,1.0,6225.2,6270.8,6335.8,6390.7,6440.3,6484.6,6305.6,6500.2,Financial Service Provider
5086,2000,2,458,2.0,6225.2,6294.082,6371.325,6457.179,6528.628,6600.867,6336.632,6628.117,Non-Financial Service Provider
5087,2000,2,463,3.0,6225.2,6301.0,6357.0,6412.0,6462.0,6508.0,6324.0,6530.0,Unknown
5088,2000,2,465,1.0,6225.2,6271.4,6325.5,6375.5,6422.8,6470.5,6299.4,6492.3,Financial Service Provider
5089,2000,2,469,2.0,6225.2,6297.0,6350.0,6407.0,6457.0,6508.0,6310.0,6494.0,Non-Financial Service Provider
5090,2000,2,472,2.0,6225.2,6260.69,6308.657,6361.61,6394.749,6407.5,6288.764,6427.117,Non-Financial Service Provider
5091,2000,2,475,2.0,6225.2,6320.0,6389.0,6457.0,6523.0,6582.0,6348.0,6609.0,Non-Financial Service Provider
5092,2000,2,483,3.0,6225.2,6286.5,6348.5,6403.3,6458.6,6506.5,6315.9,6530.8,Unknown
5093,2000,2,484,2.0,6225.2,6265.275,6291.735,6330.695,6355.867,6387.411,6276.796,6408.609,Non-Financial Service Provider
5094,2000,2,486,1.0,6225.2,6285.0,6353.0,6415.0,6460.0,6500.0,6319.6,,Financial Service Provider
5095,2000,2,497,1.0,6225.2,6279.8,6330.8,6371.0,6414.5,6455.7,6301.7,6476.5,Financial Service Provider
5096,2000,2,498,1.0,6225.2,6286.8,6341.0,6390.7,6440.4,,6310.9,6517.7,Financial Service Provider
5097,2000,2,500,2.0,6225.2,6301.0,6348.0,6378.0,6411.0,6443.0,6315.0,6485.0,Non-Financial Service Provider
5098,2000,2,501,1.0,6225.2,6282.001,6334.73,6377.063,6419.68,6456.279,6312.698,6489.454,Financial Service Provider
5099,2000,2,502,2.0,6225.2,6263.748,6304.071,6346.2,6385.497,6423.47,6288.764,6452.271,Non-Financial Service Provider
5100,2000,2,506,2.0,6225.2,6294.8,6350.5,6403.9,6463.9,6525.3,6318.6,6553.7,Non-Financial Service Provider
5101,2000,2,507,3.0,6225.2,6272.0,6325.0,6365.0,6415.0,6445.0,6297.0,6473.0,Unknown
5102,2000,2,508,2.0,6225.2,6261.7,6308.9,6355.3,6381.6,6418.0,6287.8,6438.7,Non-Financial Service Provider
5103,2000,2,510,2.0,6225.2,6291.068,6336.191,6390.919,6438.321,6482.924,6312.698,6527.33,Non-Financial Service Provider
5104,2000,2,512,2.0,6225.2,6316.0,6348.0,6403.0,6441.0,6494.0,6323.0,6510.0,Non-Financial Service Provider
5105,2000,2,513,2.0,6225.2,6166.6,6292.7,6416.0,6501.1,6650.5,6275.1,,Non-Financial Service Provider
5106,2000,3,20,2.0,6259.6,6344.6,6434.0,6524.0,6619.0,6704.0,6312.9,6661.7,Non-Financial Service Provider
5107,2000,3,40,2.0,6259.6,6336.2,6388.3,6441.0,6501.4,6562.0,6299.4,6531.8,Non-Financial Service Provider
5108,2000,3,65,2.0,6259.6,6312.142,6362.044,6412.341,6459.902,6507.815,6277.74,6466.072,Non-Financial Service Provider
5109,2000,3,84,1.0,6259.6,6317.0,6367.0,6411.0,6468.0,6530.0,6290.0,6501.0,Financial Service Provider
5110,2000,3,407,1.0,6259.6,6320.6,6372.7,6419.2,6457.9,6488.1,6291.6,6472.3,Financial Service Provider
5111,2000,3,420,2.0,6259.6,6330.0,6379.0,6423.0,6461.0,6491.0,6296.0,6478.0,Non-Financial Service Provider
5112,2000,3,421,2.0,6259.6,6328.0,6376.0,6401.0,6369.0,6405.6,6312.5,6408.5,Non-Financial Service Provider
5113,2000,3,423,2.0,,,,,,,,,Non-Financial Service Provider
5114,2000,3,426,2.0,6259.6,6312.142,6349.678,6392.111,6434.828,6480.982,6289.697,6453.229,Non-Financial Service Provider
5115,2000,3,428,2.0,6259.6,6308.1,6337.1,6368.1,6397.8,6440.4,6279.6,6423.6,Non-Financial Service Provider
5116,2000,3,431,1.0,6259.6,6308.2,6362.0,6411.0,6458.1,6508.7,6285.8,6485.1,Financial Service Provider
5117,2000,3,433,2.0,6259.6,6310.615,6354.333,6393.68,6430.131,6466.79,6283.719,6447.095,Non-Financial Service Provider
5118,2000,3,446,2.0,6259.6,6306.028,6351.258,6398.366,6447.387,6498.358,6283.719,6472.23,Non-Financial Service Provider
5119,2000,3,456,1.0,6259.6,6313.9,6377.0,6431.2,6479.4,6520.7,6291.0,6496.8,Financial Service Provider
5120,2000,3,463,3.0,6259.6,6321.0,6394.0,6452.0,6503.0,6552.0,6297.0,6527.0,Unknown
5121,2000,3,464,1.0,6259.6,6307.9,6351.6,6387.8,6419.5,6456.1,6283.1,6441.8,Financial Service Provider
5122,2000,3,472,2.0,6259.6,6309.087,6345.055,6381.229,6417.608,6454.196,6283.719,6440.812,Non-Financial Service Provider
5123,2000,3,475,2.0,6259.6,6340.4,6396.1,6452.3,6506.8,6561.7,6302.4,6534.5,Non-Financial Service Provider
5124,2000,3,484,2.0,,,,,,,,,Non-Financial Service Provider
5125,2000,3,485,3.0,6259.6,6252.0,6275.0,6300.0,6325.0,6375.0,6250.0,6350.0,Unknown
5126,2000,3,497,1.0,6259.6,6314.0,6366.0,6415.2,6457.8,,6288.3,6470.5,Financial Service Provider
5127,2000,3,498,1.0,6259.6,6311.8,6363.0,6414.8,6466.9,6519.3,6287.0,6493.3,Financial Service Provider
5128,2000,3,499,1.0,6259.6,6307.0,6367.0,6414.0,6465.0,6518.0,6287.0,6486.0,Financial Service Provider
5129,2000,3,500,2.0,6259.6,6306.0,6361.0,6439.0,6494.0,6542.0,6285.0,6517.0,Non-Financial Service Provider
5130,2000,3,501,1.0,6259.6,6307.558,6348.164,6393.695,6436.422,6477.857,6277.74,6459.794,Financial Service Provider
5131,2000,3,502,2.0,6259.6,6307.558,6354.342,6401.472,6448.952,6496.785,6283.719,6472.23,Non-Financial Service Provider
5132,2000,3,504,1.0,6259.6,6314.3,6368.5,6408.0,6447.5,6488.3,6289.0,6470.3,Financial Service Provider
5133,2000,3,506,2.0,6259.6,6306.028,6357.421,6399.906,6445.809,6490.463,6283.719,6465.947,Non-Financial Service Provider
5134,2000,3,507,3.0,6259.6,6310.0,6359.0,6410.0,6456.0,6505.0,6286.0,6483.0,Unknown
5135,2000,3,508,2.0,,,,,,,,,Non-Financial Service Provider
5136,2000,3,510,2.0,6259.6,6318.237,6369.73,6401.342,6429.956,6488.625,6289.697,6465.809,Non-Financial Service Provider
5137,2000,3,512,2.0,6259.6,6353.0,6406.0,6441.0,6494.0,6533.0,6308.0,6509.0,Non-Financial Service Provider
5138,2000,4,20,2.0,6330.4,6420.0,6510.0,6604.0,6694.0,6799.0,6306.1,6651.75,Non-Financial Service Provider
5139,2000,4,40,2.0,6330.4,6373.9,6420.7,6470.6,6519.2,6564.9,6294.6,6493.9,Non-Financial Service Provider
5140,2000,4,65,2.0,6330.4,6375.805,6421.535,6467.593,6515.564,6563.89,6277.74,6466.072,Non-Financial Service Provider
5141,2000,4,84,1.0,6330.4,6404.0,6444.0,6494.0,6560.0,6631.0,6314.0,6532.3,Financial Service Provider
5142,2000,4,99,1.0,6330.4,6401.0,6466.0,6527.0,6594.0,6690.0,6310.0,6569.0,Financial Service Provider
5143,2000,4,407,1.0,6330.4,6388.6,6441.7,6481.8,6514.7,6547.2,6298.3,6496.3,Financial Service Provider
5144,2000,4,411,2.0,6330.4,6393.8,6443.2,6489.5,6538.4,6589.2,6299.6,6515.0,Non-Financial Service Provider
5145,2000,4,420,2.0,6330.4,6380.0,6428.0,6462.0,6498.0,6535.0,6296.0,6481.0,Non-Financial Service Provider
5146,2000,4,421,2.0,6330.4,6389.0,6402.0,6428.0,6465.0,6512.0,6298.0,6454.0,Non-Financial Service Provider
5147,2000,4,423,2.0,,,,,,,,,Non-Financial Service Provider
5148,2000,4,426,2.0,6330.4,6363.376,6390.25,6434.519,6471.203,6504.912,6301.655,6446.593,Non-Financial Service Provider
5149,2000,4,428,2.0,6330.4,6377.4,6415.9,6452.4,6494.9,6544.8,6295.5,6477.0,Non-Financial Service Provider
5150,2000,4,431,1.0,6330.4,6362.4,6402.6,6454.7,6504.6,6557.2,6291.7,6479.8,Financial Service Provider
5151,2000,4,433,2.0,6330.4,6385.079,6430.875,6473.851,6515.527,6559.068,6295.676,6497.138,Non-Financial Service Provider
5152,2000,4,439,2.0,6330.4,6364.9,6408.2,6458.4,6506.3,6554.6,6299.9,6481.9,Non-Financial Service Provider
5153,2000,4,446,2.0,6330.4,6396.0,6448.5,6497.9,6546.1,6594.7,6300.1,6521.8,Non-Financial Service Provider
5154,2000,4,456,1.0,6330.4,6392.5,6439.4,6477.1,6518.1,6564.0,6299.3,6499.6,Financial Service Provider
5155,2000,4,463,3.0,6330.4,6393.0,6469.0,6511.0,6565.0,6615.0,6299.0,6540.0,Unknown
5156,2000,4,465,1.0,6330.4,6384.0,6432.0,6480.0,6524.0,6570.0,6297.0,6501.0,Financial Service Provider
5157,2000,4,475,2.0,6330.4,6396.9,6448.7,6498.7,6546.8,6593.0,6300.4,6521.8,Non-Financial Service Provider
5158,2000,4,483,3.0,6345.5,6388.0,6439.9,6496.9,6556.7,6621.5,6309.5,6528.7,Unknown
5159,2000,4,485,3.0,6330.4,6395.5,6425.0,6400.0,6375.0,6400.0,6300.0,6400.0,Unknown
5160,2000,4,488,1.0,6330.4,6380.0,6425.0,6476.0,6515.0,6597.0,6296.1,6490.8,Financial Service Provider
5161,2000,4,497,1.0,6330.4,6394.9,6439.5,6489.4,6542.4,6595.0,6299.8,6516.6,Financial Service Provider
5162,2000,4,498,1.0,6330.4,6390.5,6444.2,6497.5,6551.3,6605.6,6298.8,6524.7,Financial Service Provider
5163,2000,4,499,1.0,6330.4,6377.353,6429.327,6486.426,6545.61,6597.358,6295.676,6503.434,Financial Service Provider
5164,2000,4,500,2.0,6330.4,6400.446,6455.729,6511.491,6559.787,6608.441,6301.655,6534.816,Non-Financial Service Provider
5165,2000,4,501,1.0,6330.4,6395.847,6446.411,6494.225,6543.98,6598.908,6301.655,6522.213,Financial Service Provider
5166,2000,4,502,2.0,6330.4,6378.9,6415.267,6458.139,6499.713,6541.556,6295.676,6465.66,Non-Financial Service Provider
5167,2000,4,504,1.0,6330.4,6389.6,6431.7,6471.5,6512.6,6561.6,6298.5,6494.4,Financial Service Provider
5168,2000,4,506,2.0,6330.4,6375.805,6423.095,6473.874,6521.891,6567.073,6295.676,6497.138,Non-Financial Service Provider
5169,2000,4,508,2.0,6330.4,6373.2,6419.1,6470.0,6519.4,6563.0,6294.4,6492.8,Non-Financial Service Provider
5170,2000,4,510,2.0,6330.4,6394.312,6440.175,6465.782,6524.778,6581.136,6301.655,6503.308,Non-Financial Service Provider
5171,2000,4,512,2.0,6330.4,6423.0,6484.0,6543.0,6594.0,6634.0,6307.0,6536.7,Non-Financial Service Provider
5172,2001,1,20,2.0,6374.6,6410.0,6480.0,6545.0,6598.0,6678.1,6508.2,6790.7,Non-Financial Service Provider
5173,2001,1,40,2.0,6374.6,6428.8,6475.3,6522.9,6570.8,6622.3,6499.4,6721.1,Non-Financial Service Provider
5174,2001,1,65,2.0,6374.6,6398.372,6420.649,6455.675,6494.065,6535.872,6470.849,6639.091,Non-Financial Service Provider
5175,2001,1,84,1.0,6374.6,6426.0,6458.0,6522.0,6590.0,,6500.0,,Financial Service Provider
5176,2001,1,94,1.0,6374.6,6418.0,6459.0,6511.0,6573.2,6643.0,6490.3,6756.9,Financial Service Provider
5177,2001,1,99,1.0,6374.6,6429.0,6463.0,6499.0,6522.0,6586.0,6481.0,6651.0,Financial Service Provider
5178,2001,1,411,2.0,6374.6,6404.9,6430.2,6474.2,6527.9,6583.3,6459.3,6664.3,Non-Financial Service Provider
5179,2001,1,421,2.0,6374.6,6399.0,6430.0,6477.0,6531.0,6601.0,6459.0,6711.0,Non-Financial Service Provider
5180,2001,1,423,2.0,,,,,,,,,Non-Financial Service Provider
5181,2001,1,428,2.0,6374.6,6398.3,6428.8,6468.0,6515.4,6568.9,6452.6,6654.5,Non-Financial Service Provider
5182,2001,1,429,2.0,6374.6,6393.8,6408.0,6447.0,6492.6,6555.5,6435.4,6639.3,Non-Financial Service Provider
5183,2001,1,431,1.0,6374.6,6394.9,6428.7,6476.6,6535.6,6590.2,6458.9,6660.9,Financial Service Provider
5184,2001,1,433,2.0,6374.6,6399.947,6430.132,6474.678,6522.701,6567.888,6458.26,6639.091,Non-Financial Service Provider
5185,2001,1,439,2.0,6374.6,6396.8,6431.7,6487.2,6535.4,6587.0,6462.8,,Non-Financial Service Provider
5186,2001,1,446,2.0,6374.6,6410.9,6449.0,6507.4,6562.9,6622.8,6482.6,6714.8,Non-Financial Service Provider
5187,2001,1,456,1.0,6374.6,6400.7,6422.5,6460.8,6508.8,6562.0,6448.2,6650.9,Financial Service Provider
5188,2001,1,463,3.0,6374.6,6428.0,6463.0,6516.0,6567.0,6620.0,6493.0,6704.0,Unknown
5189,2001,1,465,1.0,6374.6,6402.0,6437.0,6477.0,6522.0,,6459.0,6652.0,Financial Service Provider
5190,2001,1,472,2.0,6374.6,6416.8,6461.5,6513.7,6577.4,6639.6,6492.3,6739.9,Non-Financial Service Provider
5191,2001,1,475,2.0,6374.6,6411.8,6436.8,6469.1,6501.9,6539.8,6454.9,6607.9,Non-Financial Service Provider
5192,2001,1,483,3.0,6374.6,6358.6,6358.6,6382.3,6421.8,6463.2,6380.3,6528.7,Unknown
5193,2001,1,484,2.0,6374.6,6403.094,6425.388,6450.937,6479.772,6515.121,6439.376,6581.042,Non-Financial Service Provider
5194,2001,1,485,3.0,6374.6,6400.0,,6450.0,,6600.0,6450.0,6700.0,Unknown
5195,2001,1,497,1.0,6374.6,6413.7,6436.9,6471.2,6516.2,6555.1,6459.5,6631.2,Financial Service Provider
5196,2001,1,498,1.0,6374.6,6411.6,6454.6,6502.6,6556.5,6613.6,6481.3,6700.0,Financial Service Provider
5197,2001,1,499,1.0,6374.6,6400.2,6436.5,6468.2,6489.8,6526.2,6448.7,6595.7,Financial Service Provider
5198,2001,1,500,2.0,6374.6,6374.6,6414.073,6461.647,6522.177,6578.512,6445.67,6664.823,Non-Financial Service Provider
5199,2001,1,502,2.0,6374.6,6409.375,6444.339,6492.138,6548.213,6599.982,6477.144,6684.412,Non-Financial Service Provider
5200,2001,1,504,1.0,6374.6,6427.0,6470.0,6522.1,6571.2,6627.2,6497.6,,Financial Service Provider
5201,2001,1,506,2.0,6375.0,6412.911,6439.994,6471.955,6512.031,6561.923,6458.67,6633.054,Non-Financial Service Provider
5202,2001,1,507,3.0,6374.6,6420.0,6461.0,6524.0,6580.0,6639.0,6496.0,6714.0,Unknown
5203,2001,1,508,2.0,6374.6,6390.0,6431.0,6471.4,6507.0,6542.5,6449.8,6602.0,Non-Financial Service Provider
5204,2001,1,510,2.0,6374.6,6423.439,6433.053,6471.309,6517.724,6572.432,6464.554,6684.349,Non-Financial Service Provider
5205,2001,1,512,2.0,6374.6,6447.0,6477.0,6544.0,6604.0,6648.0,6518.0,6723.0,Non-Financial Service Provider
5206,2001,1,516,1.0,6374.6,6414.1,6461.6,6525.3,6589.6,6646.5,6497.7,6733.1,Financial Service Provider
5207,2001,2,20,2.0,6422.6,6484.0,6540.5,6597.6,6678.1,6761.4,6511.2,6763.6,Non-Financial Service Provider
5208,2001,2,40,2.0,6422.6,6458.9,6480.8,6504.3,6538.5,6578.1,6466.6,6600.1,Non-Financial Service Provider
5209,2001,2,65,2.0,6422.6,6451.309,6480.146,6513.901,6551.038,6591.603,6445.363,6638.724,Non-Financial Service Provider
5210,2001,2,84,1.0,6422.6,6435.0,6478.0,6525.0,6574.0,6623.0,6465.0,,Financial Service Provider
5211,2001,2,94,1.0,6422.6,6451.7,6491.9,6539.6,6592.3,6648.9,6476.4,6679.5,Financial Service Provider
5212,2001,2,407,1.0,6422.6,6445.7,6451.7,6440.2,6478.7,6519.9,6440.1,6545.4,Financial Service Provider
5213,2001,2,411,2.0,6422.6,6440.7,6475.1,6517.9,6559.9,6608.0,6464.0,6630.4,Non-Financial Service Provider
5214,2001,2,421,2.0,6422.6,6455.0,6503.0,6571.0,6630.0,6690.0,6488.0,6734.0,Non-Financial Service Provider
5215,2001,2,423,2.0,6422.6,6484.4,6542.1,6588.2,6635.1,6696.8,6513.4,6723.3,Non-Financial Service Provider
5216,2001,2,428,2.0,6422.6,6430.8,6447.2,6489.8,6539.9,6596.5,6447.6,6628.2,Non-Financial Service Provider
5217,2001,2,429,2.0,6422.6,6417.5,6447.2,6492.9,6555.3,6588.1,6445.1,6611.3,Non-Financial Service Provider
5218,2001,2,431,1.0,6422.6,6437.6,6462.6,6500.3,6546.1,6593.4,6455.8,6615.4,Financial Service Provider
5219,2001,2,433,2.0,6422.6,6452.893,6486.507,6523.487,6567.082,6609.357,6470.54,6632.304,Non-Financial Service Provider
5220,2001,2,446,2.0,6422.6,6438.2,6472.9,6515.3,6560.1,6612.2,6462.3,6645.0,Non-Financial Service Provider
5221,2001,2,456,1.0,6422.6,6446.6,6462.6,6494.7,6550.8,6607.4,6456.6,6630.1,Financial Service Provider
5222,2001,2,463,3.0,6422.6,6456.0,6507.0,6565.0,6608.0,6662.0,6488.0,6690.0,Unknown
5223,2001,2,465,1.0,6422.6,6441.7,6465.8,6505.8,6554.1,6605.9,6459.0,6635.4,Financial Service Provider
5224,2001,2,472,2.0,6422.6,6440.9,6476.7,6526.5,6579.3,6639.6,6466.7,6673.9,Non-Financial Service Provider
5225,2001,2,484,2.0,6422.6,6440.19,6465.797,6494.699,6530.129,6572.167,6457.952,6600.026,Non-Financial Service Provider
5226,2001,2,485,3.0,6422.6,6477.5,6525.0,6575.0,6600.0,6625.0,6500.0,6650.0,Unknown
5227,2001,2,497,1.0,6422.6,6452.7,6500.9,6563.2,6635.6,6691.2,6484.9,6718.6,Financial Service Provider
5228,2001,2,498,1.0,6422.6,6454.3,6491.5,6542.0,6599.0,6656.5,6477.6,6685.3,Financial Service Provider
5229,2001,2,499,1.0,6422.6,6421.9,6452.0,6455.7,6475.8,6518.3,6438.0,6533.3,Financial Service Provider
5230,2001,2,500,2.0,6422.6,6457.637,6497.624,6542.638,6599.149,6654.541,6483.129,6677.623,Non-Financial Service Provider
5231,2001,2,502,2.0,6422.6,6452.893,6480.144,6528.208,6576.628,6625.407,6470.54,6651.715,Non-Financial Service Provider
5232,2001,2,504,1.0,6422.6,6453.9,6486.0,6525.7,6582.6,6638.2,6472.1,,Financial Service Provider
5233,2001,2,506,2.0,6422.6,6442.5,6456.4,6489.5,6537.7,6591.5,6453.0,6615.0,Non-Financial Service Provider
5234,2001,2,507,3.0,6422.6,6470.0,6505.0,6550.0,6600.0,6675.0,6487.0,6688.0,Unknown
5235,2001,2,508,2.0,6422.6,6440.8,6476.3,6511.5,6548.4,6586.9,6462.8,6606.7,Non-Financial Service Provider
5236,2001,2,510,2.0,6422.6,6444.962,6481.705,6521.841,6570.214,6610.899,6470.54,6651.715,Non-Financial Service Provider
5237,2001,2,512,2.0,6422.6,6465.0,6482.0,6547.0,6605.0,6663.0,6479.0,6691.0,Non-Financial Service Provider
5238,2001,2,516,1.0,6422.6,6457.6,6494.5,6541.0,6592.7,6646.5,6478.9,6676.2,Financial Service Provider
5239,2001,2,518,2.0,6422.6,6441.9,6460.7,6493.6,6543.5,6600.0,6454.7,6626.5,Non-Financial Service Provider
5240,2001,3,20,2.0,6422.5,6459.0,6516.0,6570.1,6620.0,6650.0,6446.5,6643.8,Non-Financial Service Provider
5241,2001,3,40,2.0,6422.5,6459.8,6484.7,6528.5,6575.0,6626.3,6438.9,6601.9,Non-Financial Service Provider
5242,2001,3,65,2.0,6422.5,6462.27,6507.038,6556.892,6608.729,6660.976,6426.76,6613.136,Non-Financial Service Provider
5243,2001,3,84,1.0,6422.5,6457.0,6517.0,6554.0,6594.0,6635.0,6445.0,6612.0,Financial Service Provider
5244,2001,3,99,1.0,6422.5,6458.0,6499.0,6544.0,6598.0,6644.0,6442.0,6622.0,Financial Service Provider
5245,2001,3,407,1.0,6422.5,6442.0,6464.3,6508.9,6555.0,6601.4,6429.3,6578.0,Financial Service Provider
5246,2001,3,411,2.0,6422.5,6461.0,6509.3,6580.8,6613.7,6660.9,6445.5,6633.4,Non-Financial Service Provider
5247,2001,3,420,2.0,6422.5,6446.0,6463.0,6486.0,6510.0,6551.0,6430.0,6532.0,Non-Financial Service Provider
5248,2001,3,421,2.0,6422.5,6464.0,6538.0,6604.0,6662.0,6712.0,6453.0,6686.0,Non-Financial Service Provider
5249,2001,3,426,2.0,6422.5,6452.792,6473.662,6504.195,6544.471,6583.389,6445.534,6567.999,Non-Financial Service Provider
5250,2001,3,428,2.0,6424.2,6451.4,6486.1,6527.9,6578.0,6637.9,6437.6,6610.0,Non-Financial Service Provider
5251,2001,3,429,2.0,6422.5,6467.2,6522.2,6580.1,6630.1,6679.9,6450.1,6654.8,Non-Financial Service Provider
5252,2001,3,431,1.0,6422.5,6471.1,6502.5,6542.3,6582.6,6622.2,6446.1,6602.3,Financial Service Provider
5253,2001,3,433,2.0,6422.5,6477.974,6527.605,6574.424,6621.579,6664.206,6451.792,6638.894,Non-Financial Service Provider
5254,2001,3,439,2.0,6422.5,6493.6,6560.7,6609.4,6655.1,6701.3,6466.3,6678.4,Non-Financial Service Provider
5255,2001,3,456,1.0,6422.5,6454.4,6518.0,6566.3,6607.0,6639.8,6445.8,6621.4,Financial Service Provider
5256,2001,3,463,3.0,6422.5,6477.0,6531.0,6569.0,6616.0,6663.0,6455.0,6639.0,Unknown
5257,2001,3,465,1.0,6422.5,6465.0,6505.0,6553.0,6605.0,6662.0,6444.6,6634.8,Financial Service Provider
5258,2001,3,483,3.0,6422.5,6454.4,6491.2,6531.4,6571.8,6615.7,6439.1,6595.1,Unknown
5259,2001,3,484,2.0,6422.5,6462.27,6500.699,6536.162,6578.239,6623.811,6426.76,6587.429,Non-Financial Service Provider
5260,2001,3,485,3.0,6422.5,6475.0,6514.0,6500.0,6500.0,6500.0,6450.0,6500.0,Unknown
5261,2001,3,488,1.0,6422.5,6450.0,6495.0,6545.0,6605.0,6665.0,6439.0,6632.5,Financial Service Provider
5262,2001,3,498,1.0,6422.5,6461.9,6517.2,6574.1,6631.4,6688.4,6447.5,6660.1,Financial Service Provider
5263,2001,3,499,1.0,6422.5,6445.9,6466.0,6490.0,6538.0,6551.0,6430.7,6544.5,Financial Service Provider
5264,2001,3,500,2.0,6422.5,6462.27,6510.201,6561.669,6615.146,6662.592,6445.534,6632.454,Non-Financial Service Provider
5265,2001,3,502,2.0,6422.5,6451.208,6499.057,6547.261,6595.823,6644.745,6439.276,6619.576,Non-Financial Service Provider
5266,2001,3,504,1.0,6422.5,6462.8,6526.8,6566.7,6615.9,6673.1,6450.1,6646.6,Financial Service Provider
5267,2001,3,507,3.0,6422.5,6455.0,6497.0,6555.0,6615.0,6675.0,6441.0,6644.0,Unknown
5268,2001,3,508,2.0,6422.5,6446.5,6481.6,6515.4,6554.1,6593.1,6439.3,6580.3,Non-Financial Service Provider
5269,2001,3,510,2.0,6422.5,6473.275,6527.61,6529.241,6569.672,6608.74,6451.792,6587.279,Non-Financial Service Provider
5270,2001,3,512,2.0,6422.5,6467.0,6511.0,6556.0,6597.0,6650.0,6447.0,6622.0,Non-Financial Service Provider
5271,2001,3,516,1.0,6422.5,6454.375,6484.817,6526.563,6571.777,6618.913,6439.276,6600.258,Financial Service Provider
5272,2001,3,518,2.0,6422.5,6449.624,6484.808,6528.144,6581.347,6633.377,6426.76,6593.856,Non-Financial Service Provider
5273,2001,4,20,2.0,6447.8,6464.9,6485.4,6524.0,6547.6,6585.0,6432.4,6535.5,Non-Financial Service Provider
5274,2001,4,40,2.0,6447.8,6429.6,6419.5,6438.0,6470.8,6514.8,6423.6,6460.8,Non-Financial Service Provider
5275,2001,4,65,2.0,6447.8,6431.62,6431.62,6444.444,6479.6,6522.901,6420.502,6516.81,Non-Financial Service Provider
5276,2001,4,84,1.0,6447.8,6510.0,6550.0,6587.0,6627.0,6667.0,6444.0,6608.0,Financial Service Provider
5277,2001,4,407,1.0,6447.8,6472.2,6503.0,6545.1,6588.7,6629.2,6434.2,6566.5,Financial Service Provider
5278,2001,4,411,2.0,6447.8,6465.9,6428.2,6506.0,6560.3,6605.4,6432.7,6525.0,Non-Financial Service Provider
5279,2001,4,420,2.0,6442.0,6410.0,6402.0,6426.0,6472.0,6522.0,6417.0,6456.0,Non-Financial Service Provider
5280,2001,4,423,2.0,,,,,,,,,Non-Financial Service Provider
5281,2001,4,426,2.0,6447.8,6416.952,6410.525,6437.598,6467.961,6509.6,6433.018,6458.75,Non-Financial Service Provider
5282,2001,4,428,2.0,6447.8,6437.5,6418.4,6449.0,6504.6,6575.8,6425.6,6487.0,Non-Financial Service Provider
5283,2001,4,429,2.0,6447.8,6455.8,6437.1,6480.5,6544.3,6601.5,6430.1,6515.9,Non-Financial Service Provider
5284,2001,4,433,2.0,6447.8,6451.021,6429.953,6444.372,6482.695,6537.109,6426.76,6471.748,Non-Financial Service Provider
5285,2001,4,446,2.0,6447.8,6460.7,6483.2,6572.1,6557.2,6627.9,6431.3,6545.1,Non-Financial Service Provider
5286,2001,4,456,1.0,6447.8,6390.6,6358.4,6374.3,6421.5,6453.4,6413.8,6401.9,Financial Service Provider
5287,2001,4,463,3.0,6447.8,6475.0,6461.0,6504.0,6559.0,6625.0,6435.0,6537.0,Unknown
5288,2001,4,472,2.0,6447.8,6452.8,6454.8,6483.7,6527.8,6586.2,6429.4,6513.2,Non-Financial Service Provider
5289,2001,4,485,3.0,6447.8,6435.5,6400.0,6375.0,6400.0,6425.0,6425.0,6400.0,Unknown
5290,2001,4,488,1.0,6447.8,6450.0,6480.0,6530.0,6590.0,6640.0,6428.7,6560.0,Financial Service Provider
5291,2001,4,497,1.0,6447.8,6464.6,6369.8,6414.2,,,6432.3,6451.4,Financial Service Provider
5292,2001,4,498,1.0,6447.8,6441.7,6421.3,6468.9,6524.8,6584.8,6426.6,6500.0,Financial Service Provider
5293,2001,4,499,1.0,6447.8,6459.4,6408.9,6425.6,6456.5,6472.8,6431.0,6441.0,Financial Service Provider
5294,2001,4,504,1.0,6447.8,6464.6,6431.7,6460.5,6509.0,6573.0,6432.3,6493.6,Financial Service Provider
5295,2001,4,506,2.0,6447.8,6451.021,6429.953,6477.644,6536.749,6599.57,6426.76,6510.308,Non-Financial Service Provider
5296,2001,4,507,3.0,6447.8,6445.0,6455.0,6510.0,6570.0,6630.0,6427.0,6541.0,Unknown
5297,2001,4,508,2.0,6447.8,6447.3,6445.3,6492.9,6544.4,6603.6,6428.0,6521.6,Non-Financial Service Provider
5298,2001,4,512,2.0,6447.8,6459.0,6471.0,6507.0,6537.0,6584.0,6431.0,6524.7,Non-Financial Service Provider
5299,2001,4,516,1.0,6447.8,6460.7,6473.5,6505.7,6542.8,6591.3,6431.3,6528.3,Financial Service Provider
5300,2001,4,518,2.0,6447.8,6412.041,6355.184,6342.435,6389.478,6443.109,6420.502,6381.979,Non-Financial Service Provider
5301,2001,4,519,1.0,6447.8,6454.3,6450.7,6490.5,6544.5,6601.8,6429.7,6521.9,Financial Service Provider
5302,2002,1,20,2.0,6528.4,6548.8,6577.5,6610.0,6645.1,6698.9,6595.4,6730.0,Non-Financial Service Provider
5303,2002,1,40,2.0,6528.4,6525.6,6527.3,6551.5,6588.7,6632.6,6548.3,6700.0,Non-Financial Service Provider
5304,2002,1,65,2.0,6528.4,6559.191,6575.528,6608.162,6649.082,6698.398,6544.009,6674.89,Non-Financial Service Provider
5305,2002,1,84,1.0,6528.4,6497.0,6528.0,6564.0,6602.0,,6548.0,,Financial Service Provider
5306,2002,1,99,1.0,6528.4,6559.0,6597.0,6625.0,6675.0,6698.0,6614.0,6849.0,Financial Service Provider
5307,2002,1,407,1.0,6528.4,6533.4,6585.5,6624.9,6662.1,6698.3,6601.5,,Financial Service Provider
5308,2002,1,411,2.0,6528.4,6472.3,6538.7,6586.7,6634.8,6687.3,6557.6,6758.6,Non-Financial Service Provider
5309,2002,1,421,2.0,6528.4,6561.0,6617.0,6670.0,6707.0,6767.0,6641.0,6867.0,Non-Financial Service Provider
5310,2002,1,423,2.0,,,,,,,,,Non-Financial Service Provider
5311,2002,1,426,2.0,6528.4,6493.853,6513.247,6563.148,6626.224,6697.94,6550.457,6792.823,Non-Financial Service Provider
5312,2002,1,428,2.0,6528.4,6512.0,6530.4,6579.7,6643.9,6716.8,6566.5,6809.0,Non-Financial Service Provider
5313,2002,1,429,2.0,6528.4,6513.5,6567.8,6632.6,6684.3,6727.5,6599.6,6798.2,Non-Financial Service Provider
5314,2002,1,431,1.0,6528.4,6530.031,6573.669,6627.244,6681.254,6734.075,6602.035,6806.698,Financial Service Provider
5315,2002,1,433,2.0,6528.4,6510.372,6545.887,6576.761,6607.781,6650.319,6563.351,6720.872,Non-Financial Service Provider
5316,2002,1,439,2.0,6528.4,6537.0,6561.0,6600.0,6645.0,6690.0,6585.6,6758.7,Non-Financial Service Provider
5317,2002,1,446,2.0,6528.4,6541.4,6569.0,6625.8,6679.8,6732.6,6604.0,6819.4,Non-Financial Service Provider
5318,2002,1,463,3.0,6528.4,6543.0,6585.0,6634.0,6691.0,6751.0,6613.0,6833.0,Unknown
5319,2002,1,465,1.0,6528.4,6520.1,6536.3,,6640.0,6699.0,,6781.3,Financial Service Provider
5320,2002,1,483,3.0,6528.4,6552.7,6593.3,6637.4,6686.6,6736.2,6617.5,6819.4,Unknown
5321,2002,1,484,2.0,6528.4,6547.897,6551.169,6565.859,6595.208,6631.187,6563.351,6720.872,Non-Financial Service Provider
5322,2002,1,485,3.0,6528.4,6475.0,6425.0,6450.0,6450.0,6465.0,6450.0,6500.0,Unknown
5323,2002,1,498,1.0,6528.4,6512.1,6553.6,6603.4,6669.2,6730.4,6584.6,6824.0,Financial Service Provider
5324,2002,1,499,1.0,6528.4,6438.9,6469.4,6446.8,6530.8,6532.7,6471.5,6611.6,Financial Service Provider
5325,2002,1,500,2.0,6528.4,6475.534,6544.051,6603.762,6655.969,6693.916,6569.798,6747.183,Non-Financial Service Provider
5326,2002,1,502,2.0,6528.4,6520.224,6536.464,6584.945,6649.83,6718.579,6550.457,6773.172,Non-Financial Service Provider
5327,2002,1,507,3.0,6528.4,6500.0,6525.0,6575.0,6645.0,6675.0,6561.0,6782.0,Unknown
5328,2002,1,508,2.0,6528.4,6518.6,6553.9,6603.9,6659.1,6717.1,6583.9,6804.2,Non-Financial Service Provider
5329,2002,1,510,2.0,6528.4,6572.027,6596.535,6640.618,6694.738,6744.393,6627.824,6859.798,Non-Financial Service Provider
5330,2002,1,512,2.0,6528.4,6489.0,6520.0,6537.0,6584.0,6614.0,6532.0,6660.0,Non-Financial Service Provider
5331,2002,1,516,1.0,6528.4,6470.5,6483.4,6504.4,6533.4,6581.9,6497.9,6661.2,Financial Service Provider
5332,2002,1,517,3.0,,,,,,,,,Unknown
5333,2002,1,518,2.0,6528.4,6488.872,6505.034,6558.049,6621.075,6689.528,6544.009,6766.505,Non-Financial Service Provider
5334,2002,1,519,1.0,6528.4,6516.9,6587.3,6630.8,6686.4,6744.1,6605.4,6816.9,Financial Service Provider
5335,2002,1,520,2.0,6528.4,6560.8,6596.6,6642.3,6685.0,6728.1,6621.2,6797.5,Non-Financial Service Provider
5336,2002,1,521,1.0,6528.4,6510.372,6542.683,6584.802,6635.251,6689.328,6569.798,6766.892,Financial Service Provider
5337,2002,2,20,2.0,6597.5,6626.2,6670.0,6705.0,6758.9,6804.0,6649.7,6849.0,Non-Financial Service Provider
5338,2002,2,40,2.0,6597.5,6668.5,6669.7,6701.6,6739.5,6782.1,6659.3,6807.0,Non-Financial Service Provider
5339,2002,2,65,2.0,6597.5,6638.354,6681.088,6725.736,6770.683,6814.27,6618.008,6816.548,Non-Financial Service Provider
5340,2002,2,84,1.0,6597.5,6686.0,6726.0,6765.0,,,6694.0,,Financial Service Provider
5341,2002,2,99,1.0,6597.5,6647.0,6687.0,6752.0,6815.0,6869.0,6671.0,6838.0,Financial Service Provider
5342,2002,2,405,1.0,6597.5,6677.1,6708.9,6747.4,6802.5,6833.2,6682.7,6856.5,Financial Service Provider
5343,2002,2,407,1.0,6597.5,6640.9,6676.8,6713.6,6754.3,6796.0,6657.2,,Financial Service Provider
5344,2002,2,420,2.0,6597.5,6634.0,6685.0,6755.0,6807.0,6855.0,6668.0,6880.0,Non-Financial Service Provider
5345,2002,2,421,2.0,6597.5,6659.0,6707.0,6754.0,,6849.0,6678.0,6877.0,Non-Financial Service Provider
5346,2002,2,423,2.0,,,,,,,,,Non-Financial Service Provider
5347,2002,2,426,2.0,6597.5,6675.284,6713.34,6761.491,6834.671,6888.704,6695.411,6916.36,Non-Financial Service Provider
5348,2002,2,428,2.0,6597.5,6619.9,6664.5,6723.6,6794.4,6869.1,6651.4,6895.1,Non-Financial Service Provider
5349,2002,2,429,2.0,6597.5,6641.6,6685.6,6734.1,6778.6,6827.8,6664.7,6851.0,Non-Financial Service Provider
5350,2002,2,431,1.0,6597.5,6629.3,6668.8,6713.0,6767.5,,6653.6,6837.5,Financial Service Provider
5351,2002,2,433,2.0,6597.5,6641.589,6674.551,6706.032,6749.202,6795.958,6656.709,6823.127,Non-Financial Service Provider
5352,2002,2,439,2.0,6598.0,6630.0,6683.0,6728.0,6778.0,6820.0,6659.6,6844.4,Non-Financial Service Provider
5353,2002,2,446,2.0,6597.5,6640.0,6704.1,6763.7,6821.3,6881.0,6676.3,6910.7,Non-Financial Service Provider
5354,2002,2,456,1.0,6597.5,6638.4,6671.3,6704.4,6745.9,6787.7,6652.9,6815.1,Financial Service Provider
5355,2002,2,463,3.0,6597.5,6646.0,6690.0,6744.0,6803.0,6859.0,6669.0,6887.0,Unknown
5356,2002,2,465,1.0,6597.5,6646.0,6695.0,6751.0,6811.0,6873.0,6672.0,6895.0,Financial Service Provider
5357,2002,2,472,2.0,6597.5,6634.5,6674.9,6720.9,6760.7,6806.4,6657.0,6841.2,Non-Financial Service Provider
5358,2002,2,483,3.0,6597.5,6638.4,6682.7,6732.3,6782.2,6835.8,6662.7,6866.0,Unknown
5359,2002,2,484,2.0,6597.5,6628.617,6658.247,6692.931,6729.442,6769.46,6643.809,6789.972,Non-Financial Service Provider
5360,2002,2,485,3.0,6597.5,6695.0,6727.5,6800.0,6825.0,6875.0,6700.0,6900.0,Unknown
5361,2002,2,497,1.0,,,,,,,,,Financial Service Provider
5362,2002,2,500,2.0,6597.5,6641.589,6694.096,6751.916,6813.523,6870.714,6669.61,6889.707,Non-Financial Service Provider
5363,2002,2,502,2.0,6597.5,6630.243,6671.299,6730.547,6800.131,6867.135,6656.709,6896.351,Non-Financial Service Provider
5364,2002,2,504,1.0,6597.5,6630.6,6679.8,6737.7,6796.0,6842.2,6661.4,6866.2,Financial Service Provider
5365,2002,2,507,3.0,6597.5,6660.0,6680.0,6705.0,6755.0,6845.0,6661.0,6868.0,Unknown
5366,2002,2,508,2.0,6597.5,6634.3,6681.7,6741.0,6801.8,6854.4,6663.6,6875.2,Non-Financial Service Provider
5367,2002,2,510,2.0,6597.5,6665.708,6713.518,6769.87,6815.111,6865.659,6688.961,6916.386,Non-Financial Service Provider
5368,2002,2,512,2.0,6597.5,6654.0,6691.0,6726.0,6756.0,6771.0,6667.0,6789.0,Non-Financial Service Provider
5369,2002,2,516,1.0,6597.5,6627.0,6662.0,6709.0,6759.0,6811.0,6629.0,6833.0,Financial Service Provider
5370,2002,2,518,2.0,6597.5,6644.2,6694.3,6753.9,6821.3,6882.5,6672.5,6914.1,Non-Financial Service Provider
5371,2002,2,519,1.0,6597.5,6648.3,6692.4,6758.0,6818.3,6879.2,6674.0,6907.8,Financial Service Provider
5372,2002,2,520,2.0,6597.5,6638.4,6686.0,6730.6,6775.6,6822.6,6663.1,6845.5,Non-Financial Service Provider
5373,2002,2,521,1.0,6597.5,6638.354,6679.46,6730.635,6785.488,6837.475,6663.16,6863.055,Financial Service Provider
5374,2002,3,20,2.0,6544.2,6580.0,6623.0,6668.9,6718.0,6770.0,6565.3,6744.3,Non-Financial Service Provider
5375,2002,3,40,2.0,6544.2,6555.3,6574.9,6610.1,6647.8,6694.9,6547.1,6676.1,Non-Financial Service Provider
5376,2002,3,84,1.0,6544.2,6610.0,6643.0,6642.0,6722.0,6783.0,6578.0,6739.0,Financial Service Provider
5377,2002,3,99,1.0,6544.2,6580.0,6640.0,6692.0,6742.0,6840.0,6570.0,6794.0,Financial Service Provider
5378,2002,3,405,1.0,6544.2,6575.8,6632.6,6677.2,6707.3,6747.3,6566.6,6730.2,Financial Service Provider
5379,2002,3,407,1.0,6544.2,6593.6,6624.4,6657.5,6690.2,6721.9,6569.0,,Financial Service Provider
5380,2002,3,411,2.0,6544.2,6606.4,6640.6,6682.3,6726.2,6776.1,6576.3,6751.6,Non-Financial Service Provider
5381,2002,3,420,2.0,6544.2,6600.0,6658.0,6703.0,6753.0,6800.0,6579.0,6771.0,Non-Financial Service Provider
5382,2002,3,421,2.0,6544.2,6622.7,6669.1,6719.1,6769.5,6823.8,6587.5,6799.3,Non-Financial Service Provider
5383,2002,3,426,2.0,6544.2,6616.612,6647.819,6695.5,6736.96,6785.281,6594.025,6765.47,Non-Financial Service Provider
5384,2002,3,428,2.0,6544.2,6598.6,6631.8,6681.0,6743.2,6813.1,6572.1,6778.1,Non-Financial Service Provider
5385,2002,3,429,2.0,6544.2,6601.6,6628.8,6675.0,6727.3,6778.3,6572.1,6751.5,Non-Financial Service Provider
5386,2002,3,433,2.0,6544.2,6578.29,6610.938,6648.627,6696.314,6747.618,6562.139,6726.193,Non-Financial Service Provider
5387,2002,3,439,2.0,6544.0,6590.0,6630.0,6680.0,6721.0,6767.0,6569.5,6744.9,Non-Financial Service Provider
5388,2002,3,446,2.0,6544.2,6597.5,6652.9,6710.4,6768.1,6827.8,6577.1,6798.3,Non-Financial Service Provider
5389,2002,3,448,2.0,6544.2,6588.5,6613.5,6703.9,6734.9,6788.5,6565.0,6769.1,Non-Financial Service Provider
5390,2002,3,456,1.0,6544.2,6584.7,6609.3,6633.9,6666.9,6708.1,6563.2,6691.7,Financial Service Provider
5391,2002,3,463,3.0,6544.2,6609.0,6656.0,6717.0,6775.0,6833.0,6581.0,6804.0,Unknown
5392,2002,3,465,1.0,6544.2,6585.0,6630.0,6679.5,6724.0,6769.0,6568.0,6747.0,Financial Service Provider
5393,2002,3,483,3.0,6544.2,6579.9,6620.6,6661.6,6711.1,6764.1,6564.6,6738.6,Unknown
5394,2002,3,484,2.0,6544.2,6555.623,6581.689,6617.593,6660.194,6706.334,6549.385,6686.922,Non-Financial Service Provider
5395,2002,3,497,1.0,6544.2,6606.2,6649.6,6702.3,6754.4,,6578.4,,Financial Service Provider
5396,2002,3,498,1.0,6544.2,6601.4,6650.4,6708.4,6766.9,6825.9,6577.5,6796.6,Financial Service Provider
5397,2002,3,500,2.0,6544.2,6607.094,6641.511,6682.637,6727.295,6777.192,6574.894,6752.416,Non-Financial Service Provider
5398,2002,3,502,2.0,6544.2,6594.338,6633.553,6682.755,6732.321,6782.255,6568.516,6765.572,Non-Financial Service Provider
5399,2002,3,504,1.0,6544.2,6608.7,6658.3,6716.4,6779.4,6838.2,6581.2,6805.8,Financial Service Provider
5400,2002,3,507,3.0,6544.2,6601.0,6658.0,6722.0,6767.0,6838.0,6579.0,6807.0,Unknown
5401,2002,3,508,2.0,6544.2,6591.4,6632.2,6686.8,6736.1,6780.2,6570.4,6757.4,Non-Financial Service Provider
5402,2002,3,510,2.0,6544.2,6607.094,6665.771,6734.686,6792.856,6858.14,6581.271,6824.777,Non-Financial Service Provider
5403,2002,3,512,2.0,6544.2,6595.0,6640.0,6684.0,6725.0,6773.0,6573.0,6745.0,Non-Financial Service Provider
5404,2002,3,516,1.0,6544.2,6599.1,6638.4,6687.6,6737.2,6785.5,6573.9,6760.7,Financial Service Provider
5405,2002,3,518,2.0,6544.2,6592.0,6626.1,6670.3,6713.1,6754.0,6569.0,6733.7,Non-Financial Service Provider
5406,2002,3,519,1.0,6544.2,6601.2,6626.7,6682.2,6756.7,6805.9,6571.5,6775.3,Financial Service Provider
5407,2002,3,520,2.0,6544.2,6584.724,6628.728,6676.272,6722.523,6767.448,6568.516,6811.551,Non-Financial Service Provider
5408,2002,3,521,1.0,6544.2,6592.739,6618.953,6656.688,6701.173,6754.151,6568.516,6719.592,Financial Service Provider
5409,2002,4,20,2.0,6610.8,6656.0,6708.9,6761.0,6815.0,6875.0,6631.5,6790.0,Non-Financial Service Provider
5410,2002,4,40,2.0,6610.8,6693.3,6728.3,6777.5,6820.3,6864.9,6590.1,6797.8,Non-Financial Service Provider
5411,2002,4,65,2.0,6610.8,6650.112,6688.025,6729.439,6771.109,6813.038,6568.516,6752.435,Non-Financial Service Provider
5412,2002,4,84,1.0,6610.8,6607.0,6644.0,6681.0,6718.0,6755.0,6569.0,6650.0,Financial Service Provider
5413,2002,4,99,1.0,6610.8,6694.9,6732.2,6804.4,6855.6,6924.5,6590.0,6829.0,Financial Service Provider
5414,2002,4,405,1.0,6610.8,6630.0,6671.0,6728.7,6768.8,6824.1,6574.2,6748.2,Financial Service Provider
5415,2002,4,407,1.0,6610.8,6616.9,6648.7,6690.4,6723.7,6759.3,6571.0,6705.5,Financial Service Provider
5416,2002,4,421,2.0,6610.8,6636.0,6682.0,6737.0,6794.0,6847.0,6576.0,6765.0,Non-Financial Service Provider
5417,2002,4,423,2.0,6610.8,6682.6,6736.9,6792.9,6853.1,6911.7,6587.4,6823.6,Non-Financial Service Provider
5418,2002,4,426,2.0,6610.8,6632.181,6663.462,6703.088,6742.949,6804.474,6594.025,6725.905,Non-Financial Service Provider
5419,2002,4,428,2.0,6610.8,6631.2,6670.8,6719.6,6773.7,6834.3,6574.6,6749.6,Non-Financial Service Provider
5420,2002,4,429,2.0,6610.8,6605.7,6649.6,6699.2,6749.4,6803.5,6568.2,6725.4,Non-Financial Service Provider
5421,2002,4,431,1.0,6610.8,6614.103,6650.184,6692.995,6745.908,6805.818,6568.516,6719.592,Financial Service Provider
5422,2002,4,433,2.0,6610.8,6619.048,6648.635,6691.436,6742.703,6791.064,6574.894,6719.541,Non-Financial Service Provider
5423,2002,4,439,2.0,6611.0,6621.0,6666.0,6707.0,6753.0,6799.0,6571.9,6731.0,Non-Financial Service Provider
5424,2002,4,446,2.0,6610.8,6640.8,6686.8,6744.5,6807.7,6873.1,6577.0,6778.1,Non-Financial Service Provider
5425,2002,4,448,2.0,6610.8,6623.7,6661.4,6698.4,6753.5,6802.3,6572.7,6728.9,Non-Financial Service Provider
5426,2002,4,463,3.0,6610.8,6631.0,6718.0,6776.0,6834.0,6893.0,6575.0,6805.0,Unknown
5427,2002,4,465,1.0,6610.8,6635.5,6668.4,6709.7,6754.5,6799.7,6575.6,6733.1,Financial Service Provider
5428,2002,4,472,2.0,6610.8,6630.8,6671.3,6708.8,6751.3,6797.8,6574.5,6732.3,Non-Financial Service Provider
5429,2002,4,485,3.0,6610.8,6633.0,6600.0,6625.0,6675.0,6700.0,6575.0,6650.0,Unknown
5430,2002,4,497,1.0,,,,,,,,,Financial Service Provider
5431,2002,4,498,1.0,6610.8,6624.4,6665.9,6716.1,6774.5,6835.7,6572.9,6748.1,Financial Service Provider
5432,2002,4,500,2.0,6610.8,6619.048,6656.784,6701.269,6752.611,6805.995,6568.516,6726.161,Non-Financial Service Provider
5433,2002,4,504,1.0,6610.8,6619.1,6668.8,6710.2,6760.3,6818.7,6571.5,6739.5,Financial Service Provider
5434,2002,4,506,2.0,6610.8,6587.0,6626.4,6677.9,6727.4,6788.9,6563.5,6705.1,Non-Financial Service Provider
5435,2002,4,507,3.0,6610.8,6610.0,6651.0,6712.0,6780.0,6855.0,6569.0,6749.0,Unknown
5436,2002,4,508,2.0,6610.8,6626.1,6665.0,6704.1,6739.1,6780.9,6573.3,6722.3,Non-Financial Service Provider
5437,2002,4,510,2.0,6610.8,6654.978,6722.167,6773.669,6833.826,6899.502,6581.271,6811.615,Non-Financial Service Provider
5438,2002,4,512,2.0,6610.8,6656.0,6682.0,6725.0,6773.0,6800.0,6580.0,6745.0,Non-Financial Service Provider
5439,2002,4,516,1.0,6610.8,6640.4,6676.6,6717.9,6769.4,6821.3,6576.9,6746.3,Financial Service Provider
5440,2002,4,518,2.0,6605.4,6625.7,6643.0,6683.4,6725.9,6774.4,6572.3,6706.7,Non-Financial Service Provider
5441,2002,4,519,1.0,6610.8,6595.4,6637.4,6693.2,6747.7,6814.1,6565.6,6723.1,Financial Service Provider
5442,2002,4,520,2.0,6610.8,6637.086,6676.555,6724.442,6774.318,6824.563,6574.894,6745.841,Non-Financial Service Provider
5443,2002,4,521,1.0,6610.8,6635.452,6660.196,6704.705,6757.71,6816.08,6574.894,6732.691,Financial Service Provider
5444,2003,1,20,2.0,6625.7,6658.0,6708.9,6761.0,6815.0,6875.0,6735.2,6935.0,Non-Financial Service Provider
5445,2003,1,40,2.0,6625.7,6695.7,6729.1,6767.0,6815.5,6867.8,6751.8,6950.2,Non-Financial Service Provider
5446,2003,1,65,2.0,6625.7,6650.408,6675.208,6719.816,6772.941,6831.442,6737.325,6925.97,Non-Financial Service Provider
5447,2003,1,99,1.0,6625.7,6641.0,6651.0,6662.0,6728.0,6844.0,6671.0,6997.0,Financial Service Provider
5448,2003,1,405,1.0,6625.7,6664.7,6722.3,6762.5,6817.6,6865.0,6741.8,6922.8,Financial Service Provider
5449,2003,1,407,1.0,6625.7,6623.1,6652.0,6707.2,6764.2,6821.3,6686.6,6893.3,Financial Service Provider
5450,2003,1,411,2.0,6625.7,6646.0,6682.4,6762.9,6820.6,6888.5,6727.9,6967.0,Non-Financial Service Provider
5451,2003,1,420,2.0,6625.7,6654.0,6688.0,6733.0,6788.0,6844.0,6716.0,6980.0,Non-Financial Service Provider
5452,2003,1,421,2.0,6625.7,6685.0,6739.0,6798.0,6851.0,6918.0,6768.0,7012.0,Non-Financial Service Provider
5453,2003,1,426,2.0,6625.7,6665.102,6719.421,6769.259,6834.316,6899.998,6750.471,7013.74,Non-Financial Service Provider
5454,2003,1,428,2.0,6625.7,6655.1,6694.2,6747.7,6808.3,6870.9,6726.3,6960.4,Non-Financial Service Provider
5455,2003,1,429,2.0,6625.7,6662.2,6706.8,6766.1,6827.5,6892.3,6740.7,6977.0,Non-Financial Service Provider
5456,2003,1,431,1.0,6625.7,6668.354,6701.448,6746.232,6794.619,6840.025,6728.123,6902.381,Financial Service Provider
5457,2003,1,433,2.0,6625.7,6676.463,6711.242,6754.446,6802.892,6855.012,6737.325,6932.708,Non-Financial Service Provider
5458,2003,1,439,2.0,6625.7,6681.0,6716.0,6761.0,6807.0,6947.0,6741.4,6923.6,Non-Financial Service Provider
5459,2003,1,446,2.0,6625.7,6671.6,6729.2,6787.3,6847.6,6911.8,6758.9,6992.7,Non-Financial Service Provider
5460,2003,1,456,1.0,6625.7,6658.583,6683.414,6716.583,6766.4,6824.845,6704.46,6905.594,Financial Service Provider
5461,2003,1,463,3.0,6625.7,6691.0,6757.0,6839.0,6891.0,6945.0,6795.0,7026.0,Unknown
5462,2003,1,465,1.0,6625.7,6659.0,6700.0,6745.0,6790.0,6835.0,6723.0,6904.0,Financial Service Provider
5463,2003,1,483,3.0,6625.7,6634.0,6646.4,6666.2,6696.0,6732.5,6660.6,6803.7,Unknown
5464,2003,1,484,2.0,6625.7,6635.617,6648.848,6667.058,6691.919,6718.528,6658.449,6771.643,Non-Financial Service Provider
5465,2003,1,485,3.0,6625.7,6650.0,6600.0,6650.0,6700.0,6725.0,6650.0,6800.0,Unknown
5466,2003,1,497,1.0,6625.7,6648.1,6713.6,6774.7,6820.5,6875.3,6739.2,6953.6,Financial Service Provider
5467,2003,1,498,1.0,6625.7,6648.6,6702.9,6743.8,6788.8,6834.3,6720.3,6910.9,Financial Service Provider
5468,2003,1,500,2.0,6625.7,6650.408,6693.221,6768.899,6822.413,6884.663,6730.752,6952.867,Non-Financial Service Provider
5469,2003,1,502,2.0,6625.7,6653.682,6694.883,6744.539,6799.506,6853.261,6724.179,6939.353,Non-Financial Service Provider
5470,2003,1,504,1.0,6625.7,6674.8,6716.1,6766.3,6818.0,6872.9,6743.8,6952.9,Financial Service Provider
5471,2003,1,506,2.0,6625.7,6650.0,6696.0,6762.0,6842.3,6945.2,6737.6,7045.8,Non-Financial Service Provider
5472,2003,1,507,3.0,6625.7,6666.0,6722.0,6788.0,6844.0,6903.0,6755.0,6993.0,Unknown
5473,2003,1,510,2.0,6625.7,6692.594,6740.596,6797.175,6859.195,6918.441,6770.19,7040.998,Non-Financial Service Provider
5474,2003,1,512,2.0,6625.7,6692.0,6726.0,6766.0,6801.0,6835.0,6746.0,6883.0,Non-Financial Service Provider
5475,2003,1,516,1.0,6625.7,6674.8,6724.4,6769.3,6822.3,6871.7,6747.8,6941.8,Financial Service Provider
5476,2003,1,519,1.0,6625.7,6663.9,6717.8,6772.2,6840.7,6942.4,6748.7,7038.7,Financial Service Provider
5477,2003,1,520,2.0,6625.7,6656.951,6693.266,6749.447,6804.454,6851.593,6724.179,6919.18,Non-Financial Service Provider
5478,2003,1,521,1.0,6625.7,6658.583,6698.18,6739.656,6792.938,6848.3,6724.179,6939.353,Financial Service Provider
5479,2003,1,523,2.0,,,,,,,,,Non-Financial Service Provider
5480,2003,1,524,2.0,6625.7,6653.7,6695.3,6744.4,6816.8,6886.7,6727.5,6942.8,Non-Financial Service Provider
5481,2003,2,20,2.0,6660.5,6714.1,6764.0,6820.2,6878.1,6940.0,6739.8,6973.0,Non-Financial Service Provider
5482,2003,2,40,2.0,6660.5,6728.8,6770.8,6821.7,6867.6,6922.5,6745.4,6956.7,Non-Financial Service Provider
5483,2003,2,65,2.0,6660.5,6693.556,6730.07,6773.396,6821.978,6872.577,6727.248,6929.065,Non-Financial Service Provider
5484,2003,2,84,1.0,6660.5,6699.0,6743.0,6782.0,6820.0,6857.0,6707.0,,Financial Service Provider
5485,2003,2,99,1.0,6660.5,6733.0,6805.0,6948.0,7010.0,7069.0,6789.0,7080.0,Financial Service Provider
5486,2003,2,407,1.0,6660.5,6690.9,6754.5,6807.2,6860.3,6906.1,6728.3,6927.7,Financial Service Provider
5487,2003,2,420,2.0,6660.5,6688.0,6757.0,6802.0,6851.0,6896.0,6727.0,6950.0,Non-Financial Service Provider
5488,2003,2,421,2.0,6660.5,6714.0,6779.0,6834.0,6901.0,6963.0,6747.0,6994.0,Non-Financial Service Provider
5489,2003,2,426,2.0,6660.5,6709.901,6756.385,6824.598,6905.059,6974.773,6740.4,7003.275,Non-Financial Service Provider
5490,2003,2,428,2.0,6660.5,6692.8,6739.3,6798.2,6865.1,6930.7,6722.7,6956.8,Non-Financial Service Provider
5491,2003,2,429,2.0,6660.5,6698.8,6754.0,6810.6,6877.8,6937.9,6731.0,6968.8,Non-Financial Service Provider
5492,2003,2,431,1.0,6660.5,6678.741,6726.644,6773.244,6821.825,6869.084,6707.52,6895.331,Financial Service Provider
5493,2003,2,433,2.0,6660.5,6690.272,6744.796,6796.472,6848.543,6904.357,6720.672,6929.013,Non-Financial Service Provider
5494,2003,2,439,2.0,6660.5,6674.0,6717.0,6762.0,6901.0,6948.0,6703.4,6878.3,Non-Financial Service Provider
5495,2003,2,446,2.0,6660.5,6686.6,6741.1,6799.3,6855.4,6911.3,6721.9,6935.9,Non-Financial Service Provider
5496,2003,2,448,2.0,6660.5,6690.6,6736.8,6785.5,6836.4,6871.0,6718.4,6905.1,Non-Financial Service Provider
5497,2003,2,456,1.0,6660.5,6677.089,6734.762,6776.465,6810.097,6868.918,6714.096,6881.949,Financial Service Provider
5498,2003,2,463,3.0,6660.5,6719.0,6818.0,6879.0,6933.0,6986.0,6769.0,7014.0,Unknown
5499,2003,2,483,3.0,6660.5,6677.1,6700.3,6727.0,6760.4,6798.9,6691.2,6823.8,Unknown
5500,2003,2,484,2.0,6660.5,6688.628,6720.175,6755.182,6792.033,6830.754,6707.52,6855.085,Non-Financial Service Provider
5501,2003,2,485,3.0,6660.5,6649.0,6652.0,6738.0,6750.0,6775.0,6675.0,6800.0,Unknown
5502,2003,2,500,2.0,6660.5,6691.915,6725.126,6768.419,6831.823,6884.165,6714.096,6915.519,Non-Financial Service Provider
5503,2003,2,504,1.0,6660.5,6694.2,6752.4,6802.9,6857.5,6912.4,6727.5,6937.3,Financial Service Provider
5504,2003,2,506,2.0,6660.5,6686.1,6746.2,6803.7,6883.8,6952.1,6724.1,6978.8,Non-Financial Service Provider
5505,2003,2,507,3.0,6660.5,6698.0,6756.0,6820.0,6881.0,6950.0,6734.0,6981.0,Unknown
5506,2003,2,508,2.0,6660.5,6700.0,6752.1,6808.0,6865.1,6920.5,6730.1,6942.6,Non-Financial Service Provider
5507,2003,2,510,2.0,6660.5,6724.511,6782.594,6856.002,6910.204,6978.292,6753.552,7010.187,Non-Financial Service Provider
5508,2003,2,512,2.0,6660.5,6705.0,6762.0,6811.0,6870.0,6904.0,6734.0,6917.0,Non-Financial Service Provider
5509,2003,2,516,1.0,6660.5,6696.9,6730.1,6766.8,6820.3,6872.6,6713.6,6899.1,Financial Service Provider
5510,2003,2,518,2.0,6660.5,6685.337,6718.516,6768.348,6825.159,6879.117,6714.096,6908.805,Non-Financial Service Provider
5511,2003,2,519,1.0,6660.5,6697.5,6754.9,6810.5,6884.1,6948.8,6730.9,6974.1,Financial Service Provider
5512,2003,2,520,2.0,6660.5,6680.392,6713.546,6764.982,6815.159,6865.707,6707.52,6895.331,Non-Financial Service Provider
5513,2003,2,521,1.0,6660.5,6690.272,6730.057,6781.62,6838.542,6897.61,6714.096,6922.233,Financial Service Provider
5514,2003,2,523,2.0,6660.5,6709.0,6761.3,6814.5,6868.1,6922.2,6736.3,,Non-Financial Service Provider
5515,2003,2,525,1.0,,,,,,,,,Financial Service Provider
5516,2003,3,20,2.0,6726.0,6780.6,6854.2,6924.7,6981.9,7032.0,6757.9,7006.7,Non-Financial Service Provider
5517,2003,3,40,2.0,6726.0,6810.8,6858.7,6910.2,6966.4,7022.5,6766.6,6994.0,Non-Financial Service Provider
5518,2003,3,65,2.0,6726.0,6803.675,6900.252,6994.891,7089.148,7186.378,6845.616,7160.515,Non-Financial Service Provider
5519,2003,3,84,1.0,6732.0,6808.0,6866.0,6914.0,6958.0,7005.0,6777.0,6983.0,Financial Service Provider
5520,2003,3,405,1.0,6726.0,6793.5,6858.8,6896.7,6947.9,7017.9,6762.3,6986.6,Financial Service Provider
5521,2003,3,407,1.0,6726.0,6781.4,6813.7,6848.8,6882.5,6918.8,6748.0,6901.2,Financial Service Provider
5522,2003,3,411,2.0,6726.0,6780.1,6832.2,6898.1,6952.2,7010.6,6752.3,6982.5,Non-Financial Service Provider
5523,2003,3,420,2.0,6726.0,6792.0,6846.0,6895.0,6940.0,7005.0,6759.0,6974.0,Non-Financial Service Provider
5524,2003,3,421,2.0,6726.0,6787.0,6844.0,6906.0,6968.0,7031.0,6757.0,7000.0,Non-Financial Service Provider
5525,2003,3,426,2.0,6726.0,6808.543,6865.692,6938.337,7001.645,7082.503,6766.704,7044.139,Non-Financial Service Provider
5526,2003,3,428,2.0,6726.0,6776.6,6826.9,6891.1,6955.4,7019.0,6750.1,6985.4,Non-Financial Service Provider
5527,2003,3,429,2.0,6726.0,6776.2,6815.8,6884.5,6933.6,6997.2,6747.2,6968.2,Non-Financial Service Provider
5528,2003,3,433,2.0,6726.0,6775.887,6821.168,6870.093,6919.369,6972.381,6746.976,6949.385,Non-Financial Service Provider
5529,2003,3,446,2.0,6726.0,6759.381,6816.117,6881.624,6942.74,7001.015,6740.4,6969.574,Non-Financial Service Provider
5530,2003,3,448,2.0,6726.0,6766.1,6815.1,6866.4,6918.4,6969.3,6744.5,6945.1,Non-Financial Service Provider
5531,2003,3,483,3.0,6726.0,6800.4,6883.9,6951.7,7020.2,7080.8,6770.3,7048.7,Unknown
5532,2003,3,484,2.0,6726.0,6774.242,6829.451,6881.775,6937.86,6994.403,6753.552,6976.419,Non-Financial Service Provider
5533,2003,3,485,3.0,6726.0,,6953.0,6975.0,7000.0,7000.0,6800.0,7000.0,Unknown
5534,2003,3,498,1.0,6726.0,6784.096,6829.432,6883.423,6944.555,6994.365,6753.552,6969.666,Financial Service Provider
5535,2003,3,502,2.0,6726.0,6780.816,6836.079,6891.792,6947.958,7004.583,6753.552,6976.419,Non-Financial Service Provider
5536,2003,3,504,1.0,6726.0,6806.605,6865.67,6920.731,6980.117,7031.747,6767.294,7004.098,Financial Service Provider
5537,2003,3,506,2.0,6726.0,6785.4,6837.6,6916.7,6990.9,7068.7,6755.0,7028.1,Non-Financial Service Provider
5538,2003,3,507,3.0,6726.0,6789.0,6831.0,6880.0,6946.0,7010.0,6754.0,6979.0,Unknown
5539,2003,3,510,2.0,6726.0,6793.906,6855.896,6936.727,7010.123,7082.598,6760.128,7050.813,Non-Financial Service Provider
5540,2003,3,512,2.0,6726.0,6781.0,6825.0,6877.0,6904.0,6936.0,6750.0,6919.0,Non-Financial Service Provider
5541,2003,3,518,2.0,6726.0,6772.596,6812.871,6871.716,6934.417,7002.744,6746.976,6969.626,Non-Financial Service Provider
5542,2003,3,519,1.0,6726.0,6790.4,6850.8,6935.8,7013.5,7089.9,6759.5,7048.2,Financial Service Provider
5543,2003,3,520,2.0,6726.0,6775.887,6829.456,6885.114,6942.906,6996.099,6753.552,6969.666,Non-Financial Service Provider
5544,2003,3,524,2.0,6726.0,6781.7,6839.3,6907.7,6976.8,7043.1,6754.5,6970.6,Non-Financial Service Provider
5545,2003,3,526,2.0,6726.0,6759.4,6802.9,6866.6,6919.2,6973.9,6739.8,6996.8,Non-Financial Service Provider
5546,2003,4,20,2.0,6842.1,6915.7,6976.2,7033.6,7086.7,7146.8,6790.6,7060.8,Non-Financial Service Provider
5547,2003,4,40,2.0,6842.1,6900.3,6955.5,7007.7,7060.3,7113.2,6786.8,7034.2,Non-Financial Service Provider
5548,2003,4,65,2.0,6842.1,6901.198,6935.448,6961.311,6995.859,7039.18,6773.28,7010.345,Non-Financial Service Provider
5549,2003,4,84,1.0,6842.1,6917.0,6964.0,7011.0,7057.0,7102.0,6791.0,7034.0,Financial Service Provider
5550,2003,4,99,1.0,6842.1,7030.0,7073.0,7118.0,7157.0,7221.0,6819.0,7142.0,Financial Service Provider
5551,2003,4,405,1.0,6842.1,6887.6,6950.4,7012.1,7108.4,7150.9,6783.6,7055.5,Financial Service Provider
5552,2003,4,420,2.0,6842.1,6816.0,6873.0,6898.0,6965.0,7040.0,6762.0,6942.0,Non-Financial Service Provider
5553,2003,4,421,2.0,6842.1,6876.0,6943.0,7002.0,7065.0,7118.0,6781.0,7032.0,Non-Financial Service Provider
5554,2003,4,426,2.0,6842.1,6912.837,6980.953,7046.347,7129.422,7203.13,6793.008,7091.9,Non-Financial Service Provider
5555,2003,4,428,2.0,6842.1,6882.1,6932.5,6991.4,7053.7,7111.5,6782.3,7022.3,Non-Financial Service Provider
5556,2003,4,429,2.0,6842.1,6865.0,6943.3,7011.6,7079.7,7144.5,6778.0,7044.8,Non-Financial Service Provider
5557,2003,4,431,1.0,6842.1,6864.229,6915.142,6959.659,7016.379,7076.982,6779.856,6996.812,Financial Service Provider
5558,2003,4,433,2.0,6842.1,6864.229,6916.82,6969.813,7026.616,7080.45,6779.856,7003.591,Non-Financial Service Provider
5559,2003,4,448,2.0,6842.1,6859.9,6911.9,6964.3,7015.6,7073.3,6776.7,6991.2,Non-Financial Service Provider
5560,2003,4,456,1.0,6842.1,6859.1,6901.6,6969.6,7012.7,7038.9,6776.5,6980.7,Financial Service Provider
5561,2003,4,463,3.0,6842.1,6877.0,6967.0,7046.0,7116.0,7178.0,6781.0,7077.0,Unknown
5562,2003,4,472,2.0,6842.1,6887.0,6959.2,7023.2,7099.2,7168.5,6783.5,7062.5,Non-Financial Service Provider
5563,2003,4,484,2.0,6842.1,6896.192,6949.027,7002.267,7057.625,7113.421,6786.432,7030.744,Non-Financial Service Provider
5564,2003,4,485,3.0,6842.1,6853.0,6900.0,6950.0,7025.0,7125.0,6775.0,7000.0,Unknown
5565,2003,4,497,1.0,6842.1,6886.6,6952.2,7007.4,7064.5,7119.2,6783.4,7035.8,Financial Service Provider
5566,2003,4,498,1.0,6842.1,6872.684,6927.018,7013.697,7065.718,7126.748,6779.856,7030.71,Financial Service Provider
5567,2003,4,504,1.0,6842.1,6870.5,6937.5,6997.8,7059.7,7122.1,6779.4,7029.3,Financial Service Provider
5568,2003,4,506,2.0,6842.1,6860.3,6920.0,6986.9,7060.4,7129.3,6776.8,7024.2,Non-Financial Service Provider
5569,2003,4,507,3.0,6842.1,6875.0,6930.0,6983.0,7050.0,7125.0,6779.9,7022.0,Unknown
5570,2003,4,508,2.0,6842.1,6877.5,6940.6,6999.1,7057.1,7113.6,6781.1,7027.6,Non-Financial Service Provider
5571,2003,4,510,2.0,6842.1,6894.521,6977.47,7041.135,7115.636,7196.091,6786.432,7085.035,Non-Financial Service Provider
5572,2003,4,512,2.0,6842.1,6931.0,6972.0,7027.0,7092.0,7120.0,6795.0,7053.0,Non-Financial Service Provider
5573,2003,4,516,1.0,6842.1,6857.443,6893.165,6944.292,6994.1,7039.125,6773.28,6962.932,Financial Service Provider
5574,2003,4,518,2.0,6842.1,6894.521,6949.027,7014.123,7083.235,7156.466,6786.432,7051.103,Non-Financial Service Provider
5575,2003,4,519,1.0,6842.1,6862.4,6930.5,7001.4,7079.1,7151.4,6777.3,7040.6,Financial Service Provider
5576,2003,4,521,1.0,6842.1,6881.107,6935.508,6990.338,7045.602,7103.022,6779.856,7017.151,Financial Service Provider
5577,2003,4,523,2.0,6842.1,6898.1,6967.1,7046.5,7127.1,7192.0,,,Non-Financial Service Provider
5578,2003,4,524,2.0,6842.1,6874.8,6906.0,6977.3,7028.8,7098.8,6780.4,7002.7,Non-Financial Service Provider
5579,2003,4,526,2.0,6842.1,6896.192,6954.077,7022.598,7083.255,7140.983,6786.432,7051.103,Non-Financial Service Provider
5580,2004,1,20,2.0,7474.2,7565.3,7675.6,7748.7,7808.8,7891.0,7699.8,8037.3,Non-Financial Service Provider
5581,2004,1,40,2.0,7474.2,7546.0,7609.0,7668.0,7727.0,7783.0,7637.3,7881.2,Non-Financial Service Provider
5582,2004,1,99,1.0,7474.2,7522.316,7568.896,7612.047,7655.444,7693.438,7722.948,8085.927,Financial Service Provider
5583,2004,1,411,2.0,7474.2,7546.25,7618.12,7685.44,7757.23,7826.4,7651.76,7932.57,Non-Financial Service Provider
5584,2004,1,421,2.0,7474.2,7540.579,7605.71,7652.806,7718.907,7772.381,7627.239,7856.057,Non-Financial Service Provider
5585,2004,1,423,2.0,7474.2,7543.8,7605.8,7670.3,7734.4,7791.1,7638.6,7897.3,Non-Financial Service Provider
5586,2004,1,426,2.0,7474.2,7564.123,7634.98,7724.996,7804.861,7866.564,7678.775,7939.853,Non-Financial Service Provider
5587,2004,1,428,2.0,7474.2,7534.9,7606.7,7677.0,7742.0,7803.3,7640.2,7892.0,Non-Financial Service Provider
5588,2004,1,429,2.0,7474.2,7550.1,7621.4,7693.3,7764.8,7834.3,7657.4,7942.3,Non-Financial Service Provider
5589,2004,1,431,1.0,7474.2,7549.414,7612.014,7672.589,7738.432,7800.35,7643.112,7896.26,Financial Service Provider
5590,2004,1,433,2.0,7474.2,7531.464,7591.006,7662.115,7735.752,7808.217,7634.602,7924.716,Non-Financial Service Provider
5591,2004,1,446,2.0,7474.2,7546.0,7609.4,7671.4,7733.9,7796.9,7640.2,7889.4,Non-Financial Service Provider
5592,2004,1,448,2.0,7475.7,7536.626,7599.886,7639.475,7701.735,7764.503,7619.877,7848.474,Non-Financial Service Provider
5593,2004,1,456,1.0,7474.2,7529.6,7613.0,7660.1,7688.7,7726.8,7622.8,7827.5,Financial Service Provider
5594,2004,1,463,2.0,7474.2,7555.0,7660.0,7738.0,7805.0,7871.0,7689.0,7967.0,Non-Financial Service Provider
5595,2004,1,483,3.0,7474.2,7556.902,7631.364,7697.279,7763.764,7830.823,7664.05,7932.292,Unknown
5596,2004,1,484,2.0,7474.2,7531.464,7596.517,7660.28,7718.969,7781.877,7619.877,7871.333,Non-Financial Service Provider
5597,2004,1,485,3.0,7474.2,7547.847,7622.219,7697.324,7754.416,7811.931,7656.688,7886.389,Unknown
5598,2004,1,497,1.0,7474.2,7546.0,7617.8,7680.8,7743.8,7812.4,7647.1,7901.9,Financial Service Provider
5599,2004,1,502,2.0,7474.2,7531.464,7605.674,7671.368,7737.629,7795.02,7627.239,7863.684,Non-Financial Service Provider
5600,2004,1,504,1.0,7474.2,7555.094,7620.351,7688.027,7756.304,,7641.964,,Financial Service Provider
5601,2004,1,506,2.0,7474.2,7527.6,7604.2,7683.4,7756.7,7814.9,7643.0,7882.5,Non-Financial Service Provider
5602,2004,1,507,3.0,7474.2,7528.0,7607.0,7679.0,7754.0,7791.0,7642.0,7914.0,Unknown
5603,2004,1,510,2.0,7474.2,7564.123,7625.77,7708.303,7784.256,7853.388,7671.413,7962.926,Non-Financial Service Provider
5604,2004,1,512,2.0,7474.2,7542.397,7598.34,7665.821,7728.296,7768.554,7634.602,7863.64,Non-Financial Service Provider
5605,2004,1,516,1.0,7474.2,7522.316,7574.428,7623.189,7676.0,7729.177,7597.791,7802.931,Financial Service Provider
5606,2004,1,518,2.0,7474.2,7529.637,7598.34,7671.364,7733.885,7793.138,7627.239,7863.684,Non-Financial Service Provider
5607,2004,1,519,1.0,7474.2,7528.9,7610.0,7674.9,7745.7,7802.0,7639.9,7863.7,Financial Service Provider
5608,2004,1,520,2.0,7474.2,7535.114,7591.002,7652.868,7717.104,7779.997,7627.27,7878.97,Non-Financial Service Provider
5609,2004,1,521,1.0,7474.2,7547.847,7611.201,7678.796,7741.377,7804.468,7641.964,7901.791,Financial Service Provider
5610,2004,1,523,2.0,7474.2,7553.5,7628.8,7707.7,7788.1,7869.5,7669.5,7993.6,Non-Financial Service Provider
5611,2004,1,524,2.0,7474.2,7495.97,7560.96,7609.47,7688.59,7738.07,7588.75,7873.95,Non-Financial Service Provider
5612,2004,2,20,2.0,7555.6,7665.0,7738.7,7798.8,7881.0,7973.0,7689.5,8006.0,Non-Financial Service Provider
5613,2004,2,65,2.0,7555.6,7624.54,7690.396,7751.195,7810.581,7872.329,7637.712,7882.119,Non-Financial Service Provider
5614,2004,2,84,1.0,7567.0,7625.0,7674.0,7724.0,7772.0,7819.0,7648.0,,Financial Service Provider
5615,2004,2,99,1.0,7555.6,7687.0,7767.5,7748.0,7837.0,7987.0,7689.0,8103.0,Financial Service Provider
5616,2004,2,411,2.0,7555.6,7625.358,7701.894,7769.987,7839.981,7909.818,7663.212,7946.7,Non-Financial Service Provider
5617,2004,2,420,2.0,7555.6,7637.0,7718.0,7802.0,7867.0,7935.0,7678.0,7937.0,Non-Financial Service Provider
5618,2004,2,421,2.0,7555.6,7621.711,7669.347,7734.92,7789.064,7845.535,7645.395,7880.879,Non-Financial Service Provider
5619,2004,2,426,2.0,7555.6,7613.487,7673.678,7745.562,7827.517,7879.826,7645.078,7905.01,Non-Financial Service Provider
5620,2004,2,428,2.0,7555.6,7633.68,7709.14,7774.37,7834.48,7890.79,7668.2,7923.12,Non-Financial Service Provider
5621,2004,2,429,2.0,7555.6,7624.4,7691.3,7764.3,7841.2,7922.2,7658.9,7962.2,Non-Financial Service Provider
5622,2004,2,433,2.0,7555.6,7611.641,7673.674,7739.955,7810.577,7870.418,7645.078,7897.365,Non-Financial Service Provider
5623,2004,2,446,2.0,7555.6,7628.214,7688.521,7753.056,7818.133,7881.849,7659.808,7920.242,Non-Financial Service Provider
5624,2004,2,448,2.0,7555.6,7621.487,7662.28,7724.15,7786.675,7824.68,7640.879,7874.151,Non-Financial Service Provider
5625,2004,2,456,1.0,7555.6,7611.6,7668.1,7706.1,7753.9,7811.4,7635.4,7847.7,Financial Service Provider
5626,2004,2,463,2.0,7555.6,7631.393,7721.704,7791.084,7857.758,7922.321,7674.945,7955.173,Non-Financial Service Provider
5627,2004,2,472,2.0,7555.6,7629.146,7718.438,7783.921,7860.072,7943.874,7671.776,7985.695,Non-Financial Service Provider
5628,2004,2,483,3.0,7555.6,7633.714,7708.933,7784.892,7861.6,7939.063,7659.808,7966.2,Unknown
5629,2004,2,484,2.0,7555.6,7626.377,7692.25,7756.816,7816.245,7879.946,7659.808,7912.582,Non-Financial Service Provider
5630,2004,2,497,1.0,7555.609,7628.188,7702.258,7762.997,7829.583,7901.238,7662.263,7929.27,Financial Service Provider
5631,2004,2,498,1.0,7555.6,7623.4,7687.9,7735.4,,,7650.6,7870.7,Financial Service Provider
5632,2004,2,504,1.0,7555.6,7618.205,7686.05,7754.544,7825.471,7897.43,7653.6,7934.08,Financial Service Provider
5633,2004,2,506,2.0,7555.6,7630.8,7695.5,7748.7,7803.6,7855.9,7657.6,7876.0,Non-Financial Service Provider
5634,2004,2,507,3.0,7555.6,7609.225,7680.205,7754.475,7830.883,7908.044,7649.876,7940.571,Unknown
5635,2004,2,508,2.0,7555.6,7621.243,7683.082,7738.04,7804.913,7872.618,7649.476,7906.76,Non-Financial Service Provider
5636,2004,2,510,2.0,7555.6,7634.469,7711.111,7786.882,7845.284,7909.615,7672.016,7961.025,Non-Financial Service Provider
5637,2004,2,512,2.0,7555.6,7612.0,7676.0,7719.0,7757.0,7862.0,7640.0,7883.5,Non-Financial Service Provider
5638,2004,2,518,2.0,7555.6,7629.351,7688.718,7736.862,7791.283,7850.129,7652.603,7876.781,Non-Financial Service Provider
5639,2004,2,519,1.0,7555.6,7632.2,7696.5,7754.2,7819.3,7878.1,7659.6,7898.7,Financial Service Provider
5640,2004,2,520,2.0,7555.6,7615.333,7671.816,7730.594,7786.042,7843.791,7645.078,7874.43,Non-Financial Service Provider
5641,2004,2,521,1.0,7555.6,7630.046,7698.255,7762.983,7826.835,7891.249,7659.808,7920.242,Financial Service Provider
5642,2004,2,524,2.0,7555.6,7636.7,7696.9,7779.3,7826.7,7923.0,7667.0,7963.3,Non-Financial Service Provider
5643,2004,2,526,2.0,7555.6,7630.048,7697.811,7760.546,7831.356,7902.813,7661.001,7935.791,Non-Financial Service Provider
5644,2004,3,20,2.0,7562.5,7570.9,7579.4,7586.4,7594.4,,7564.0,7600.0,Non-Financial Service Provider
5645,2004,3,40,2.0,7562.5,7633.342,7699.275,7756.381,7823.376,7890.95,7649.824,7902.269,Non-Financial Service Provider
5646,2004,3,65,1.0,7562.5,7625.978,7682.54,7739.522,7795.033,7849.035,7635.113,7864.166,Financial Service Provider
5647,2004,3,84,1.0,7573.0,7631.0,7687.0,7741.0,7789.0,7838.0,7611.0,7813.0,Financial Service Provider
5648,2004,3,420,2.0,7562.5,7622.0,7705.0,7761.0,7820.0,7880.0,7608.0,7850.0,Non-Financial Service Provider
5649,2004,3,421,2.0,7562.5,7609.766,7674.829,7728.553,7784.585,7851.921,7597.524,7819.655,Non-Financial Service Provider
5650,2004,3,429,2.0,7562.5,7628.7,7689.4,7758.0,7827.8,7898.9,7605.9,7864.7,Non-Financial Service Provider
5651,2004,3,433,2.0,7562.5,7618.592,7680.682,7748.894,7810.155,7871.9,7598.335,7833.883,Non-Financial Service Provider
5652,2004,3,446,2.0,7562.5,7640.686,7721.531,7784.46,7849.801,7908.023,7620.402,7864.255,Non-Financial Service Provider
5653,2004,3,448,2.0,7567.0,7612.283,7684.869,7747.315,7785.017,7860.986,7601.788,7834.248,Non-Financial Service Provider
5654,2004,3,456,1.0,7562.5,7609.329,7656.448,7703.858,7751.563,7809.056,7592.819,7782.863,Financial Service Provider
5655,2004,3,483,3.0,7562.5,7600.032,7647.093,7703.813,7760.952,7827.987,7588.156,7797.088,Unknown
5656,2004,3,484,2.0,7562.5,7598.169,7648.945,7703.807,7762.83,7824.201,7590.979,7795.936,Non-Financial Service Provider
5657,2004,3,497,1.0,7562.5,7612.3,7696.2,7784.7,7848.9,7893.8,7603.5,7866.1,Financial Service Provider
5658,2004,3,498,1.0,,,,,,,,,Financial Service Provider
5659,2004,3,504,1.0,7562.5,7614.13,7686.731,7754.015,7820.764,7888.089,7601.6,7854.7,Financial Service Provider
5660,2004,3,506,2.0,7562.5,7624.5,7684.0,7746.4,7808.3,7866.5,7603.5,7836.5,Non-Financial Service Provider
5661,2004,3,507,3.0,7571.128,7619.882,7685.919,7757.195,7831.898,7905.229,7605.0,7869.0,Unknown
5662,2004,3,508,2.0,7562.5,7622.87,7671.38,7740.903,7798.201,7856.527,7599.928,7830.633,Non-Financial Service Provider
5663,2004,3,510,2.0,7562.5,7654.52,7731.832,7813.444,7881.816,7960.089,7622.963,7924.661,Non-Financial Service Provider
5664,2004,3,512,2.0,7562.5,7665.0,7722.0,7824.0,7927.0,7996.0,7623.0,7947.0,Non-Financial Service Provider
5665,2004,3,516,1.0,7562.5,7620.44,7675.098,7728.268,7781.807,7833.811,7600.259,7806.07,Financial Service Provider
5666,2004,3,518,2.0,7562.5,7600.98,7649.896,7706.177,7763.843,7824.136,7589.135,7795.394,Non-Financial Service Provider
5667,2004,3,519,1.0,7562.5,7625.7,7690.0,7762.4,7838.2,7907.7,7605.3,7869.8,Financial Service Provider
5668,2004,3,520,2.0,7562.5,7618.592,7675.1,7733.902,7791.265,7847.148,7598.335,7818.687,Non-Financial Service Provider
5669,2004,3,521,1.0,7562.5,7636.97,7702.439,7768.968,7836.071,7903.754,7613.046,7871.89,Financial Service Provider
5670,2004,3,523,2.0,7562.5,7618.8,7671.4,7733.0,7800.6,7868.8,7598.9,7835.0,Non-Financial Service Provider
5671,2004,3,524,2.0,7562.5,7595.5,7655.4,7689.9,7735.3,7802.3,7589.0,7781.0,Non-Financial Service Provider
5672,2004,3,526,2.0,7562.5,7625.978,7682.54,7743.276,7800.708,7854.75,7603.504,7825.531,Non-Financial Service Provider
5673,2004,3,527,2.0,7562.5,7609.0,7660.0,7721.0,7778.0,7834.0,7593.0,7806.0,Non-Financial Service Provider
5674,2004,4,20,2.0,7658.9,7667.4,7676.4,7686.4,7701.0,7714.0,7510.9,7694.5,Non-Financial Service Provider
5675,2004,4,65,1.0,7658.9,7704.445,7746.475,7781.101,7819.718,7862.376,7612.942,7841.331,Financial Service Provider
5676,2004,4,84,1.0,7658.9,7714.0,7763.0,7812.0,7861.0,7908.0,7622.0,7836.0,Financial Service Provider
5677,2004,4,99,1.0,7658.9,7723.6,7787.0,7889.0,7927.0,8037.0,7624.5,7910.0,Financial Service Provider
5678,2004,4,405,1.0,7658.9,7717.881,7765.283,7806.485,7874.399,7932.193,7623.045,7844.59,Financial Service Provider
5679,2004,4,411,2.0,7658.9,7703.7,7770.5,7846.8,7916.4,7989.6,7619.5,7880.8,Non-Financial Service Provider
5680,2004,4,420,2.0,7658.9,7705.0,7758.0,7812.0,7870.0,7930.0,7620.0,7842.0,Non-Financial Service Provider
5681,2004,4,421,2.0,7658.9,7724.384,7778.454,7834.848,7902.62,7964.655,7624.671,7870.144,Non-Financial Service Provider
5682,2004,4,423,2.0,7658.9,7758.6,7834.2,7914.3,7994.3,8072.3,7642.7,7953.8,Non-Financial Service Provider
5683,2004,4,426,2.0,7658.9,7687.46,7738.833,7773.426,7823.468,7875.75,7612.942,7803.266,Non-Financial Service Provider
5684,2004,4,428,2.0,7658.9,7717.3,7768.0,7817.7,7878.3,7938.2,7622.9,7850.5,Non-Financial Service Provider
5685,2004,4,429,2.0,7658.9,7719.1,7790.7,7855.5,7925.6,7998.2,7623.4,7892.5,Non-Financial Service Provider
5686,2004,4,433,2.0,7658.9,7719.449,7786.125,7847.681,7907.806,7970.323,7620.298,7871.768,Non-Financial Service Provider
5687,2004,4,446,2.0,7658.9,7710.082,7773.67,7837.024,7901.277,7965.671,7621.07,7869.384,Non-Financial Service Provider
5688,2004,4,448,2.0,7658.9,7729.102,7792.27,7829.651,7906.417,7990.382,7628.9,7879.68,Non-Financial Service Provider
5689,2004,4,456,1.0,7658.9,7706.326,7744.572,7792.528,7850.326,7908.552,7620.162,7823.995,Financial Service Provider
5690,2004,4,472,2.0,7658.9,7723.996,7802.54,7853.62,7935.366,8012.662,7624.574,7901.047,Non-Financial Service Provider
5691,2004,4,483,3.0,7658.9,7725.053,7791.778,7849.57,7912.585,7971.273,7624.838,7881.302,Unknown
5692,2004,4,484,2.0,7658.9,7717.579,7772.933,7832.485,7894.407,7956.818,7620.298,7864.147,Non-Financial Service Provider
5693,2004,4,497,1.0,7658.9,7721.322,7796.661,7862.276,7918.801,7974.954,7623.927,7888.173,Financial Service Provider
5694,2004,4,498,1.0,,,,,,,,,Financial Service Provider
5695,2004,4,504,1.0,7658.9,7711.341,7778.946,7846.015,7913.663,7981.894,7621.4,7880.1,Financial Service Provider
5696,2004,4,506,2.0,7658.9,7705.2,7758.7,7813.3,7859.9,7912.3,7619.9,7836.0,Non-Financial Service Provider
5697,2004,4,507,3.0,7658.9,7711.958,7771.043,7849.007,7922.497,7998.854,7622.0,7885.351,Unknown
5698,2004,4,508,2.0,7658.9,7710.336,7771.411,7829.634,7885.605,7953.041,7621.168,7859.923,Non-Financial Service Provider
5699,2004,4,510,2.0,7658.9,7739.623,7807.882,7876.696,7953.3,8036.446,7628.481,7918.581,Non-Financial Service Provider
5700,2004,4,516,1.0,7658.9,7715.707,7772.935,7826.783,7881.004,7929.806,7622.501,7852.632,Financial Service Provider
5701,2004,4,518,2.0,7658.9,7705.037,7743.09,7801.652,7860.467,7928.382,7619.793,7833.352,Non-Financial Service Provider
5702,2004,4,520,2.0,7658.9,7721.319,7778.588,7836.283,7896.32,7958.747,7620.298,7864.147,Non-Financial Service Provider
5703,2004,4,521,1.0,7658.9,7719.474,7780.104,7841.24,7900.1,7958.695,7620.298,7864.147,Financial Service Provider
5704,2004,4,523,2.0,7658.9,7746.3,7824.5,7901.6,7983.3,8063.9,7630.1,7943.4,Non-Financial Service Provider
5705,2004,4,524,2.0,7658.9,7710.919,7730.73,7758.285,7832.393,7915.894,7621.1,7809.3,Non-Financial Service Provider
5706,2004,4,526,2.0,7658.9,7710.082,7772.918,7830.57,7894.388,7952.941,7621.096,7862.705,Non-Financial Service Provider
5707,2004,4,527,2.0,7658.9,7721.0,7790.0,7851.0,7915.0,7981.0,7624.0,7884.25,Non-Financial Service Provider
5708,2005,1,20,2.0,7755.4,7776.4,7786.4,7809.0,7820.0,7830.0,7798.0,7965.0,Non-Financial Service Provider
5709,2005,1,65,1.0,7755.4,7814.818,7872.781,7929.248,7984.179,8037.535,7856.106,8076.078,Financial Service Provider
5710,2005,1,99,1.0,7755.4,7767.0,7835.0,7904.0,7943.0,7993.0,7875.0,8071.0,Financial Service Provider
5711,2005,1,411,2.0,7755.4,7820.8,7894.5,7960.3,8026.7,8094.2,7925.6,8201.5,Non-Financial Service Provider
5712,2005,1,420,2.0,7755.4,7816.0,7872.0,7926.0,7976.0,8020.0,7898.0,8125.0,Non-Financial Service Provider
5713,2005,1,421,2.0,7755.4,7805.81,7870.208,7927.267,7998.612,8054.603,7900.475,8096.634,Non-Financial Service Provider
5714,2005,1,426,2.0,7755.4,7816.4,7857.4,7899.2,7951.2,8025.4,7879.011,8123.26,Non-Financial Service Provider
5715,2005,1,428,2.0,7755.4,7798.32,7856.07,7913.32,7971.27,8030.85,7884.75,8118.83,Non-Financial Service Provider
5716,2005,1,429,2.0,7755.4,7821.4,7897.1,7959.4,8032.6,8117.6,7927.6,8237.3,Non-Financial Service Provider
5717,2005,1,431,1.0,7755.4,7819.798,7888.276,7951.305,8014.75,8081.321,7918.532,8187.33,Financial Service Provider
5718,2005,1,433,2.0,7755.4,7831.817,7897.555,7961.919,8026.807,8094.182,7924.819,8194.263,Non-Financial Service Provider
5719,2005,1,446,2.0,7755.4,7807.227,7865.134,7925.393,7988.049,8055.098,7894.28,8146.897,Non-Financial Service Provider
5720,2005,1,448,2.0,7755.4,7820.339,7874.13,7951.551,8036.766,8102.669,7920.696,8193.845,Non-Financial Service Provider
5721,2005,1,456,1.0,7755.4,7822.394,7880.413,7929.21,7978.31,8027.714,7902.582,8100.089,Financial Service Provider
5722,2005,1,463,2.0,7755.4,7823.043,7889.51,7962.129,8035.458,8113.388,7927.535,8226.379,Non-Financial Service Provider
5723,2005,1,472,2.0,7755.4,7821.798,7875.591,7960.761,8037.853,8100.223,7924.0,8204.301,Non-Financial Service Provider
5724,2005,1,483,3.0,7755.4,7841.213,7922.28,8004.186,8083.054,8162.699,7962.683,8274.076,Unknown
5725,2005,1,484,2.0,7755.4,7818.605,7878.507,7940.793,8003.571,8060.976,7909.549,8154.745,Non-Financial Service Provider
5726,2005,1,497,1.0,7755.4,7823.506,7893.844,7956.596,8018.334,8091.753,7923.07,8193.967,Financial Service Provider
5727,2005,1,498,1.0,7755.4,7812.922,7870.872,7919.61,7968.65,,7894.28,8115.32,Financial Service Provider
5728,2005,1,502,2.0,7755.4,7807.227,7861.313,7913.848,7966.733,8021.924,7886.646,8083.812,Non-Financial Service Provider
5729,2005,1,504,1.0,7755.4,7811.455,7891.994,7957.897,8024.189,8091.114,7921.384,8206.248,Financial Service Provider
5730,2005,1,506,2.0,7755.4,7814.4,7867.4,7921.6,7969.9,8026.3,7893.3,8118.4,Non-Financial Service Provider
5731,2005,1,507,3.0,7755.4,7814.818,7880.414,7935.0,8011.478,8074.814,7910.427,8164.606,Unknown
5732,2005,1,508,2.0,7755.4,7782.259,7841.076,7892.941,7958.56,8010.155,7868.709,8087.168,Non-Financial Service Provider
5733,2005,1,510,2.0,7755.4,7830.982,7896.19,7969.563,8048.517,8081.573,7936.313,8174.293,Non-Financial Service Provider
5734,2005,1,512,2.0,7755.4,7822.0,7885.0,7940.0,8007.0,8065.0,7913.0,8149.0,Non-Financial Service Provider
5735,2005,1,516,1.0,7755.4,7818.605,7876.596,7935.018,7984.153,8033.593,7903.593,8108.521,Financial Service Provider
5736,2005,1,518,2.0,7755.4,7796.522,7850.652,7911.074,7974.75,8046.308,7883.304,8152.733,Non-Financial Service Provider
5737,2005,1,520,2.0,7755.4,7831.817,7899.464,7965.77,8036.514,8103.97,7932.454,8210.09,Non-Financial Service Provider
5738,2005,1,521,1.0,7755.4,7823.495,7893.416,7951.961,8010.942,8076.103,7917.184,8170.534,Financial Service Provider
5739,2005,1,523,2.0,7755.4,7854.0,7954.0,8052.0,8151.0,8252.0,8003.0,8406.25,Non-Financial Service Provider
5740,2005,1,524,2.0,7755.4,7766.4,7798.1,7876.3,7939.9,7983.2,7845.2,8097.6,Non-Financial Service Provider
5741,2005,1,526,2.0,7755.4,7816.712,7880.417,7940.793,8003.571,8064.89,7910.374,8158.04,Non-Financial Service Provider
5742,2005,1,527,2.0,7755.4,7822.0,7877.0,7929.0,7984.0,7980.0,7903.0,8100.0,Non-Financial Service Provider
5743,2005,1,528,1.0,7755.4,7814.2,7867.2,7920.9,7969.6,8025.9,7892.975,8118.2,Financial Service Provider
5744,2005,2,20,2.0,7814.2,7824.0,7844.6,7857.6,7918.0,7948.0,7835.1,7966.5,Non-Financial Service Provider
5745,2005,2,65,1.0,7814.2,7852.981,7895.821,7942.775,7991.959,8043.408,7876.843,8089.518,Financial Service Provider
5746,2005,2,84,1.0,7814.2,7886.0,7944.0,8000.0,8056.0,8110.0,7911.0,,Financial Service Provider
5747,2005,2,99,1.0,7814.2,7870.0,7938.0,8016.0,8062.0,8152.0,7912.0,8100.0,Financial Service Provider
5748,2005,2,411,2.0,7814.2,7883.9,7950.8,8016.3,8080.0,8147.9,7916.3,8183.2,Non-Financial Service Provider
5749,2005,2,421,2.0,7814.2,7868.899,7931.851,7995.305,8047.275,8139.818,7902.564,8165.134,Non-Financial Service Provider
5750,2005,2,423,2.0,7814.2,7891.7,7961.4,8029.8,8100.4,8169.1,7924.3,8204.1,Non-Financial Service Provider
5751,2005,2,424,1.0,7814.2,7868.2,7926.5,7986.2,8045.431,8105.102,7898.775,8135.38,Financial Service Provider
5752,2005,2,428,2.0,7814.2,7884.1,7946.3,8006.1,8067.9,8126.7,7912.7,8155.3,Non-Financial Service Provider
5753,2005,2,431,1.0,7814.2,7879.791,7949.771,8014.56,8077.921,8139.811,7915.006,,Financial Service Provider
5754,2005,2,433,2.0,7814.2,7879.791,7942.086,8002.935,8074.009,8141.78,7907.374,8168.317,Non-Financial Service Provider
5755,2005,2,446,2.0,7814.2,7877.885,7932.46,7989.356,8054.468,8118.145,7899.741,8144.633,Non-Financial Service Provider
5756,2005,2,448,2.0,7814.2,7869.764,7946.816,8031.428,8096.87,8136.105,7915.552,8188.345,Non-Financial Service Provider
5757,2005,2,456,1.0,7814.2,7872.159,7930.547,7979.655,8029.067,8078.785,7899.14,8101.454,Financial Service Provider
5758,2005,2,463,2.0,7814.2,7884.19,7950.339,8025.514,8098.021,8166.844,7918.561,8200.677,Non-Financial Service Provider
5759,2005,2,472,2.0,7814.2,7873.165,7958.271,8036.18,8093.055,8154.787,7920.454,8201.381,Non-Financial Service Provider
5760,2005,2,483,3.0,7814.2,7881.695,7947.852,8016.5,8085.743,8155.583,7915.062,8190.606,Unknown
5761,2005,2,484,2.0,7814.2,7874.069,7936.319,7999.062,8056.435,8118.16,7907.374,8152.502,Non-Financial Service Provider
5762,2005,2,504,1.0,7814.2,7901.205,7985.613,8046.784,8131.166,8211.617,7936.959,8247.628,Financial Service Provider
5763,2005,2,506,2.0,7814.2,7864.8,7916.5,7969.5,8006.9,8067.7,7891.4,8095.2,Non-Financial Service Provider
5764,2005,2,508,2.0,7814.2,7884.471,7944.668,8015.339,8069.847,8120.542,7914.675,8144.868,Non-Financial Service Provider
5765,2005,2,510,2.0,7814.2,7888.894,7951.551,8018.539,8064.254,8125.561,7918.296,8155.743,Non-Financial Service Provider
5766,2005,2,512,2.0,7814.2,7894.0,7970.0,8049.0,8131.0,8195.0,7931.7,8220.2,Non-Financial Service Provider
5767,2005,2,516,1.0,7814.2,7875.977,7938.243,8001.0,8058.387,8116.186,7907.355,8145.5,Financial Service Provider
5768,2005,2,518,2.0,7814.2,7887.711,7947.152,8006.649,8063.459,8125.985,7914.024,8155.031,Non-Financial Service Provider
5769,2005,2,519,1.0,7814.2,7868.399,7926.297,7990.671,8044.306,8113.199,7899.902,8144.81,Financial Service Provider
5770,2005,2,521,1.0,7814.2,7886.18,7953.111,8012.07,8071.474,8131.324,7915.006,8160.372,Financial Service Provider
5771,2005,2,524,2.0,7814.2,7848.1,7918.8,7962.7,8017.9,8065.5,7885.9,8137.2,Non-Financial Service Provider
5772,2005,2,526,2.0,7814.2,7883.298,7943.696,8006.498,8067.839,8131.622,7913.266,8161.022,Non-Financial Service Provider
5773,2005,2,527,2.0,7814.2,7868.0,7927.0,7982.0,8027.0,8073.0,7897.8,8095.0,Non-Financial Service Provider
5774,2005,2,528,1.0,7814.2,7868.334,7926.694,7985.487,8034.936,8094.531,7899.741,8113.034,Financial Service Provider
5775,2005,2,529,3.0,7814.2,7877.18,7943.55,8008.83,8073.32,8140.74,7910.94,8175.83,Unknown
5776,2005,2,530,2.0,7814.2,7880.3,7943.5,8001.5,8095.511,8159.499,7909.875,8187.512,Non-Financial Service Provider
5777,2005,2,531,1.0,7814.2,7875.0,7927.0,7978.0,,,7898.55,,Financial Service Provider
5778,2005,2,532,2.0,7814.2,7872.7,7921.9,7971.4,,,7895.0,,Non-Financial Service Provider
5779,2005,2,533,1.0,7814.2,7865.0,7903.0,7950.0,8000.0,8045.0,7883.0,8068.0,Financial Service Provider
5780,2005,2,534,2.0,7814.2,7885.5,7955.531,8026.184,8097.464,8169.377,7910.427,8195.202,Non-Financial Service Provider
5781,2005,2,535,1.0,7814.2,7887.4,7965.118,8039.731,8113.089,8187.116,7930.271,8223.691,Financial Service Provider
5782,2005,2,536,2.0,7814.2,7881.874,7940.426,8001.366,8064.15,8131.626,7909.483,8162.456,Non-Financial Service Provider
5783,2005,2,538,2.0,7814.2,7863.511,7925.63,7987.844,8049.942,8103.254,7897.765,8135.416,Non-Financial Service Provider
5784,2005,2,539,1.0,7814.2,7889.441,7967.325,8042.098,8114.503,8186.699,7928.266,8221.933,Financial Service Provider
5785,2005,2,541,1.0,7814.2,7881.1,7950.4,8017.6,8085.4,8153.8,7915.6,8188.7,Financial Service Provider
5786,2005,2,542,1.0,7814.2,7862.588,7940.061,8008.643,8068.044,8131.828,7907.374,8176.224,Financial Service Provider
5787,2005,2,543,1.0,7814.2,7888.5,7958.6,8027.4,8098.3,8164.7,7922.2,8197.2,Financial Service Provider
5788,2005,2,544,1.0,7814.2,7884.528,7949.575,8013.172,8077.277,8145.934,7915.369,8178.285,Financial Service Provider
5789,2005,2,545,2.0,7814.2,7883.9,7950.8,8016.3,8080.0,8147.9,7916.3,8183.2,Non-Financial Service Provider
5790,2005,3,20,2.0,7828.3,7891.5,7945.6,7997.0,8166.0,8236.0,7861.3,8121.8,Non-Financial Service Provider
5791,2005,3,65,1.0,7828.3,7884.448,7939.069,7992.124,8043.574,8097.327,7861.79,8081.919,Financial Service Provider
5792,2005,3,84,1.0,7828.3,7900.0,7975.0,8035.0,8090.0,8148.0,7867.0,8118.0,Financial Service Provider
5793,2005,3,407,2.0,,,,,,,,,Non-Financial Service Provider
5794,2005,3,411,2.0,7828.3,7911.6,7958.6,8028.2,8095.2,8162.7,7865.9,8131.3,Non-Financial Service Provider
5795,2005,3,420,2.0,7828.3,7880.0,7945.0,8000.0,8080.0,8146.0,7855.0,8108.0,Non-Financial Service Provider
5796,2005,3,421,2.0,7828.3,7871.355,7928.423,7977.976,8043.794,8104.123,7848.245,8071.179,Non-Financial Service Provider
5797,2005,3,423,2.0,7828.3,7896.0,7961.2,8027.3,8094.7,8161.8,7862.6,8128.4,Non-Financial Service Provider
5798,2005,3,424,1.0,7828.3,7896.6,7965.7,8025.8,8086.202,8145.8,7863.875,8116.15,Financial Service Provider
5799,2005,3,426,2.0,7828.3,7874.4,7921.2,7995.7,8058.3,8120.8,7847.2,8090.7,Non-Financial Service Provider
5800,2005,3,428,2.0,7828.3,7882.25,7944.21,8009.52,8063.69,8116.42,7854.91,8092.13,Non-Financial Service Provider
5801,2005,3,429,2.0,7828.3,7917.7,7953.9,8040.3,8125.7,8206.2,7866.2,8163.2,Non-Financial Service Provider
5802,2005,3,431,1.0,7828.3,7910.72,7985.831,8061.884,8136.162,8208.037,7872.43,8172.048,Financial Service Provider
5803,2005,3,433,2.0,7828.3,7905.435,7966.002,8036.749,8104.207,8168.277,7869.378,8144.807,Non-Financial Service Provider
5804,2005,3,446,2.0,7828.3,7890.188,7946.781,8011.546,8074.883,8140.692,7857.568,8107.572,Non-Financial Service Provider
5805,2005,3,448,2.0,7828.3,7886.443,7947.093,8011.598,8050.695,8129.488,7856.684,8102.048,Non-Financial Service Provider
5806,2005,3,456,1.0,7828.259,7943.13,7982.551,8051.5,8111.218,8151.474,7879.712,8124.016,Financial Service Provider
5807,2005,3,463,2.0,7828.3,7915.834,7975.541,8050.502,8123.813,8194.726,7871.144,8158.375,Non-Financial Service Provider
5808,2005,3,472,2.0,7828.3,7882.915,7954.072,8006.415,8074.75,8146.951,7857.547,8109.923,Non-Financial Service Provider
5809,2005,3,483,3.0,7828.3,7909.233,7987.167,8061.986,8131.622,8201.857,7872.4,8166.542,Unknown
5810,2005,3,484,2.0,7828.3,7888.276,7952.564,8011.549,8072.93,8134.78,7861.79,8105.505,Non-Financial Service Provider
5811,2005,3,497,1.0,7828.3,7902.01,7971.386,8035.16,8101.94,8164.279,7866.654,8135.116,Financial Service Provider
5812,2005,3,504,1.0,7828.3,7910.886,7981.861,8073.209,8152.367,8233.307,7871.461,8194.037,Financial Service Provider
5813,2005,3,506,2.0,7828.3,7909.9,7944.0,8014.3,8071.1,8138.0,7861.8,8106.4,Non-Financial Service Provider
5814,2005,3,507,3.0,7828.3,7914.92,7958.098,8021.012,8076.579,8144.372,7869.378,8115.69,Unknown
5815,2005,3,508,2.0,7828.3,7882.954,7948.163,8003.303,8052.882,8099.113,7856.079,8077.135,Non-Financial Service Provider
5816,2005,3,510,2.0,7828.3,7875.3,7940.6,7984.3,8050.6,8102.9,7852.3,8078.8,Non-Financial Service Provider
5817,2005,3,512,2.0,7828.3,7901.632,7962.17,8027.061,8090.521,8140.619,7861.79,8105.505,Non-Financial Service Provider
5818,2005,3,516,1.0,7828.3,7884.448,7937.138,7992.124,8049.447,8109.15,7853.696,8080.004,Financial Service Provider
5819,2005,3,518,2.0,7828.3,7908.193,7949.295,8008.198,8055.438,8120.419,7862.671,8091.67,Non-Financial Service Provider
5820,2005,3,519,1.0,7828.3,7913.132,7951.274,8025.712,8089.175,8160.848,7864.394,8091.912,Financial Service Provider
5821,2005,3,520,2.0,7828.3,7890.188,7954.492,8019.32,8080.76,8146.617,7861.79,8121.229,Non-Financial Service Provider
5822,2005,3,521,1.0,7828.3,7904.927,7973.205,8033.49,8080.451,8126.518,7861.79,8058.334,Financial Service Provider
5823,2005,3,523,2.0,7828.3,7911.754,7978.439,8046.261,8115.032,8184.626,7870.848,8150.223,Non-Financial Service Provider
5824,2005,3,524,2.0,7828.3,7886.625,7921.392,7975.25,8010.614,8096.132,7849.99,8057.332,Non-Financial Service Provider
5825,2005,3,526,2.0,7828.3,7892.099,7954.492,8017.378,8080.762,8140.698,7859.948,8109.979,Non-Financial Service Provider
5826,2005,3,527,2.0,7828.3,7886.0,7944.0,7999.0,8047.0,8094.0,7856.0,8070.0,Non-Financial Service Provider
5827,2005,3,528,1.0,7828.3,7920.594,7985.146,8048.274,8107.969,8166.123,7854.201,8089.827,Financial Service Provider
5828,2005,3,529,2.0,7828.3,7891.14,7952.08,8012.45,8077.48,8142.59,7859.11,8109.88,Non-Financial Service Provider
5829,2005,3,531,1.0,7828.3,7889.0,7949.0,8003.0,8052.0,8102.0,7858.0,8079.0,Financial Service Provider
5830,2005,3,532,2.0,7828.3,7875.2,7926.3,7975.9,8025.9,8076.3,7848.7,8051.3,Non-Financial Service Provider
5831,2005,3,533,1.0,7828.3,7910.0,7940.0,7980.0,8020.0,8065.0,7874.0,8044.0,Financial Service Provider
5832,2005,3,535,1.0,7828.3,7909.233,7958.209,8030.823,8104.099,8174.098,7861.79,8136.952,Financial Service Provider
5833,2005,3,536,2.0,7828.3,7907.483,7949.062,8017.723,8092.229,8162.084,7862.441,8126.896,Non-Financial Service Provider
5834,2005,3,537,3.0,7828.3,7900.3,7973.0,8046.4,8120.4,8195.1,7866.6,8119.0,Unknown
5835,2005,3,538,2.0,7828.3,7900.727,7967.779,8032.849,8095.332,8153.36,7867.667,8106.465,Non-Financial Service Provider
5836,2005,3,539,1.0,7828.3,7888.654,7962.72,8034.444,8105.957,8176.126,7861.144,8140.857,Financial Service Provider
5837,2005,3,541,1.0,7828.3,7921.7,7988.3,8055.5,8123.3,8191.8,7876.5,8157.8,Financial Service Provider
5838,2005,3,542,1.0,7828.3,7905.435,7973.718,8042.59,8102.243,8172.226,7869.378,8136.938,Financial Service Provider
5839,2005,3,543,1.0,7828.3,7916.976,7964.738,8019.628,8076.681,8136.42,7868.733,8108.824,Financial Service Provider
5840,2005,3,544,1.0,7828.3,7896.798,7957.998,8021.662,8085.835,8152.543,7861.999,8120.979,Financial Service Provider
5841,2005,3,546,1.0,7828.3,7897.823,7960.261,8029.018,8096.411,8164.37,7861.79,8129.09,Financial Service Provider
5842,2005,3,548,2.0,7828.3,7905.436,7932.663,7996.817,8050.279,8115.099,7857.8,8085.0,Non-Financial Service Provider
5843,2005,4,20,2.0,,,,,,,,,Non-Financial Service Provider
5844,2005,4,65,1.0,7904.7,7940.034,7979.439,8021.005,8064.762,8110.739,7831.436,8035.053,Financial Service Provider
5845,2005,4,84,1.0,7904.7,7915.0,7943.0,7997.0,8046.0,8095.0,,8020.0,Financial Service Provider
5846,2005,4,99,1.0,7904.7,7976.0,8063.0,8171.0,8230.0,8337.0,7870.0,8185.0,Financial Service Provider
5847,2005,4,411,2.0,7904.7,7906.5,7992.1,8071.9,8141.7,8222.6,7851.4,8107.1,Non-Financial Service Provider
5848,2005,4,420,2.0,7904.7,7922.0,7973.0,8036.0,8103.0,8165.0,7855.0,8069.0,Non-Financial Service Provider
5849,2005,4,421,2.0,7904.7,7930.39,7987.886,8057.78,8118.213,8170.981,7857.373,8083.715,Non-Financial Service Provider
5850,2005,4,422,1.0,7904.7,7932.1,7975.4,8024.8,8094.1,8154.1,7857.8,8062.1,Financial Service Provider
5851,2005,4,424,1.0,7904.7,7943.9,7993.0,8052.401,8112.0,8173.0,7860.75,8082.601,Financial Service Provider
5852,2005,4,426,2.0,7904.7,7934.178,8008.501,8071.815,8133.657,8201.929,7854.201,8089.827,Non-Financial Service Provider
5853,2005,4,428,2.0,7904.7,7898.01,7964.84,8027.37,8090.72,8154.71,7849.28,8059.41,Non-Financial Service Provider
5854,2005,4,429,2.0,7904.7,7921.8,8019.3,8096.9,8168.7,8242.9,7855.2,8132.0,Non-Financial Service Provider
5855,2005,4,431,1.0,7904.7,7899.8,7981.3,8052.6,8114.5,8181.5,7849.7,8082.5,Financial Service Provider
5856,2005,4,433,2.0,7904.7,7908.649,7961.5,8024.442,8081.998,8149.835,7854.201,8058.41,Non-Financial Service Provider
5857,2005,4,446,2.0,7904.7,7924.388,7998.62,8065.758,8131.493,8195.778,7855.898,8097.939,Non-Financial Service Provider
5858,2005,4,448,2.0,7904.7,7911.508,7959.701,7987.221,8047.115,8132.662,7852.652,8031.675,Non-Financial Service Provider
5859,2005,4,456,1.0,7904.7,7934.177,7963.765,8013.078,8062.697,8102.712,7858.319,8035.563,Financial Service Provider
5860,2005,4,463,2.0,7904.7,7924.896,8013.956,8098.405,8164.105,8227.22,7855.999,8125.921,Non-Financial Service Provider
5861,2005,4,472,2.0,7904.7,7954.438,8013.249,8079.068,8155.332,8214.282,7863.384,8115.483,Non-Financial Service Provider
5862,2005,4,483,3.0,7904.7,7914.563,7944.077,7983.502,8023.124,8062.942,7853.416,8003.411,Unknown
5863,2005,4,484,2.0,7904.7,7963.33,8022.395,8083.858,8145.792,8212.18,7869.378,8121.199,Non-Financial Service Provider
5864,2005,4,497,1.0,7904.7,7909.831,7987.532,8066.7,8132.76,8207.404,7852.233,8098.599,Financial Service Provider
5865,2005,4,504,1.0,7904.7,7891.868,7969.687,8022.621,8078.22,8142.007,7847.759,8053.134,Financial Service Provider
5866,2005,4,506,2.0,7904.7,7906.478,7970.359,8048.08,8128.378,8202.833,7851.4,8087.4,Non-Financial Service Provider
5867,2005,4,508,2.0,7904.7,7921.275,7981.356,8034.783,8086.557,8133.841,7855.115,8059.141,Non-Financial Service Provider
5868,2005,4,510,2.0,7904.7,7921.7,7961.4,8024.7,8075.3,8148.7,7855.2,8052.5,Non-Financial Service Provider
5869,2005,4,512,2.0,7904.7,7969.0,8034.0,8096.0,8146.0,8203.0,7867.25,8119.75,Non-Financial Service Provider
5870,2005,4,516,1.0,7904.7,7936.131,7987.22,8030.792,8076.576,8120.635,7858.808,8053.806,Financial Service Provider
5871,2005,4,518,2.0,7904.7,7934.296,7980.943,8036.051,8105.389,8163.56,7858.381,8071.498,Non-Financial Service Provider
5872,2005,4,519,1.0,7904.7,7914.621,7991.206,8080.549,8161.624,8236.024,7853.438,8117.351,Financial Service Provider
5873,2005,4,520,2.0,7904.7,7953.648,8006.8,8062.269,8122.067,8182.309,7861.79,8089.781,Non-Financial Service Provider
5874,2005,4,521,1.0,7904.7,7953.648,8014.921,8062.925,8110.055,8157.461,7861.79,8081.919,Financial Service Provider
5875,2005,4,523,2.0,7904.7,8006.936,8088.431,8171.108,8254.99,8340.104,7890.2,8213.6,Non-Financial Service Provider
5876,2005,4,526,2.0,7904.7,7965.262,8022.393,8077.969,8135.908,8196.253,7866.09,8108.13,Non-Financial Service Provider
5877,2005,4,527,2.0,7904.7,7930.0,7970.0,8019.0,8059.0,8099.0,7857.0,8037.0,Non-Financial Service Provider
5878,2005,4,528,1.0,7904.7,7938.083,8002.777,8073.85,8145.553,8213.925,7876.967,8121.153,Financial Service Provider
5879,2005,4,529,2.0,7904.7,7960.15,8020.23,8079.26,8136.87,8195.64,7864.81,8108.0,Non-Financial Service Provider
5880,2005,4,531,1.0,7904.7,7921.0,7975.0,8024.0,8075.0,8122.0,7855.025,8049.0,Financial Service Provider
5881,2005,4,532,2.0,7904.7,7928.9,7963.0,8007.1,8041.7,8086.3,7857.0,8024.5,Non-Financial Service Provider
5882,2005,4,533,1.0,7904.7,7920.0,7965.0,8010.0,8055.0,8095.0,7854.0,8031.0,Financial Service Provider
5883,2005,4,535,1.0,7904.7,7906.676,7992.25,8067.118,8136.797,8207.078,7831.436,8089.873,Financial Service Provider
5884,2005,4,536,2.0,7904.7,7907.479,7970.866,8045.454,8121.486,8200.009,7851.672,8084.454,Non-Financial Service Provider
5885,2005,4,538,2.0,7904.7,7952.336,8000.438,8060.771,8120.348,8177.643,7876.538,8089.8,Non-Financial Service Provider
5886,2005,4,539,1.0,7904.7,7934.259,8005.53,8076.703,8146.654,8217.21,7858.34,8111.524,Financial Service Provider
5887,2005,4,541,1.0,7904.7,7936.662,7995.324,8054.454,8114.5,8174.022,7858.949,8084.575,Financial Service Provider
5888,2005,4,542,1.0,7904.7,7963.33,8032.113,8091.688,8161.579,8232.074,7869.378,8129.068,Financial Service Provider
5889,2005,4,543,1.0,7904.7,7906.399,7980.436,8045.578,8108.381,8172.39,7851.402,8076.696,Financial Service Provider
5890,2005,4,544,1.0,7904.7,7944.224,7993.875,8053.829,8116.246,8181.176,7860.831,8086.282,Financial Service Provider
5891,2005,4,545,2.0,7904.7,7906.5,7992.1,8071.9,8141.7,8222.6,7851.4,8107.1,Non-Financial Service Provider
5892,2005,4,546,1.0,7904.7,7894.801,7964.915,8027.883,8087.427,8147.412,7846.612,8058.471,Financial Service Provider
5893,2005,4,548,2.0,7904.7,7897.969,7970.35,8048.071,8128.368,8202.821,7849.0,8087.0,Non-Financial Service Provider
5894,2006,1,20,2.0,7930.2,8015.2,8110.7,8206.7,8311.7,8377.7,8161.2,8482.1,Non-Financial Service Provider
5895,2006,1,65,1.0,7930.2,7930.2,7930.2,7946.013,7979.571,8019.173,8062.411,8263.971,Financial Service Provider
5896,2006,1,99,1.0,7930.2,7965.0,8033.0,8124.0,8149.0,8201.0,8068.0,8275.0,Financial Service Provider
5897,2006,1,405,1.0,7930.2,8003.325,8045.844,8102.073,8156.988,8202.31,8077.058,8283.581,Financial Service Provider
5898,2006,1,407,2.0,,,,,,,,,Non-Financial Service Provider
5899,2006,1,411,2.0,7930.2,8030.2,8104.7,8162.8,8218.4,8280.1,8129.0,8373.4,Non-Financial Service Provider
5900,2006,1,420,2.0,7930.2,8000.0,8051.0,8115.0,8171.0,8226.0,8087.0,8301.0,Non-Financial Service Provider
5901,2006,1,421,2.0,7930.2,8001.572,8059.583,8136.149,8195.137,8258.648,8098.11,8365.013,Non-Financial Service Provider
5902,2006,1,422,1.0,,,,,,,,,Financial Service Provider
5903,2006,1,424,1.0,7930.2,8012.2,8066.801,8126.4,8187.4,,8098.2,8368.681,Financial Service Provider
5904,2006,1,426,2.0,7930.2,7994.83,8058.035,8119.772,8187.927,8226.546,8093.843,8328.564,Non-Financial Service Provider
5905,2006,1,428,2.0,7930.2,8020.7,8080.4,8141.5,8202.8,8264.9,8111.4,8352.0,Non-Financial Service Provider
5906,2006,1,429,2.0,7930.2,8026.8,8106.6,8187.1,8260.0,8344.8,8145.1,8457.8,Non-Financial Service Provider
5907,2006,1,431,1.0,7930.2,8021.5,8091.2,8148.0,8221.3,8294.0,8117.0,8372.8,Financial Service Provider
5908,2006,1,433,2.0,7930.2,8031.341,8088.946,8144.983,8209.376,8274.277,8117.417,8369.058,Non-Financial Service Provider
5909,2006,1,446,2.0,7930.2,8004.487,8071.674,8137.457,8201.79,8254.59,8103.826,8340.737,Non-Financial Service Provider
5910,2006,1,448,2.0,7930.2,8033.927,8061.301,8121.637,8180.685,8228.292,8099.387,8326.321,Non-Financial Service Provider
5911,2006,1,456,1.0,7930.2,8013.174,8062.793,8102.809,8143.022,8183.436,8080.45,8252.169,Financial Service Provider
5912,2006,1,463,2.0,7930.2,8025.615,8076.532,8143.329,8207.108,8266.323,8113.146,8364.229,Non-Financial Service Provider
5913,2006,1,472,2.0,7930.2,8034.45,8096.149,8166.932,8240.635,8316.425,8134.542,8405.96,Non-Financial Service Provider
5914,2006,1,483,3.0,7930.2,7989.019,8038.489,8088.265,8138.35,8188.744,8063.531,8113.462,Unknown
5915,2006,1,484,2.0,7930.2,7977.359,8018.914,8068.569,8128.415,8182.734,8046.694,8272.002,Non-Financial Service Provider
5916,2006,1,497,1.0,7930.2,8028.203,8100.674,8155.882,8209.729,8270.145,8123.622,8361.71,Financial Service Provider
5917,2006,1,498,1.0,7930.2,8001.0,8052.0,8094.0,8134.0,,8070.2,,Financial Service Provider
5918,2006,1,504,1.0,7930.233,8040.343,8061.251,8119.51,8180.987,8246.539,8100.523,8346.343,Financial Service Provider
5919,2006,1,506,2.0,7930.2,8029.1,8092.9,8159.7,8214.0,8256.1,8123.9,8335.5,Non-Financial Service Provider
5920,2006,1,507,3.0,7930.2,8048.184,8095.097,8153.959,8217.074,8324.236,8128.579,8399.0,Unknown
5921,2006,1,508,2.0,7930.2,7994.607,8054.549,8097.166,8138.256,8199.012,8071.15,8274.947,Non-Financial Service Provider
5922,2006,1,510,2.0,7930.2,7977.926,8035.294,8076.814,8144.685,8181.335,8058.68,8219.854,Non-Financial Service Provider
5923,2006,1,512,2.0,7930.2,7983.0,8039.0,8099.0,8146.0,8231.0,8066.7,8342.0,Non-Financial Service Provider
5924,2006,1,516,1.0,7930.2,8000.628,8050.17,8117.741,8195.757,8252.534,8091.074,8329.504,Financial Service Provider
5925,2006,1,518,2.0,7930.2,7995.798,8051.857,8106.023,8158.043,8210.539,8076.212,8284.101,Non-Financial Service Provider
5926,2006,1,519,1.0,7930.2,8033.1,8106.4,8178.8,8240.6,8287.3,8139.7,8287.3,Financial Service Provider
5927,2006,1,521,1.0,7930.2,7999.039,8052.045,8101.227,8145.42,8195.858,8074.407,8283.944,Financial Service Provider
5928,2006,1,524,2.0,7930.2,7985.992,8036.642,8072.69,8131.528,8210.112,8056.713,8289.674,Non-Financial Service Provider
5929,2006,1,526,2.0,7930.2,7985.138,8040.457,8098.126,8158.19,8222.688,8070.478,8320.712,Non-Financial Service Provider
5930,2006,1,527,2.0,7930.2,7980.0,8038.0,8090.0,8130.0,8170.0,8059.5,8260.0,Non-Financial Service Provider
5931,2006,1,528,1.0,7930.2,8008.34,8081.411,8151.213,8209.678,8268.562,8133.134,8368.995,Financial Service Provider
5932,2006,1,531,1.0,7930.2,8015.0,8050.0,8095.0,8141.0,,8075.3,,Financial Service Provider
5933,2006,1,532,2.0,7930.2,7987.6,8031.8,8066.5,8111.4,,8049.3,,Non-Financial Service Provider
5934,2006,1,533,1.0,7930.2,7974.0,8010.0,8064.0,8109.0,8138.0,8039.0,8223.0,Financial Service Provider
5935,2006,1,535,1.0,7930.2,8035.156,8106.516,8176.536,8245.167,8310.352,8140.992,8401.504,Financial Service Provider
5936,2006,1,536,2.0,7930.2,8027.824,8103.051,8162.514,8227.14,8290.039,8130.132,8381.527,Non-Financial Service Provider
5937,2006,1,539,1.0,7930.2,8004.564,8067.912,8133.757,8196.138,,8100.593,,Financial Service Provider
5938,2006,1,541,1.0,7930.2,8011.015,8067.03,8126.287,8185.986,,8097.58,,Financial Service Provider
5939,2006,1,542,1.0,7930.2,8017.948,8076.795,8145.753,8215.615,8276.551,8117.417,8360.94,Financial Service Provider
5940,2006,1,543,1.0,7930.2,8027.646,8083.836,8134.979,8186.405,8242.628,8108.217,8324.508,Financial Service Provider
5941,2006,1,544,1.0,7930.2,8019.415,8093.594,8160.367,8225.649,8289.398,8124.756,8381.021,Financial Service Provider
5942,2006,1,545,2.0,7930.2,7952.6,8057.0,8126.2,8202.4,8285.9,8084.6,8398.6,Non-Financial Service Provider
5943,2006,1,546,1.0,7930.2,8000.628,8063.879,8123.69,8183.944,8242.643,8093.843,8328.564,Financial Service Provider
5944,2006,1,548,2.0,7930.2,8027.399,8088.184,8152.453,8203.944,8243.753,8117.995,8320.46,Non-Financial Service Provider
5945,2006,1,549,1.0,7930.2,7994.83,8042.373,8088.223,8130.356,8162.684,8062.411,,Financial Service Provider
5946,2006,1,550,2.0,7930.2,7955.7,8004.9,8076.5,8156.2,8217.9,8048.3,8317.3,Non-Financial Service Provider
5947,2006,2,20,2.0,8032.0,8127.5,8232.6,8327.7,8417.7,8527.7,8180.0,8577.3,Non-Financial Service Provider
5948,2006,2,65,1.0,8032.0,8089.6092,8127.7641,8145.9902,8176.3673,8226.9974,8092.607,8311.1074,Financial Service Provider
5949,2006,2,84,1.0,8032.0,8081.0,8129.0,8171.0,8211.0,8250.0,8103.0,,Financial Service Provider
5950,2006,2,99,1.0,8032.0,8064.0,8110.0,8156.0,8215.0,8276.0,8091.0,8307.0,Financial Service Provider
5951,2006,2,405,1.0,8032.0,8072.2363,8128.6501,8163.9051,8205.2778,8242.3229,8099.1979,8263.3649,Financial Service Provider
5952,2006,2,411,2.0,8032.0,8098.9,8169.2,8233.6,8294.6,8355.7,8133.4,8391.4,Non-Financial Service Provider
5953,2006,2,421,2.0,8032.0,8097.5247,8174.4512,8233.716,8297.5273,8380.5026,8136.2331,8404.3925,Non-Financial Service Provider
5954,2006,2,422,1.0,8032.0,8080.0,8120.0,8150.0,8195.0,8250.0,8096.0,8298.0,Financial Service Provider
5955,2006,2,423,2.0,8032.0,8046.1,8100.0,8166.6,8232.1,8297.7,8086.2,8333.0,Non-Financial Service Provider
5956,2006,2,424,1.0,8032.0,8086.6014,8146.2,8207.2,,,8118.0004,8389.1416,Financial Service Provider
5957,2006,2,426,2.0,8032.0,8087.6431,8145.6514,8208.0594,8270.9454,8318.0986,8116.1777,8359.663,Non-Financial Service Provider
5958,2006,2,428,2.0,8032.0,8092.55,8149.14,8206.91,8269.74,8330.33,8120.15,8360.6,Non-Financial Service Provider
5959,2006,2,429,2.0,8032.0,8124.8,8211.5,8284.1,8361.9,8434.2,8163.1,8473.7,Non-Financial Service Provider
5960,2006,2,431,1.0,8032.0,8091.5,8150.9,8211.5,8274.9,8335.7,8121.5,8368.7,Financial Service Provider
5961,2006,2,433,2.0,8032.0,8089.6092,8145.6514,8208.0594,8274.9536,8340.3734,8116.1777,8359.663,Non-Financial Service Provider
5962,2006,2,446,2.0,8032.0,8105.2868,8175.2958,8241.9231,8299.0205,8356.5134,8138.6005,8385.6322,Non-Financial Service Provider
5963,2006,2,448,2.0,8032.0,8071.3765,8111.3617,8170.5127,8218.2201,8280.9438,8096.3127,8316.4185,Non-Financial Service Provider
5964,2006,2,456,1.0,8031.991,8081.7271,8131.7711,8172.1285,8212.6862,8253.4452,8104.4044,8281.6651,Financial Service Provider
5965,2006,2,463,2.0,8032.0,8087.7417,8160.0631,8232.7092,8296.7337,8362.8227,8128.1285,8396.0817,Non-Financial Service Provider
5966,2006,2,472,2.0,8032.0,8098.3007,8164.0389,8233.485,8318.1739,8375.637,8131.9562,8403.5286,Non-Financial Service Provider
5967,2006,2,483,3.0,8032.0,8071.8623,8121.8452,8172.1377,8222.7416,8273.6588,8099.4613,8299.4332,Unknown
5968,2006,2,484,2.0,8032.0,8083.7066,8141.6867,8204.0642,8264.9143,8324.1941,8116.1777,8359.663,Non-Financial Service Provider
5969,2006,2,497,1.0,8032.0,8100.2959,8168.4761,8224.3438,8275.3486,8329.1816,8131.2832,8355.1504,Financial Service Provider
5970,2006,2,504,1.0,8031.9667,8088.6852,8142.7071,8204.1554,8276.8639,8343.7325,8116.8786,8377.0984,Financial Service Provider
5971,2006,2,506,2.0,8032.0,8087.384,8142.471,8201.438,8258.899,8317.997,8115.8,8288.4,Non-Financial Service Provider
5972,2006,2,507,3.0,8032.0,8093.5372,8153.5675,8216.6337,8283.5988,8338.9453,8123.9346,8371.0,Unknown
5973,2006,2,508,2.0,8032.0,8083.5228,8134.0226,8177.097,8221.8677,8282.5702,8095.5621,8293.4693,Non-Financial Service Provider
5974,2006,2,510,2.0,8032.0,8065.8225,8111.2477,8155.5955,8194.7424,8245.5498,8091.1664,8267.5518,Non-Financial Service Provider
5975,2006,2,512,2.0,8032.0,8071.8623,8119.8636,8166.1554,8250.5817,8343.8693,8092.607,8400.1261,Non-Financial Service Provider
5976,2006,2,516,1.0,8032.0,8075.8162,8131.7628,8192.0767,8248.8287,8310.0109,8107.9139,8341.0566,Financial Service Provider
5977,2006,2,518,2.0,8032.0,8084.8413,8139.851,8190.7026,8240.524,8294.024,8109.9468,8320.3108,Non-Financial Service Provider
5978,2006,2,519,1.0,8032.0,8092.7,8155.6,8217.8,8277.5,8337.3,8124.5,8371.9,Financial Service Provider
5979,2006,2,520,2.0,8032.0,8081.7361,8129.7961,8182.1323,8236.8111,8297.9041,8108.3208,,Non-Financial Service Provider
5980,2006,2,521,1.0,8032.0,8097.4594,8159.9551,8209.79,8254.6798,8299.818,8124.8011,8327.7601,Financial Service Provider
5981,2006,2,524,2.0,8032.0,8063.8267,8099.0727,8156.8928,8233.975,8292.5242,8087.7928,8315.9139,Non-Financial Service Provider
5982,2006,2,526,2.0,8032.0,8091.5739,8147.6297,8200.0807,8250.8576,8295.8677,8117.8211,8326.2869,Non-Financial Service Provider
5983,2006,2,527,2.0,8032.0,8085.0,8150.0,8210.0,8260.0,8310.0,8119.25,8335.0,Non-Financial Service Provider
5984,2006,2,528,1.0,8032.0,8097.4594,8167.4008,8231.9702,8286.9821,8342.3617,8131.8915,8351.4526,Financial Service Provider
5985,2006,2,531,1.0,8032.0,8079.5,8125.5,8165.5,8209.5,,8100.6,8265.3,Financial Service Provider
5986,2006,2,532,2.0,8032.0,8070.7,8115.5,8160.7,8216.2,8272.2,8094.7,,Non-Financial Service Provider
5987,2006,2,535,1.0,8032.0,8095.499,8163.4504,8231.9722,8297.0521,8358.5919,8131.8915,8392.112,Financial Service Provider
5988,2006,2,536,2.0,8032.0,8093.6313,8154.5972,8209.6787,8264.3467,8320.9082,8122.481,8354.8145,Non-Financial Service Provider
5989,2006,2,538,2.0,8032.0,8104.1586,8169.4903,8221.1197,8282.4037,8335.6261,8136.3319,8362.1678,Non-Financial Service Provider
5990,2006,2,539,1.0,8032.0,8091.7111,8153.8475,8216.46,8280.8554,8342.4123,8123.5047,8373.6203,Financial Service Provider
5991,2006,2,541,1.0,,,,,,,,,Financial Service Provider
5992,2006,2,542,1.0,8032.0,8091.5739,8161.4645,8231.9587,8282.933,8334.2229,8131.8915,8359.5845,Financial Service Provider
5993,2006,2,543,1.0,8032.0,8095.9727,8158.6724,8222.3369,8280.2158,8336.3877,8127.25,8362.2383,Financial Service Provider
5994,2006,2,544,1.0,8032.0,8096.256,8161.026,8224.274,8285.9561,8348.1007,8128.389,8377.5415,Financial Service Provider
5995,2006,2,545,2.0,8032.0,8071.17,8126.28,8182.09,8242.5,8301.55,8098.47,8331.62,Non-Financial Service Provider
5996,2006,2,546,1.0,8032.0,8097.4594,8157.5189,8218.0238,8276.9672,8334.3074,8124.0346,8359.6316,Financial Service Provider
5997,2006,2,548,2.0,8032.0,8088.1834,8152.4532,8203.9441,8243.7525,8294.6076,8117.9948,8320.4597,Non-Financial Service Provider
5998,2006,2,549,1.0,8032.0,8085.6756,8145.6476,8202.078,8248.8386,8289.777,8116.1777,,Financial Service Provider
5999,2006,2,550,2.0,8032.0,8094.7,8136.5,8319.4,8406.2,8445.7,8145.7,8488.2,Non-Financial Service Provider
6000,2006,3,20,2.0,8053.0,8102.6,8172.0,8222.7,8277.7,8342.7,8082.8,8317.0,Non-Financial Service Provider
6001,2006,3,65,1.0,8053.0,8102.8662,8112.9758,8112.9758,8127.1364,8161.4587,8076.436,8278.3469,Financial Service Provider
6002,2006,3,84,1.0,8053.0,8098.0,8168.0,8210.0,8260.0,8310.0,8080.0,8284.0,Financial Service Provider
6003,2006,3,407,2.0,8053.0,8124.6,8180.8,8231.5,8286.5,8341.9,8090.6,8314.4,Non-Financial Service Provider
6004,2006,3,420,2.0,8053.0,8099.0,8141.0,8209.0,8261.0,8323.0,8074.0,8289.0,Non-Financial Service Provider
6005,2006,3,422,1.0,8053.0,8093.0,8133.2,8173.5,8214.1,8254.8,8070.7,8234.5,Financial Service Provider
6006,2006,3,423,2.0,8053.0,8108.3,8181.5,8242.6,8309.3,8379.2,8086.6,8344.4,Non-Financial Service Provider
6007,2006,3,424,1.0,8053.0,8112.9,8173.8,8231.8,8289.8,8347.8,8085.875,8318.8,Financial Service Provider
6008,2006,3,426,2.0,8053.0,8134.3037,8196.6247,8259.4231,8306.5106,8382.3022,8099.9596,8351.0583,Non-Financial Service Provider
6009,2006,3,428,2.0,8053.0,8104.0,8160.0,8220.0,8277.0,8335.0,8080.1,8306.7,Non-Financial Service Provider
6010,2006,3,429,2.0,8053.0,8126.3,8181.5,8251.1,8310.0,8375.3,8091.2,8343.2,Non-Financial Service Provider
6011,2006,3,433,2.0,8053.0,8110.7599,8172.9005,8231.5203,8290.5606,8352.0523,8084.2772,8318.7212,Non-Financial Service Provider
6012,2006,3,446,2.0,8053.0,8108.7886,8164.9637,8229.5139,8290.5528,8352.0444,8082.6638,8322.5727,Non-Financial Service Provider
6013,2006,3,448,2.0,8053.0,8093.2889,8136.1028,8183.5976,8246.5313,8318.7137,8071.5479,8281.9643,Non-Financial Service Provider
6014,2006,3,463,2.0,8053.0,8119.3413,8186.2859,8248.3742,8313.4693,8378.6342,8090.6068,8346.2074,Non-Financial Service Provider
6015,2006,3,472,2.0,8053.0,8099.1438,8140.5033,8194.7867,8230.0297,8272.2157,8074.1118,8248.8058,Non-Financial Service Provider
6016,2006,3,483,3.0,8053.0,8102.8662,8153.0411,8203.5267,8254.325,8305.4378,8078.1768,8280.0392,Unknown
6017,2006,3,484,2.0,8053.0,8108.7886,8166.9486,8225.5257,8286.535,8350.0223,8084.2772,8318.7212,Non-Financial Service Provider
6018,2006,3,497,1.0,8053.0,8129.2339,8182.3022,8239.6348,8286.8125,8333.6279,8092.0897,8312.1548,Financial Service Provider
6019,2006,3,504,1.0,8053.0333,8115.3133,8163.452,8211.9481,8262.1503,8309.8087,8083.8997,8285.5156,Financial Service Provider
6020,2006,3,506,2.0,8053.0,8122.1,8152.2,8198.8,8253.4,8314.8,8082.8,8285.9,Non-Financial Service Provider
6021,2006,3,507,3.0,8053.0,8106.1666,8154.0947,8214.285,8269.1684,8325.1448,8079.2653,8300.9108,Unknown
6022,2006,3,510,2.0,8053.0,8102.7496,8135.4507,8135.0741,8143.2843,8191.1847,8073.7501,8179.21,Non-Financial Service Provider
6023,2006,3,512,2.0,8053.0,8124.5186,8186.7646,8251.4872,8328.7834,8414.891,8092.1184,8367.2504,Non-Financial Service Provider
6024,2006,3,516,1.0,8053.0,8110.7599,8168.934,8225.5257,8282.5095,8335.8288,8084.1235,8308.3388,Financial Service Provider
6025,2006,3,518,2.0,8053.0,8101.4326,8142.7469,8189.058,8243.3335,8305.3088,8075.2825,8276.2089,Non-Financial Service Provider
6026,2006,3,519,1.0,8053.0,8129.6,8169.4,8223.9,8284.6,8345.9,8088.9,8314.8,Financial Service Provider
6027,2006,3,520,2.0,8053.0,8108.7886,8160.9895,8211.5243,8266.3996,8323.6665,8081.6445,8296.7486,Non-Financial Service Provider
6028,2006,3,521,1.0,8053.0,8108.1327,8157.1966,8204.16,8249.0124,8302.4779,8080.5,8278.0,Financial Service Provider
6029,2006,3,523,2.0,,,,,,,,,Non-Financial Service Provider
6030,2006,3,524,2.0,8053.0,8063.393,8106.1413,8172.7314,8205.1956,8239.9462,8056.2566,8230.9641,Non-Financial Service Provider
6031,2006,3,526,2.0,8053.0,8112.7297,8168.9321,8219.5161,8264.3552,8319.5835,8084.6154,8294.6589,Non-Financial Service Provider
6032,2006,3,527,2.0,8053.0,8103.0,8143.0,8191.0,8242.0,8310.0,8076.0,8281.0,Non-Financial Service Provider
6033,2006,3,528,1.0,8053.0,8114.6981,8170.9141,8223.5149,8278.4703,8343.9178,8099.9596,8334.8584,Financial Service Provider
6034,2006,3,530,2.0,,,,,,,,,Non-Financial Service Provider
6035,2006,3,531,1.0,8053.0,8102.3,8136.3,8186.3,8233.3,8284.3,8073.9,8261.8,Financial Service Provider
6036,2006,3,532,2.0,8053.0,8097.0,8132.9,8178.2,8223.9,8259.8,,,Non-Financial Service Provider
6037,2006,3,533,1.0,8053.0,8112.0,8135.0,8167.0,8212.0,8252.0,8076.0,8233.0,Financial Service Provider
6038,2006,3,535,1.0,8053.0,8122.5574,8186.7723,8245.4916,8300.5939,8358.0977,8092.1184,8334.882,Financial Service Provider
6039,2006,3,536,2.0,8053.0,8121.8374,8187.1133,8250.6924,8318.5605,8389.9414,8091.4434,8355.1299,Non-Financial Service Provider
6040,2006,3,539,1.0,8053.0,8114.8643,8175.2138,8239.3033,8300.5758,8362.3027,8086.7195,8331.6393,Financial Service Provider
6041,2006,3,540,2.0,8053.0,8119.6,8184.9,8247.6,8304.7,8356.1,8090.3,8329.6,Non-Financial Service Provider
6042,2006,3,541,1.0,8053.0,8112.0469,8170.0462,8228.4768,8290.4146,8352.8551,8084.716,8321.8872,Financial Service Provider
6043,2006,3,543,1.0,8053.0,8118.4102,8168.6685,8219.4131,8270.251,8323.1758,8085.9756,8297.293,Financial Service Provider
6044,2006,3,544,1.0,8053.0,8113.3975,8174.248,8235.5548,8297.3215,8357.4771,8086.1114,8326.5832,Financial Service Provider
6045,2006,3,545,2.0,8053.0,8103.89,8159.79,8219.68,8277.23,8336.11,8080.12,8307.52,Non-Financial Service Provider
6046,2006,3,546,1.0,8053.0,8108.7886,8162.9773,8219.5278,8272.4416,8323.6666,8084.2772,8302.5527,Financial Service Provider
6047,2006,3,548,2.0,8053.0,8114.1334,8166.5077,8219.6546,8272.5983,8339.6616,8092.138,8307.9638,Non-Financial Service Provider
6048,2006,3,549,1.0,8053.0,8100.8891,8147.0728,8185.4987,8226.1227,,8076.436,8197.5825,Financial Service Provider
6049,2006,3,550,2.0,8053.0,8072.1,8192.4,8233.4,8255.4,8277.0,8078.0,8242.2,Non-Financial Service Provider
6050,2006,3,551,2.0,,,,,,,,,Non-Financial Service Provider
6051,2006,4,20,2.0,8116.2,8162.0,8193.0,8222.0,8277.7,8342.7,8084.3,8258.9,Non-Financial Service Provider
6052,2006,4,65,1.0,8116.2,8172.4264,8225.037,8275.9684,8325.1835,8376.7351,8084.2772,8294.4684,Financial Service Provider
6053,2006,4,84,1.0,8116.2,8160.0,8206.0,8253.0,8295.0,8343.0,8084.0,8275.0,Financial Service Provider
6054,2006,4,99,1.0,8116.2,8172.0,8229.0,8284.0,8332.0,8339.0,8086.75,8296.0,Financial Service Provider
6055,2006,4,405,1.0,8116.2,8161.8718,8212.623,8255.6352,8300.8939,8340.2827,8084.218,8277.3587,Financial Service Provider
6056,2006,4,407,2.0,8116.2,8180.4,8237.1,8288.1,8343.5,8399.2,8088.8,8317.0,Non-Financial Service Provider
6057,2006,4,411,2.0,8116.2,8188.3,8258.5,8321.2,8386.8,8454.2,8090.8,8355.1,Non-Financial Service Provider
6058,2006,4,420,2.0,8119.0,8186.0,8221.0,8270.0,8310.0,8360.0,8091.0,8290.0,Non-Financial Service Provider
6059,2006,4,421,2.0,8116.2,8154.7519,8205.7191,8271.3649,8323.0609,8387.5647,8082.438,8296.9274,Non-Financial Service Provider
6060,2006,4,422,1.0,8116.2,8156.5,8203.0,8243.7,8284.6,8325.8,8082.1,8264.28,Financial Service Provider
6061,2006,4,424,1.0,8116.2,8185.1,8243.1,8301.1,8359.1,8417.1,8090.025,8330.1,Financial Service Provider
6062,2006,4,426,2.0,8116.2,8174.4132,8229.0404,8265.8237,8317.0077,8380.7285,8084.2772,8294.4684,Non-Financial Service Provider
6063,2006,4,428,2.0,8116.2,8166.53,8223.52,8278.11,8330.18,8381.98,8085.38,8303.45,Non-Financial Service Provider
6064,2006,4,429,2.0,8116.2,8179.4,8250.2,8315.0,8378.8,8442.5,8088.6,8346.6,Non-Financial Service Provider
6065,2006,4,431,1.0,8116.2,8175.7,8233.1,8290.9,8349.0,8410.9,8087.7,8321.0,Financial Service Provider
6066,2006,4,446,2.0,8116.2,8176.3984,8235.0434,8294.1089,8355.6269,8417.6012,8087.8754,8325.6216,Non-Financial Service Provider
6067,2006,4,448,2.0,8116.2,8175.136,8223.1152,8300.2851,8368.0407,8432.7752,8087.534,8331.0541,Non-Financial Service Provider
6068,2006,4,463,2.0,8116.2,8205.0,8287.0,8349.0,8412.0,8475.0,8095.0,8381.0,Non-Financial Service Provider
6069,2006,4,472,2.0,8116.2,8166.038,8226.8439,8286.723,8341.525,8393.8486,8085.2595,8312.2351,Non-Financial Service Provider
6070,2006,4,483,3.0,8116.2,8186.3032,8253.0202,8314.2334,8371.8318,8423.6722,8090.3258,8340.6894,Unknown
6071,2006,4,484,2.0,8116.2,8176.3984,8231.039,8288.0609,8347.5068,8407.379,8084.2772,8318.7212,Non-Financial Service Provider
6072,2006,4,497,1.0,8116.2,8188.77,8254.9092,8308.0049,8368.8477,8432.377,8090.9515,8341.0347,Financial Service Provider
6073,2006,4,498,1.0,8116.2,8171.27,8228.7448,8238.243,8267.951,8308.1388,8086.5675,8260.7694,Financial Service Provider
6074,2006,4,504,1.0,8116.2,8164.8081,8223.0246,8281.2092,8339.177,8394.7493,8084.9437,8309.54,Financial Service Provider
6075,2006,4,506,2.0,8116.2,8180.302,8240.72,8286.195,8337.122,8387.145,8088.815,8312.7955,Non-Financial Service Provider
6076,2006,4,507,3.0,8116.2,8169.6426,8228.239,8283.2156,8339.2871,8409.306,8086.0,8315.0119,Unknown
6077,2006,4,510,2.0,8116.2,8146.8376,8145.7571,8153.7938,8201.7513,8256.8033,8080.4594,8189.5263,Non-Financial Service Provider
6078,2006,4,512,2.0,8116.2,8196.1722,8260.9691,8328.2946,8383.9502,8433.8074,8092.1184,8351.0662,Non-Financial Service Provider
6079,2006,4,516,1.0,8116.2,8180.3647,8231.0195,8281.988,8331.2389,8382.828,8088.8412,8306.7686,Financial Service Provider
6080,2006,4,520,2.0,8116.2,8184.3252,8245.0289,8306.1829,8367.7904,8433.9441,8089.8313,8338.2366,Non-Financial Service Provider
6081,2006,4,521,1.0,8116.2,8191.5321,8242.2561,8287.3123,8332.6179,8378.1741,8091.6225,8310.0901,Financial Service Provider
6082,2006,4,523,2.0,,,,,,,,,Non-Financial Service Provider
6083,2006,4,524,2.0,8116.2,8169.0227,8231.8552,8249.8079,8306.0819,8374.3204,8085.5119,8290.5163,Non-Financial Service Provider
6084,2006,4,526,2.0,8116.2,8162.471,8206.9989,8257.8186,8310.9789,8366.5188,8084.3677,8285.5788,Non-Financial Service Provider
6085,2006,4,527,2.0,8116.2,8166.0,8211.0,8260.0,8316.0,8324.0,8085.0,8277.75,Non-Financial Service Provider
6086,2006,4,528,1.0,8116.2,8172.4264,8225.037,8271.9284,8327.2073,8384.8956,8092.1184,8318.6977,Financial Service Provider
6087,2006,4,531,1.0,8116.2,8132.3,8171.3,8214.3,8268.3,8314.3,8076.825,8242.05,Financial Service Provider
6088,2006,4,532,2.0,8116.2,8196.2,8246.9,8302.0,8353.4,8405.2,8092.8,8326.9,Non-Financial Service Provider
6089,2006,4,535,1.0,8116.2,8200.1098,8248.8738,8297.9277,8351.3462,8409.2017,8092.1184,8326.7898,Financial Service Provider
6090,2006,4,536,2.0,8116.2,8187.439,8251.2607,8318.2031,8387.7354,8457.9951,8090.6187,8353.7988,Non-Financial Service Provider
6091,2006,4,539,1.0,8116.2,8178.5792,8239.4309,8300.734,8360.455,8420.6044,8092.1184,8334.882,Financial Service Provider
6092,2006,4,540,2.0,8116.2,8172.4,8231.0,8288.1,8341.4,8395.1,8086.9,8313.9,Non-Financial Service Provider
6093,2006,4,541,1.0,8116.2,8193.8761,8252.3207,8315.8285,8379.8485,8444.385,8093.1026,8348.0957,Financial Service Provider
6094,2006,4,542,1.0,8116.2,8186.3032,8247.0216,8298.0892,8349.473,8401.175,8092.1184,8326.7898,Financial Service Provider
6095,2006,4,543,1.0,8116.2,8185.2827,8249.8467,8308.1904,8362.9756,8418.1719,8090.0796,8334.7959,Financial Service Provider
6096,2006,4,544,1.0,8116.2,8177.0715,8238.3995,8300.1875,8360.3639,8420.9765,8088.0179,8329.9819,Financial Service Provider
6097,2006,4,546,1.0,8116.2,8166.4575,8223.0321,8275.9684,8327.2153,8378.7794,8084.2772,8302.5527,Financial Service Provider
6098,2006,4,548,2.0,8116.2,8167.2682,8216.0047,8259.5226,8315.4887,8374.3762,8087.8909,8291.3481,Non-Financial Service Provider
6099,2006,4,549,1.0,8116.2,8182.3456,8222.9541,8251.5845,8280.3147,8302.9922,8092.1184,8270.145,Financial Service Provider
6100,2006,4,550,2.0,8116.2,8133.3,8174.6,8196.7,8198.3,8216.4,8077.08,8196.5,Non-Financial Service Provider
6101,2006,4,551,2.0,,,,,,,,,Non-Financial Service Provider
6102,2007,1,20,2.0,8199.2,8290.2,8347.2,8419.9,8489.9,8547.1,8386.8,8653.4,Non-Financial Service Provider
6103,2007,1,84,1.0,8199.2,8240.0,8293.0,8346.0,8402.0,,8320.0,,Financial Service Provider
6104,2007,1,405,1.0,8199.2,8245.4943,8289.8519,8352.9478,8394.9666,8456.697,8320.8151,8551.0594,Financial Service Provider
6105,2007,1,407,2.0,8199.2,8247.976,8305.115,8360.616,8416.487,8468.604,8332.5485,8555.452,Non-Financial Service Provider
6106,2007,1,411,2.0,8199.2,8268.1,8334.1,8398.5,8459.4,8523.1,8365.0,8617.5,Non-Financial Service Provider
6107,2007,1,420,2.0,8199.2,8251.0,8313.0,8359.0,8415.0,8475.0,8335.0,8594.0,Non-Financial Service Provider
6108,2007,1,421,2.0,8199.2,8238.1462,8291.6941,8343.5172,8406.0936,8460.7332,8319.8628,8497.9858,Non-Financial Service Provider
6109,2007,1,424,1.0,8199.2,8279.4,8334.4,8396.0,8458.0,,8366.95,,Financial Service Provider
6110,2007,1,426,2.0,8199.2,8265.2727,8317.2674,8380.555,8439.4,8501.3,8350.6238,8606.475,Non-Financial Service Provider
6111,2007,1,428,2.0,8199.2,8263.4,8316.5,8364.5,8412.1,8460.8,8339.1,8536.1,Non-Financial Service Provider
6112,2007,1,431,1.0,8199.2,8271.4,8334.5,8400.2,8471.6,8534.7,8369.4,8622.1,Financial Service Provider
6113,2007,1,433,2.0,8199.2,8272.017,8335.3931,8399.2547,8459.4981,8520.1735,8367.4382,8610.0939,Non-Financial Service Provider
6114,2007,1,446,2.0,8199.2,8259.0114,8319.2592,8379.9464,8441.0764,8505.7477,8349.8234,8603.9981,Non-Financial Service Provider
6115,2007,1,448,2.0,8199.2,8247.5853,8324.939,8392.8914,8457.8715,8510.7606,8355.8218,8624.7964,Non-Financial Service Provider
6116,2007,1,456,1.0,8199.2,8270.0201,8311.0637,8352.3109,8404.0305,8456.0703,8334.3563,8537.5596,Financial Service Provider
6117,2007,1,463,2.0,8199.2,8301.8355,8345.8012,8400.711,8462.2785,8523.1672,8377.6565,8614.8261,Non-Financial Service Provider
6118,2007,1,472,2.0,8199.2,8271.3288,8337.2952,8405.7151,8479.8285,8556.5907,8373.5419,8661.397,Non-Financial Service Provider
6119,2007,1,483,3.0,8199.2,8270.0201,8333.3809,8397.2271,8461.5625,8524.3225,8365.5477,8615.404,Unknown
6120,2007,1,484,2.0,8199.2,8258.0085,8315.2173,8374.8579,8434.9263,8499.5505,8345.7525,8606.1153,Non-Financial Service Provider
6121,2007,1,497,1.0,8199.2,8276.1289,8321.5898,8377.2832,8437.2598,8494.7021,8353.0654,8581.8845,Financial Service Provider
6122,2007,1,504,1.0,8199.2,8255.7112,8308.4099,8374.8365,8431.8642,8489.628,8342.7055,8578.898,Financial Service Provider
6123,2007,1,507,3.0,8199.2,8273.9908,8331.3103,8389.0269,8459.4634,8530.4845,8363.4479,8627.0,Unknown
6124,2007,1,508,2.0,8199.2,8261.3796,8307.2398,8362.8532,8416.4389,8470.4979,8336.9779,8550.16,Non-Financial Service Provider
6125,2007,1,510,2.0,8199.2,8203.122,8210.7583,8259.02,8314.0491,8356.4508,8246.7374,8436.4123,Non-Financial Service Provider
6126,2007,1,512,2.0,8199.2,8268.0,8331.0,8386.0,8436.0,8509.0,8356.4,8609.4,Non-Financial Service Provider
6127,2007,1,516,1.0,8199.2,8264.0209,8321.2713,8380.9553,8436.9629,8487.1353,8350.8026,8563.1421,Financial Service Provider
6128,2007,1,518,2.0,8199.2,8253.8041,8299.4748,8350.1097,8407.3312,8465.3208,8327.9522,8549.1783,Non-Financial Service Provider
6129,2007,1,519,1.0,8199.2,8271.3,8341.3,8410.5,8477.0,8549.3,8375.0,8646.2,Financial Service Provider
6130,2007,1,520,2.0,8199.2,8256.0014,8315.2173,8376.8919,8441.0714,8499.5484,8347.2955,,Non-Financial Service Provider
6131,2007,1,521,1.0,8199.2,8264.0209,8311.1345,8354.4285,8397.9481,8439.6265,8331.883,8502.6626,Financial Service Provider
6132,2007,1,524,2.0,8199.2,8282.6741,8308.0481,8356.7277,8464.0844,8540.0024,8352.8836,8591.8774,Non-Financial Service Provider
6133,2007,1,526,2.0,8199.2,8249.9715,8294.9767,8348.3762,8404.166,8462.3873,8324.3726,8557.5278,Non-Financial Service Provider
6134,2007,1,527,2.0,8199.2,8257.0,8308.0,8377.0,8450.0,8530.0,8348.0,8707.0,Non-Financial Service Provider
6135,2007,1,528,1.0,8199.2,8260.0141,8309.1342,8360.5864,8413.7931,8477.0217,8318.8844,8560.132,Financial Service Provider
6136,2007,1,532,2.0,8199.2,8245.9,8301.0,8356.5,8414.4,,8329.5,,Non-Financial Service Provider
6137,2007,1,533,1.0,8199.2,8273.0,8296.0,8334.0,8372.0,8411.0,8319.0,8468.0,Financial Service Provider
6138,2007,1,535,1.0,8199.2,8274.0124,8319.1488,8372.7039,8430.7073,8493.2385,8351.2536,8585.0887,Financial Service Provider
6139,2007,1,536,2.0,8199.2,8268.084,8334.9346,8390.8594,8450.0215,8512.5293,8360.9746,8612.3506,Non-Financial Service Provider
6140,2007,1,539,1.0,8199.2,8268.2451,8329.7686,8391.7484,8452.1287,,8360.4727,,Financial Service Provider
6141,2007,1,540,2.0,8199.2,8268.9,8328.2,8392.0,8450.2,8503.1,8359.8,8581.8,Non-Financial Service Provider
6142,2007,1,541,1.0,8199.2,8274.1585,8325.7151,8389.06,8453.6661,,8360.6499,,Financial Service Provider
6143,2007,1,542,1.0,8199.2,8260.0141,8331.3595,8382.9493,8434.8586,8476.7202,8351.2536,8551.6837,Financial Service Provider
6144,2007,1,543,1.0,8199.2,8268.6729,8324.9775,8380.832,8437.6084,8497.3984,8353.0225,8587.3242,Financial Service Provider
6145,2007,1,544,1.0,8199.2,8260.694,8322.6492,8382.9884,8443.7651,8502.8714,8352.5242,8590.9561,Financial Service Provider
6146,2007,1,546,1.0,8199.2,8264.0209,8325.3157,8382.9908,8439.0119,8491.2684,8351.2536,8560.0349,Financial Service Provider
6147,2007,1,548,2.0,8199.2,8242.7529,8290.44,8344.0885,8397.9902,8461.4724,8318.8,8556.4,Non-Financial Service Provider
6148,2007,1,549,1.0,8199.2,8258.0085,8294.9213,8331.9991,8358.947,8392.1841,8310.7921,,Financial Service Provider
6149,2007,1,551,2.0,,,,,,,,,Non-Financial Service Provider
6150,2007,1,552,1.0,8199.2,8264.0,8325.3,8387.1,8451.3,8518.1,8356.9,8613.375,Financial Service Provider
6151,2007,2,20,2.0,8273.6,8330.6,8403.3,8473.0,8531.5,8601.5,8370.0,8640.0,Non-Financial Service Provider
6152,2007,2,65,3.0,,,,,,,,,Unknown
6153,2007,2,84,1.0,8273.6,8307.0,8359.0,8409.0,8455.0,8500.0,8337.0,,Financial Service Provider
6154,2007,2,99,1.0,8273.6,8320.0,8361.0,8410.0,8472.0,8543.0,8341.15,8691.0,Financial Service Provider
6155,2007,2,405,1.0,8273.6,8318.3301,8363.9944,8403.7449,8450.1285,8505.0046,8339.9174,8536.6068,Financial Service Provider
6156,2007,2,407,2.0,8273.6,8330.914,8386.587,8442.632,8494.911,8547.514,8358.4325,8582.0287,Non-Financial Service Provider
6157,2007,2,411,2.0,8273.6,8317.4,8374.7,8429.3,8484.9,8540.8,8348.8,8567.7,Non-Financial Service Provider
6158,2007,2,420,2.0,8273.6,8312.0,8340.0,8390.0,8442.0,8483.0,8329.0,8513.0,Non-Financial Service Provider
6159,2007,2,421,2.0,8273.6,8327.3784,8379.4245,8442.2702,8497.145,8556.625,8355.6683,8534.5578,Non-Financial Service Provider
6160,2007,2,422,1.0,8273.6,8315.0,8350.0,8398.0,8470.0,8545.0,8334.16,8563.25,Financial Service Provider
6161,2007,2,423,2.0,8273.6,8345.2699,8421.2837,8493.6708,8565.5277,8638.5829,8383.5,8674.7,Non-Financial Service Provider
6162,2007,2,424,1.0,8273.6,8328.2,8390.0,8450.0,8513.0,8576.8,8360.45,8608.35,Financial Service Provider
6163,2007,2,426,2.0,8273.6,8322.801,8384.5318,8434.3925,8499.0126,8551.6405,8350.428,8584.24,Non-Financial Service Provider
6164,2007,2,429,2.0,8273.6,8330.7,8387.8,8453.3,8518.3,8584.5,8361.4,8621.0,Non-Financial Service Provider
6165,2007,2,431,1.0,8273.6,8323.5,8381.6,8436.5,8492.5,8547.3,8353.8,8573.3,Financial Service Provider
6166,2007,2,439,2.0,8273.6,8312.6227,8374.278,8428.188,8482.445,8537.0513,8347.1721,8564.7066,Non-Financial Service Provider
6167,2007,2,446,2.0,8273.6,8328.8901,8378.4199,8424.1258,8478.3567,8532.9367,8351.2589,8560.5787,Non-Financial Service Provider
6168,2007,2,456,1.0,8273.6,8314.6613,8355.9264,8407.6684,8459.7307,8512.1154,8337.964,8541.2553,Financial Service Provider
6169,2007,2,463,2.0,8273.6,8313.8973,8385.9663,8447.3869,8525.1262,8588.0218,8355.2126,8614.9299,Non-Financial Service Provider
6170,2007,2,472,2.0,8273.6,8335.4911,8412.189,8481.734,8549.9091,8611.5979,8375.7535,8654.2594,Non-Financial Service Provider
6171,2007,2,483,3.0,8273.6,8345.0628,8417.1428,8485.7411,8554.8984,8620.4418,8380.3867,8653.7166,Unknown
6172,2007,2,484,2.0,8273.6,8322.801,8380.4587,8440.5672,8499.0407,8564.1561,8354.3825,8599.8703,Non-Financial Service Provider
6173,2007,2,497,1.0,8273.6,8316.7363,8372.4404,8424.2578,8480.8271,8541.0801,8346.7646,8570.7444,Financial Service Provider
6174,2007,2,498,1.0,8273.6,8315.8,8353.2,8388.2,,,8332.8,8525.9,Financial Service Provider
6175,2007,2,506,2.0,8273.6,8309.057,8365.321,8421.401,8480.599,8537.206,8342.3,8570.3,Non-Financial Service Provider
6176,2007,2,507,3.0,8273.6,8302.9248,8354.9494,8421.4637,8530.0816,8568.6183,8338.2345,8601.0,Unknown
6177,2007,2,508,2.0,8273.6,8320.4874,8376.7809,8434.8385,8488.9774,8546.6965,8351.426,8576.8897,Non-Financial Service Provider
6178,2007,2,510,2.0,8273.6,8275.8806,8287.1239,8321.5499,8362.1273,8422.9341,8289.5386,8458.8428,Non-Financial Service Provider
6179,2007,2,512,2.0,8273.6,8336.9882,8384.5179,8436.4369,8486.6062,8532.9023,8358.5195,8559.124,Non-Financial Service Provider
6180,2007,2,516,1.0,8273.6,8324.8322,8382.5039,8438.5218,8494.914,8545.4311,8354.8645,8570.9905,Financial Service Provider
6181,2007,2,518,2.0,8273.6,8317.0584,8359.3211,8406.4203,8459.5897,8516.5082,8336.1576,8545.1889,Non-Financial Service Provider
6182,2007,2,519,1.0,8273.6,8309.8,8369.4,8436.3,8507.9,8568.6,8347.2,8603.3,Financial Service Provider
6183,2007,2,520,2.0,8273.6,8335.0,8398.8,8465.2,8530.1,8525.9,8368.15,,Non-Financial Service Provider
6184,2007,2,521,1.0,8273.6,8320.7683,8366.1597,8409.7404,8451.4773,8493.4214,8342.5671,8514.4451,Financial Service Provider
6185,2007,2,524,2.0,8273.6,8321.8616,8367.5885,8423.6877,8497.9095,8558.1979,8346.5316,8581.3981,Non-Financial Service Provider
6186,2007,2,526,2.0,8273.6,8318.7341,8362.0677,8407.6845,8461.8095,8520.4302,8340.5216,8553.8142,Non-Financial Service Provider
6187,2007,2,527,2.0,8273.6,8321.0,8363.0,8415.0,8474.0,8527.0,8343.15,8554.0,Non-Financial Service Provider
6188,2007,2,528,1.0,8273.6,8314.6613,8366.1477,8420.0054,8482.4572,8539.143,8318.062,8567.6039,Financial Service Provider
6189,2007,2,531,1.0,8273.6,8294.1,8330.1,8358.1,,,8314.0,,Financial Service Provider
6190,2007,2,532,2.0,8273.6,8314.7,8370.2,8422.1,8478.3,,8345.15,,Non-Financial Service Provider
6191,2007,2,535,1.0,8273.6,8300.3591,8353.7932,8411.6656,8474.0556,8536.9082,8334.245,8567.6039,Financial Service Provider
6192,2007,2,539,1.0,8273.6,8314.7998,8376.6782,8439.0155,8497.6716,8552.5556,8351.0234,8578.766,Financial Service Provider
6193,2007,2,540,2.0,8273.6,8318.7,8372.3,8430.3,8492.8,8546.0,8348.7,8571.4,Non-Financial Service Provider
6194,2007,2,541,1.0,8273.6,8310.5412,8368.5946,8433.0298,8497.9848,8563.4641,8345.9662,8596.7333,Financial Service Provider
6195,2007,2,542,1.0,8273.6,8324.8322,8386.578,8438.5098,8490.7631,8543.34,8358.5195,8567.4825,Financial Service Provider
6196,2007,2,543,1.0,8273.6,8317.2266,8374.5449,8426.6553,8479.5635,8531.9668,8348.0127,8557.3027,Financial Service Provider
6197,2007,2,544,1.0,8273.6,8335.652,8396.0855,8456.9571,8516.1558,8575.7689,8365.5736,8604.3781,Financial Service Provider
6198,2007,2,546,1.0,8273.6,8318.7341,8374.3258,8428.2361,8480.4259,8530.8568,8350.428,8559.1887,Financial Service Provider
6199,2007,2,548,2.0,8273.6,8307.305,8360.8835,8414.0102,8472.2546,8529.0284,8338.9472,8562.6483,Non-Financial Service Provider
6200,2007,2,549,1.0,8273.6,8320.7683,8355.9083,8380.864,8412.117,8443.4866,8334.245,,Financial Service Provider
6201,2007,2,550,2.0,8273.6,8281.7,8369.4,8446.5,8542.1,8569.7,8347.8,8606.2,Non-Financial Service Provider
6202,2007,2,551,2.0,,,,,,,,,Non-Financial Service Provider
6203,2007,2,552,1.0,8273.6,8310.5825,8360.0034,8415.8709,8480.3491,8545.3213,8340.0142,8575.0,Financial Service Provider
6204,2007,3,20,2.0,8241.4,8279.4,8309.4,8349.0,8384.4,8420.4,8261.5,8403.3,Non-Financial Service Provider
6205,2007,3,65,3.0,8241.4,8290.8,8336.4,8378.1,8424.2,8474.7,8271.1,8451.7,Unknown
6206,2007,3,84,1.0,8241.4,8276.0,8302.0,8328.0,8354.0,8380.0,8260.0,8368.0,Financial Service Provider
6207,2007,3,411,2.0,8241.4,8290.7,8347.3,8401.7,8458.3,8512.0,8273.8,8485.0,Non-Financial Service Provider
6208,2007,3,420,2.0,8241.4,8278.0,8320.0,8375.0,8415.0,8475.0,8264.0,8444.0,Non-Financial Service Provider
6209,2007,3,422,1.0,8241.4,8268.1,8290.7,8331.8,8373.2,8414.8,8253.96,8394.08,Financial Service Provider
6210,2007,3,424,1.0,8241.4,8302.2,8362.2,8425.2,8488.0,8551.0,8280.375,8519.675,Financial Service Provider
6211,2007,3,426,2.0,8241.4,8308.566,8366.1251,8399.3906,8469.8928,8514.0138,8285.423,8492.5586,Non-Financial Service Provider
6212,2007,3,428,2.0,8241.4,8279.84,8321.65,8364.34,8404.76,8444.37,8264.65,8425.08,Non-Financial Service Provider
6213,2007,3,429,2.0,8241.4,8280.9,8350.0,8418.6,8493.8,8569.8,8272.0,8533.0,Non-Financial Service Provider
6214,2007,3,431,1.0,8241.4,8269.4,8316.8,8370.0,8426.7,8486.2,8260.8,8458.7,Financial Service Provider
6215,2007,3,433,2.0,8241.4,8284.3307,8341.7219,8399.5107,8459.7559,8512.1408,8269.3348,8484.3375,Non-Financial Service Provider
6216,2007,3,446,2.0,8241.4,8292.4328,8351.91,8405.676,8459.7881,8512.1732,8275.4121,8485.6827,Non-Financial Service Provider
6217,2007,3,456,1.0,8241.4,8282.3015,8333.5876,8385.1912,8437.1144,8489.359,8268.2473,8465.9975,Financial Service Provider
6218,2007,3,463,2.0,8241.4,8294.5022,8372.8858,8456.4639,8523.2634,8586.7219,8281.122,8553.4164,Non-Financial Service Provider
6219,2007,3,472,2.0,8241.4,8293.2944,8359.2649,8422.6336,8466.3435,8525.7339,8277.4148,8499.2625,Non-Financial Service Provider
6220,2007,3,483,3.0,8241.4,8286.3585,8331.5622,8379.061,8430.9462,8483.1527,8268.7552,8457.2105,Unknown
6221,2007,3,484,2.0,8241.4,8278.2386,8317.2831,8360.6091,8408.2735,8458.2753,8221.0702,8410.1548,Non-Financial Service Provider
6222,2007,3,497,1.0,8241.4,8290.5,8346.8,8398.2,8448.5,8499.5,8273.6,8474.8,Financial Service Provider
6223,2007,3,504,1.0,8241.4,8261.8623,8261.8623,8261.8623,8261.8623,8261.8623,8259.638,8459.9075,Financial Service Provider
6224,2007,3,506,2.0,8241.4,8290.9,8344.3,8400.6,8458.1,8517.3,8273.1,8489.1,Non-Financial Service Provider
6225,2007,3,507,3.0,8241.4,8278.0386,8343.9405,8409.7505,8468.7534,8532.4259,8269.7698,8498.661,Unknown
6226,2007,3,508,2.0,8241.4,8287.6461,8344.3336,8399.4795,8457.7744,8513.3376,8298.6958,8515.0667,Non-Financial Service Provider
6227,2007,3,510,2.0,8241.4,8251.8469,8264.3467,8304.0464,8361.536,8420.3414,8243.3234,8397.0093,Non-Financial Service Provider
6228,2007,3,512,2.0,8241.4,8312.5846,8374.2397,8432.2537,8500.9751,8559.8672,8285.423,8533.9857,Non-Financial Service Provider
6229,2007,3,516,1.0,8241.4,8292.4328,8343.7816,8395.4483,8447.435,8499.7436,8273.3286,8473.7508,Financial Service Provider
6230,2007,3,518,2.0,8241.4,8280.7683,8322.6218,8371.3132,8424.9298,8478.5949,8282.3473,8471.0314,Non-Financial Service Provider
6231,2007,3,519,1.0,8241.4,8287.5,8343.5,8400.4,8459.0,8517.1,8272.0,8489.7,Financial Service Provider
6232,2007,3,521,1.0,8241.4,8282.3015,8323.406,8364.7145,8406.228,8447.9475,8265.7019,8427.191,Financial Service Provider
6233,2007,3,524,2.0,8241.4,8280.2,8339.9,8387.3,8444.7,8499.2,8269.17,8474.25,Non-Financial Service Provider
6234,2007,3,526,2.0,8241.4,8272.1329,8302.9804,8329.8346,8354.7124,8406.4468,8258.0533,8389.948,Non-Financial Service Provider
6235,2007,3,527,2.0,8241.4,8268.0,8309.0,8361.0,8413.0,8431.0,8258.0,8422.0,Non-Financial Service Provider
6236,2007,3,528,1.0,8241.4,8292.4328,8345.8159,8407.7174,8463.9038,8530.8173,8269.3348,8517.4148,Financial Service Provider
6237,2007,3,531,1.0,8241.4,8271.5,8310.5,8351.5,8397.5,8444.5,8259.8,8424.8,Financial Service Provider
6238,2007,3,532,2.0,8241.4,8288.3847,8339.7084,8393.3959,8455.6503,,8271.2983,,Non-Financial Service Provider
6239,2007,3,533,1.0,8241.4,8270.0,8308.0,8347.0,8385.0,8422.0,8258.0,8404.0,Financial Service Provider
6240,2007,3,535,1.0,8241.4,8288.3847,8343.7736,8403.619,8459.778,8514.2384,8269.3348,8484.3375,Financial Service Provider
6241,2007,3,538,2.0,8241.4,8282.109,8318.3594,8357.3039,8390.0177,8429.8519,8300.2342,8392.3911,Non-Financial Service Provider
6242,2007,3,540,2.0,8241.4,8280.3,8335.7,8387.3,8439.8,8490.6,8268.3,8464.9,Non-Financial Service Provider
6243,2007,3,541,1.0,8241.4,8302.4199,8366.3386,8430.773,8495.7274,8561.2061,8281.4646,8528.73,Financial Service Provider
6244,2007,3,542,1.0,8241.4,8292.4328,8353.9383,8415.9001,8468.0134,8520.4495,8275.9192,8491.8275,Financial Service Provider
6245,2007,3,543,1.0,8241.4,8292.5371,8350.5137,8403.9834,8458.4473,8511.8291,8275.0488,8484.4658,Financial Service Provider
6246,2007,3,544,1.0,8241.4,8294.9691,8350.9601,8409.4169,8468.2828,8525.4437,8275.7573,8496.5334,Financial Service Provider
6247,2007,3,546,1.0,8241.4,8278.2386,8327.4671,8372.8951,8422.6866,8470.7048,8269.3348,8451.2602,Financial Service Provider
6248,2007,3,548,2.0,8241.4,8360.8835,8414.0102,8472.2546,8529.0284,8593.29,8308.0,8562.6483,Non-Financial Service Provider
6249,2007,3,549,1.0,8241.4,8288.3847,8323.388,8360.593,8391.7704,8418.9117,8269.3348,8401.6442,Financial Service Provider
6250,2007,3,551,2.0,,,,,,,,,Non-Financial Service Provider
6251,2007,3,552,1.0,8241.4,8284.3,8339.7,8403.6,8456.9,8524.6,8270.3,8494.4,Financial Service Provider
6252,2007,3,554,2.0,8241.4,8289.5,8339.6,8386.66,8433.72,8480.78,8259.0,8475.0,Non-Financial Service Provider
6253,2007,4,20,2.0,8305.3,8339.4,8380.0,8404.4,8435.4,8473.0,8277.4,8423.2,Non-Financial Service Provider
6254,2007,4,84,1.0,8305.3,8350.0,8386.0,8426.0,8464.0,8503.0,8279.0,8445.0,Financial Service Provider
6255,2007,4,407,2.0,8305.3,8352.621,8404.342,8456.384,8519.106,8582.293,8279.487,8490.5313,Non-Financial Service Provider
6256,2007,4,411,2.0,8305.3,8348.9,8386.4,8434.2,8481.8,8529.9,8278.6,8458.1,Non-Financial Service Provider
6257,2007,4,420,2.0,8305.3,8330.0,8377.0,8410.0,8430.0,8458.0,8274.0,8419.0,Non-Financial Service Provider
6258,2007,4,421,2.0,8305.3,8338.5212,8359.3675,8409.5237,8493.6189,8559.8692,8275.9553,8455.5948,Non-Financial Service Provider
6259,2007,4,422,1.0,8305.3,8338.3,8373.5,8415.1,8456.8,8498.8,8275.9,8436.1,Financial Service Provider
6260,2007,4,424,1.0,8305.3,8342.1,8397.1,8453.1,8509.1,8565.1,8276.85,8481.1,Financial Service Provider
6261,2007,4,428,2.0,8305.3,8337.02,8360.13,8387.43,8422.81,8465.01,8275.58,8408.84,Non-Financial Service Provider
6262,2007,4,429,2.0,8305.3,8361.3,8403.3,8453.1,8510.2,8571.5,8281.6,8484.5,Non-Financial Service Provider
6263,2007,4,431,1.0,8305.3,8350.2,8403.3,8459.5,8516.7,8572.4,8278.9,8488.0,Financial Service Provider
6264,2007,4,446,2.0,8305.3,8358.7659,8408.4734,8458.4764,8508.7768,8559.3763,8277.6013,8479.8528,Non-Financial Service Provider
6265,2007,4,448,2.0,8305.3,8335.25,8371.1084,8429.9478,8475.6942,8527.3051,8275.1375,8451.0139,Non-Financial Service Provider
6266,2007,4,456,1.0,8305.3,8336.2712,8357.0342,8377.8489,8419.4276,8471.5627,8275.3928,8406.4683,Financial Service Provider
6267,2007,4,463,2.0,8305.3,8352.2379,8410.6974,8471.1743,8533.1594,8596.6457,8279.3845,8502.9192,Non-Financial Service Provider
6268,2007,4,472,2.0,8305.3,8375.4597,8447.0258,8497.1835,8565.0915,8625.9988,8285.1899,8533.8249,Non-Financial Service Provider
6269,2007,4,483,3.0,8305.3,8354.6895,8402.3201,8454.3493,8506.7007,8559.3763,8279.9974,8480.6866,Unknown
6270,2007,4,484,2.0,8305.3,8340.3747,8377.6557,8419.2334,8465.162,8513.4224,8276.4,8443.9,Non-Financial Service Provider
6271,2007,4,498,1.0,8305.3,8335.4467,8315.1446,8298.259,8311.7176,8346.5454,8275.1669,8317.9167,Financial Service Provider
6272,2007,4,504,1.0,8305.3,8322.4894,8376.431,8436.0851,8494.1467,8550.5758,8271.939,8464.3096,Financial Service Provider
6273,2007,4,507,3.0,8305.3,8350.6716,8404.4296,8463.3952,8527.0274,8578.2834,8277.3789,8493.2839,Unknown
6274,2007,4,508,2.0,8305.3,8347.9082,8379.5291,8429.8287,8486.6171,8536.9149,8278.3264,8458.2139,Non-Financial Service Provider
6275,2007,4,510,2.0,8305.3,8330.0673,8361.0567,8410.9745,8471.6081,8548.9681,8273.8418,8448.1519,Non-Financial Service Provider
6276,2007,4,512,2.0,8305.3,8368.9311,8416.6429,8468.7608,8514.9596,8576.0328,8285.423,8492.5586,Non-Financial Service Provider
6277,2007,4,516,1.0,8305.3,8366.901,8418.7109,8470.8416,8523.2952,8576.0735,8283.0503,8497.2303,Financial Service Provider
6278,2007,4,518,2.0,8305.3,8337.9249,8375.4182,8416.4701,8462.7007,8518.1133,8275.853,8443.1951,Non-Financial Service Provider
6279,2007,4,519,1.0,8305.3,8348.1,8383.5,8437.3,8504.3,8566.6,8278.4,8473.0,Financial Service Provider
6280,2007,4,520,2.0,8305.3,8340.4,8387.9,8439.9,8492.1,8546.8,8276.4,8466.7,Non-Financial Service Provider
6281,2007,4,521,1.0,8305.3,8346.4905,8383.7988,8413.8586,8441.0713,8467.4985,8277.9544,8426.5568,Financial Service Provider
6282,2007,4,524,2.0,8305.3,8367.8738,8412.7853,8475.4378,8534.4534,8595.2534,8283.09,8504.4825,Non-Financial Service Provider
6283,2007,4,526,2.0,8305.3,8330.1046,8350.8522,8367.504,8382.1089,8402.986,8273.8511,8375.8628,Non-Financial Service Provider
6284,2007,4,527,2.0,8305.3,8353.0,8395.0,8433.0,8475.0,8517.0,8280.0,8455.0,Non-Financial Service Provider
6285,2007,4,528,1.0,8305.3,8346.4885,8387.9115,8435.7315,8487.9677,8540.5272,8277.9546,8463.0345,Financial Service Provider
6286,2007,4,532,2.0,8305.3,8336.2712,8373.5338,8415.0911,8456.8546,,,,Non-Financial Service Provider
6287,2007,4,535,1.0,8305.3,8336.2712,8385.8449,8435.7133,8490.0188,8550.9132,8277.3789,8467.7586,Financial Service Provider
6288,2007,4,539,1.0,8305.3,8346.6,8390.3,8438.2,8488.6,8541.3,8278.0,8464.6,Financial Service Provider
6289,2007,4,540,2.0,8305.3,8347.7,8397.2,8443.2,8493.4,8543.9,8278.3,8469.4,Non-Financial Service Provider
6290,2007,4,542,1.0,8305.3,8356.7285,8418.7109,8470.8416,8523.2952,8576.0735,8277.3789,8492.5908,Financial Service Provider
6291,2007,4,543,1.0,8305.3,8346.9365,8379.1191,8410.8662,8457.2432,8503.6563,8278.0859,8437.7207,Financial Service Provider
6292,2007,4,544,1.0,8305.3,8348.9028,8394.8218,8440.9933,8489.529,8538.3438,8278.5507,8465.922,Financial Service Provider
6293,2007,4,546,1.0,8305.3,8336.2712,8373.5338,8415.0911,8463.0661,8515.4715,8277.3789,8442.9265,Financial Service Provider
6294,2007,4,548,2.0,8305.3,8349.94,8408.6374,8469.2757,8531.7163,8596.5328,8275.1,8501.54,Non-Financial Service Provider
6295,2007,4,549,1.0,8305.3,8344.4722,8379.7123,8410.961,8444.4048,8473.8064,8277.3789,8426.3717,Financial Service Provider
6296,2007,4,550,2.0,8305.3,8388.6,8436.5,8479.9,8513.2,8601.0,8288.475,8507.65,Non-Financial Service Provider
6297,2007,4,552,1.0,8305.3,8356.7,8402.3,8452.3,8508.8,8567.7,8280.5,8482.8,Financial Service Provider
6298,2007,4,553,2.0,8305.3,8342.6738,8384.3872,8434.6935,8485.3017,8536.2135,8278.0316,8460.149,Non-Financial Service Provider
6299,2007,4,554,2.0,8305.3,8356.9,8408.9,8461.7,8515.1,8569.5,8280.5,8488.8,Non-Financial Service Provider
6300,2007,4,555,1.0,8305.3,8348.1,8389.3,8436.2,8487.7,8542.3,8278.4,8463.9,Financial Service Provider
6301,2008,1,99,1.0,8342.7,8333.0,8340.5,8376.2,8476.6,8541.5,8382.0,8680.0,Financial Service Provider
6302,2008,1,407,2.0,8342.7,8367.592,8419.406,8481.854,8544.764,8597.676,8453.404,8684.2437,Non-Financial Service Provider
6303,2008,1,411,2.0,8342.7,8349.2,8399.5,8522.1,8531.7,8576.1,8450.6,8665.5,Non-Financial Service Provider
6304,2008,1,420,2.0,8342.7,8346.0,8348.0,8400.0,8448.0,8497.0,8386.0,8575.0,Non-Financial Service Provider
6305,2008,1,421,2.0,8342.7,8359.3854,8382.3737,8432.668,8516.9946,8589.3891,8422.8554,8613.7979,Non-Financial Service Provider
6306,2008,1,422,1.0,8342.7,8340.5,8360.3,8363.6,8426.9,8468.7,8381.08,,Financial Service Provider
6307,2008,1,423,2.0,8342.7,8395.5,8458.5,8519.1,8585.1,8653.3,8489.5,8757.6,Non-Financial Service Provider
6308,2008,1,424,1.0,8342.7,8362.7,8382.7,8437.7,8477.7,,8415.2,,Financial Service Provider
6309,2008,1,426,2.0,8342.7,8375.8724,8419.5036,8473.7048,8530.3321,8583.154,8450.0002,8669.7002,Non-Financial Service Provider
6310,2008,1,431,1.0,8342.7,8359.5,8403.4,8515.8,8520.0,8570.7,8449.675,,Financial Service Provider
6311,2008,1,446,2.0,8342.7,8353.1089,8373.9138,8425.7671,8508.7896,8551.0182,8415.3694,8598.9425,Non-Financial Service Provider
6312,2008,1,448,2.0,8342.7,8355.0831,8387.8641,8427.284,8478.6625,8534.7783,8412.2234,8620.5408,Non-Financial Service Provider
6313,2008,1,463,2.0,8342.7,8372.8966,8446.7672,8561.6804,8610.3289,8650.7287,8497.9183,8729.9091,Non-Financial Service Provider
6314,2008,1,472,2.0,8342.7,8380.1581,8425.2119,8478.0461,8520.6182,,8451.0086,,Non-Financial Service Provider
6315,2008,1,483,3.0,8342.7,8300.6699,8279.84,8269.4707,8300.3083,8351.7059,8287.5723,8452.826,Unknown
6316,2008,1,484,2.0,8342.7,8328.0618,8338.4524,8357.1509,8384.1803,8423.7245,8280.3381,8454.2252,Non-Financial Service Provider
6317,2008,1,498,1.0,8342.7,8340.6,8314.2,8300.9,8279.7,,8308.8,8338.3,Financial Service Provider
6318,2008,1,504,1.0,8342.7,8375.0274,8431.8533,8489.2259,8550.9636,8614.7387,8461.7675,8696.7864,Financial Service Provider
6319,2008,1,507,3.0,8342.7,8342.3821,8364.1095,8407.9598,8449.5521,8501.558,8391.0009,8585.0,Unknown
6320,2008,1,508,2.0,8342.7,8363.0705,8406.7376,8459.4436,8505.5911,8566.8452,8433.7107,8654.2883,Non-Financial Service Provider
6321,2008,1,510,2.0,8342.7,8371.7821,8389.9302,8432.629,8498.2038,8540.6948,8423.1363,8658.9841,Non-Financial Service Provider
6322,2008,1,512,2.0,8342.7,8384.6,8418.6,8465.1,8519.7,8563.9,8450.0002,8635.9002,Non-Financial Service Provider
6323,2008,1,516,1.0,8342.7,8384.1042,8404.9864,8425.9205,8467.7378,8509.7626,8420.6872,8573.3225,Financial Service Provider
6324,2008,1,518,2.0,8342.7,8362.1581,8383.7699,8415.0899,8454.2792,8494.0101,8404.5209,8561.6291,Non-Financial Service Provider
6325,2008,1,519,1.0,8342.7,8353.9,8372.6,8484.7,8564.4,8595.4,8443.9,8673.4,Financial Service Provider
6326,2008,1,520,2.0,8342.7,8353.1089,8373.9138,8419.5952,8471.7314,,,,Non-Financial Service Provider
6327,2008,1,521,1.0,8342.7,8369.6826,8390.5288,8483.3699,8525.4723,8460.7991,8442.2634,8474.5277,Financial Service Provider
6328,2008,1,523,2.0,8342.7,8428.1353,8483.4154,8542.3054,8601.6413,8662.607,8513.8744,8756.5915,Non-Financial Service Provider
6329,2008,1,524,2.0,8342.7,8370.2788,8408.0938,8452.7465,8494.8024,8529.9875,8431.4804,8607.4181,Non-Financial Service Provider
6330,2008,1,526,2.0,8342.7,8359.3356,8369.7652,8390.6116,8421.9009,,8385.4033,,Non-Financial Service Provider
6331,2008,1,527,2.0,8342.7,8349.0,8339.0,8366.0,8418.0,8476.0,8368.0,8577.0,Non-Financial Service Provider
6332,2008,1,528,1.0,8342.7,8361.4081,8392.5885,8444.5575,8492.7004,8547.3728,8425.1716,8635.8009,Financial Service Provider
6333,2008,1,531,1.0,8342.7,8355.8,8394.8,8443.8,8501.8,8546.8,8424.05,8546.8,Financial Service Provider
6334,2008,1,532,2.0,8342.7,8332.252,8357.3,8437.0,8492.2,,8404.7,,Non-Financial Service Provider
6335,2008,1,535,1.0,8342.7,8332.252,8348.8668,8433.1575,8522.3877,8528.7724,8408.6192,8627.2433,Financial Service Provider
6336,2008,1,539,1.0,8342.7,8355.2282,8386.4907,8459.1722,8501.2944,,8425.5464,,Financial Service Provider
6337,2008,1,540,2.0,8342.7,8371.7,8421.5,8502.4,8559.2,8603.8,8463.7,8679.3,Non-Financial Service Provider
6338,2008,1,541,1.0,8342.7,8375.4705,8393.1103,8425.6455,8456.0643,,8412.5727,,Financial Service Provider
6339,2008,1,542,1.0,8342.7,8384.1042,8436.0207,8488.2586,8540.82,8593.7069,8462.2753,8665.8302,Financial Service Provider
6340,2008,1,543,1.0,8342.7,8345.2969,8371.0684,8424.2129,8488.3164,8541.0781,8407.2236,8621.1191,Financial Service Provider
6341,2008,1,546,1.0,8342.7,8351.0302,8330.0739,8367.3088,8412.9542,8433.9081,8367.2382,8484.3795,Financial Service Provider
6342,2008,1,548,2.0,8342.7,8379.5325,8421.6531,8533.0477,8591.6334,8650.2527,8481.4667,8746.098,Non-Financial Service Provider
6343,2008,1,549,1.0,8342.7,8369.6826,8390.5288,8405.1738,8426.1084,,8400.343,,Financial Service Provider
6344,2008,1,550,2.0,8342.7,8391.2398,8434.407,8467.2,8561.2,8629.7,8463.5117,8652.3,Non-Financial Service Provider
6345,2008,1,551,2.0,,,,,,,,,Non-Financial Service Provider
6346,2008,1,552,1.0,8342.7,8338.5,8378.1,8415.5,8471.8,8536.7,8400.0,8606.0,Financial Service Provider
6347,2008,1,553,2.0,8342.7,8363.5567,8388.6474,8449.1128,8478.6847,8527.4371,8420.0004,8605.2404,Non-Financial Service Provider
6348,2008,1,554,2.0,8342.7,8370.2,8406.4,8450.8,8502.8,8562.8,8432.5,8672.8,Non-Financial Service Provider
6349,2008,1,555,1.0,8342.7,8374.0444,8404.3818,8466.1749,8495.4112,8547.0406,8435.0031,8628.6846,Financial Service Provider
6350,2008,1,557,1.0,8342.7,8317.6719,8334.3072,8359.3102,8392.7474,8447.3003,8351.0092,8519.4069,Financial Service Provider
6351,2008,2,20,2.0,8369.1,8389.1,8399.1,8429.1,8454.1,8469.1,8396.6,8486.88,Non-Financial Service Provider
6352,2008,2,84,1.0,8369.1,8388.0,8456.0,8510.0,8540.0,8590.0,8431.0,,Financial Service Provider
6353,2008,2,407,2.0,8369.1,8394.089,8466.593,8510.696,8567.571,8624.826,8435.118,8653.8362,Non-Financial Service Provider
6354,2008,2,411,2.0,8369.1,8420.6,8470.0,8426.6,8471.9,8526.6,8421.6,8550.0,Non-Financial Service Provider
6355,2008,2,421,2.0,8369.1,8387.9305,8440.355,8474.1165,8558.8576,8614.4902,8417.8755,8581.6408,Non-Financial Service Provider
6356,2008,2,422,1.0,8369.1,8379.5,8379.5,8379.5,8392.1,8423.4,8376.0,8446.95,Financial Service Provider
6357,2008,2,424,1.0,8369.1,8379.1,8411.0,8421.0,,,8395.05,,Financial Service Provider
6358,2008,2,426,2.0,8369.1,8379.5418,8375.3489,8398.2867,8431.6802,8469.3693,8377.1336,8494.4135,Non-Financial Service Provider
6359,2008,2,428,2.0,8369.1,8364.26,8399.33,8445.49,8482.1,8530.31,8394.55,8560.09,Non-Financial Service Provider
6360,2008,2,429,2.0,8369.1,8376.0,8410.4,8442.2,8471.3,8507.8,8399.4,8540.1,Non-Financial Service Provider
6361,2008,2,431,1.0,8369.1,8411.2,8473.9,8488.3,8528.7,8570.7,8435.6,8600.1,Financial Service Provider
6362,2008,2,446,2.0,8369.1,8379.5418,8441.6935,8504.3061,8525.4876,8546.7219,8423.6349,8589.0487,Non-Financial Service Provider
6363,2008,2,463,2.0,8369.1,8399.2812,8473.5118,8458.5751,8485.0673,8537.3549,8425.117,8565.9406,Non-Financial Service Provider
6364,2008,2,472,2.0,8369.1,8399.5611,8468.1867,8515.6634,8560.9021,8609.6615,8438.1278,8644.8321,Non-Financial Service Provider
6365,2008,2,483,3.0,8369.1,8362.8161,8341.8302,8325.0963,8325.0963,8356.1413,8349.7106,8392.4073,Unknown
6366,2008,2,484,2.0,8369.1,8375.3698,8385.8194,8415.0169,8452.6316,8498.7423,8335.7446,8535.8025,Non-Financial Service Provider
6367,2008,2,504,1.0,8369.1,8414.3189,8474.648,8524.4362,8577.875,8632.3783,8445.6258,8661.2094,Financial Service Provider
6368,2008,2,506,2.0,8369.1,8372.231,8432.889,8432.191,8427.096,8462.096,8401.6012,8488.7945,Non-Financial Service Provider
6369,2008,2,507,3.0,8369.1,8389.9447,8446.7531,8482.4252,8511.9591,8555.1822,8422.0558,8583.1167,Unknown
6370,2008,2,508,2.0,8369.1,8391.5427,8444.4382,8496.0071,8564.1653,8632.9594,8425.265,8659.6668,Non-Financial Service Provider
6371,2008,2,510,2.0,8369.1,8376.2057,8413.2438,8456.5836,8476.7402,8511.5329,8403.7833,8541.9548,Non-Financial Service Provider
6372,2008,2,512,2.0,8369.1,8406.5094,8446.1589,8496.386,8542.7355,8595.6342,8426.8004,8603.7632,Non-Financial Service Provider
6373,2008,2,516,1.0,8369.1,8387.8673,8445.9757,8456.5134,8483.8641,8525.969,8414.8641,8555.1207,Financial Service Provider
6374,2008,2,519,1.0,8369.1,8401.2,8476.6,8494.8,8523.1,8585.9,8435.4,8617.7,Financial Service Provider
6375,2008,2,520,2.0,8369.1,8373.2814,8414.8374,8456.5997,8500.6514,8549.1142,8403.4546,8576.7841,Non-Financial Service Provider
6376,2008,2,521,1.0,8369.1,8400.3091,8462.6148,8441.3785,8409.5437,8416.2878,8418.3506,8427.8191,Financial Service Provider
6377,2008,2,523,2.0,8369.1,8448.1243,8514.5508,8581.6497,8654.0394,8728.6927,8482.8812,8767.0592,Non-Financial Service Provider
6378,2008,2,524,2.0,8369.1,8373.785,8402.7723,8431.8167,8473.3162,8526.8447,8394.291,8552.6158,Non-Financial Service Provider
6379,2008,2,526,2.0,8369.1,8358.619,8354.4365,8364.86,8416.6573,8489.3557,8361.7539,8534.124,Non-Financial Service Provider
6380,2008,2,528,1.0,8369.1,8457.6524,8495.4576,8478.4155,8520.4933,8571.1625,8451.6338,8586.8599,Financial Service Provider
6381,2008,2,530,2.0,,,,,,,8304.0,8530.0,Non-Financial Service Provider
6382,2008,2,531,1.0,8369.1,8389.0,8421.0,8451.0,,,,,Financial Service Provider
6383,2008,2,532,2.0,8369.1,8414.9,8482.9,8493.9,8453.0,,8440.2,,Non-Financial Service Provider
6384,2008,2,535,1.0,8369.1,8387.8673,8456.2269,8508.59,8517.0858,8559.3555,8426.8004,8595.3364,Financial Service Provider
6385,2008,2,540,2.0,8369.1,8383.7,8443.8,8489.9,8519.5,8559.6,8421.6,8586.2,Non-Financial Service Provider
6386,2008,2,541,1.0,8369.1,8379.5733,8414.6082,8423.6346,8471.9843,8517.6696,8396.7275,8543.0442,Financial Service Provider
6387,2008,2,542,1.0,8369.1,8400.3091,8472.8663,8525.3324,8567.6431,8620.696,8441.8765,8644.8596,Financial Service Provider
6388,2008,2,543,1.0,8369.1,8360.2832,8394.8691,8417.7549,8452.3486,8490.5352,8385.5654,8512.0547,Financial Service Provider
6389,2008,2,544,1.0,8369.1,8362.8232,8394.1838,8436.1547,8480.4445,8541.9277,8390.5654,8566.6837,Financial Service Provider
6390,2008,2,546,1.0,8369.1,8352.3113,8377.2563,8393.9608,8400.2492,8421.1715,8377.1336,8435.7735,Financial Service Provider
6391,2008,2,548,2.0,8369.1,8381.4545,8448.1201,8486.9899,8495.6992,8530.7149,8422.67,8564.03,Non-Financial Service Provider
6392,2008,2,549,1.0,8369.1,8410.6353,8473.0176,8485.6986,8506.8337,,8435.0782,,Financial Service Provider
6393,2008,2,550,2.0,8369.1,8414.4,8427.2,8431.2,8509.2,8548.4,8410.475,8583.8,Non-Financial Service Provider
6394,2008,2,551,2.0,,,,,,,,,Non-Financial Service Provider
6395,2008,2,552,1.0,8369.1,8381.6,8431.5,8477.5,8498.6,8544.9,8414.915,8575.746,Financial Service Provider
6396,2008,2,553,2.0,8369.1,8375.3768,8434.0045,8444.547,8486.7697,8527.0819,8405.7571,8590.6837,Non-Financial Service Provider
6397,2008,2,554,2.0,8369.1,8370.2,8406.4,8450.8,8502.8,8562.8,8399.125,8592.8,Non-Financial Service Provider
6398,2008,2,555,1.0,8369.1,8405.3,8492.2,8488.4,8533.2,8577.6,8438.8,8601.4,Financial Service Provider
6399,2008,2,556,1.0,8369.1,8381.9138,8435.4449,8466.7618,8490.008,8533.4792,8413.3046,8549.2778,Financial Service Provider
6400,2008,2,557,1.0,8369.1,8361.0657,8360.1573,8368.1129,8408.9292,8441.7429,8364.6089,8461.0401,Financial Service Provider
6401,2008,3,20,2.0,8347.5,8378.2,8410.1,8434.1,8451.0,8481.0,8376.2,8467.0,Non-Financial Service Provider
6402,2008,3,84,1.0,8347.5,8347.0,8367.0,8392.0,8420.0,8450.0,8344.0,8435.0,Financial Service Provider
6403,2008,3,99,1.0,8347.5,8363.0,8377.0,8406.0,8456.0,8520.0,,,Financial Service Provider
6404,2008,3,407,2.0,8347.5,8382.804,8426.471,8482.783,8535.31,8588.163,8368.2147,8561.8997,Non-Financial Service Provider
6405,2008,3,411,2.0,8347.6,8320.5,8292.1,8305.2,8326.3,8364.5,8319.1,8351.0,Non-Financial Service Provider
6406,2008,3,420,2.0,8347.5,8358.0,8363.0,8382.0,8418.0,8471.0,8346.0,8448.0,Non-Financial Service Provider
6407,2008,3,421,2.0,8347.5,8389.2375,8380.8483,8447.895,8500.6944,8564.4496,8358.4214,8473.4718,Non-Financial Service Provider
6408,2008,3,424,1.0,8347.5,8363.0,8353.0,8379.3,8411.8,8454.8,8344.9,8435.925,Financial Service Provider
6409,2008,3,426,2.0,8347.5,8374.4981,8397.4336,8430.8236,8468.5089,8527.176,8360.0864,8502.2079,Non-Financial Service Provider
6410,2008,3,428,2.0,8347.5,8352.96,8365.39,8374.85,8405.35,8456.63,8345.49,8439.24,Non-Financial Service Provider
6411,2008,3,431,1.0,8347.5,8341.6,8332.5,8356.3,8375.5,8432.8,8334.4,8411.8,Financial Service Provider
6412,2008,3,446,2.0,8347.5,8347.5,8326.5525,8336.9413,8357.7059,8382.667,8334.4131,8372.2919,Non-Financial Service Provider
6413,2008,3,463,2.0,8347.5,8379.4775,8404.8636,8432.1713,8482.369,8537.8845,8361.9853,8514.0613,Non-Financial Service Provider
6414,2008,3,472,2.0,8347.5,8375.9511,8421.9576,8465.9352,8524.5254,8572.5283,8365.3772,8546.7964,Non-Financial Service Provider
6415,2008,3,483,3.0,8347.5,8305.4458,8248.8073,8228.1075,8248.601,8289.5383,8304.4633,8279.3173,Unknown
6416,2008,3,484,2.0,8347.5,8357.9149,8376.657,8403.7495,8439.2399,8479.0438,8327.0752,8468.6355,Non-Financial Service Provider
6417,2008,3,497,1.0,8347.5,8346.7979,8334.4308,8343.4766,8366.5419,8394.2165,8336.2281,8383.3083,Financial Service Provider
6418,2008,3,504,1.0,8347.5,8351.9372,8414.8077,8472.8449,8542.9861,8613.5122,8357.6029,8559.2493,Financial Service Provider
6419,2008,3,510,2.0,8347.5,8368.6851,8402.5296,8426.6388,8467.1123,8513.3821,8358.7037,8496.1995,Non-Financial Service Provider
6420,2008,3,512,2.0,8347.5,8379.5,8394.6,8426.8,8451.6,8493.6,8360.0864,8477.1276,Non-Financial Service Provider
6421,2008,3,516,1.0,8347.5,8362.0699,8372.503,8414.0551,8466.157,8518.5816,8349.5432,8492.5311,Financial Service Provider
6422,2008,3,518,2.0,8347.5,8350.5548,8338.3954,8338.9363,8365.1506,8403.8196,8371.1186,8422.2939,Non-Financial Service Provider
6423,2008,3,519,1.0,8347.5,8384.195,8368.641,8390.3151,8453.7774,8508.1992,8393.0976,8524.8692,Financial Service Provider
6424,2008,3,520,2.0,8347.5,8368.2909,8357.8109,8351.5355,8382.6791,8424.2818,8347.4255,8408.7358,Non-Financial Service Provider
6425,2008,3,521,1.0,8347.5,8373.3875,8361.6517,8352.2252,8365.831,8382.4926,8349.6598,8375.737,Financial Service Provider
6426,2008,3,523,2.0,8347.5,8366.8,8430.7,8507.9,8598.3,8696.2,8365.3,8650.7,Non-Financial Service Provider
6427,2008,3,526,2.0,8347.5,8368.2909,8376.6467,8428.517,8501.3178,8585.0848,8352.1344,8546.1492,Non-Financial Service Provider
6428,2008,3,527,2.0,8347.5,8350.0,8332.0,8331.0,8337.0,8374.0,8336.0,8366.0,Non-Financial Service Provider
6429,2008,3,528,1.0,8347.5,8368.2909,8351.5039,8388.8346,8426.3322,8457.7548,8345.8487,8448.352,Financial Service Provider
6430,2008,3,532,2.0,8347.5,8341.0,8333.7,8309.4,,,8334.6,,Non-Financial Service Provider
6431,2008,3,533,1.0,8347.5,8335.0,8305.0,8280.0,8331.0,8363.0,8325.9,8341.0,Financial Service Provider
6432,2008,3,535,1.0,8347.5,8328.6544,8320.3132,8343.1003,8386.5608,8442.6058,8327.0752,8418.673,Financial Service Provider
6433,2008,3,540,2.0,8347.5,8350.5,8371.3,8388.0,8423.4,8475.6,8346.4,8454.8,Non-Financial Service Provider
6434,2008,3,541,1.0,8347.5,8354.0664,8397.8905,8445.4612,8487.1759,8532.66,8355.835,8515.6274,Financial Service Provider
6435,2008,3,542,1.0,8347.5,8389.3458,8399.8129,8441.5006,8493.7725,8546.368,8363.1897,8517.606,Financial Service Provider
6436,2008,3,543,1.0,8347.5,8329.373,8257.4248,8254.5908,8273.1787,8312.2656,8312.6094,8295.2656,Financial Service Provider
6437,2008,3,546,1.0,8347.5,8351.6706,8341.2114,8341.2114,8347.4603,8368.2511,8335.328,8360.334,Financial Service Provider
6438,2008,3,548,2.0,8347.5,8466.5872,8466.5829,8462.0804,8496.3219,8539.2272,8426.8879,8522.5239,Non-Financial Service Provider
6439,2008,3,549,1.0,8347.5,8374.4981,8389.1152,8410.0098,8439.2915,8462.4044,8360.0864,8452.0474,Financial Service Provider
6440,2008,3,552,1.0,8347.5,8375.0,8385.0,8410.0,8456.0,8508.0,8356.0,8485.0,Financial Service Provider
6441,2008,3,553,2.0,8347.5,8368.3687,8347.4478,8370.4033,8399.6997,8442.7482,8344.9291,8424.7171,Non-Financial Service Provider
6442,2008,3,554,2.0,8347.5,8369.9,8419.2,8468.5,8517.8,8567.1,8363.2,8542.5,Non-Financial Service Provider
6443,2008,3,555,1.0,8347.5,8333.5,8317.8,8322.2,8361.4,8402.4,8328.7,8383.0,Financial Service Provider
6444,2008,3,556,1.0,8347.5,8337.726,8349.5113,8400.4449,8448.3905,8471.5307,8337.7088,8451.7248,Financial Service Provider
6445,2008,3,557,1.0,8347.5,8316.1969,8278.3867,8278.5579,8284.6473,8319.2894,8314.5459,8305.22,Financial Service Provider
6446,2008,3,559,1.0,8347.5,8357.9149,8346.5039,8356.9175,8377.7319,8402.7528,8342.0,8391.8,Financial Service Provider
6447,2008,3,561,2.0,8347.6,8352.3,8280.4,8310.9,8355.2,8398.7,8324.1,8375.8,Non-Financial Service Provider
6448,2008,4,84,1.0,8275.2,8228.0,8242.0,8272.0,8300.0,8330.0,8290.0,8286.0,Financial Service Provider
6449,2008,4,99,1.0,8275.2,8258.5997,8291.4377,8326.4539,8369.8277,8411.3666,8310.5696,8464.3151,Financial Service Provider
6450,2008,4,407,2.0,8275.2,8295.826,8281.27,8318.287,8369.796,8421.623,8307.106,8347.744,Non-Financial Service Provider
6451,2008,4,411,2.0,8275.2,8190.4,8231.8,8255.3,8305.0,8358.1,8280.8,8287.6,Non-Financial Service Provider
6452,2008,4,420,2.0,8272.0,8235.0,8210.0,8215.0,8240.0,8278.0,8291.0,8236.0,Non-Financial Service Provider
6453,2008,4,421,2.0,8275.2,8200.7232,8206.8737,8243.8047,8305.6332,8392.8424,8283.3308,8287.2885,Non-Financial Service Provider
6454,2008,4,423,2.0,8275.2,8301.8,8335.1,8361.5,8416.5,8470.5,8308.6,8395.9,Non-Financial Service Provider
6455,2008,4,426,2.0,8275.2,8243.9919,8248.1108,8299.1851,8340.3734,8379.711,8294.064,8318.9462,Non-Financial Service Provider
6456,2008,4,428,2.0,8275.2,8205.57,8185.9,8184.65,8216.92,8265.11,8284.54,8213.15,Non-Financial Service Provider
6457,2008,4,429,2.0,8275.2,8234.0,8258.4,8283.9,8294.2,8306.2,8291.6,8285.7,Non-Financial Service Provider
6458,2008,4,431,1.0,8275.2,8187.1,8164.2,8180.4,8218.8,8262.6,8280.0,8206.5,Financial Service Provider
6459,2008,4,433,2.0,8275.2,8193.3092,8168.6179,8195.0375,8239.743,8300.8578,8285.8112,8227.8105,Non-Financial Service Provider
6460,2008,4,446,2.0,8275.2,8191.1769,8189.1284,8219.6664,8270.5646,8342.0011,8280.9442,8255.3401,Non-Financial Service Provider
6461,2008,4,463,2.0,8275.2,8285.6986,8334.5532,8384.4853,8456.9833,8540.2226,8304.5746,8429.0611,Non-Financial Service Provider
6462,2008,4,472,2.0,8275.2,8235.508,8223.0012,8225.4618,8249.6536,8290.8663,8292.027,8247.2457,Non-Financial Service Provider
6463,2008,4,483,3.0,8275.2,8191.1769,8149.9102,8129.4586,8169.8046,8230.4006,8280.9442,8169.8935,Unknown
6464,2008,4,484,2.0,8275.2,8186.9074,8112.2091,8044.4388,7985.4714,7935.0874,8279.88,8019.3,Non-Financial Service Provider
6465,2008,4,497,1.0,8275.2,8190.4734,8195.2014,8198.882,8232.2403,8266.2772,8280.7825,8223.1758,Financial Service Provider
6466,2008,4,504,1.0,8275.2,8241.48,8300.0685,8348.786,8393.4348,8444.2299,8293.52,8371.6298,Financial Service Provider
6467,2008,4,506,2.0,8275.2,8213.269,8229.009,8268.821,8338.098,8384.288,8286.4667,8305.054,Non-Financial Service Provider
6468,2008,4,507,3.0,8275.2,8216.0481,8218.7685,8232.4719,8276.5154,8328.7308,8287.162,8264.1217,Unknown
6469,2008,4,508,2.0,8275.2,8251.8685,8265.9629,8307.6721,8342.4473,8362.5272,8296.1281,8319.6524,Non-Financial Service Provider
6470,2008,4,510,2.0,8275.2,8298.3877,8326.6565,8367.7233,8413.409,8475.8106,8307.7469,8395.8998,Non-Financial Service Provider
6471,2008,4,512,2.0,8275.2,8258.5997,8250.3287,8262.6764,8266.8047,8279.1771,8294.064,8260.8877,Non-Financial Service Provider
6472,2008,4,516,1.0,8275.2,8233.51,8200.3765,8210.6078,8241.2259,8276.03,8291.5275,8232.0601,Financial Service Provider
6473,2008,4,518,2.0,8275.2,8233.556,8240.6773,8250.3199,8267.7819,8289.2776,8292.3417,8263.6189,Non-Financial Service Provider
6474,2008,4,519,1.0,8275.2,8203.6,8239.2,8300.3,8391.4,8455.7,8284.0,8346.6,Financial Service Provider
6475,2008,4,520,2.0,8275.2,8201.8218,8160.5014,8140.0232,8144.0902,8174.4602,8283.6054,8154.7688,Non-Financial Service Provider
6476,2008,4,524,2.0,8275.2,8207.9721,8173.6924,8162.5833,8168.475,8188.6322,8284.8798,8173.3457,Non-Financial Service Provider
6477,2008,4,527,2.0,8275.2,8187.0,8126.0,8100.0,8080.0,8099.0,8280.0,8101.0,Non-Financial Service Provider
6478,2008,4,528,1.0,8275.2,8235.6295,8273.0351,8318.7623,8365.8739,8411.048,8292.0599,8342.1798,Financial Service Provider
6479,2008,4,531,1.0,8275.2,8242.8,8274.8,8315.8,8362.8,8417.8,8293.9,8342.8,Financial Service Provider
6480,2008,4,532,2.0,8275.2,8243.9919,8223.3042,8223.3042,8243.7858,8274.5276,8294.148,8241.2304,Non-Financial Service Provider
6481,2008,4,535,1.0,8275.2,8171.911,8141.0924,8161.3693,8207.8978,8262.7488,8277.5584,8194.7828,Financial Service Provider
6482,2008,4,538,2.0,8275.2,8200.108,8123.7118,8117.5408,8135.2021,8172.2375,8269.0548,8116.3471,Non-Financial Service Provider
6483,2008,4,540,2.0,8275.2,8220.4,8189.3986,8181.1969,8211.7053,8250.436,8288.25,8208.1842,Non-Financial Service Provider
6484,2008,4,542,1.0,8275.2,8190.8206,8210.4286,8230.8781,8271.0806,8322.4906,8280.8551,8258.7195,Financial Service Provider
6485,2008,4,543,1.0,8275.2,8190.4487,8194.9307,8186.3457,8237.8125,8275.7939,8280.7822,8223.7207,Financial Service Provider
6486,2008,4,544,1.0,8275.2,8192.448,8151.4858,8171.8645,8200.466,8229.1676,8281.262,8188.246,Financial Service Provider
6487,2008,4,546,1.0,8275.2,8208.1888,8150.1181,8109.0583,8119.1757,8139.3979,8285.8112,8128.3808,Financial Service Provider
6488,2008,4,548,2.0,8275.2,8202.0737,8212.1019,8241.9248,8305.973,8347.2504,8283.6679,8276.8125,Non-Financial Service Provider
6489,2008,4,549,1.0,8275.2,8231.4088,8223.165,8231.3759,8243.6953,8258.084,8294.064,8244.2996,Financial Service Provider
6490,2008,4,551,2.0,,,,,,,,,Non-Financial Service Provider
6491,2008,4,552,1.0,8275.2,8180.5,8143.4,8159.7,8200.2,8240.9,8278.3,8186.0,Financial Service Provider
6492,2008,4,553,2.0,8275.2,8227.6176,8207.0486,8217.3074,8241.9593,8276.9876,8290.0544,8235.8257,Non-Financial Service Provider
6493,2008,4,554,2.0,8275.2,8243.1,8282.0,8339.0,8451.65,8499.9,8293.9,8407.1,Non-Financial Service Provider
6494,2008,4,555,1.0,8275.2,8206.9,8180.4,8194.6,8218.2,8245.4,8284.9,8209.6,Financial Service Provider
6495,2008,4,556,1.0,8275.2,8233.1786,8251.4346,8294.8636,8331.5049,8385.6312,8291.4431,8315.8586,Financial Service Provider
6496,2008,4,557,1.0,8275.2,8184.1728,8147.3937,8118.9909,8094.8302,8074.4975,8279.1932,8108.9281,Financial Service Provider
6497,2008,4,560,2.0,8275.2,8043.4944,,,,,,,Non-Financial Service Provider
6498,2008,4,561,2.0,8275.2,8202.3,8188.0,8249.7,8293.9,8333.8,8283.7,8266.4,Non-Financial Service Provider
6499,2009,1,411,2.0,8186.9,8154.3,8170.8,8220.2,8259.2,8323.2,8201.1,8429.7,Non-Financial Service Provider
6500,2009,1,420,2.0,8186.9,8113.0,8076.0,8096.0,8120.0,8163.0,8101.0,8265.0,Non-Financial Service Provider
6501,2009,1,421,2.0,8186.9,8127.545,8158.0233,8219.2084,8321.9485,8388.5241,8206.6813,8462.7597,Non-Financial Service Provider
6502,2009,1,423,2.0,8186.9,8193.0,8192.6,8211.9,8253.1,8294.6,8212.6,8374.4,Non-Financial Service Provider
6503,2009,1,424,1.0,8186.9,8151.4845,8173.4845,8227.4845,8280.4845,,8208.2345,8355.9827,Financial Service Provider
6504,2009,1,426,2.0,8186.9,8141.4957,8137.4219,8189.8071,8236.4977,8283.4545,8176.8856,8364.954,Non-Financial Service Provider
6505,2009,1,428,2.0,8186.9,8114.0,8076.7,8061.47,8068.54,8096.67,8080.18,8167.32,Non-Financial Service Provider
6506,2009,1,431,1.0,8186.9,8127.8,8111.9,8138.2,8185.4,8233.1,8140.8,8295.0,Financial Service Provider
6507,2009,1,446,2.0,8186.9,8124.7951,8124.7951,8145.0314,8185.4546,8226.0785,8144.9945,8264.4969,Non-Financial Service Provider
6508,2009,1,463,2.0,8186.9,8086.3077,8105.3444,8167.342,8245.3366,8339.6143,8151.0827,8477.0059,Non-Financial Service Provider
6509,2009,1,472,2.0,8186.9,8123.8329,8123.6466,8160.2217,8208.5063,8251.8258,8154.0519,8355.0569,Non-Financial Service Provider
6510,2009,1,483,3.0,8186.9,8103.7735,8031.9153,7981.2383,7981.2383,8020.8486,8024.5413,8110.5275,Unknown
6511,2009,1,484,2.0,8186.9,8112.2018,8044.4316,7985.4643,7935.0803,7905.1549,8019.6378,7963.5003,Non-Financial Service Provider
6512,2009,1,504,1.0,8186.9,8169.3063,8237.5916,8326.0164,8382.6475,8464.2145,8278.8904,8577.9793,Financial Service Provider
6513,2009,1,506,2.0,8186.9,8125.6,8145.1,8213.6,8276.1,8319.4,8190.1,8395.6,Non-Financial Service Provider
6514,2009,1,507,3.0,8186.9,8158.0942,8171.1481,8209.8992,8256.7875,8305.8309,8198.9823,8378.0,Unknown
6515,2009,1,508,2.0,8186.9,8184.4711,8174.8746,8189.2694,8207.3175,8253.1282,8188.9832,8321.2674,Non-Financial Service Provider
6516,2009,1,510,2.0,8186.9,8198.7725,8229.7955,8282.6607,8348.6995,8392.1127,8264.982,8482.9403,Non-Financial Service Provider
6517,2009,1,512,2.0,8186.9,8171.7,8134.9,8114.0,8127.0,8172.0,8135.5046,8224.9952,Non-Financial Service Provider
6518,2009,1,516,1.0,8186.9,8153.9541,8127.3235,8106.9286,8106.9286,8147.1627,8123.7837,8217.1035,Financial Service Provider
6519,2009,1,518,2.0,8186.9,8134.0723,8084.6573,8061.3572,8048.9828,8056.0404,8082.5162,8071.3866,Non-Financial Service Provider
6520,2009,1,520,2.0,8186.9,8116.4061,8085.7968,8089.8367,8109.9859,8140.2288,8102.3998,8207.731,Non-Financial Service Provider
6521,2009,1,524,2.0,8186.9,8112.6,8081.4,8083.4,8090.5,8117.8,8091.95,8167.8,Non-Financial Service Provider
6522,2009,1,526,2.0,8186.9,8145.6549,8165.9431,8216.5086,8287.4783,8352.997,8203.8714,8457.1953,Non-Financial Service Provider
6523,2009,1,528,1.0,8186.9,8137.2905,8175.6702,8228.3016,8277.2332,8324.4223,8204.6239,8401.0409,Financial Service Provider
6524,2009,1,532,2.0,8186.9,8124.7951,8124.7951,8134.9321,8155.1937,,,,Non-Financial Service Provider
6525,2009,1,535,1.0,8186.9,8122.7003,8079.7161,8069.5975,8107.658,8163.8252,8094.1236,8264.1002,Financial Service Provider
6526,2009,1,538,2.0,8186.9,8120.4372,8108.4047,8126.0195,8162.9901,,8129.4629,,Non-Financial Service Provider
6527,2009,1,540,2.0,8186.9,8141.5,8117.1,8147.3,8185.8,8236.5,8147.9,8313.8,Non-Financial Service Provider
6528,2009,1,541,1.0,8186.9,8148.6566,8163.2208,8201.8921,8246.668,8308.6856,8190.1094,8406.0669,Financial Service Provider
6529,2009,1,542,1.0,8186.9,8166.3555,8176.5444,8207.0355,8257.8555,8308.9901,8201.9229,8389.0367,Financial Service Provider
6530,2009,1,543,1.0,8186.9,8132.2734,8113.9536,8113.5425,8154.4341,8205.3135,8128.5508,8280.2412,Financial Service Provider
6531,2009,1,544,1.0,8186.9,8115.2646,8074.6883,8054.5016,8082.6923,8131.1885,8081.7867,8209.7918,Financial Service Provider
6532,2009,1,546,1.0,8186.9,8118.5058,8077.6052,8087.6833,8107.8272,8132.0419,8094.1236,8175.0648,Financial Service Provider
6533,2009,1,548,2.0,8186.9,8156.3774,8195.2907,8252.6513,8307.4608,8357.7613,8227.945,8432.2904,Non-Financial Service Provider
6534,2009,1,549,1.0,8186.9,8135.2451,8161.5567,8187.9534,8208.347,8234.895,8176.8856,8283.1851,Financial Service Provider
6535,2009,1,552,1.0,8186.9,8139.4138,8125.1323,8151.4112,8191.8661,8240.581,8152.057,8323.2502,Financial Service Provider
6536,2009,1,553,2.0,8186.9,8131.6384,8113.7488,8138.0901,8182.8496,8227.8552,8141.5817,8318.254,Non-Financial Service Provider
6537,2009,1,555,1.0,8186.9,8126.1,8118.4,8120.7,8142.8,8166.0,8127.0,8209.2,Financial Service Provider
6538,2009,1,556,1.0,8186.9,8165.0264,8223.9455,8261.7418,8305.1154,8346.0007,8238.9573,8409.4639,Financial Service Provider
6539,2009,1,557,1.0,8186.9,8178.7131,8174.7056,8174.812,8183.0563,8211.8914,8177.8217,8264.1985,Financial Service Provider
6540,2009,1,559,1.0,8186.9,8145.7,8110.8,8110.8,8130.0,8150.3,8124.3,8192.4,Financial Service Provider
6541,2009,1,560,2.0,,,,,,,,,Non-Financial Service Provider
6542,2009,2,20,2.0,8214.2,8194.2,8188.0,8193.0,8210.0,8240.0,8197.4,8236.3,Non-Financial Service Provider
6543,2009,2,84,1.0,8214.2,8276.0,8248.0,8290.0,8324.0,8365.0,8244.0,8383.0,Financial Service Provider
6544,2009,2,407,2.0,8214.2,8224.404,8267.247,8318.44,8380.138,8421.728,8256.0617,8437.5212,Non-Financial Service Provider
6545,2009,2,411,2.0,8214.2,8234.7,8275.9,8313.7,8355.6,8416.8,8259.6,8436.4,Non-Financial Service Provider
6546,2009,2,420,2.0,8214.2,8170.0,8195.0,8230.0,8280.0,8320.0,8202.0,8380.0,Non-Financial Service Provider
6547,2009,2,421,2.0,8250.3534,8312.231,8416.1339,8477.1509,8519.5366,8574.9136,8298.539,8561.2816,Non-Financial Service Provider
6548,2009,2,423,2.0,8214.2,8221.5,8244.5,8298.9,8343.5,8396.9,8244.8,8428.6,Non-Financial Service Provider
6549,2009,2,424,1.0,8214.2,8252.1155,8253.1155,8283.1155,,,8250.6366,8376.6178,Financial Service Provider
6550,2009,2,426,2.0,8214.2,8162.3728,8162.3728,8198.8581,8235.5065,8266.2175,8181.1069,8295.6424,Non-Financial Service Provider
6551,2009,2,428,2.0,8214.2,8191.63,8195.19,8192.5,8204.51,8231.18,8198.38,8257.94,Non-Financial Service Provider
6552,2009,2,431,1.0,8214.2,8198.6,8227.1,8271.2,8322.5,8370.1,8227.8,8397.8,Financial Service Provider
6553,2009,2,433,2.0,8214.2,8195.6553,8187.4474,8205.8073,8244.5102,8295.5622,8197.6511,8296.0229,Non-Financial Service Provider
6554,2009,2,446,2.0,8214.2,8220.3537,8243.6822,8278.0897,8317.5416,8359.6404,8239.0565,8380.8778,Non-Financial Service Provider
6555,2009,2,463,2.0,8214.2,8216.247,8254.402,8312.0106,8392.3225,8487.8367,8249.2149,8534.7688,Non-Financial Service Provider
6556,2009,2,472,2.0,8214.2,8234.4946,8294.554,8371.1001,8451.7658,8540.3372,8278.5872,8589.751,Non-Financial Service Provider
6557,2009,2,483,3.0,8214.2,8172.8173,8152.3082,8152.3082,8192.7676,8253.5339,8172.9084,8284.3686,Unknown
6558,2009,2,484,2.0,8214.2,8176.9839,8152.3418,8168.5978,8197.039,8229.6323,8270.1742,8402.4908,Non-Financial Service Provider
6559,2009,2,498,1.0,8214.2,8156.0868,8152.0057,8180.3891,8216.955,8253.6843,8172.8348,8262.736,Financial Service Provider
6560,2009,2,504,1.0,8214.2,8255.0139,8350.7625,8411.6039,8486.1287,8558.5685,8307.8951,8607.7754,Financial Service Provider
6561,2009,2,506,2.0,8214.2,8216.9,8240.7,8279.5,8310.9,8355.0,8237.8,8384.2,Non-Financial Service Provider
6562,2009,2,507,3.0,8214.2,8222.3437,8257.4867,8300.5012,8345.7821,8393.4126,8248.6329,8412.0274,Unknown
6563,2009,2,508,2.0,8214.2,8249.151,8298.9693,8326.6308,8348.029,8405.2153,8272.2324,8439.1025,Non-Financial Service Provider
6564,2009,2,510,2.0,8214.2,8256.9,8304.5,8369.0,8435.5,8511.8,8286.2,8551.1,Non-Financial Service Provider
6565,2009,2,512,2.0,8214.2,8200.0,8211.0,8213.4,8216.4,8247.7,8205.9232,8255.1587,Non-Financial Service Provider
6566,2009,2,516,1.0,8214.2,8220.3537,8226.5121,8232.675,8257.2627,8277.8289,8223.4,8291.2,Financial Service Provider
6567,2009,2,518,2.0,8214.2,8167.0499,8152.4546,8150.0892,8159.1049,8178.5773,8170.8903,8191.9642,Non-Financial Service Provider
6568,2009,2,520,2.0,8214.2,8224.4486,8244.933,8269.5573,8300.3952,8337.4975,8238.2847,8362.396,Non-Financial Service Provider
6569,2009,2,523,2.0,8214.2,8270.94,8339.22,8408.66,8478.8,8549.57,8306.35,8585.58,Non-Financial Service Provider
6570,2009,2,524,2.0,8214.2,8205.7,8217.6,8235.3,8272.1,8306.2,8218.12,8329.5,Non-Financial Service Provider
6571,2009,2,526,2.0,8214.2,8244.8315,8285.75,8337.0574,8398.894,8465.2936,8270.4597,8503.6904,Non-Financial Service Provider
6572,2009,2,527,2.0,8214.2,8167.0,8136.0,8120.0,8136.0,8167.0,8159.3,8189.0,Non-Financial Service Provider
6573,2009,2,528,1.0,8214.2,8220.3137,8269.1978,8314.3079,8353.5226,8394.9805,8254.4949,8424.7201,Financial Service Provider
6574,2009,2,531,1.0,8214.2,8217.6,8238.6,8261.6,8295.6,8337.6,8233.0,8366.35,Financial Service Provider
6575,2009,2,535,1.0,8214.2,8189.4457,8179.1897,8199.5614,8240.2553,8301.3738,8189.379,8328.5984,Financial Service Provider
6576,2009,2,538,2.0,8214.2,8212.712,8229.7105,8255.4386,8288.0337,8330.3771,8228.0153,8246.4737,Non-Financial Service Provider
6577,2009,2,540,2.0,8214.2,8227.5,8263.2,8302.2,8353.6,8411.4,8251.8,8432.0,Non-Financial Service Provider
6578,2009,2,541,1.0,8214.2,8238.7208,8280.2657,8325.577,8388.3197,8456.749,8264.6909,8486.9263,Financial Service Provider
6579,2009,2,542,1.0,8214.2,8234.6589,8255.1688,8275.7298,8306.5907,8347.8158,8247.2837,8379.2402,Financial Service Provider
6580,2009,2,543,1.0,8214.2,8217.3965,8230.2676,8259.3691,8287.2793,8316.7842,8230.3037,8333.292,Financial Service Provider
6581,2009,2,544,1.0,8214.2,8193.6645,8173.1803,8201.7865,8234.5936,8284.0012,8195.7078,8303.8067,Financial Service Provider
6582,2009,2,546,1.0,8214.2,8193.587,8203.8099,8224.2429,8248.8054,8277.5259,8205.9232,8296.1884,Financial Service Provider
6583,2009,2,548,2.0,8214.2,8215.1368,8237.0101,8275.5034,8306.9147,8349.1773,8235.4516,8374.9082,Non-Financial Service Provider
6584,2009,2,549,1.0,8214.2,8224.4486,8244.933,8271.5994,8296.3033,8329.2912,8239.0116,8346.1188,Financial Service Provider
6585,2009,2,551,2.0,,,,,,,,,Non-Financial Service Provider
6586,2009,2,553,2.0,8214.2,8201.2609,8192.91,8196.0538,8208.6798,8255.8797,8201.1062,8260.1702,Non-Financial Service Provider
6587,2009,2,555,1.0,8214.2,8206.0,8234.0,8259.9,8291.4,8322.0,8228.5,8338.3,Financial Service Provider
6588,2009,2,556,1.0,8214.2,8236.8421,8287.9063,8313.5707,8366.774,8408.2562,8263.1295,8426.9928,Financial Service Provider
6589,2009,2,557,1.0,8214.2,8234.7355,8251.205,8271.833,8284.2407,8304.9513,8242.9934,8309.1214,Financial Service Provider
6590,2009,2,558,1.0,8214.2,8175.7671,8197.2119,8211.2305,8221.751,8272.2744,8187.7471,8291.2783,Financial Service Provider
6591,2009,2,560,2.0,8214.2,8284.7614,8337.5286,8397.1651,8459.404,8490.8263,8308.4138,8475.1151,Non-Financial Service Provider
6592,2009,2,561,2.0,8214.2,8241.6,8259.8,8285.2,8315.4,8367.2,8250.2,8396.1,Non-Financial Service Provider
6593,2009,3,84,1.0,9180.5,9214.0,9232.0,9250.0,9273.0,9298.0,9209.0,9286.0,Financial Service Provider
6594,2009,3,407,2.0,9180.5,9270.914,9305.486,9374.505,9421.03,9456.162,9241.517,9438.6972,Non-Financial Service Provider
6595,2009,3,411,2.0,9180.5,9239.8,9311.6,9390.2,9436.4,9471.5,9235.3,9457.0,Non-Financial Service Provider
6596,2009,3,420,2.0,9180.5,9199.0,9238.0,9285.0,9339.0,9399.0,9207.0,9365.0,Non-Financial Service Provider
6597,2009,3,422,1.0,9180.5,9248.6,9303.6,9317.5,9361.5,9403.3,9235.44,9383.02,Financial Service Provider
6598,2009,3,423,2.0,9180.5,9197.5,9237.4,9273.8,9327.2,9385.9,9206.2,9358.3,Non-Financial Service Provider
6599,2009,3,424,1.0,9180.5,9229.0,9245.0,9287.0,9329.0491,9370.0,9215.925,9349.5123,Financial Service Provider
6600,2009,3,426,2.0,9180.5,9230.5187,9245.775,9247.0796,9275.2142,9318.2032,9216.4984,9302.826,Non-Financial Service Provider
6601,2009,3,433,2.0,9180.5,9207.9184,9230.8524,9269.8359,9318.1239,9373.5364,9207.2819,9345.3911,Non-Financial Service Provider
6602,2009,3,446,2.0,9180.5,9214.7349,9249.0975,9283.5882,9325.0853,9373.6611,9213.3831,9352.9346,Non-Financial Service Provider
6603,2009,3,456,1.0,9180.5,9226.1,9249.0,9272.1,9295.2,9306.8,9216.2,9298.1,Financial Service Provider
6604,2009,3,463,2.0,9180.5,9222.3495,9238.5809,9303.5484,9379.5722,9455.6956,9212.6576,9418.2826,Non-Financial Service Provider
6605,2009,3,472,2.0,9180.5,9227.9716,9282.6855,9329.1464,9382.337,9443.9276,9225.0893,9414.9997,Non-Financial Service Provider
6606,2009,3,483,3.0,9180.5,9203.3657,9237.6859,9283.5319,9352.3885,9421.7558,9207.6879,9387.3284,Unknown
6607,2009,3,498,1.0,9180.5,9210.1923,9205.5837,9246.7321,9283.4992,9329.5725,9197.991,9308.3669,Financial Service Provider
6608,2009,3,504,1.0,9180.5,9266.4709,9284.752,9346.1436,9414.9292,9501.7297,9235.2307,9463.4917,Financial Service Provider
6609,2009,3,510,2.0,9180.5,9243.6693,9304.9471,9377.9894,9461.9923,9555.8431,9234.5791,9511.937,Non-Financial Service Provider
6610,2009,3,512,2.0,9180.5,9176.0,9196.0,9223.0,9258.0,9285.0,9188.7001,9262.2097,Non-Financial Service Provider
6611,2009,3,516,1.0,9180.5,9187.3776,9194.2604,9217.1604,9249.2525,9283.7437,9192.8345,9267.1301,Financial Service Provider
6612,2009,3,518,2.0,9180.5,9208.2092,9147.1405,9163.7656,9188.8207,9215.5474,9188.0231,9210.8463,Non-Financial Service Provider
6613,2009,3,520,2.0,9180.5,9203.3657,9235.4097,9267.5653,9304.4152,9346.0054,9207.1188,9326.4419,Non-Financial Service Provider
6614,2009,3,523,2.0,9180.5,9202.9,9250.61,9311.18,9378.48,9449.44,9210.8,9415.41,Non-Financial Service Provider
6615,2009,3,524,2.0,9180.5,9241.9,9270.3,9304.8,9357.1,9407.1,9225.57,9387.1,Non-Financial Service Provider
6616,2009,3,527,2.0,9180.5,9146.0,9134.0,9152.0,9187.0,9239.0,9167.0,9222.0,Non-Financial Service Provider
6617,2009,3,528,1.0,9180.5,9266.4988,9271.1286,9296.5197,9342.6577,9400.5097,9235.1546,9382.9171,Financial Service Provider
6618,2009,3,531,1.0,9180.5,9220.3,9263.3,9313.3,9401.3,9448.3,9218.3,9415.1,Financial Service Provider
6619,2009,3,535,1.0,9180.5,9203.3657,9210.2605,9255.9703,9324.6225,9402.8909,9197.991,9363.5548,Financial Service Provider
6620,2009,3,540,2.0,9180.5,9225.6,9269.1,9326.5,9391.1,9447.1,9221.1,9414.1,Non-Financial Service Provider
6621,2009,3,543,1.0,9180.5,9237.373,9299.0381,9352.2119,9390.376,9434.1396,9231.5361,9414.6357,Financial Service Provider
6622,2009,3,549,1.0,9180.5,9214.7349,9235.3984,9265.2683,9295.2347,9352.7931,9207.2819,9326.9766,Financial Service Provider
6623,2009,3,555,1.0,9180.5,9225.1,9241.3,9268.3,9298.5,9331.3,9214.0,9315.7,Financial Service Provider
6624,2009,3,556,1.0,9180.5,9231.8695,9249.6125,9292.7908,9342.0347,9373.3446,9217.7952,9352.6701,Financial Service Provider
6625,2009,3,557,1.0,9180.5,9175.9097,9175.9097,9179.7491,9183.9101,9188.3931,9185.3799,9186.3127,Financial Service Provider
6626,2009,3,560,2.0,,,,,,,,,Non-Financial Service Provider
6627,2009,4,84,1.0,9265.1,9277.0,9316.0,9354.0,9393.0,9433.0,9235.0,9374.0,Financial Service Provider
6628,2009,4,99,1.0,9265.1,9149.0,9198.0,9261.0,9324.0,9387.0,9203.1,9292.5,Financial Service Provider
6629,2009,4,407,2.0,9265.1,9299.697,9368.673,9415.169,9450.279,9497.18,9240.7745,9432.8252,Non-Financial Service Provider
6630,2009,4,411,2.0,9265.1,9308.6,9379.7,9448.4,9523.6,9610.1,9243.0,9490.5,Non-Financial Service Provider
6631,2009,4,421,2.0,9265.1,9318.3743,9364.9662,9402.4261,9444.737,9494.3218,9245.4,9426.6,Non-Financial Service Provider
6632,2009,4,422,1.0,9265.1,9311.1,9373.4,9424.5,9473.6,9520.6,9243.6,9448.01,Financial Service Provider
6633,2009,4,424,1.0,9265.1,9284.1,9326.1,9368.1491,9409.1,9451.1,9236.85,9388.6123,Financial Service Provider
6634,2009,4,426,2.0,9265.1,9258.991,9277.3,9324.744,9371.066,9415.372,9230.5728,9347.1205,Non-Financial Service Provider
6635,2009,4,428,2.0,9265.1,9269.0,9271.44,9288.72,9325.39,9371.24,9233.08,9314.2,Non-Financial Service Provider
6636,2009,4,446,2.0,9265.1,9304.2281,9350.4044,9401.4127,9455.0107,9520.512,9244.4455,9438.5789,Non-Financial Service Provider
6637,2009,4,456,1.0,9265.1,9276.6597,9299.7649,9322.9276,9334.5595,9346.2059,9234.9899,9325.8645,Financial Service Provider
6638,2009,4,463,2.0,9265.1,9270.6192,9285.173,9322.1776,9374.4403,9442.8733,9233.4798,9356.1661,Non-Financial Service Provider
6639,2009,4,472,2.0,9265.1,9293.5192,9358.8734,9440.043,9515.3221,9576.1625,9239.2048,9472.6003,Non-Financial Service Provider
6640,2009,4,483,3.0,9265.1,9311.0821,9364.1651,9422.1503,9487.4239,9557.7928,9243.5955,9457.8831,Unknown
6641,2009,4,484,2.0,9265.1,9269.7291,9302.0042,9334.3917,9369.2004,9404.139,,,Non-Financial Service Provider
6642,2009,4,498,1.0,9265.1,9277.1086,9317.7924,9360.6397,9408.1146,9454.4172,9235.1546,9392.1522,Financial Service Provider
6643,2009,4,504,1.0,9265.1,9319.5633,9396.8131,9451.5146,9510.2103,9569.461,9245.7158,9481.9998,Financial Service Provider
6644,2009,4,506,2.0,9265.1,9289.539,9303.063,9336.049,9405.42,9466.174,9238.235,9377.6765,Non-Financial Service Provider
6645,2009,4,507,3.0,9265.1,9308.7991,9345.8129,9388.3816,9438.1818,9500.99,9243.0248,9418.3416,Unknown
6646,2009,4,508,2.0,9265.1,9296.123,9329.5913,9365.1537,9417.6631,9467.943,9239.8811,9395.0878,Non-Financial Service Provider
6647,2009,4,510,2.0,9265.1,9322.9,9394.5,9479.0,9573.6,9670.4,9246.6,9529.4,Non-Financial Service Provider
6648,2009,4,516,1.0,9265.1,9288.1764,9311.3103,9366.6822,9408.5507,9450.6064,9237.8691,9384.2874,Financial Service Provider
6649,2009,4,518,2.0,9265.1,9280.5001,9300.3603,9322.7727,9353.4168,9393.2302,9236.0037,9342.5085,Non-Financial Service Provider
6650,2009,4,520,2.0,9265.1,9322.4718,9366.4415,9415.2327,9466.5947,9520.5643,9246.4429,9442.2083,Non-Financial Service Provider
6651,2009,4,524,2.0,9265.1,9297.2,9332.6,9371.3,9416.2,9463.4,9240.36,9395.9,Non-Financial Service Provider
6652,2009,4,527,2.0,9265.1,9284.0,9307.0,9349.0,9402.0,9461.0,9237.0,9379.75,Non-Financial Service Provider
6653,2009,4,528,1.0,9265.1,9269.7791,9304.3469,9355.104,9424.4915,9494.3936,9233.2948,9394.584,Financial Service Provider
6654,2009,4,531,1.0,9265.1,9308.4,9355.4,9403.4,9460.4,9523.4,9242.9,9435.7,Financial Service Provider
6655,2009,4,532,2.0,9265.1,9265.1,9299.6504,9334.3296,9380.6552,,9232.1,,Non-Financial Service Provider
6656,2009,4,540,2.0,9265.1,9251.9,9302.3,9362.1,9417.9,9483.1,9228.8,9391.3,Non-Financial Service Provider
6657,2009,4,541,1.0,9265.1,9308.7939,9366.7936,9433.988,9499.135,9572.3946,9243.0235,9468.0778,Financial Service Provider
6658,2009,4,546,1.0,9265.1,9272.041,9299.7328,9332.1124,9366.9127,9404.1576,9235.1546,9355.2116,Financial Service Provider
6659,2009,4,548,2.0,9265.1,9269.4042,9262.3044,9289.3042,9357.2526,9418.3496,9233.2013,9331.8027,Non-Financial Service Provider
6660,2009,4,549,1.0,9265.1,9288.1764,9318.2169,9359.8688,9415.5295,9476.1426,9235.1546,9392.1522,Financial Service Provider
6661,2009,4,553,2.0,9265.1,9278.9976,9330.0321,9372.0173,9414.1914,9463.6159,9235.5744,9394.9642,Non-Financial Service Provider
6662,2009,4,555,1.0,9265.1,9236.7,9258.0,9286.4,9317.1,9348.4,9225.0,9302.5,Financial Service Provider
6663,2009,4,556,1.0,9265.1,9299.3707,9351.7245,9396.4271,9441.64,9449.1068,9240.6669,9409.7246,Financial Service Provider
6664,2009,4,557,1.0,9265.1,9246.5698,9255.8164,9266.9233,9278.0437,9290.1051,9227.4674,9272.7221,Financial Service Provider
6665,2009,4,558,1.0,9265.1,9197.6514,9201.1924,9228.123,9290.043,9358.248,9201.2012,9269.4014,Financial Service Provider
6666,2009,4,560,2.0,9265.1,9251.6855,9303.0795,9388.2316,9474.1761,9560.9205,9228.7464,9431.6,Non-Financial Service Provider
6667,2009,4,564,2.0,9265.1,9273.3926,9304.2249,9345.0895,9420.1174,9479.2778,9234.1869,9387.1774,Non-Financial Service Provider
6668,2010,1,407,2.0,9298.5,9337.752,9384.095,9419.089,9465.835,9531.411,9401.6927,9630.9155,Non-Financial Service Provider
6669,2010,1,411,2.0,9298.5,9360.5,9446.1,9532.5,9608.7,9690.0,9487.0,9809.5,Non-Financial Service Provider
6670,2010,1,420,2.0,9298.5,9347.0,9417.0,9468.0,9540.0,9612.0,9443.0,9702.0,Non-Financial Service Provider
6671,2010,1,421,2.0,9298.5,9344.9925,9382.3725,9424.5931,9474.0723,9530.9167,9406.5076,9612.2439,Non-Financial Service Provider
6672,2010,1,422,1.0,9298.5,9344.7,9391.0,9437.6,9484.5,9536.2,9414.5,9609.81,Financial Service Provider
6673,2010,1,424,1.0,9298.5,9340.6,9382.6491,9423.6,9465.6,9517.7455,9403.1123,9596.6827,Financial Service Provider
6674,2010,1,426,2.0,9298.5,9341.4,9405.668,9455.414,9503.652,9537.117,9426.5335,9603.1788,Non-Financial Service Provider
6675,2010,1,428,2.0,9298.5,9319.73,9346.4,9371.44,9406.64,9472.98,9361.05,9624.83,Non-Financial Service Provider
6676,2010,1,446,2.0,9298.5,9344.6478,9395.6247,9449.1898,9514.6507,9585.2216,9426.0027,9711.0225,Non-Financial Service Provider
6677,2010,1,456,1.0,9298.5,9344.6478,9379.4948,9402.8562,9426.2757,9461.4271,9388.3186,9523.2961,Financial Service Provider
6678,2010,1,463,2.0,9298.5,9333.7591,9396.6396,9473.872,9558.0379,9645.0548,9440.5771,9780.0796,Non-Financial Service Provider
6679,2010,1,472,2.0,9298.5,9339.7257,9399.8235,9460.9319,9521.182,9580.0862,9430.4158,9660.1429,Non-Financial Service Provider
6680,2010,1,483,3.0,9298.5,9346.9373,9395.627,9449.192,9503.0625,9561.9078,9423.7047,9655.237,Unknown
6681,2010,1,484,2.0,9298.5,9340.0637,9386.4178,9428.3746,9470.5188,9505.8352,9406.3183,9553.2046,Non-Financial Service Provider
6682,2010,1,498,1.0,9298.5,9326.2708,9372.5565,9423.6856,9472.7751,9531.4328,9394.3341,9619.7981,Financial Service Provider
6683,2010,1,504,1.0,9298.5,9344.4144,9404.8627,9481.9433,9565.5609,9624.3687,9449.1953,9711.2215,Financial Service Provider
6684,2010,1,506,2.0,9298.5,9358.853,9420.954,9495.471,9563.038,9611.921,9459.6,9711.4,Non-Financial Service Provider
6685,2010,1,507,3.0,9298.5,9298.5266,9347.8483,9402.4121,9455.2143,9516.2099,9376.0003,9615.1306,Unknown
6686,2010,1,508,2.0,9298.5,9340.3124,9387.8061,9438.0639,9483.6995,9537.8335,9412.4705,9641.3635,Non-Financial Service Provider
6687,2010,1,510,2.0,9298.5,9369.4,9458.9,9561.2,9662.8,9762.5,9513.1,9901.7,Non-Financial Service Provider
6688,2010,1,516,1.0,9298.5,9344.6478,9402.5122,9460.7349,9526.2758,9599.2614,9433.5427,9715.4772,Financial Service Provider
6689,2010,1,518,2.0,9298.5,9357.0623,9397.4748,9433.3647,9477.0922,9521.9855,9418.4286,9600.7985,Non-Financial Service Provider
6690,2010,1,520,2.0,9298.5,9356.0786,9414.0137,9476.9249,9542.578,9608.6859,9447.3988,9706.0257,Non-Financial Service Provider
6691,2010,1,524,2.0,9298.5,9343.4,9383.3,9424.9,9468.9,9521.5,9405.1,9600.5,Non-Financial Service Provider
6692,2010,1,527,2.0,9298.5,9340.0,9387.0,9441.0,9500.0,9567.0,9417.0,9681.0,Non-Financial Service Provider
6693,2010,1,528,1.0,9298.5,9330.8552,9370.261,9432.8798,9491.2905,9536.0564,9406.3216,9623.2352,Financial Service Provider
6694,2010,1,532,2.0,9298.5,9356.0786,9402.5122,9449.1762,9507.6878,,9428.8637,,Non-Financial Service Provider
6695,2010,1,535,1.0,9298.5,9353.7958,9423.1736,9502.2691,9584.3444,9667.1287,9468.2325,9780.6842,Financial Service Provider
6696,2010,1,538,2.0,9298.5,9334.5443,9369.2126,9412.8269,9467.0616,,9395.9113,,Non-Financial Service Provider
6697,2010,1,540,2.0,9298.5,9339.2,9399.3,9455.2,9504.4,9565.6,9424.5,9669.6,Non-Financial Service Provider
6698,2010,1,541,1.0,9298.5,9356.6842,9423.8334,9491.6989,9562.3413,9630.6718,9458.6394,9732.05,Financial Service Provider
6699,2010,1,542,1.0,9298.5,9356.0786,9414.0137,9472.3076,9542.5644,9589.9235,9449.7579,9695.4516,Financial Service Provider
6700,2010,1,546,1.0,9298.5,9330.8753,9367.9769,9409.8512,9456.5516,9503.4839,9394.3341,9591.6151,Financial Service Provider
6701,2010,1,548,2.0,9298.5,9311.7845,9346.4311,9412.7259,9467.499,9496.5137,9384.6101,9584.6122,Non-Financial Service Provider
6702,2010,1,549,1.0,9298.5,9342.3566,9391.0224,9453.7799,9521.5868,9578.2093,9431.2833,9657.6341,Financial Service Provider
6703,2010,1,553,2.0,9298.5,9349.6417,9403.4022,9452.7701,9502.3971,9554.6603,9427.0528,9625.0209,Non-Financial Service Provider
6704,2010,1,555,1.0,9298.5,9338.2,9356.7,9387.7,9421.9,9463.0,9376.1,9534.0,Financial Service Provider
6705,2010,1,556,1.0,9298.5,9341.6094,9365.3632,9407.0074,9454.4482,9497.2016,9392.1071,9560.664,Financial Service Provider
6706,2010,1,557,1.0,9298.5,9325.4656,9353.442,9382.4377,9412.4615,9450.1114,9368.4517,9516.951,Financial Service Provider
6707,2010,1,558,1.0,9298.5,9268.0869,9307.2977,9366.2867,9409.5784,9450.3738,9337.8122,9543.235,Financial Service Provider
6708,2010,1,560,2.0,9298.5,9355.0806,9441.2453,9528.8322,9616.4055,9754.1384,9485.4,9769.962,Non-Financial Service Provider
6709,2010,1,564,2.0,9298.5,9335.0198,9385.7607,9456.3119,9516.9428,9543.3392,9423.5088,9625.968,Non-Financial Service Provider
6710,2010,2,407,2.0,9372.7,9419.186,9454.311,9501.232,9567.053,9633.331,9436.8497,9666.9295,Non-Financial Service Provider
6711,2010,2,411,2.0,9372.7,9455.01,9531.561,9600.838,9668.251,9738.487,9490.0,9774.8,Non-Financial Service Provider
6712,2010,2,421,2.0,9372.7,9421.9067,9454.8833,9504.5215,9563.9247,9614.1353,9438.5029,9645.5336,Non-Financial Service Provider
6713,2010,2,422,1.0,9372.7,9444.5,9530.7,9615.3,9693.7,9765.6,9490.8,9802.04,Financial Service Provider
6714,2010,2,423,2.0,9372.7,9440.0,9506.0,9580.0,9650.0,9723.0,9474.0,9760.0,Non-Financial Service Provider
6715,2010,2,424,1.0,9372.7,9422.6,9468.6,9514.6,9566.6,9618.6,9444.625,9644.6,Financial Service Provider
6716,2010,2,426,2.0,9372.7,9416.101,9464.954,9513.6,9544.201,9586.655,9438.2722,9608.1611,Non-Financial Service Provider
6717,2010,2,428,2.0,9372.7,9424.02,9464.76,9500.63,9565.78,9662.41,9440.53,9719.48,Non-Financial Service Provider
6718,2010,2,431,1.0,9372.7,9457.3,9521.7,9584.7,9617.2,9681.6,9484.1,9713.7,Financial Service Provider
6719,2010,2,446,2.0,9372.7,9442.768,9502.1704,9561.9466,9625.0769,9691.7688,9469.9219,9728.9842,Non-Financial Service Provider
6720,2010,2,456,1.0,9372.7,9430.7381,9477.5422,9524.5786,9583.5571,9642.9009,9451.3897,9672.9408,Financial Service Provider
6721,2010,2,463,2.0,9372.7,9447.388,9516.4225,9599.0229,9687.0059,9779.7524,9483.8834,9824.3322,Non-Financial Service Provider
6722,2010,2,472,2.0,9372.7,9446.7513,9524.6435,9608.7497,9689.4158,9750.9539,9488.2111,9776.3796,Non-Financial Service Provider
6723,2010,2,483,3.0,9372.7,9453.6562,9533.0076,9610.7,9686.6798,9763.2603,9492.5159,9802.1572,Unknown
6724,2010,2,484,2.0,9372.7,9419.2161,9468.2822,9522.2615,9564.8254,9602.8573,9447.5073,9627.0099,Non-Financial Service Provider
6725,2010,2,498,1.0,9372.7,9419.2161,9470.5998,9519.9336,9578.8834,9640.5481,9447.5073,9674.2475,Financial Service Provider
6726,2010,2,504,1.0,9372.7,9448.5929,9500.9439,9565.1973,9598.8169,9633.6761,9471.8585,9665.3918,Financial Service Provider
6727,2010,2,506,2.0,9372.7,9458.5,9538.5,9614.6,9672.6,9733.7,9496.1,9772.6,Non-Financial Service Provider
6728,2010,2,507,3.0,9372.7,9425.0,9500.0,9580.4884,9642.9698,9705.8586,9469.5471,9715.7553,Unknown
6729,2010,2,510,2.0,9372.7,9468.2,9570.5,9672.4,9772.2,9863.2,9521.0,9912.0,Non-Financial Service Provider
6730,2010,2,516,1.0,9372.7,9465.053,9546.8069,9612.9441,9684.244,9760.8053,9499.376,9801.4887,Financial Service Provider
6731,2010,2,518,2.0,9372.7,9429.7681,9481.1252,9532.2383,9578.9623,9632.4846,9460.3113,9670.1048,Non-Financial Service Provider
6732,2010,2,520,2.0,9372.7,9460.4992,9535.2916,9613.0026,9684.3029,9753.7632,9495.3734,9786.5919,Non-Financial Service Provider
6733,2010,2,524,2.0,9372.7,9426.3,9476.9,9522.1,9581.8,9644.9,9449.6,9678.1,Non-Financial Service Provider
6734,2010,2,527,2.0,9372.7,9427.0,9486.0,9552.0,9612.0,9679.0,9459.425,9743.0,Non-Financial Service Provider
6735,2010,2,528,1.0,9372.7,9430.7079,9505.2647,9571.1141,9616.2566,9673.442,9469.9392,9711.9043,Financial Service Provider
6736,2010,2,532,2.0,9372.7,9453.6562,9530.7019,9601.3918,9672.606,,9489.6125,,Non-Financial Service Provider
6737,2010,2,535,1.0,9372.7,9460.4992,9549.1209,9638.5728,9724.1729,9805.7949,9502.9179,9835.52,Financial Service Provider
6738,2010,2,540,2.0,9372.7,9428.4,9479.9,9538.6,9609.3,9690.0,9454.9,9723.3,Non-Financial Service Provider
6739,2010,2,541,1.0,9372.7,9463.5102,9547.3843,9623.7019,9689.4955,9758.7342,9501.8166,9791.5016,Financial Service Provider
6740,2010,2,542,1.0,9372.7,9453.6562,9512.1956,9582.7482,9630.3067,9689.94,9484.4477,9740.5278,Financial Service Provider
6741,2010,2,546,1.0,9372.7,9442.218,9507.6306,9578.1494,9653.8719,9730.193,9475.2126,9768.9442,Financial Service Provider
6742,2010,2,548,2.0,9372.7,9399.8651,9467.1337,9527.9345,9575.6818,9632.5543,9437.3407,9674.1406,Non-Financial Service Provider
6743,2010,2,549,1.0,9372.7,9439.9254,9505.3221,9571.1719,9630.439,9685.3427,9475.2126,9702.6177,Financial Service Provider
6744,2010,2,551,2.0,,,,,,,,,Non-Financial Service Provider
6745,2010,2,553,2.0,9372.7,9450.0248,9532.7125,9601.8247,9671.4379,9741.5558,9489.3155,9745.527,Non-Financial Service Provider
6746,2010,2,555,1.0,9372.7,9445.5958,9488.6137,9539.95,9582.2958,9628.8388,9461.7074,9655.8283,Financial Service Provider
6747,2010,2,556,1.0,9372.7,9441.6587,9506.7174,9564.1688,9614.2305,9661.0564,9471.311,9681.8458,Financial Service Provider
6748,2010,2,557,1.0,9372.7,9441.1207,9504.3762,9563.3034,9615.9015,9666.8658,9470.3751,9689.7073,Financial Service Provider
6749,2010,2,558,1.0,9372.7,9407.32,9445.35,9488.33,9510.5,9559.85,9425.77,9590.64,Financial Service Provider
6750,2010,2,559,1.0,9372.7,9446.7983,9514.5551,9578.1381,9649.1799,9732.5241,9478.0479,9774.9177,Financial Service Provider
6751,2010,2,560,2.0,9372.7,9445.6002,9512.5835,9599.0827,9663.8965,9729.1775,9482.4916,9779.8116,Non-Financial Service Provider
6752,2010,2,563,2.0,9372.7,9444.509,9509.9375,9580.4734,9651.5324,9720.7577,9475.2126,9759.469,Non-Financial Service Provider
6753,2010,2,564,2.0,9372.7,9417.6191,9488.7055,9548.067,9590.2832,9642.9019,9446.5838,9667.6339,Non-Financial Service Provider
6754,2010,3,407,2.0,9262.7,9301.845,9348.01,9421.913,9491.796,9557.552,9284.4882,9523.7562,Non-Financial Service Provider
6755,2010,3,411,2.0,9262.7,9312.79,9366.38,9423.46,9490.08,9572.93,9291.83,9535.58,Non-Financial Service Provider
6756,2010,3,420,2.0,9262.7,9316.0,9374.0,9420.0,9474.0,9533.0,9295.0,9508.0,Non-Financial Service Provider
6757,2010,3,421,2.0,9262.7,9306.6978,9355.558,9414.0302,9463.4539,9536.7957,9287.589,9505.0543,Non-Financial Service Provider
6758,2010,3,422,1.0,9262.7,9312.7,9362.7,9422.7,9482.7,9537.7,9290.86,9508.9,Financial Service Provider
6759,2010,3,423,2.0,9262.7,9309.8,9362.8,9417.7,9476.6,9538.2,9290.2,9508.5,Non-Financial Service Provider
6760,2010,3,424,1.0,9262.7,9315.6,9368.6,9423.6,9478.6,9533.6,9293.075,9506.1,Financial Service Provider
6761,2010,3,426,2.0,9262.7,9292.4667,9315.4359,9363.8653,9431.9987,9482.5733,9274.0007,9449.8183,Non-Financial Service Provider
6762,2010,3,428,2.0,9262.7,9284.56,9315.18,9376.36,9471.32,9575.59,9271.96,9527.22,Non-Financial Service Provider
6763,2010,3,446,2.0,9262.7,9326.869,9414.2389,9466.753,9520.6072,9575.8416,9307.302,9548.9249,Non-Financial Service Provider
6764,2010,3,463,2.0,9262.7,9326.9527,9404.2693,9482.9514,9567.5412,9656.3764,9304.8305,9613.2285,Non-Financial Service Provider
6765,2010,3,472,2.0,9262.7,9311.4969,9349.7643,9395.0092,9437.6284,9472.2106,9287.3403,9451.5473,Non-Financial Service Provider
6766,2010,3,483,3.0,9262.7,9297.2414,9343.383,9401.2395,9470.9692,9545.8444,9282.1811,9509.8411,Unknown
6767,2010,3,484,2.0,9262.7,9304.1037,9347.9868,9387.4649,9422.4716,9459.9374,9285.0476,9441.8566,Non-Financial Service Provider
6768,2010,3,498,1.0,9262.7,9308.6701,9352.5747,9394.3802,9441.0039,9492.5064,9291.2085,9477.0327,Financial Service Provider
6769,2010,3,504,1.0,9262.7,9330.6365,9391.6993,9424.0807,9458.1563,9506.1021,9302.1932,9489.1673,Financial Service Provider
6770,2010,3,507,3.0,9262.7,9310.5423,9358.2408,9408.4972,9468.4993,9533.34,9289.2208,9503.022,Unknown
6771,2010,3,510,2.0,9262.7,9357.7,9452.6,9536.2,9627.9,9705.1,9324.6,9664.0,Non-Financial Service Provider
6772,2010,3,518,2.0,9262.7,9305.4852,9344.916,9383.3551,9424.9147,9466.6862,9347.9193,9512.5636,Non-Financial Service Provider
6773,2010,3,520,2.0,9262.7,9308.6701,9359.4508,9417.4068,9480.3406,9546.0174,9289.0552,9513.3939,Non-Financial Service Provider
6774,2010,3,527,2.0,9262.7,9287.0,9329.0,9383.0,9448.0,9519.0,9276.0,9485.0,Non-Financial Service Provider
6775,2010,3,528,1.0,9262.7,9324.6,9398.318,9468.026,9549.8055,9620.6371,9302.7545,9583.791,Financial Service Provider
6776,2010,3,532,2.0,,,,,,,,,Non-Financial Service Provider
6777,2010,3,535,1.0,9262.7,9308.6701,9366.3117,9435.7823,9517.2834,9606.437,9291.2085,9560.6535,Financial Service Provider
6778,2010,3,540,2.0,9262.7,9313.3,9366.3,9426.6,9489.6,9553.1,9291.9,9521.0,Non-Financial Service Provider
6779,2010,3,546,1.0,9262.7,9308.6701,9354.8684,9405.9011,9464.1448,9525.0708,9291.2085,9495.6151,Financial Service Provider
6780,2010,3,548,2.0,9262.7,9472.5926,9533.7165,9584.8357,9641.5413,9708.1961,9449.6833,9679.4848,Non-Financial Service Provider
6781,2010,3,549,1.0,9262.7,9310.9508,9368.6065,9417.4091,9468.7829,9525.0913,9291.2085,9495.6151,Financial Service Provider
6782,2010,3,551,2.0,,,,,,,,,Non-Financial Service Provider
6783,2010,3,555,1.0,9262.7,9299.2,9329.7,9362.6,9399.1,9441.8,9279.2,9422.9,Financial Service Provider
6784,2010,3,556,1.0,9262.7,9289.4581,9311.7613,9384.0957,9429.9635,9475.2034,9272.3291,9452.7064,Financial Service Provider
6785,2010,3,558,1.0,9262.7,9355.1584,9418.638,9433.0778,9464.0913,9502.0543,9371.3112,9545.1431,Financial Service Provider
6786,2010,3,560,2.0,9262.7,9309.0135,9355.5586,9390.6419,9461.0717,9532.0298,9309.0907,9461.2478,Non-Financial Service Provider
6787,2010,3,561,2.0,9262.8,9306.2,9355.3,9412.7,9475.9,9543.3,9287.4,9510.8,Non-Financial Service Provider
6788,2010,3,563,2.0,9262.7,9322.3293,9391.4737,9456.5348,9526.6746,9599.6632,9364.4397,9710.924,Non-Financial Service Provider
6789,2010,3,566,2.0,9262.7,9320.4,9370.4,9425.4,9490.4,9555.4,9294.725,9522.9,Non-Financial Service Provider
6790,2010,4,407,2.0,9334.6,9380.927,9455.09,9525.219,9591.207,9657.652,9304.1567,9557.292,Non-Financial Service Provider
6791,2010,4,411,2.0,9334.6,9382.673,9431.591,9487.614,9562.006,9642.445,9304.565,9530.914,Non-Financial Service Provider
6792,2010,4,420,2.0,9334.6,9400.0,9454.0,9505.0,9576.0,9650.0,9308.0,9546.0,Non-Financial Service Provider
6793,2010,4,421,2.0,9334.6,9392.9412,9442.2542,9501.2683,9582.0291,9699.4089,9307.1603,9556.2401,Non-Financial Service Provider
6794,2010,4,422,1.0,9334.6,9399.3,9462.1,9522.3,9585.9,9650.0,9308.73,9555.07,Financial Service Provider
6795,2010,4,424,1.0,9334.6,9394.0,9439.4,9486.4,9533.4,9580.4,9307.425,9509.9,Financial Service Provider
6796,2010,4,426,2.0,9334.6,9363.9,9413.1123,9443.3301,9505.0781,9556.1,9299.9,9479.4051,Non-Financial Service Provider
6797,2010,4,428,2.0,9334.6,9385.4,9433.02,9500.37,9574.81,9666.93,9305.27,9543.78,Non-Financial Service Provider
6798,2010,4,431,1.0,9334.6,9391.3,9450.6,9510.6,9573.1,9630.6,9306.9,9541.2,Financial Service Provider
6799,2010,4,446,2.0,9334.6,9387.8171,9436.7197,9489.2896,9545.8199,9606.6301,9305.8793,9519.6148,Non-Financial Service Provider
6800,2010,4,456,1.0,9334.6,9357.8495,9381.1569,9416.1401,9462.8717,9521.4682,9298.3874,9445.4092,Financial Service Provider
6801,2010,4,463,2.0,9334.6,9364.6741,9414.5837,9484.0374,9561.3083,9648.4935,9300.0935,9527.1057,Non-Financial Service Provider
6802,2010,4,472,2.0,9334.6,9409.7018,9477.5042,9543.1297,9608.1401,9667.1577,9311.3505,9573.9829,Non-Financial Service Provider
6803,2010,4,483,3.0,9334.6,9399.2671,9462.0797,9529.9461,9605.2875,9681.2246,9308.7418,9569.6345,Unknown
6804,2010,4,484,2.0,9334.6,9387.8171,9427.4635,9462.6193,9500.2448,9538.0199,9305.8793,9482.0869,Non-Financial Service Provider
6805,2010,4,498,1.0,9334.6,9374.0216,9408.9782,9451.0357,9497.9406,9549.7537,9300.3624,9449.1682,Financial Service Provider
6806,2010,4,504,1.0,9334.6,9403.9431,9403.9431,9403.9431,9403.9431,9403.9431,9309.9108,9403.9,Financial Service Provider
6807,2010,4,506,2.0,9334.6,9392.7,9448.6,9495.2,9554.0,9622.3,9307.1,9530.0,Non-Financial Service Provider
6808,2010,4,507,3.0,9334.6,9388.0924,9444.8985,9508.0499,9571.5657,9636.5032,9305.9481,9540.2543,Unknown
6809,2010,4,508,2.0,9334.6,9378.5437,9433.5013,9477.0205,9529.3138,9585.8016,9303.5426,9506.4093,Non-Financial Service Provider
6810,2010,4,510,2.0,9334.6,9426.5,9503.3,9593.0,9660.8,9736.0,9315.6,9623.3,Non-Financial Service Provider
6811,2010,4,516,1.0,9334.6,9401.5521,9468.9844,9536.9003,9605.3034,9671.8458,9309.313,9570.7585,Financial Service Provider
6812,2010,4,518,2.0,9334.6,9394.9795,9439.4497,9488.8214,9541.6521,9590.5029,9304.9327,9512.2985,Non-Financial Service Provider
6813,2010,4,520,2.0,9334.6,9399.2671,9462.0797,9527.6299,9595.9665,9664.7933,9308.7418,9562.6174,Non-Financial Service Provider
6814,2010,4,523,2.0,9334.6,9399.3,9464.8,9531.3,9597.6,9664.7,9308.9,9564.6,Non-Financial Service Provider
6815,2010,4,524,2.0,9334.6,9391.8,9442.2,9488.7,9542.7,9605.1,9306.7,9519.7,Non-Financial Service Provider
6816,2010,4,526,2.0,9334.6,9403.8,9485.1,9569.3,9654.3,9742.4,9309.9,9612.8,Non-Financial Service Provider
6817,2010,4,527,2.0,9334.6,9381.0,9435.0,9493.0,9560.0,9632.0,9304.0,9530.0,Non-Financial Service Provider
6818,2010,4,528,1.0,9334.6,9387.8171,9445.9488,9499.8007,9558.6258,9634.194,9305.8793,9534.6423,Financial Service Provider
6819,2010,4,532,2.0,9334.6,9392.4021,9450.5622,9513.7176,9577.2951,,,,Non-Financial Service Provider
6820,2010,4,535,1.0,9334.6,9392.4021,9459.7688,9534.5554,9616.9096,9706.9965,9309.5163,9579.4923,Financial Service Provider
6821,2010,4,540,2.0,9334.6,9382.4,9438.2,9501.3,9564.8,9626.3,9304.5,9532.6,Non-Financial Service Provider
6822,2010,4,541,1.0,9334.6,9387.8536,9433.7772,9479.3652,9526.202,9573.406,9305.8696,9503.1876,Financial Service Provider
6823,2010,4,542,1.0,9334.6,9392.4021,9439.016,9497.4647,9567.9081,9650.5504,9307.0255,9538.7348,Financial Service Provider
6824,2010,4,546,1.0,9334.6,9392.4021,9452.8664,9513.7199,9579.6279,9650.6806,9309.5163,9551.5637,Financial Service Provider
6825,2010,4,548,2.0,9334.6,9350.9662,9405.797,9445.3229,9501.7649,9571.3599,9289.2615,9481.0612,Non-Financial Service Provider
6826,2010,4,549,1.0,9334.6,9390.1105,9436.7129,9495.1474,9560.9267,9631.8408,9309.5163,9532.9447,Financial Service Provider
6827,2010,4,555,1.0,9334.6,9382.2,9417.8,9452.0,9488.4,9526.0,9304.9,9487.1,Financial Service Provider
6828,2010,4,556,1.0,9334.6,9368.6313,9405.6309,9446.771,9502.702,9554.4393,9301.0816,9477.3858,Financial Service Provider
6829,2010,4,557,1.0,9334.6,9376.6057,9416.9251,9457.4179,9498.0848,9538.9265,9303.0764,9477.8386,Financial Service Provider
6830,2010,4,558,1.0,9334.6,9420.074,9440.5728,9464.6586,9496.9333,9527.3068,9316.3712,9482.368,Financial Service Provider
6831,2010,4,560,2.0,9334.6,9383.6066,9456.3296,9541.4366,9629.6949,9723.5844,9278.6,9587.76,Non-Financial Service Provider
6832,2010,4,563,2.0,9334.6,9385.5221,9445.942,9504.4336,9563.2874,9627.1961,9309.5163,9542.2542,Non-Financial Service Provider
6833,2011,1,407,2.0,9431.2,9484.953,9546.013,9612.145,9678.734,9738.667,9580.4612,9829.4977,Non-Financial Service Provider
6834,2011,1,411,2.0,9431.2,9514.865,9616.143,9718.584,9806.689,9868.039,9664.0702,9962.9792,Non-Financial Service Provider
6835,2011,1,420,2.0,9431.2,9525.0,9604.0,9671.0,9741.0,9800.0,9635.0,9866.0,Non-Financial Service Provider
6836,2011,1,422,1.0,9431.2,9494.2,9554.6,9618.5,9682.8,9747.5,9587.54,9845.63,Financial Service Provider
6837,2011,1,423,2.0,9431.2,9500.7021,9574.7213,9653.8692,9727.5031,9802.7442,9614.1989,9916.0484,Non-Financial Service Provider
6838,2011,1,424,1.0,9431.2,9520.3,9610.3,9703.3,9795.3,,9657.3,,Financial Service Provider
6839,2011,1,426,2.0,9431.2,9514.7,9606.6,9697.7,9764.0,9809.9,9645.75,9914.875,Non-Financial Service Provider
6840,2011,1,428,2.0,9431.2,9517.06,9605.37,9692.06,9782.19,9851.07,9649.17,9978.35,Non-Financial Service Provider
6841,2011,1,431,1.0,9431.2,9510.3,9579.9,9643.8,9708.3,9741.1,9610.6,9832.0,Financial Service Provider
6842,2011,1,446,2.0,9431.2,9501.1519,9576.1497,9656.5917,9742.9124,9815.1763,9619.1756,9912.4108,Non-Financial Service Provider
6843,2011,1,456,1.0,9431.2,9512.6615,9606.3936,9701.0493,9784.8416,9869.3576,9651.2365,9988.8046,Financial Service Provider
6844,2011,1,483,3.0,9431.2,9512.6615,9601.7718,9687.045,9773.0756,9864.6254,9643.6385,10004.1041,Unknown
6845,2011,1,484,2.0,9431.2,9480.3286,9532.0457,9588.7303,9657.5051,9712.5631,9564.6267,9810.3424,Non-Financial Service Provider
6846,2011,1,498,1.0,9431.2,9489.6003,9546.0325,9607.4858,9669.3346,9733.952,9604.4867,9911.8303,Financial Service Provider
6847,2011,1,504,1.0,9431.2,9502.787,9561.4118,9619.8574,9683.0918,9761.9071,9591.787,9904.5324,Financial Service Provider
6848,2011,1,506,2.0,9431.2,9501.068,9580.029,9651.882,9725.19,9780.154,9614.5422,9862.458,Non-Financial Service Provider
6849,2011,1,507,3.0,9431.2,9504.6092,9576.3013,9647.3056,9718.6601,9787.7953,9611.719,9894.4642,Unknown
6850,2011,1,508,2.0,9431.2,9476.102,9527.2284,9576.8599,9638.7654,9710.0104,9554.739,9803.3717,Non-Financial Service Provider
6851,2011,1,510,2.0,9431.2,9516.6,9600.5,9668.4,9740.8,9795.8,9631.6,9891.1,Non-Financial Service Provider
6852,2011,1,516,1.0,9431.2,9489.6003,9550.6903,9612.1735,9674.0525,9741.0713,9581.6292,9842.7641,Financial Service Provider
6853,2011,1,518,2.0,9431.2,9496.8703,9550.0714,9602.0036,9662.8894,9726.5576,9577.2478,9812.7471,Non-Financial Service Provider
6854,2011,1,520,2.0,9431.2,9508.0627,9583.2311,9663.6701,9751.8449,9838.4509,9626.7022,9966.6551,Non-Financial Service Provider
6855,2011,1,524,2.0,9431.2,9503.5,9560.6,9625.0,9683.7,9744.6,9593.2,9841.6,Non-Financial Service Provider
6856,2011,1,526,2.0,9431.2,9512.7,9583.2,9654.3,9725.9,9798.0,9619.0,9907.6,Non-Financial Service Provider
6857,2011,1,527,2.0,9431.2,9521.0,9599.0,9671.0,9751.0,9819.0,9635.5,9925.0,Non-Financial Service Provider
6858,2011,1,528,1.0,9431.2,9501.1418,9580.8918,9656.636,9732.9789,9786.0743,9617.9121,9861.5549,Financial Service Provider
6859,2011,1,532,2.0,9431.2,9501.1519,9583.2176,9654.297,9718.8139,,9614.3701,,Non-Financial Service Provider
6860,2011,1,535,1.0,9431.2,9505.7607,9583.2311,9663.6701,9751.8449,9843.1957,9623.1181,9988.7966,Financial Service Provider
6861,2011,1,538,2.0,9431.2,9484.3586,9540.08,9605.231,9672.8867,9742.5619,9575.6391,9848.3609,Non-Financial Service Provider
6862,2011,1,540,2.0,9431.2,9479.8,9552.4,9630.3,9701.7,9780.8,9591.1,9898.6,Non-Financial Service Provider
6863,2011,1,542,1.0,9431.2,9512.6615,9571.5662,9642.5592,9725.8463,9809.8528,9613.8024,9950.2855,Financial Service Provider
6864,2011,1,548,2.0,9431.2,9482.0176,9558.2129,9622.383,9687.4193,9732.208,9587.5082,9808.6835,Non-Financial Service Provider
6865,2011,1,549,1.0,9431.2,9512.6615,9594.8266,9668.3374,9732.9481,9786.0432,9623.1181,9873.3192,Financial Service Provider
6866,2011,1,553,2.0,9431.2,9504.2918,9580.3261,9656.9687,9731.8103,9797.5,9618.3492,9888.6248,Non-Financial Service Provider
6867,2011,1,555,1.0,9431.2,9508.7,9551.4,9597.2,9651.2,9709.2,9577.1,9798.2,Financial Service Provider
6868,2011,1,556,1.0,9431.2,9471.0849,9505.7472,9547.4234,9590.0415,9655.0071,9528.5742,9727.803,Financial Service Provider
6869,2011,1,557,1.0,9431.2,9490.6166,9550.4074,9607.7099,9665.3561,9728.181,9578.5225,9807.491,Financial Service Provider
6870,2011,1,558,1.0,9431.2,9533.0905,9625.4383,9710.709,9788.9975,9818.4031,9664.5588,9889.6021,Financial Service Provider
6871,2011,1,560,2.0,9431.2,9472.627,9515.4652,9560.9667,9601.723,9645.145,9537.6955,9871.5148,Non-Financial Service Provider
6872,2011,1,561,2.0,9434.9,9514.4,9606.7,9689.0,9764.4,9815.1,9643.6,9898.7,Non-Financial Service Provider
6873,2011,1,563,2.0,9431.2,9510.3629,9601.7629,9701.0313,9789.547,9886.0074,9651.0652,10027.4567,Non-Financial Service Provider
6874,2011,1,564,2.0,9423.9,9499.3,9575.3,9647.1,9719.5,9763.2,9610.3,9841.0,Non-Financial Service Provider
6875,2011,1,568,2.0,9431.2,9490.8937,9553.3104,9615.3317,9676.4232,9724.5213,9583.9897,9818.6609,Non-Financial Service Provider
6876,2011,2,407,2.0,9486.4,9547.432,9599.515,9666.018,9725.872,9786.097,9574.8,9816.6,Non-Financial Service Provider
6877,2011,2,411,2.0,9486.4,9548.139,9618.898,9692.843,9750.641,9805.142,9586.5535,9845.6092,Non-Financial Service Provider
6878,2011,2,420,2.0,9486.4,9581.0,9662.0,9734.0,9797.0,9861.0,9616.0,9876.0,Non-Financial Service Provider
6879,2011,2,422,1.0,9486.4,9568.3,9639.3,9710.8,9770.9,9843.4,9601.17,9880.14,Financial Service Provider
6880,2011,2,423,2.0,9486.4,9557.4098,9632.6924,9703.558,9776.6859,9850.4571,9595.015,9887.3688,Non-Financial Service Provider
6881,2011,2,424,1.0,9486.4,9553.4,9644.4,9736.4,9821.0684,9906.4734,9605.15,9949.9206,Financial Service Provider
6882,2011,2,426,2.0,9486.4,9551.6,9621.6,9663.3048,9730.9124,9830.2209,9580.7262,9849.2973,Non-Financial Service Provider
6883,2011,2,431,1.0,9486.4,9557.8,9624.5,9686.1,9707.4,9756.3,9588.7,9789.7,Financial Service Provider
6884,2011,2,446,2.0,9486.4,9550.957,9622.3809,9701.4473,9772.4896,9836.2564,9590.2448,9861.6632,Non-Financial Service Provider
6885,2011,2,463,2.0,9486.4,9545.1915,9600.7018,9656.2403,9698.0674,9749.4773,9572.1334,9789.0299,Non-Financial Service Provider
6886,2011,2,472,2.0,9486.4,9542.8137,9610.1998,9665.3544,9719.6084,9785.1089,9576.192,9822.5994,Non-Financial Service Provider
6887,2011,2,483,3.0,9486.4,9556.7613,9632.3147,9713.1657,9799.4282,9891.2249,9597.1604,9937.9851,Unknown
6888,2011,2,484,2.0,9486.4,9547.4694,9613.6111,9682.5644,9737.7653,9798.064,9582.4598,9835.7719,Non-Financial Service Provider
6889,2011,2,498,1.0,9486.4,9542.8132,9599.5619,9656.648,9721.1806,9786.1445,9574.3808,9823.3147,Financial Service Provider
6890,2011,2,504,1.0,9486.4,9539.7931,9608.6736,9672.7382,9742.5054,9814.3452,9576.9012,9854.5145,Financial Service Provider
6891,2011,2,506,2.0,9486.4,9546.33,9591.32,9670.68,9725.22,9781.59,9573.67,9808.18,Non-Financial Service Provider
6892,2011,2,507,3.0,9486.4,9555.5036,9622.3271,9692.32,9761.268,9829.0654,9589.1377,9871.4419,Unknown
6893,2011,2,508,2.0,9486.4,9516.9868,9573.7253,9647.6847,9717.6323,9782.8852,9528.8884,9787.7789,Non-Financial Service Provider
6894,2011,2,510,2.0,9486.4,9486.4,9565.0,9628.4,9745.4,9809.3,9592.7,9840.0,Non-Financial Service Provider
6895,2011,2,516,1.0,9486.4,9568.3383,9650.9843,9734.3441,9794.6216,9855.2723,9610.0167,9885.9738,Financial Service Provider
6896,2011,2,518,2.0,9486.4,9539.1338,9583.4682,9641.7658,9702.131,9757.1325,9559.6101,9789.1179,Non-Financial Service Provider
6897,2011,2,520,2.0,9486.4,9568.3383,9657.9702,9750.7887,9837.3854,9922.3552,9615.8743,9964.3613,Non-Financial Service Provider
6898,2011,2,523,2.0,9486.4,9560.8735,9621.4684,9684.0761,9748.1664,9813.3464,9588.2045,9846.7509,Non-Financial Service Provider
6899,2011,2,524,2.0,9486.4,9562.6,9631.6,9698.3,9751.2,9808.7,9594.7,9837.3,Non-Financial Service Provider
6900,2011,2,526,2.0,9486.4,9579.9,9674.3,9769.6,9865.9,9963.1,9627.5,10012.6,Non-Financial Service Provider
6901,2011,2,527,2.0,9486.4,9552.0,9624.0,9691.0,9748.0,9820.0,9588.35,9857.0,Non-Financial Service Provider
6902,2011,2,532,2.0,9486.4,9547.4694,9618.2836,9682.5599,9744.892,,9583.6782,,Non-Financial Service Provider
6903,2011,2,533,1.0,9486.4,9520.0,9570.0,9620.0,9655.0,9710.0,9549.1,9731.0,Financial Service Provider
6904,2011,2,535,1.0,9486.4,9561.3971,9646.3118,9736.6741,9827.8829,9924.721,9611.6352,9976.8773,Financial Service Provider
6905,2011,2,540,2.0,9486.4,9535.8,9597.2,9666.0,9733.0,9795.7,9571.4,9827.4,Non-Financial Service Provider
6906,2011,2,542,1.0,9486.4,9556.7613,9627.6445,9710.8028,9794.6793,9879.2803,9595.3506,9931.3249,Financial Service Provider
6907,2011,2,546,1.0,9486.4,9552.1187,9622.9675,9701.393,9768.6011,9841.0555,9593.008,9899.9843,Financial Service Provider
6908,2011,2,548,2.0,9486.4,9550.8057,9597.9476,9678.8226,9734.5562,9792.9178,9578.4847,9819.3961,Non-Financial Service Provider
6909,2011,2,549,1.0,9486.4,9554.4409,9632.3079,9694.3166,9747.201,9805.1651,9593.008,9842.4262,Financial Service Provider
6910,2011,2,553,2.0,9486.4,9555.1764,9626.8402,9699.0415,9764.5101,9832.8616,9591.8645,9861.3959,Non-Financial Service Provider
6911,2011,2,555,1.0,9486.4,9543.4,9594.3,9647.3,9699.0,9754.5,9547.9,9784.9,Financial Service Provider
6912,2011,2,556,1.0,9486.4,9539.4291,9587.6957,9631.283,9686.7673,9740.7651,9561.2019,9765.7135,Financial Service Provider
6913,2011,2,557,1.0,9486.4,9548.0616,9608.2144,9665.8637,9723.8589,9776.3677,9577.1349,9802.4005,Financial Service Provider
6914,2011,2,558,1.0,9486.4,9510.321,9563.7731,9611.2719,9632.7297,9667.9575,9536.8579,9696.7689,Financial Service Provider
6915,2011,2,559,1.0,9486.4,9576.0,9648.9,9730.0,9808.5,9891.5,9614.1,9932.2,Financial Service Provider
6916,2011,2,561,2.0,9486.3,9520.2,9592.4,9662.3,9726.1,9770.6,9565.3,9803.4,Non-Financial Service Provider
6917,2011,2,563,2.0,9486.4,9568.3383,9653.3146,9729.6313,9816.0401,9900.8256,9611.6352,9948.0424,Non-Financial Service Provider
6918,2011,2,564,2.0,9486.363,9543.3,9610.1,9682.2,9728.2,9789.0,9580.491,9821.0,Non-Financial Service Provider
6919,2011,2,568,2.0,9486.4,9541.5057,9607.6018,9670.0914,9719.6192,9781.0782,9576.3997,9813.8218,Non-Financial Service Provider
6920,2011,3,407,2.0,9378.9,9446.21,9511.65,9570.549,9629.812,9689.442,9428.3848,9659.8113,Non-Financial Service Provider
6921,2011,3,420,2.0,9378.9,9426.0,9485.0,9541.0,9595.0,9665.0,9417.0,9639.0,Non-Financial Service Provider
6922,2011,3,422,1.0,9378.9,9448.5,9507.0,9560.0,9613.3,9667.0,9427.76,9640.29,Financial Service Provider
6923,2011,3,423,2.0,9378.9,9432.2,9469.8,9513.2,9576.5,9631.9,9414.4,9604.5,Non-Financial Service Provider
6924,2011,3,426,2.0,9378.9,9407.24,9427.9,9466.2,9514.0,9567.8,9397.685,9543.35,Non-Financial Service Provider
6925,2011,3,431,1.0,9378.9,9420.9,9494.2,9511.2,9566.5,9627.1,9417.7,9601.0,Financial Service Provider
6926,2011,3,433,2.0,9378.9,9409.2339,9460.5632,9500.5168,9554.6798,9620.8715,9405.318,9593.4244,Non-Financial Service Provider
6927,2011,3,446,2.0,9378.9,9413.8748,9472.1678,9530.8218,9590.4237,9650.9924,9410.4106,9621.1963,Non-Financial Service Provider
6928,2011,3,456,1.0,9378.9,9413.8748,9448.9799,9484.216,9531.2855,9578.5886,9404.6137,9555.0542,Financial Service Provider
6929,2011,3,463,2.0,9378.9,9417.4135,9462.7492,9503.7448,9560.7918,9632.9979,9408.9407,9602.4607,Non-Financial Service Provider
6930,2011,3,472,2.0,9378.9,9436.2,9467.3,9499.0,9534.9,9583.5,9414.8,9560.2,Non-Financial Service Provider
6931,2011,3,483,3.0,9378.9,9430.0638,9486.1419,9544.8825,9606.3283,9670.5246,9417.9514,9639.8136,Unknown
6932,2011,3,484,2.0,9378.9,9402.2598,9437.3217,9479.506,9538.2054,9601.9465,9396.0971,9574.6229,Non-Financial Service Provider
6933,2011,3,498,1.0,9378.9,9430.0638,9481.5066,9533.2301,9585.2358,9644.5899,9414.5389,9612.2442,Financial Service Provider
6934,2011,3,504,1.0,9378.9,9435.4231,9535.0131,9596.0511,9663.9028,9731.3049,9431.5091,9700.1106,Financial Service Provider
6935,2011,3,507,3.0,9378.9,9430.301,9488.7769,9550.4659,9612.1186,9680.7794,9418.6695,9649.2398,Unknown
6936,2011,3,510,2.0,9378.9,9438.0,9488.6,9544.5,9596.0,9643.0,9420.5,9616.8,Non-Financial Service Provider
6937,2011,3,516,1.0,9378.9,9436.9765,9497.7276,9565.8498,9634.4605,9703.5633,9422.576,9669.2588,Financial Service Provider
6938,2011,3,518,2.0,9378.9,9400.214,9432.9799,9471.8258,9515.1529,9563.649,9400.2241,9545.0892,Non-Financial Service Provider
6939,2011,3,520,2.0,9378.9,9418.5087,9467.5712,9528.5193,9594.5298,9665.6932,9410.42,9632.1223,Non-Financial Service Provider
6940,2011,3,523,2.0,9378.9,9427.4,9477.0,9532.6,9591.7,9653.3,9415.0,9623.6,Non-Financial Service Provider
6941,2011,3,524,2.0,9378.9,9432.1,9471.8,9526.4,9581.3,9646.8,9414.8,9616.5,Non-Financial Service Provider
6942,2011,3,527,2.0,9378.9,9386.0,9390.0,9396.0,9408.0,9426.0,9383.0,9420.0,Non-Financial Service Provider
6943,2011,3,532,2.0,9378.9,9425.4468,9483.8115,9519.1775,9578.1226,,,,Non-Financial Service Provider
6944,2011,3,540,2.0,9378.9,9421.5,9479.8,9543.2,9604.6,9668.8,9414.2,9635.7,Non-Financial Service Provider
6945,2011,3,542,1.0,9378.9,9436.9765,9495.4125,9554.2105,9613.3725,9684.6756,9423.7598,9649.93,Financial Service Provider
6946,2011,3,546,1.0,9378.9,9420.8231,9472.2156,9533.1936,9599.2365,9665.7369,9414.5389,9640.4878,Financial Service Provider
6947,2011,3,548,2.0,9378.9,9529.244,9591.5479,9635.6905,9681.0635,9720.3983,9515.4248,9702.6213,Non-Financial Service Provider
6948,2011,3,549,1.0,9378.9,9427.7561,9483.8206,9530.8882,9587.5659,9651.6369,9414.5389,9621.6588,Financial Service Provider
6949,2011,3,551,2.0,,,,,,,,,Non-Financial Service Provider
6950,2011,3,554,2.0,9378.9,9416.5,9479.0,9519.0,9551.0,9572.0,9412.8,9651.5,Non-Financial Service Provider
6951,2011,3,555,1.0,9378.9,9417.1,9452.7,9489.7,9529.5,9572.4,9406.4,9552.6,Financial Service Provider
6952,2011,3,557,1.0,9378.9,9430.8591,9487.8215,9540.0045,9592.4745,9644.2739,9418.5702,9618.2765,Financial Service Provider
6953,2011,3,558,1.0,9378.9,9543.985,9608.7817,9645.5094,9694.4458,9743.7034,9503.7787,9723.0053,Financial Service Provider
6954,2011,3,561,2.0,9378.9,9427.2,9473.5,9532.0,9591.8,9667.0,9414.1,9633.6,Non-Financial Service Provider
6955,2011,3,563,2.0,9378.9,9436.9765,9474.5,9516.8504,9573.4447,9623.3142,9423.7598,9668.7776,Non-Financial Service Provider
6956,2011,3,568,2.0,9378.9,9418.7327,9471.8723,9531.5177,9589.6356,9650.98,9411.5513,9622.7523,Non-Financial Service Provider
6957,2011,4,407,2.0,9449.5,9514.98,9573.899,9633.183,9692.834,9752.855,9433.495,9663.1928,Non-Financial Service Provider
6958,2011,4,411,2.0,9449.5,9513.907,9558.404,9595.725,9661.219,9728.481,9433.2055,9635.9573,Non-Financial Service Provider
6959,2011,4,420,2.0,9449.5,9510.0,9572.0,9634.0,9709.0,9793.0,9432.0,9677.0,Non-Financial Service Provider
6960,2011,4,421,2.0,9449.5,9542.6098,9625.0335,9701.1267,9756.4334,9845.4546,9432.9807,9725.4031,Non-Financial Service Provider
6961,2011,4,422,1.0,9449.5,9515.0,9569.2,9622.6,9676.3,9730.3,9433.48,9649.59,Financial Service Provider
6962,2011,4,424,1.0,9449.5,9507.0,9557.0,9607.0,9657.0,9707.0,9431.475,9632.0,Financial Service Provider
6963,2011,4,426,2.0,9449.5,9491.3,9534.8,9583.4,9639.0,9685.5,9427.55,9610.675,Non-Financial Service Provider
6964,2011,4,428,2.0,9449.5,9487.86,9531.96,9600.45,9673.43,9751.72,9426.69,9639.39,Non-Financial Service Provider
6965,2011,4,431,1.0,9449.5,9513.3,9570.5,9639.9,9713.0,9787.9,9433.1,9677.8,Financial Service Provider
6966,2011,4,433,2.0,9449.5,9500.3516,9547.0322,9591.1396,9637.0918,9704.7959,9429.8121,9620.0143,Non-Financial Service Provider
6967,2011,4,446,2.0,9449.5,9496.3972,9544.9303,9595.1635,9647.1637,9701.0012,9428.8243,9622.0647,Non-Financial Service Provider
6968,2011,4,456,1.0,9449.5,9473.0357,9484.8548,9520.2247,9567.4729,9626.7171,9422.9839,9549.8174,Financial Service Provider
6969,2011,4,463,2.0,9449.5,9512.2791,9537.5084,9571.6021,9630.3746,9704.7457,9432.7948,9611.0577,Non-Financial Service Provider
6970,2011,4,472,2.0,9449.5,9511.4046,9560.3534,9609.6482,9664.7356,9717.6296,9432.5761,9638.0917,Non-Financial Service Provider
6971,2011,4,483,3.0,9449.5,9505.6938,9564.5554,9626.1278,9690.4565,9757.5889,9431.1484,9659.6821,Unknown
6972,2011,4,498,1.0,9449.5,9510.3318,9557.5309,9604.9643,9640.7821,9671.963,9432.9807,9621.6403,Financial Service Provider
6973,2011,4,504,1.0,9449.5,9524.7037,9596.2553,9663.3196,9725.0011,9802.3352,9435.9,9696.7278,Financial Service Provider
6974,2011,4,506,2.0,9449.5,9499.802,9546.76,9600.987,9651.642,9703.81,9429.7005,9625.7998,Non-Financial Service Provider
6975,2011,4,507,3.0,9449.5,9498.6797,9545.8415,9596.4615,9653.6704,9719.2996,9429.3949,9628.8182,Unknown
6976,2011,4,508,2.0,9449.5,9488.9528,9523.826,9580.6506,9623.6096,9673.1276,9426.9881,9600.3035,Non-Financial Service Provider
6977,2011,4,510,2.0,9449.5,9503.0,9559.0,9610.6,9657.6,9698.5,9430.5,9631.4,Non-Financial Service Provider
6978,2011,4,518,2.0,9449.5,9501.3206,9534.0162,9579.8473,9628.1851,9680.353,9430.0883,9605.6216,Non-Financial Service Provider
6979,2011,4,520,2.0,9449.5,9510.3318,9569.2221,9626.1278,9685.7352,9748.0878,9432.308,9657.2932,Non-Financial Service Provider
6980,2011,4,523,2.0,9449.5,9506.2,9562.6,9617.9,9677.5,9738.2,9431.3,9649.0,Non-Financial Service Provider
6981,2011,4,524,2.0,9449.5,9495.2,9534.0,9576.8,9623.3,9660.3,9428.3,9598.6,Non-Financial Service Provider
6982,2011,4,526,2.0,9449.5,9501.0489,9555.215,9621.4104,9692.7731,9767.0343,9429.9872,9659.1082,Non-Financial Service Provider
6983,2011,4,527,2.0,9449.5,9475.0,9521.0,9578.0,9627.0,9680.0,9423.475,9601.5,Non-Financial Service Provider
6984,2011,4,532,2.0,9449.5,9496.3972,9531.8101,9579.1159,9626.6564,,9428.8243,,Non-Financial Service Provider
6985,2011,4,535,1.0,9449.5,9514.9631,9573.8821,9635.5146,9702.2664,9776.6003,9432.9807,9668.8052,Financial Service Provider
6986,2011,4,540,2.0,9449.5,9493.7,9552.5,9614.0,9678.2,9735.8,9428.2,9645.1,Non-Financial Service Provider
6987,2011,4,542,1.0,9449.5,9508.0136,9566.8896,9626.1301,9697.5278,9769.4551,9431.7284,9665.0007,Financial Service Provider
6988,2011,4,546,1.0,9449.5,9484.738,9527.1342,9574.4168,9621.9339,9674.4235,9423.7598,9593.3875,Financial Service Provider
6989,2011,4,548,2.0,9449.5,9501.8949,9548.2525,9600.1072,9648.9352,9701.0593,9430.2237,9624.5885,Non-Financial Service Provider
6990,2011,4,549,1.0,9449.5,9496.3972,9541.1872,9597.9262,9655.0026,9717.1574,9423.7598,9621.6588,Financial Service Provider
6991,2011,4,553,2.0,9449.5,9501.4723,9553.7303,9606.2759,9661.512,9714.6503,9430.2431,9628.2782,Non-Financial Service Provider
6992,2011,4,554,2.0,9449.5,9507.7,9548.0,9580.0,9601.0,9633.0,9432.0,9591.0,Non-Financial Service Provider
6993,2011,4,555,1.0,9449.5,9512.1,9544.3,9576.4,9610.1,9645.0,9432.8,9594.0,Financial Service Provider
6994,2011,4,556,1.0,9449.5,9496.8628,9532.2042,9580.5899,9643.6746,9689.1549,9428.9407,9611.4059,Financial Service Provider
6995,2011,4,557,1.0,9449.5,9473.1238,9525.2259,9582.3773,9639.8716,9692.8908,9423.0059,9610.0914,Financial Service Provider
6996,2011,4,558,1.0,9449.5,9498.2895,9554.7404,9594.3381,9643.3564,9704.5971,9421.8933,9624.258,Financial Service Provider
6997,2011,4,559,1.0,9449.5,9498.7,9545.9,9594.2,9644.2,9695.6,9429.4,9619.9,Financial Service Provider
6998,2011,4,560,2.0,9449.5,9571.3986,9710.1838,9851.9525,9996.7762,10144.7285,9447.6,9925.9,Non-Financial Service Provider
6999,2011,4,563,2.0,9449.5,9501.0489,9541.1735,9600.2548,9652.6261,9705.283,9432.9807,9631.0733,Non-Financial Service Provider
7000,2011,4,564,2.0,9430.3,9465.7,9505.9,9548.7,9594.0,9637.2,9416.35,9571.45,Non-Financial Service Provider
7001,2011,4,568,2.0,9449.5,9505.0087,9564.0969,9620.6351,9681.8668,9749.6109,9430.9772,9654.0524,Non-Financial Service Provider
7002,2012,1,407,2.0,9481.3,9535.37,9589.731,9649.113,9708.863,9757.047,9620.7693,9829.9233,Non-Financial Service Provider
7003,2012,1,420,2.0,9481.3,9550.0,9600.0,9665.0,9737.0,9802.0,9638.0,9818.0,Non-Financial Service Provider
7004,2012,1,421,2.0,9481.3,9558.571,9643.4605,9707.905,9805.9167,9881.0448,9684.8908,10004.4922,Non-Financial Service Provider
7005,2012,1,422,1.0,9481.3,9547.0,9600.3,9653.8,9707.7,9761.8,9627.18,9843.79,Financial Service Provider
7006,2012,1,423,2.0,9481.3,9527.1304,9587.9819,9649.0138,9712.9987,9782.5121,9619.2812,9888.3985,Non-Financial Service Provider
7007,2012,1,424,1.0,9481.3,9538.0,9588.0,9638.0,9688.0,,9613.0,9834.099,Financial Service Provider
7008,2012,1,426,2.0,9481.3,9565.3,9621.3,9669.1,9735.3,9822.5,9647.75,9927.55,Non-Financial Service Provider
7009,2012,1,428,2.0,9481.3,9541.98,9598.37,9679.81,9771.47,9833.92,9647.9,9955.4,Non-Financial Service Provider
7010,2012,1,431,1.0,9481.3,9525.9,9578.3,9632.7,9683.5,9737.5,9605.1,9826.5,Financial Service Provider
7011,2012,1,433,2.0,9481.3,9521.3412,9573.282,9630.2118,9694.5678,9740.2924,9600.1009,9840.1034,Non-Financial Service Provider
7012,2012,1,446,2.0,9481.3,9533.1543,9589.4267,9650.5168,9716.8642,9773.3363,9622.5416,9838.4167,Non-Financial Service Provider
7013,2012,1,456,1.0,9481.3,9526.0188,9561.5422,9608.9955,9656.6842,9692.6949,9588.3102,9766.5958,Financial Service Provider
7014,2012,1,472,2.0,9481.3,9549.4348,9615.2529,9688.9553,9767.8683,9849.5191,9655.3778,9973.6827,Non-Financial Service Provider
7015,2012,1,483,3.0,9481.3,9540.0105,9601.425,9665.5886,9732.5487,9802.355,9634.8932,9914.3795,Unknown
7016,2012,1,484,2.0,9481.3,9533.0224,9585.0269,9637.3151,9685.1445,9730.8247,9609.522,9801.7124,Non-Financial Service Provider
7017,2012,1,504,1.0,9481.3,9554.9566,9631.0118,9702.8852,9777.9555,9861.1139,9666.7023,9974.3644,Financial Service Provider
7018,2012,1,506,2.0,9481.3,9526.4,9587.3,9640.5,9701.3,9742.6,9613.9,9807.0,Non-Financial Service Provider
7019,2012,1,507,3.0,9481.3,9526.6449,9577.2554,9627.074,9693.7012,9764.416,9606.1689,9856.9428,Unknown
7020,2012,1,508,2.0,9481.3,9534.9936,9572.5509,9619.4972,9676.6978,9733.1127,9600.9349,9821.9919,Non-Financial Service Provider
7021,2012,1,510,2.0,9481.3,9564.6,9633.6,9694.5,9744.0,9792.8,9659.2,9831.2,Non-Financial Service Provider
7022,2012,1,518,2.0,9481.3,9528.9951,9570.1519,9616.6254,9664.6638,9712.886,9593.954,9778.4361,Non-Financial Service Provider
7023,2012,1,520,2.0,9481.3,9542.3365,9599.0824,9658.5222,9720.6996,9785.6603,9630.1602,9889.6361,Non-Financial Service Provider
7024,2012,1,523,2.0,9481.3,9586.17,9669.83,9752.63,9837.68,9921.93,9711.58,10048.41,Non-Financial Service Provider
7025,2012,1,524,2.0,9481.3,9533.1,9585.7,9634.1,9689.2,9743.6,9610.5,9832.0,Non-Financial Service Provider
7026,2012,1,527,2.0,9481.3,9529.0,9583.0,9651.0,9717.0,9774.0,9620.0,9861.0,Non-Financial Service Provider
7027,2012,1,532,2.0,9481.3,9516.6566,9563.8871,9611.352,9663.7839,,9588.9199,,Non-Financial Service Provider
7028,2012,1,535,1.0,9481.3,9523.6808,9575.6344,9637.2782,9708.7586,9790.2513,9609.522,9917.0267,Financial Service Provider
7029,2012,1,540,2.0,9481.3,9520.2,9572.1,9626.7,9688.7,9755.8,9601.9,9845.0,Non-Financial Service Provider
7030,2012,1,542,1.0,9481.3,9540.9411,9600.9575,9673.1073,9745.7994,9792.9667,9640.2013,9887.6422,Financial Service Provider
7031,2012,1,546,1.0,9481.3,9528.355,9580.3341,9632.5967,9687.5128,9745.1219,9609.522,9840.1505,Financial Service Provider
7032,2012,1,548,2.0,9481.3,9550.3637,9602.987,9655.7686,9705.6583,9746.3734,9628.6944,9797.6212,Non-Financial Service Provider
7033,2012,1,549,1.0,9481.3,9528.355,9577.9897,9630.2396,9689.8724,9742.7326,9609.522,9830.541,Financial Service Provider
7034,2012,1,551,2.0,,,,,,,,,Non-Financial Service Provider
7035,2012,1,553,2.0,9481.3,9533.4472,9585.8811,9640.9999,9694.0254,9747.3426,9613.5884,9834.7009,Non-Financial Service Provider
7036,2012,1,554,2.0,9481.3,9536.0,9601.0,9667.0,9747.0,9804.0,9637.8,9890.5,Non-Financial Service Provider
7037,2012,1,555,1.0,9481.3,9524.7,9559.8,9598.4,9640.3,9665.2,9580.8,9713.6,Financial Service Provider
7038,2012,1,556,1.0,9481.3,9540.555,9589.6699,9644.2182,9680.7208,,9613.791,,Financial Service Provider
7039,2012,1,557,1.0,9481.3,9547.6691,9604.9551,9657.7824,9710.9002,9759.4547,9630.3267,9829.2051,Financial Service Provider
7040,2012,1,558,1.0,9481.3,9492.0667,9533.3857,9573.2536,9623.345,9694.7091,9555.5124,9790.3518,Financial Service Provider
7041,2012,1,559,1.0,9482.0,9520.0,9577.8,9642.2,9709.8,9777.2,9612.45,,Financial Service Provider
7042,2012,1,561,2.0,9481.3,9552.4,9613.6,9671.9,9725.9,9760.1,9641.0,9839.6,Non-Financial Service Provider
7043,2012,1,563,2.0,9481.3,9518.9997,9568.5857,9618.43,9666.1656,9718.8964,9590.6798,9792.0841,Non-Financial Service Provider
7044,2012,1,564,2.0,9492.5,9539.9,9592.4,9642.8,9688.6,9712.8,9615.925,9780.35,Non-Financial Service Provider
7045,2012,1,568,2.0,9481.3,9551.2359,9606.2316,9662.3306,9726.3972,9772.6301,9636.5488,9859.2472,Non-Financial Service Provider
7046,2012,1,569,1.0,9481.3,9546.9834,9620.1276,9700.8763,9784.6671,9859.6324,9666.0486,9975.3622,Financial Service Provider
7047,2012,2,407,2.0,9550.2,9604.6,9664.1,9724.0,9772.2,9820.7,9635.7345,9845.2143,Non-Financial Service Provider
7048,2012,2,420,2.0,9550.2,9600.0,9661.0,9735.0,9796.0,9866.0,9633.0,9931.0,Non-Financial Service Provider
7049,2012,2,421,2.0,9550.2,9623.3689,9694.7461,9792.6249,9867.6512,9936.0111,9685.0964,10004.7046,Non-Financial Service Provider
7050,2012,2,422,1.0,9550.2,9603.5,9657.0,9710.9,9765.1,9819.6,9630.41,9847.09,Financial Service Provider
7051,2012,2,423,2.0,9550.2,9588.0,9649.0,9713.0,9783.0,9852.0,9619.0,9888.0,Non-Financial Service Provider
7052,2012,2,424,1.0,9550.2,9599.459,9659.8789,9720.6794,9781.863,9843.432,9632.5543,9878.3091,Financial Service Provider
7053,2012,2,426,2.0,9550.2,9599.1,9648.7,9694.5,9746.4,9830.7,9623.125,9870.45,Non-Financial Service Provider
7054,2012,2,428,2.0,9550.2,9590.5664,9661.0752,9746.5312,9796.5332,9866.7998,9634.2073,9913.352,Non-Financial Service Provider
7055,2012,2,431,1.0,9550.2,9608.4,9664.3,9713.9,9758.9,9813.6,9634.2,9847.1,Financial Service Provider
7056,2012,2,433,2.0,9550.2,9609.3372,9671.198,9735.8278,9784.1461,9849.5307,9637.9899,9888.5776,Non-Financial Service Provider
7057,2012,2,446,2.0,9550.2,9602.2982,9656.239,9712.0962,9768.8333,9826.4677,9630.2595,9856.2562,Non-Financial Service Provider
7058,2012,2,463,2.0,9550.2,9603.7048,9653.6534,9701.0173,9707.3088,9731.0351,9627.1439,9772.6839,Non-Financial Service Provider
7059,2012,2,483,3.0,9550.2,9611.6801,9671.198,9731.0844,9800.8803,9873.5741,9641.0406,9912.8879,Unknown
7060,2012,2,484,2.0,9550.2,9611.6801,9666.4769,9723.9609,9777.0071,9825.5297,9637.9899,9850.0257,Non-Financial Service Provider
7061,2012,2,504,1.0,9550.2,9626.1674,9715.063,9788.7817,9863.4754,9938.8268,9670.053,9971.2746,Financial Service Provider
7062,2012,2,506,2.0,9550.2,9607.627,9659.764,9710.805,9761.014,9805.314,9632.0995,9833.1363,Non-Financial Service Provider
7063,2012,2,507,3.0,9550.2,9601.1259,9657.7169,9724.1655,9793.9672,9855.7934,9633.3021,9886.7741,Unknown
7064,2012,2,508,2.0,9550.2,9599.5412,9648.4438,9698.1749,9760.3248,9824.4861,9624.0904,9855.4194,Non-Financial Service Provider
7065,2012,2,510,2.0,,,,,,,,,Non-Financial Service Provider
7066,2012,2,512,2.0,9550.2,9576.8763,9610.2208,9615.0224,9619.8263,9641.3982,9600.3047,9705.9081,Non-Financial Service Provider
7067,2012,2,518,2.0,9550.2,9596.3764,9639.7523,9683.1446,9727.8667,9773.6626,9619.0063,9803.1442,Non-Financial Service Provider
7068,2012,2,520,2.0,9550.2,9609.3372,9668.8406,9735.8232,9800.8849,9873.5788,9637.9899,9907.8536,Non-Financial Service Provider
7069,2012,2,524,2.0,9550.2,9615.7,9662.7,9701.8,9758.1,9823.1,9632.5,9851.8,Non-Financial Service Provider
7070,2012,2,527,2.0,9550.2,9605.0,9665.0,9733.0,9801.0,9857.0,9638.3,9853.0,Non-Financial Service Provider
7071,2012,2,532,2.0,9550.2,9599.9485,9659.3937,9714.4625,9755.4884,,9631.0012,,Non-Financial Service Provider
7072,2012,2,535,1.0,9550.2,9609.3372,9671.198,9740.5643,9815.1916,9895.1838,9647.4112,9946.4809,Financial Service Provider
7073,2012,2,540,2.0,9550.2,9604.5,9668.9,9736.9,9800.7,9855.2,9640.1,9879.6,Non-Financial Service Provider
7074,2012,2,542,1.0,9550.2,9610.2746,9682.4945,9755.2571,9802.4701,9863.41,9649.5565,9897.2375,Financial Service Provider
7075,2012,2,546,1.0,9550.2,9604.6463,9657.0415,9712.0969,9769.8523,9830.3496,9628.5686,9859.6542,Financial Service Provider
7076,2012,2,548,2.0,9550.2,9587.6356,9644.3254,9696.3379,9744.8578,9788.7002,9614.1002,9816.7405,Non-Financial Service Provider
7077,2012,2,549,1.0,9550.2,9609.3372,9671.198,9726.3341,9765.0081,9818.2782,9637.9899,9850.0257,Financial Service Provider
7078,2012,2,553,2.0,9550.2,9607.5012,9660.3425,9715.8894,9769.3268,9823.0581,9633.4833,9911.0951,Non-Financial Service Provider
7079,2012,2,556,1.0,9550.2,9610.3586,9657.6578,9692.272,,,9627.6221,,Financial Service Provider
7080,2012,2,557,1.0,9550.2,9597.951,9650.7397,9698.9934,9744.5787,9791.3527,9624.471,9815.9472,Financial Service Provider
7081,2012,2,558,1.0,9550.2,9589.3,9658.95,9727.43,9777.14,9829.19,9631.47,9766.22,Financial Service Provider
7082,2012,2,559,1.0,9550.2,9616.4,9687.7,9759.5,9827.2,9900.0,9653.4,9938.9,Financial Service Provider
7083,2012,2,563,2.0,9550.2,9599.9485,9649.9561,9697.8482,9748.3658,9799.1465,9600.3047,9801.9111,Non-Financial Service Provider
7084,2012,2,568,2.0,9550.2,9591.1097,9646.6829,9710.6219,9756.8435,9814.3195,9624.6536,9843.4161,Non-Financial Service Provider
7085,2012,2,569,1.0,,,,,,,,,Financial Service Provider
7086,2012,3,407,2.0,9582.0,9636.6,9696.3,9734.8,9783.2,9831.7,9615.4258,9810.572,Non-Financial Service Provider
7087,2012,3,411,2.0,9582.0,9619.1357,9671.9678,9711.8506,9760.791,9824.71,9604.9688,9795.5391,Non-Financial Service Provider
7088,2012,3,420,2.0,9582.0,9618.0,9659.0,9702.0,9758.0,9809.0,9601.0,9781.0,Non-Financial Service Provider
7089,2012,3,421,2.0,9582.0,9660.0917,9757.6206,9832.3787,9900.4942,9981.1815,9636.2336,9954.2293,Non-Financial Service Provider
7090,2012,3,422,1.0,9582.0,9635.4,9689.2,9742.0,9792.8,9843.8,9613.36,9818.43,Financial Service Provider
7091,2012,3,423,2.0,9582.0,9640.6308,9699.2208,9756.9608,9825.3987,9891.8785,9617.1629,9858.8445,Non-Financial Service Provider
7092,2012,3,424,1.0,9582.0,9612.8789,9663.6794,9719.863,9781.432,9848.3062,9601.3396,9816.3091,Financial Service Provider
7093,2012,3,426,2.0,9582.0,9623.9,9659.3,9720.9,9782.0,9844.5,9603.0,9819.4,Non-Financial Service Provider
7094,2012,3,428,2.0,9582.0,9637.6,9705.1,9747.3,9812.1,9893.9,9617.9,9858.9,Non-Financial Service Provider
7095,2012,3,431,1.0,9582.0,9626.4,9671.3,9722.4,9779.1,9843.0,9606.6,9813.8,Financial Service Provider
7096,2012,3,433,2.0,9582.0,9624.831,9691.5087,9737.219,9795.1237,9867.7748,9607.9472,9828.93,Non-Financial Service Provider
7097,2012,3,446,2.0,9582.0,9624.3492,9675.3258,9728.4531,9783.8319,9841.5685,9607.0933,9813.8811,Non-Financial Service Provider
7098,2012,3,456,1.0,9582.0,9629.5548,9665.4643,9689.5378,9725.671,9773.9388,9605.9548,9752.8985,Financial Service Provider
7099,2012,3,463,2.0,9582.0,9592.3442,9621.3351,9619.2584,9664.5399,9730.8189,9585.6198,9704.2649,Non-Financial Service Provider
7100,2012,3,472,2.0,9582.0,9643.4269,9701.7026,9756.3772,9808.1669,9883.1768,9618.4824,9848.5531,Non-Financial Service Provider
7101,2012,3,483,3.0,9582.0,9612.9908,9636.9337,9665.7153,9694.5829,9747.4688,9594.6811,9728.3003,Unknown
7102,2012,3,484,2.0,9582.0,9617.7321,9660.7228,9713.424,9766.4126,9824.491,9598.5184,9790.4888,Non-Financial Service Provider
7103,2012,3,504,1.0,9582.0,9633.2192,9714.7542,9793.2062,9865.1383,9941.7496,9619.1934,9903.1907,Financial Service Provider
7104,2012,3,507,3.0,9582.0,9618.9164,9677.5864,9739.2631,9796.8369,9850.75,9606.3257,9828.3754,Unknown
7105,2012,3,508,2.0,,,,,,,,,Non-Financial Service Provider
7106,2012,3,510,2.0,9582.0,9647.2,9705.7,9754.1,9807.6,9858.7,9620.4,9830.8,Non-Financial Service Provider
7107,2012,3,512,2.0,9582.0,9620.5,9648.7,9673.0,9701.7,9729.4,9598.5184,9713.7006,Non-Financial Service Provider
7108,2012,3,518,2.0,9582.0,9617.7321,9646.4564,9682.4289,9723.3194,9775.738,9598.5184,9752.0947,Non-Financial Service Provider
7109,2012,3,520,2.0,9582.0,9624.831,9672.5983,9725.3643,9780.8092,9838.9732,9606.5573,9811.2613,Non-Financial Service Provider
7110,2012,3,523,2.0,9582.0,9659.7,9722.7,9789.2,9857.5,9927.0,9639.4,9892.8,Non-Financial Service Provider
7111,2012,3,524,2.0,9582.0,9628.7,9665.2,9709.3,9755.6,9813.5,9605.5,9788.3,Non-Financial Service Provider
7112,2012,3,526,2.0,9582.0,9631.229,9675.1443,9749.4423,9825.1473,9906.2312,9608.7933,9867.5992,Non-Financial Service Provider
7113,2012,3,527,2.0,9582.0,9601.0,9632.0,9681.0,9736.0,9792.0,9590.0,9766.0,Non-Financial Service Provider
7114,2012,3,532,2.0,9582.0,9629.5548,9684.4535,9725.3526,9773.6189,,,,Non-Financial Service Provider
7115,2012,3,533,1.0,9582.0,9585.0,9623.0,9647.0,9702.0,9747.0,9569.25,9786.25,Financial Service Provider
7116,2012,3,535,1.0,,,,,,,,,Financial Service Provider
7117,2012,3,540,2.0,9582.0,9636.6,9696.3,9754.0,9808.2,9853.8,9615.4,9829.7,Non-Financial Service Provider
7118,2012,3,542,1.0,9582.0,9642.2746,9702.9283,9739.1114,9787.4459,9848.2924,9618.5007,9821.0313,Financial Service Provider
7119,2012,3,546,1.0,9582.0,9622.4664,9665.4783,9713.4474,9768.8243,9829.3153,9607.9472,9809.7141,Financial Service Provider
7120,2012,3,548,2.0,9582.0,9666.3363,9733.4255,9791.8256,9846.9644,9908.8456,9637.7268,9876.8863,Non-Financial Service Provider
7121,2012,3,549,1.0,9582.0,9617.7321,9658.3495,9689.5872,9742.4459,9800.3817,9598.5184,9771.2917,Financial Service Provider
7122,2012,3,553,2.0,9582.0,9627.5145,9680.4658,9733.7084,9787.2438,9828.8396,9609.1951,9830.2066,Non-Financial Service Provider
7123,2012,3,555,1.0,9582.0,9610.8,9643.8,9661.4,9694.8,9729.6,9595.8,9712.6,Financial Service Provider
7124,2012,3,556,1.0,9582.0,9624.8347,9666.0469,9659.1543,9703.3835,9777.0266,9604.9204,9746.7275,Financial Service Provider
7125,2012,3,557,1.0,9582.0,9642.3666,9680.9361,9724.5003,9769.233,9816.1253,9613.0,9794.0,Financial Service Provider
7126,2012,3,558,1.0,9582.0,9655.56,9733.71,9793.79,9857.72,9929.31,9632.03,9894.71,Financial Service Provider
7127,2012,3,559,1.0,9582.0,9649.3,9717.1,9766.3,9819.6,9892.4,9623.8,9862.8,Financial Service Provider
7128,2012,3,560,2.0,9582.0,9601.4724,9653.9174,9741.5491,9777.121,9797.7071,9596.0474,9792.3792,Non-Financial Service Provider
7129,2012,3,563,2.0,9582.0,9629.5548,9672.5983,9713.4474,9761.6546,9807.6957,9607.9472,9828.93,Non-Financial Service Provider
7130,2012,3,568,2.0,9582.0,9603.2862,9665.1321,9726.1844,9788.2646,9852.1332,9599.3046,9818.5411,Non-Financial Service Provider
7131,2012,3,569,1.0,,,,,,,,,Financial Service Provider
7132,2012,3,571,1.0,9582.0,9629.5548,9682.0859,9730.1375,9785.6096,9843.8021,9610.1102,9815.4725,Financial Service Provider
7133,2012,3,572,1.0,9582.0,9620.328,9656.4042,9687.7875,9721.6948,9763.012,9601.3831,9744.2498,Financial Service Provider
7134,2012,4,407,2.0,9630.3,9670.945,9733.203,9781.508,9830.053,9890.923,9607.6468,9808.9218,Non-Financial Service Provider
7135,2012,4,411,2.0,9630.3,9678.3086,9710.1787,9759.7373,9829.3896,9901.0088,9609.4609,9800.0781,Non-Financial Service Provider
7136,2012,4,426,2.0,9630.3,9680.6,9720.7,9759.9,9803.6,9867.3,9610.05,9787.875,Non-Financial Service Provider
7137,2012,4,428,2.0,9630.3,9674.46,9706.93,9761.04,9841.7,9927.14,9608.76,9809.9,Non-Financial Service Provider
7138,2012,4,433,2.0,9630.3,9693.004,9737.292,9801.164,9889.524,9979.48,9613.151,9851.865,Non-Financial Service Provider
7139,2012,4,446,2.0,9630.3,9683.1031,9736.7223,9791.1731,9846.4713,9902.6333,9610.6503,9819.224,Non-Financial Service Provider
7140,2012,4,463,2.0,9630.3,9680.9265,9669.5925,9702.8014,9765.9946,9833.2064,9610.1316,9742.8987,Non-Financial Service Provider
7141,2012,4,472,2.0,9630.3,9689.1764,9736.1683,9785.9884,9858.602,9920.9994,9612.1941,9825.4395,Non-Financial Service Provider
7142,2012,4,483,3.0,9630.3,9675.7216,9718.9715,9767.2061,9820.4881,9878.888,9608.8304,9796.3884,Unknown
7143,2012,4,484,2.0,9630.3,9673.3469,9718.9715,9767.2061,9820.4881,9876.4753,9607.9472,9800.1061,Non-Financial Service Provider
7144,2012,4,504,1.0,9630.3,9699.0272,9773.3748,9843.9851,9923.1532,9993.4008,9614.6568,9883.4785,Financial Service Provider
7145,2012,4,506,2.0,9630.3,9672.5,9732.6,9793.5,9855.1,9921.3,9608.0,9825.6,Non-Financial Service Provider
7146,2012,4,507,3.0,9630.3,9688.0366,9746.543,9804.1598,9858.1132,9934.0713,9611.9091,9835.7218,Unknown
7147,2012,4,508,2.0,9630.3,9677.1198,9693.9701,9751.6702,9795.7408,9845.941,9609.1905,9771.8305,Non-Financial Service Provider
7148,2012,4,510,2.0,9630.3,9693.3,9746.3,9803.5,9858.0,9907.3,9613.2,9828.8,Non-Financial Service Provider
7149,2012,4,512,2.0,9630.3,9699.373,9735.5428,9769.4398,9803.4547,9823.0031,9617.376,9780.8714,Non-Financial Service Provider
7150,2012,4,518,2.0,9630.3,9683.6571,9716.5862,9770.0124,9829.5095,9863.4576,9610.7757,9794.8224,Non-Financial Service Provider
7151,2012,4,520,2.0,9630.3,9673.3469,9726.1169,9783.9556,9842.1383,9903.0832,9608.2367,9813.8235,Non-Financial Service Provider
7152,2012,4,524,2.0,9630.3,9692.3,9739.6,9795.6,9852.9,9922.3,9612.8,9827.6,Non-Financial Service Provider
7153,2012,4,526,2.0,9630.3,9676.6141,9720.7687,9762.7294,9812.9511,9869.906,9609.0535,9791.5888,Non-Financial Service Provider
7154,2012,4,527,2.0,9630.3,9684.0,9662.0,9717.0,9778.0,9851.0,9611.0,9752.0,Non-Financial Service Provider
7155,2012,4,532,2.0,9630.3,9670.9704,9695.0577,9724.0129,9755.463,,9607.6426,,Non-Financial Service Provider
7156,2012,4,535,1.0,9630.3,9687.5689,9747.5567,9815.0847,9890.283,9970.8871,9607.9472,9848.1459,Financial Service Provider
7157,2012,4,540,2.0,9630.3,9675.2,9732.7,9794.0,9845.0,9893.8,9608.7,9816.4,Non-Financial Service Provider
7158,2012,4,542,1.0,9630.3,9690.8784,9727.0166,9775.2911,9836.062,9896.9693,9612.6196,9808.8347,Financial Service Provider
7159,2012,4,546,1.0,9630.3,9673.3469,9709.4196,9748.0264,9796.4052,9849.8466,9607.9472,9780.8902,Financial Service Provider
7160,2012,4,548,2.0,9630.3,9691.577,9754.282,9813.578,9873.818,9932.654,9615.1618,9843.583,Non-Financial Service Provider
7161,2012,4,549,1.0,9630.3,9678.0945,9709.3961,9762.3628,9820.4171,9873.9894,9607.9472,9790.4982,Financial Service Provider
7162,2012,4,553,2.0,9630.3,9683.2667,9734.1038,9787.6414,9841.4734,9907.9033,9610.8917,9817.7805,Non-Financial Service Provider
7163,2012,4,555,1.0,9630.3,9671.9538,9687.9239,9718.8284,9751.9127,9784.0982,9607.8885,9735.6908,Financial Service Provider
7164,2012,4,556,1.0,9630.3,9698.427,9700.6337,9746.583,9813.7295,9881.8716,9614.5068,9785.7044,Financial Service Provider
7165,2012,4,557,1.0,9630.3,9659.1909,9702.6573,9747.2895,9794.0765,9844.0263,9604.6977,9772.0124,Financial Service Provider
7166,2012,4,559,1.0,9630.3,9693.2529,9730.3583,9767.6058,9833.8372,9906.7754,9614.3,9809.6,Financial Service Provider
7167,2012,4,560,2.0,9630.3,9708.0919,9602.3963,9807.2417,9813.8562,9867.9442,9623.95,9772.8596,Non-Financial Service Provider
7168,2012,4,563,2.0,9630.3,9670.9704,9707.0343,9748.0288,9794.0056,9840.1993,9598.5184,9752.0947,Non-Financial Service Provider
7169,2012,4,568,2.0,9630.3,9691.0147,9752.055,9814.1713,9873.3872,9928.9658,9612.6537,9842.1449,Non-Financial Service Provider
7170,2012,4,569,1.0,,,,,,,,,Financial Service Provider
7171,2012,4,570,2.0,,,,,,,,,Non-Financial Service Provider
7172,2012,4,571,1.0,9630.3,9682.8352,9723.7275,9777.7869,9830.9919,9891.8679,9610.6088,9806.0935,Financial Service Provider
7173,2013,1,407,2.0,9671.9,9717.513,9780.07,9828.608,9877.386,9938.55,9800.8943,10031.2445,Non-Financial Service Provider
7174,2013,1,411,2.0,9671.9,9706.4629,9753.6055,9818.0762,9885.9785,9937.6875,9791.0313,10037.1748,Non-Financial Service Provider
7175,2013,1,420,2.0,9671.9,9708.0,9761.0,9807.0,9880.0,9975.0,9786.0,9999.0,Non-Financial Service Provider
7176,2013,1,421,2.0,9671.9,9712.7461,9791.9033,9874.0939,9978.5705,10050.1414,9835.8272,10199.7528,Non-Financial Service Provider
7177,2013,1,422,1.0,9671.9,9762.4,9816.9,9871.6,9926.7,9982.1,9844.4,10065.9,Financial Service Provider
7178,2013,1,423,2.0,9671.9,9722.0,9780.0,9843.0,9907.0,9976.0,9813.0,10082.0,Non-Financial Service Provider
7179,2013,1,426,2.0,9671.9,9737.6,9774.8,9813.6,9867.3,9932.6,9798.325,10008.525,Non-Financial Service Provider
7180,2013,1,428,2.0,9671.9,9696.47,9740.92,9813.57,9903.13,10002.39,9789.16,10159.83,Non-Financial Service Provider
7181,2013,1,433,2.0,9671.9,9722.52,9781.052,9859.576,9947.376,10023.428,9827.63,10148.85,Non-Financial Service Provider
7182,2013,1,446,2.0,9671.9,9707.9674,9754.9515,9816.1944,9896.0869,9977.1866,9793.7746,10101.9141,Non-Financial Service Provider
7183,2013,1,456,1.0,9671.9,9699.6545,9735.8254,9784.1436,9832.7017,9893.5882,9763.0813,10004.2056,Financial Service Provider
7184,2013,1,463,2.0,9671.9,9647.629,9671.6582,9722.0394,9779.8538,9849.9995,9701.353,10011.7963,Non-Financial Service Provider
7185,2013,1,472,2.0,9671.9,9720.8,9769.8,9829.3,9886.6,9939.4,9801.6,10036.0,Non-Financial Service Provider
7186,2013,1,484,2.0,9671.9,9710.3576,9748.9682,9790.1397,9833.9011,9880.2829,9768.5901,9954.1933,Non-Financial Service Provider
7187,2013,1,504,1.0,9671.9,9733.3709,9768.4092,9831.7082,9904.422,9979.2351,9809.4776,10095.3879,Financial Service Provider
7188,2013,1,506,2.0,9671.9,9715.02,9759.572,9816.471,9866.807,9940.459,9789.4675,10038.6498,Non-Financial Service Provider
7189,2013,1,507,3.0,9671.9,9718.2239,9764.4568,9820.3584,9883.0933,9945.0376,9796.5331,10039.7157,Unknown
7190,2013,1,510,2.0,9671.9,9740.1,9801.6,9862.1,9916.8,9977.7,9830.2,10059.0,Non-Financial Service Provider
7191,2013,1,512,2.0,9671.9,9720.2,,,,,9763.9,9934.2,Non-Financial Service Provider
7192,2013,1,518,2.0,9671.9,9709.616,9742.81,9794.1271,9835.1651,9892.0871,9770.379,9978.32,Non-Financial Service Provider
7193,2013,1,520,2.0,9671.9,9717.5178,9770.5288,9828.6316,9879.8305,9936.156,9799.1271,10026.3701,Non-Financial Service Provider
7194,2013,1,524,2.0,9671.9,9697.0176,9732.3893,9784.2591,9830.4586,9884.9121,9761.0312,9972.0144,Non-Financial Service Provider
7195,2013,1,526,2.0,9671.9,9744.7586,9822.9943,9899.4372,9981.4018,10046.8191,9862.148,10151.7053,Non-Financial Service Provider
7196,2013,1,527,2.0,9671.9,9703.0,9759.0,9806.0,9556.0,9929.0,9706.0,9958.0,Non-Financial Service Provider
7197,2013,1,528,1.0,9671.9,9698.7783,9733.0,9799.0703,9868.0742,9938.6045,9774.7305,10045.4502,Financial Service Provider
7198,2013,1,532,2.0,9671.9,9695.9896,9724.9476,9756.4007,9804.8211,,9745.5398,,Non-Financial Service Provider
7199,2013,1,535,1.0,9671.9,9703.1816,9739.3656,9792.4958,9848.3234,9906.8889,9768.5901,9993.2677,Financial Service Provider
7200,2013,1,540,2.0,9671.9,9720.5,9774.4,9826.3,9888.1,9944.5,9802.3,10041.0,Non-Financial Service Provider
7201,2013,1,542,1.0,9671.9,9695.9896,9744.1101,9804.6872,9865.4002,9926.4892,9777.5468,10019.0713,Financial Service Provider
7202,2013,1,546,1.0,9671.9,9731.7908,9787.2723,9850.2786,9913.6904,9979.9408,9816.6166,10081.6652,Financial Service Provider
7203,2013,1,548,2.0,9671.9,9710.518,9748.2,9801.84,9849.837,9921.73,9777.5988,10017.5098,Non-Financial Service Provider
7204,2013,1,549,1.0,9671.9,9703.1816,9748.9469,9806.9214,9860.4201,9906.927,9778.1954,9983.5375,Financial Service Provider
7205,2013,1,551,2.0,,,,,,,,,Non-Financial Service Provider
7206,2013,1,553,2.0,9671.9,9696.0798,9742.1361,9793.2823,9849.5937,9906.2289,9770.273,10004.7595,Non-Financial Service Provider
7207,2013,1,555,1.0,9671.9,9714.4,9745.2,9772.7,9811.1,9852.3,9760.8,9919.2,Financial Service Provider
7208,2013,1,556,1.0,9671.9,9723.5841,9769.2159,9835.2677,9894.1956,9946.0123,9805.5658,10024.62,Financial Service Provider
7209,2013,1,557,1.0,9671.9,9700.9157,9739.7194,9788.418,9838.3389,9877.6922,9766.848,9939.6009,Financial Service Provider
7210,2013,1,559,1.0,9671.9,9694.7894,9720.0184,9769.3354,9829.8295,9902.738,9753.4931,10013.4578,Financial Service Provider
7211,2013,1,560,2.0,9671.9,9789.2851,9833.7867,9923.9303,10036.0857,9952.2472,9895.772,10112.7936,Non-Financial Service Provider
7212,2013,1,563,2.0,9671.9,9724.6621,9772.925,9828.641,9882.2582,9938.5976,9797.406,10022.7463,Non-Financial Service Provider
7213,2013,1,564,2.0,9663.4,9699.6,9748.1,9804.2,9865.5,9927.1,9779.35,10024.35,Non-Financial Service Provider
7214,2013,1,568,2.0,9671.9,9711.9417,9759.9888,9823.529,9878.7661,9937.7063,9793.5564,10022.0596,Non-Financial Service Provider
7215,2013,1,569,1.0,,,,,,,,,Financial Service Provider
7216,2013,1,570,2.0,,,,,,,,,Non-Financial Service Provider
7217,2013,1,571,1.0,9671.9,9683.9673,9732.0281,9780.3275,9840.8897,9889.7294,9759.3032,9968.5065,Financial Service Provider
7218,2013,1,572,1.0,9671.9,9705.7517,9742.1482,9788.4234,9834.9184,9881.6343,9767.8104,9955.3701,Financial Service Provider
7219,2013,2,407,2.0,9740.0,9788.344,9836.923,9933.85,9995.363,10057.257,9824.7805,10088.5875,Non-Financial Service Provider
7220,2013,2,411,2.0,9740.0,9800.9209,9874.0967,9946.8389,10024.8389,10110.7744,9840.4688,10152.3164,Non-Financial Service Provider
7221,2013,2,420,2.0,9740.0,9815.0,9886.0,9960.0,10044.0,10122.0,9848.0,10162.0,Non-Financial Service Provider
7222,2013,2,421,2.0,9740.0,9797.9213,9865.7981,9965.4039,10036.8804,10155.2138,9872.1924,10188.1026,Non-Financial Service Provider
7223,2013,2,422,1.0,9740.0,9800.3125,9860.9984,9922.0602,9983.5,10045.3203,9814.5726,10059.9369,Financial Service Provider
7224,2013,2,426,2.0,9740.0,9785.3,9838.6,9887.0,9939.9,9992.5,9812.725,10029.025,Non-Financial Service Provider
7225,2013,2,428,2.0,9740.0,9782.79,9837.69,9910.55,9999.24,10100.82,9818.28,10158.71,Non-Financial Service Provider
7226,2013,2,433,2.0,9740.0,9805.088,9873.736,9949.38,10023.176,10096.292,9842.051,10131.96,Non-Financial Service Provider
7227,2013,2,446,2.0,9740.0,9776.3213,9813.5031,9851.5684,9899.2658,9959.0685,9795.3227,10005.1704,Non-Financial Service Provider
7228,2013,2,463,2.0,9740.0,9780.7835,9815.3037,9870.7203,9931.8885,9999.6421,9801.7019,10039.5647,Non-Financial Service Provider
7229,2013,2,484,2.0,9740.0,9797.9213,9846.5477,9892.9892,9939.6497,9988.9795,9814.5726,10010.8641,Non-Financial Service Provider
7230,2013,2,504,1.0,9740.0,9825.3848,9903.6568,9974.9954,10069.8364,10156.2258,9861.0093,10196.9123,Financial Service Provider
7231,2013,2,506,2.0,9740.0,9781.493,9825.249,9882.02,9949.976,10018.44,9807.1918,10052.1065,Non-Financial Service Provider
7232,2013,2,507,3.0,9740.0,9785.5393,9840.3589,9902.0147,9964.0776,10032.314,9816.9782,10059.5549,Unknown
7233,2013,2,508,2.0,9740.0,9788.1247,9863.4209,9917.8066,10012.4585,10061.8,9827.3392,10101.6584,Non-Financial Service Provider
7234,2013,2,510,2.0,9740.0,9809.7,9866.5,9919.2,9973.4,10023.7,9833.9,10050.9,Non-Financial Service Provider
7235,2013,2,512,2.0,9740.0,9781.1337,9827.2667,9871.194,9898.2285,9952.2253,9795.366,9971.6826,Non-Financial Service Provider
7236,2013,2,518,2.0,9740.0,9783.9952,9823.6365,9871.8538,9934.6736,9998.3625,9812.3431,10037.467,Non-Financial Service Provider
7237,2013,2,520,2.0,9740.0,9795.5283,9856.1847,9924.4651,9988.3546,10047.7528,9829.0445,10081.5196,Non-Financial Service Provider
7238,2013,2,524,2.0,9740.0,9784.4,9836.7,9888.9,9938.8,9993.3,9812.5,10026.0,Non-Financial Service Provider
7239,2013,2,526,2.0,9740.0,9814.868,9892.7522,9974.5329,10039.8282,10108.0897,9855.5383,10144.4657,Non-Financial Service Provider
7240,2013,2,527,2.0,9740.0,9808.0,9882.0,9964.0,10045.0,10128.0,9848.5,10174.0,Non-Financial Service Provider
7241,2013,2,528,1.0,9740.0,9777.3633,9831.3994,9898.127,9968.6787,10038.8135,9811.7266,10077.1816,Financial Service Provider
7242,2013,2,532,2.0,9740.0,9769.0894,9805.5192,9854.1833,9907.9399,,9792.198,,Non-Financial Service Provider
7243,2013,2,535,1.0,9740.0,9793.1336,9848.9649,9905.1144,9964.0176,10025.7173,9824.1759,10059.9561,Financial Service Provider
7244,2013,2,540,2.0,9740.0,9790.7,9842.1,9912.7,9978.9,10048.1,9821.4,10084.3,Non-Financial Service Provider
7245,2013,2,542,1.0,9740.0,9764.2592,9812.7186,9872.5179,9932.6817,9993.2121,9797.4,10023.8,Financial Service Provider
7246,2013,2,546,1.0,9740.0,9795.5283,9858.5877,9922.0531,9988.3593,10057.5554,9833.7792,10099.2912,Financial Service Provider
7247,2013,2,548,2.0,9740.0,9779.371,9822.053,9875.4,9939.814,10007.2,9804.2073,10039.6035,Non-Financial Service Provider
7248,2013,2,549,1.0,9740.0,9781.1337,9829.6768,9883.2996,9932.3498,9984.0889,9804.9693,10010.8737,Financial Service Provider
7249,2013,2,551,2.0,,,,,,,,,Non-Financial Service Provider
7250,2013,2,553,2.0,9740.0,9791.135,9844.9862,9899.1337,9953.5789,10008.3236,9818.8137,10044.6464,Non-Financial Service Provider
7251,2013,2,555,1.0,9740.0,9787.4,9855.2,9901.8,9950.9,10000.9,9821.1,10028.2,Financial Service Provider
7252,2013,2,556,1.0,9740.0,9780.7061,9846.62,9913.5042,9967.8568,10021.7887,9820.2076,10051.1567,Financial Service Provider
7253,2013,2,557,1.0,9740.0,9759.48,9798.5179,9837.712,9881.9817,9931.3916,9783.9275,9956.3365,Financial Service Provider
7254,2013,2,559,1.0,9740.0,9801.5074,9869.4091,9941.4044,10015.1405,10089.4235,9838.0802,10127.117,Financial Service Provider
7255,2013,2,563,2.0,9740.0,9790.7372,9856.1659,9919.6156,9978.605,10042.843,9824.1759,10069.7803,Non-Financial Service Provider
7256,2013,2,568,2.0,9740.0,9751.5059,9804.1896,9861.8203,9926.1288,9987.5139,9789.379,10012.4801,Non-Financial Service Provider
7257,2013,2,569,1.0,,,,,,,,,Financial Service Provider
7258,2013,2,570,2.0,,,,,,,,,Non-Financial Service Provider
7259,2013,2,571,1.0,9740.0,9764.2592,9807.9049,9861.4089,9898.183,9947.307,9793.3933,9975.7984,Financial Service Provider
7260,2013,2,574,2.0,9740.0,9776.4225,9834.0848,9896.7397,9964.02,10030.6095,9811.8118,10067.0208,Non-Financial Service Provider
7261,2013,3,411,2.0,10690.9,10766.9829,10845.7441,10923.2674,11013.9764,11109.1499,10736.9037,11063.4423,Non-Financial Service Provider
7262,2013,3,420,2.0,10690.9,10758.0,10825.0,10904.0,10975.0,11064.0,10729.0,11022.0,Non-Financial Service Provider
7263,2013,3,421,2.0,10690.9,10743.9582,10852.43,10930.2686,11059.1349,11135.7491,10738.4696,11092.8391,Non-Financial Service Provider
7264,2013,3,422,1.0,10690.9,10765.3903,10834.2515,10903.5378,10973.2517,11043.3959,10733.6355,11008.5396,Financial Service Provider
7265,2013,3,424,1.0,10690.9,10759.7234,10818.4198,10885.4102,10958.1542,11039.4317,10728.2608,11001.077,Financial Service Provider
7266,2013,3,426,2.0,10690.9,10752.2025,10799.5951,10839.7747,10923.2046,10982.0691,10721.6744,10950.0885,Non-Financial Service Provider
7267,2013,3,428,2.0,10690.9,10755.0011,10836.875,10942.6027,11051.487,11163.5997,10734.2626,11112.1086,Non-Financial Service Provider
7268,2013,3,433,2.0,10690.9,10757.1007,10839.5162,10914.6089,10995.5633,11077.1182,10727.952,11028.3347,Non-Financial Service Provider
7269,2013,3,446,2.0,10690.9,10738.0067,10785.3209,10841.3315,10907.6752,10986.3113,10714.5569,10953.7274,Non-Financial Service Provider
7270,2013,3,456,1.0,10690.9,10744.8832,10798.2093,10865.0745,10945.6616,11026.8463,10719.4981,10986.5539,Financial Service Provider
7271,2013,3,463,2.0,10690.9,10738.1995,10790.2502,10847.5318,10912.809,10989.2662,10715.8374,10955.9888,Non-Financial Service Provider
7272,2013,3,484,2.0,10690.9,10743.9582,10794.6324,10845.5455,10899.3712,10956.1478,10717.4344,10931.7831,Non-Financial Service Provider
7273,2013,3,504,1.0,10690.9,10749.228,10833.3658,10929.9413,11030.6878,11125.231,10729.3735,11077.2187,Financial Service Provider
7274,2013,3,506,2.0,10690.9,10742.1936,10799.7944,10861.3647,10930.2855,11005.007,10719.222,10970.5723,Non-Financial Service Provider
7275,2013,3,507,3.0,10690.9,10750.1122,10817.1003,10886.2254,10960.8371,11026.8708,10725.5281,10992.8901,Unknown
7276,2013,3,510,2.0,10690.9,10762.2,10827.2,10868.3,10915.1,10967.7,10731.1,10944.1,Non-Financial Service Provider
7277,2013,3,512,2.0,10690.9,10741.3239,10765.4108,10802.8935,10845.8482,10880.9266,10706.9168,10856.8136,Non-Financial Service Provider
7278,2013,3,518,2.0,10690.9,10736.0495,10789.3318,10856.142,10926.0292,10993.6858,10706.9168,10931.7621,Non-Financial Service Provider
7279,2013,3,520,2.0,10690.9,10759.7234,10834.2633,10904.0096,10968.853,11039.4657,10732.2217,11005.7154,Non-Financial Service Provider
7280,2013,3,524,2.0,10690.9,10736.7,10790.3,10845.5,10908.0,10971.8,10715.3,10940.4,Non-Financial Service Provider
7281,2013,3,528,1.0,10690.9,10749.6698,10820.8631,10897.1813,10972.1461,11053.3308,10727.952,11017.6067,Financial Service Provider
7282,2013,3,532,2.0,10690.9,10743.9582,10802.5686,10869.4608,10936.7672,,,,Non-Financial Service Provider
7283,2013,3,540,2.0,10690.9,10749.2,10815.8,10890.7,10958.1,11042.1,10725.0,11006.4,Non-Financial Service Provider
7284,2013,3,542,1.0,10690.9,10743.9582,10809.1952,10875.0672,10941.3406,11008.0178,10722.0134,10974.8818,Financial Service Provider
7285,2013,3,546,1.0,10690.9,10749.221,10813.1438,10882.7542,10958.1464,11034.0609,10727.952,10996.1508,Financial Service Provider
7286,2013,3,548,2.0,10690.9,10729.4292,10775.4497,10853.3196,10931.9606,11005.7688,10728.9325,10984.5526,Non-Financial Service Provider
7287,2013,3,549,1.0,10690.9,10738.6877,10802.5479,10858.8201,10920.7269,10988.3507,10717.4344,10953.218,Financial Service Provider
7288,2013,3,551,2.0,,,,,,,,,Non-Financial Service Provider
7289,2013,3,553,2.0,10690.9,10752.3727,10817.4245,10879.6247,10942.1826,11005.1001,10726.1743,10978.2394,Non-Financial Service Provider
7290,2013,3,555,1.0,10690.9,10745.9,10804.9,10867.7,10932.8,10999.8,10721.4,10967.2,Financial Service Provider
7291,2013,3,556,1.0,10690.9,10754.6204,10862.4791,10941.4765,11024.8175,11112.4357,10737.9999,11070.6864,Financial Service Provider
7292,2013,3,557,1.0,10690.9,10751.8381,10800.2214,10827.222,10859.7036,10887.9389,10721.7399,10875.2278,Financial Service Provider
7293,2013,3,560,2.0,10690.9,10765.2552,10837.8577,10935.0684,10993.8071,11018.8044,10734.5032,11014.7901,Non-Financial Service Provider
7294,2013,3,563,2.0,10690.9,10741.3239,10789.337,10834.9022,10883.3336,10931.9814,10717.4344,10953.218,Non-Financial Service Provider
7295,2013,3,570,2.0,,,,,,,,,Non-Financial Service Provider
7296,2013,3,571,1.0,10690.9,10743.9582,10791.9831,10832.2273,10885.9869,10945.3721,10717.7103,10917.1669,Financial Service Provider
7297,2013,3,572,1.0,10690.9,10747.0272,10806.1359,10870.9727,10938.9163,11007.2845,10722.0158,10972.6254,Financial Service Provider
7298,2013,3,574,2.0,10690.9,10751.82,10817.6656,10888.812,10958.1725,11031.3673,10726.0964,10999.728,Non-Financial Service Provider
7299,2013,3,575,2.0,,,,,,,,,Non-Financial Service Provider
7300,2013,3,576,2.0,10713.1713,10799.7394,10875.5813,10963.9405,11050.1945,11137.052,10758.123,11094.6238,Non-Financial Service Provider
7301,2013,3,577,2.0,,,,,,,,,Non-Financial Service Provider
7302,2013,4,407,2.0,10732.3,10790.85,10857.669,10924.903,10997.911,11074.101,10714.7658,10963.646,Non-Financial Service Provider
7303,2013,4,420,2.0,10732.3,10802.0,10884.0,10960.0,11037.0,11101.0,10718.0,10996.0,Non-Financial Service Provider
7304,2013,4,421,2.0,10732.3,10785.5637,10894.4555,10972.5956,11101.9609,11178.8717,10717.4344,11049.6749,Non-Financial Service Provider
7305,2013,4,422,1.0,10732.3,10799.5209,10868.6119,10938.1295,11008.0762,11078.4547,10716.9302,10973.3181,Financial Service Provider
7306,2013,4,426,2.0,10732.3,10791.0,10880.5,10985.9,11043.7,11099.3,10714.8,11002.35,Non-Financial Service Provider
7307,2013,4,428,2.0,10732.3,10801.73,10898.27,11006.51,11126.93,11253.9,10718.93,11072.53,Non-Financial Service Provider
7308,2013,4,429,2.0,10732.3,10792.638,10861.486,10927.536,11003.076,11076.906,10715.21,10967.251,Non-Financial Service Provider
7309,2013,4,433,2.0,10732.3,10793.484,10866.204,10949.456,11039.528,11128.9,10715.42,10996.022,Non-Financial Service Provider
7310,2013,4,446,2.0,10732.3,10770.8359,10842.8143,10925.3036,11019.9078,11120.4573,10709.759,10977.1207,Non-Financial Service Provider
7311,2013,4,463,2.0,10732.3,10778.2518,10833.0847,10896.67,10965.7449,11039.3843,10711.6129,10933.721,Non-Financial Service Provider
7312,2013,4,504,1.0,10732.3,10805.228,10902.1283,11003.0052,11095.3185,11193.8385,10718.357,11048.5726,Financial Service Provider
7313,2013,4,506,2.0,10732.303,10792.59,10862.24,10938.43,11017.33,11095.38,10715.2008,10978.345,Non-Financial Service Provider
7314,2013,4,507,3.0,10732.3,10791.0653,10856.4421,10920.2863,10989.5977,11059.9691,10714.8163,10956.5738,Unknown
7315,2013,4,508,2.0,10732.3,10795.1329,10868.3707,10931.3599,10990.3063,11065.9044,10715.8364,10963.9853,Non-Financial Service Provider
7316,2013,4,510,2.0,10732.3,10788.4,10829.5,10879.9,10927.0,10984.8,10714.2,10905.3,Non-Financial Service Provider
7317,2013,4,512,2.0,10732.3,10774.974,10807.1545,10850.1261,10882.531,10931.1753,10706.9168,10867.5206,Non-Financial Service Provider
7318,2013,4,518,2.0,10732.3,10771.824,10828.804,10883.634,10937.1439,10989.5339,10710.0044,10909.7763,Non-Financial Service Provider
7319,2013,4,520,2.0,10732.3,10798.7571,10868.2748,10932.9056,11003.287,11074.1214,10716.7393,10969.6472,Non-Financial Service Provider
7320,2013,4,524,2.0,10732.3,10773.4,10834.0,10895.0,10959.7,11025.4,10710.3,10928.5,Non-Financial Service Provider
7321,2013,4,526,2.0,10732.3,10811.2723,10891.7575,10972.0391,11052.1189,11133.786,10719.8681,11012.4254,Non-Financial Service Provider
7322,2013,4,527,2.0,10732.3,10794.0,10874.0,10949.0,11019.0,11094.0,10715.55,10984.0,Non-Financial Service Provider
7323,2013,4,532,2.0,10732.3,10798.7571,10865.6256,10932.9082,11005.9697,,10716.7393,,Non-Financial Service Provider
7324,2013,4,535,1.0,10732.3,10774.974,10836.4028,10892.8513,10952.274,11014.7136,10706.9168,10921.0551,Financial Service Provider
7325,2013,4,540,2.0,10732.3,10785.8,10857.9,10925.1,11000.8,11079.7,10713.5,10965.9,Non-Financial Service Provider
7326,2013,4,542,1.0,10732.3,10797.4662,10863.2667,10930.5347,10997.1461,11065.2432,10716.4166,10964.0477,Financial Service Provider
7327,2013,4,546,1.0,10732.3,10785.5637,10849.7027,10916.8867,10989.8411,11071.3535,10717.4344,10963.9354,Financial Service Provider
7328,2013,4,548,2.0,10732.3,10795.6,10872.48,10946.85,11017.04,11091.9,10716.0798,10982.0675,Non-Financial Service Provider
7329,2013,4,549,1.0,10732.3,10785.5637,10841.7473,10903.5568,10971.0743,11041.7014,10717.4344,10942.5005,Financial Service Provider
7330,2013,4,553,2.0,10732.3,10791.3277,10853.3778,10918.4981,10986.7387,11060.8992,10714.6319,10954.8784,Non-Financial Service Provider
7331,2013,4,555,1.0,10732.3,10786.6,10840.7,10896.9,10957.6,11021.0,10713.7,10929.1,Financial Service Provider
7332,2013,4,557,1.0,10732.3,10753.7646,10802.1565,10856.1673,10907.1913,10951.9108,10705.4912,10879.3565,Financial Service Provider
7333,2013,4,559,1.0,10732.3,10785.6,10853.4,10920.6,10988.2,11057.6,10713.4,10955.0,Financial Service Provider
7334,2013,4,563,2.0,10732.3,10785.5637,10828.4495,10874.1799,10920.1034,10966.2209,10717.4344,10899.6308,Non-Financial Service Provider
7335,2013,4,568,2.0,10732.3,10805.9064,10877.4524,10949.3566,11020.1879,11087.3647,10718.5266,10983.5904,Non-Financial Service Provider
7336,2013,4,569,1.0,,,,,,,,,Financial Service Provider
7337,2013,4,570,2.0,,,,,,,,,Non-Financial Service Provider
7338,2013,4,571,1.0,10732.3,10780.2727,10833.7745,10892.8749,10952.2977,11006.6532,10712.1182,10921.4001,Financial Service Provider
7339,2013,4,572,1.0,10732.3,10785.9615,10847.9808,10915.7807,10984.0043,11049.9083,10713.5404,10949.4185,Financial Service Provider
7340,2013,4,574,2.0,10732.3,10782.6656,10853.812,10923.1725,10996.3673,11070.5602,10712.7164,10960.978,Non-Financial Service Provider
7341,2013,4,576,2.0,10732.3,10857.3214,10951.766,11041.065,11109.2726,11190.4766,10758.123,11094.6238,Non-Financial Service Provider
7342,2013,4,577,2.0,,,,,,,,,Non-Financial Service Provider
7343,2013,4,579,1.0,10732.3,10786.6676,10853.4052,10918.6128,10986.7186,11061.5045,10713.7169,10955.0603,Financial Service Provider
7344,2014,1,407,2.0,10832.8,10891.937,10959.383,11032.621,11109.052,11186.012,10998.2483,11309.012,Non-Financial Service Provider
7345,2014,1,411,2.0,10832.8,10913.3572,11018.3115,11127.1282,11229.9645,11333.1871,11072.2206,11483.4286,Non-Financial Service Provider
7346,2014,1,420,2.0,10832.8,10898.0,10980.0,11070.0,11155.0,11240.0,11025.0,11343.0,Non-Financial Service Provider
7347,2014,1,421,2.0,10832.8,10907.8461,11036.4481,11112.905,11219.7063,11324.8075,11071.5024,11470.0765,Non-Financial Service Provider
7348,2014,1,422,1.0,10832.8,10883.1,10963.6,11036.3,11106.9,11177.9,10997.5,11285.5,Financial Service Provider
7349,2014,1,424,1.0,10832.8,10899.8794,10967.3741,11043.3525,11119.8573,,11007.6158,11313.7831,Financial Service Provider
7350,2014,1,426,2.0,10832.8,10887.6,10945.9,11057.4,11149.8,11209.5094,11010.175,11306.829,Non-Financial Service Provider
7351,2014,1,428,2.0,10832.8,10933.24,11033.95,11148.79,11268.48,11392.46,11097.18,11570.1,Non-Financial Service Provider
7352,2014,1,429,2.0,10832.8,10902.137,10970.698,11049.43,11125.292,11205.807,11011.8893,11322.4153,Non-Financial Service Provider
7353,2014,1,433,2.0,10832.8,10900.944,10990.848,11082.556,11175.312,11268.296,11037.415,11402.894,Non-Financial Service Provider
7354,2014,1,446,2.0,10832.8,10915.7955,11005.2101,11101.5857,11205.5165,11309.3855,11057.0012,11455.8517,Non-Financial Service Provider
7355,2014,1,463,2.0,10832.8,10913.1477,10986.0771,11064.8743,11146.9433,11229.621,11028.5896,11359.4473,Non-Financial Service Provider
7356,2014,1,484,2.0,10832.8,10891.8951,10953.9904,11011.0515,11071.119,11131.5141,10985.6768,11238.3474,Non-Financial Service Provider
7357,2014,1,504,1.0,10832.8,10974.5057,11081.3333,11181.3948,11291.0081,11397.3197,11132.0605,11562.2517,Financial Service Provider
7358,2014,1,506,2.0,10832.842,10895.44,10974.93,11054.77,11139.32,11227.07,11016.115,11354.2625,Non-Financial Service Provider
7359,2014,1,507,3.0,10832.8,10892.9056,10964.3648,11037.0991,11109.128,11184.9201,11000.8744,11293.2271,Unknown
7360,2014,1,508,2.0,10832.8,10900.0196,10959.6893,11012.16,11077.7379,11150.0282,10987.4017,11237.8546,Non-Financial Service Provider
7361,2014,1,510,2.0,10832.8,10905.3,10956.5,11007.4,11065.7,11149.3,10983.7,11256.4,Non-Financial Service Provider
7362,2014,1,512,2.0,10832.8,10894.5585,10937.8776,10975.9608,11016.8912,11052.5228,11114.4152,11436.7332,Non-Financial Service Provider
7363,2014,1,520,2.0,10832.8,10910.4979,10991.4218,11070.2574,11160.4781,11245.9841,11033.1638,11369.6338,Non-Financial Service Provider
7364,2014,1,524,2.0,10832.8,10882.1,10945.5,11010.6,11079.9,11152.0,10979.5,11261.2,Non-Financial Service Provider
7365,2014,1,527,2.0,10832.8,10891.0,10972.0,11058.0,11149.0,11240.0,11017.5,11382.0,Non-Financial Service Provider
7366,2014,1,532,2.0,10832.8,10905.1925,10972.7201,11046.0477,11119.8652,,11010.9564,,Non-Financial Service Provider
7367,2014,1,535,1.0,10832.8,10891.8951,10951.3125,11013.7466,11079.2426,11145.128,10985.6768,11249.333,Financial Service Provider
7368,2014,1,542,1.0,10832.8,10898.8158,10966.304,11033.1334,11101.4532,11171.2858,10999.9266,11285.8504,Financial Service Provider
7369,2014,1,546,1.0,10832.8,10902.5369,10967.3715,11035.2842,11109.0298,11185.9896,10996.405,11304.3043,Financial Service Provider
7370,2014,1,548,2.0,10832.8,10891.42,10965.15,11037.17,11113.84,11193.03,11001.895,11303.8725,Non-Financial Service Provider
7371,2014,1,549,1.0,10832.8,10889.2297,10953.9852,11021.815,11095.4706,11169.6184,10985.6768,11271.3044,Financial Service Provider
7372,2014,1,553,2.0,10832.8,10905.9214,10974.0834,11048.1585,11119.9715,11186.6913,11012.0337,11265.3105,Non-Financial Service Provider
7373,2014,1,555,1.0,10832.8,10900.7,10958.9,11019.8,11083.5,11150.7,10990.7,11254.2,Financial Service Provider
7374,2014,1,556,1.0,10832.8,10907.2146,10951.0408,11005.792,11081.9819,,10986.5073,,Financial Service Provider
7375,2014,1,557,1.0,10832.8,10870.7148,10903.3269,10936.0369,10979.7811,11029.1901,10922.4649,11113.5444,Financial Service Provider
7376,2014,1,559,1.0,10832.8,10905.1925,10972.7201,11041.7429,11111.4707,11185.7255,11007.8,11313.6,Financial Service Provider
7377,2014,1,563,2.0,10832.8,10907.8461,10975.3902,11046.0451,11109.0192,11166.8878,11007.1332,11249.2901,Non-Financial Service Provider
7378,2014,1,568,2.0,10832.8,10921.6946,10984.9113,11057.911,11129.8844,11201.9937,11023.6003,11303.0427,Non-Financial Service Provider
7379,2014,1,569,1.0,,,,,,,,,Financial Service Provider
7380,2014,1,570,2.0,,,,,,,,,Non-Financial Service Provider
7381,2014,1,571,1.0,10832.8,10905.1925,10964.6825,11024.497,11079.2108,11134.1962,10993.3957,11221.5037,Financial Service Provider
7382,2014,1,572,1.0,10832.8,10911.3378,10993.1728,11075.6216,11161.4577,11236.7975,11035.3975,11351.0731,Financial Service Provider
7383,2014,1,574,2.0,10832.8,10908.0,10981.0932,11055.183,11129.0,11201.4,11018.3,11355.0,Non-Financial Service Provider
7384,2014,1,575,2.0,,,,,,,,,Non-Financial Service Provider
7385,2014,1,576,2.0,10817.7,10878.2,10930.9,11000.2,11061.7,11140.2,10967.8,11227.9,Non-Financial Service Provider
7386,2014,1,577,2.0,,,,,,,,,Non-Financial Service Provider
7387,2014,1,578,2.0,10832.8,10899.8794,10962.0203,11016.424,11087.343,11150.5526,10991.4167,11257.9887,Non-Financial Service Provider
7388,2014,1,579,1.0,10832.8,10910.5657,10986.6073,11063.683,11146.3053,11228.5537,11026.7646,11351.3173,Financial Service Provider
7389,2014,2,407,2.0,10912.3,10987.905,11061.334,11137.963,11215.124,11295.564,11024.8775,11338.4443,Non-Financial Service Provider
7390,2014,2,420,2.0,10912.3,10982.0,11075.0,11168.0,11270.0,11360.0,11034.0,11390.0,Non-Financial Service Provider
7391,2014,2,421,2.0,10912.3,11043.2476,11120.5503,11228.9757,11335.651,11423.5023,11076.2684,11474.557,Non-Financial Service Provider
7392,2014,2,422,1.0,10912.3,10994.0336,11085.7912,11168.7689,11251.0021,11333.8495,11040.2234,11375.8933,Financial Service Provider
7393,2014,2,426,2.0,10912.3,11022.2,11125.1,11252.8,11379.3,11470.2,11078.1,11500.8,Non-Financial Service Provider
7394,2014,2,428,2.0,10912.3,10997.77,11118.78,11242.57,11365.68,11488.33,11064.37,11547.67,Non-Financial Service Provider
7395,2014,2,429,2.0,10912.3,10987.0684,11059.1454,11137.9255,11220.8086,11300.6304,11024.0973,11342.2528,Non-Financial Service Provider
7396,2014,2,433,2.0,10912.28,11006.28,11084.4,11165.56,11250.0,11334.56,11042.13,11376.75,Non-Financial Service Provider
7397,2014,2,446,2.0,10912.3,10995.3125,11080.6101,11168.2684,11260.9836,11359.0824,11039.1227,11406.0596,Non-Financial Service Provider
7398,2014,2,463,2.0,10912.3,10994.0,11075.0,11160.0,11242.0,11326.0,11035.0,11369.0,Non-Financial Service Provider
7399,2014,2,484,2.0,10912.3,10974.5117,11031.6796,11091.8596,11152.3679,11215.9483,11006.8254,11259.9824,Non-Financial Service Provider
7400,2014,2,504,1.0,10912.3,11042.891,11145.4374,11254.6758,11362.778,11468.6318,11088.8261,11515.4454,Financial Service Provider
7401,2014,2,506,2.0,10912.3,10980.38,11047.27,11124.9,11206.28,11295.0,11016.2145,11345.9625,Non-Financial Service Provider
7402,2014,2,508,2.0,10912.3,10951.3608,11009.1764,11097.3797,11161.4011,11236.326,10996.0975,11270.9999,Non-Financial Service Provider
7403,2014,2,510,2.0,10912.3,10982.3,11042.8,11099.7,11175.9,11240.0,11009.2,11276.1,Non-Financial Service Provider
7404,2014,2,512,2.0,10912.3,10985.2238,11031.6163,11067.2955,11108.5665,11147.244,10996.0975,11270.9999,Non-Financial Service Provider
7405,2014,2,518,2.0,10912.3,10997.2819,11055.7319,11112.7819,11181.6518,11265.8717,11019.5479,11305.5063,Non-Financial Service Provider
7406,2014,2,520,2.0,10912.3,10993.2373,11080.1471,11173.1509,11258.754,11342.261,11039.7088,11382.544,Non-Financial Service Provider
7407,2014,2,524,2.0,10912.3,10954.6,11005.3,11066.7,11129.0,11202.5,10984.7,11237.8,Non-Financial Service Provider
7408,2014,2,526,2.0,10912.3,11040.0797,11171.1378,11305.5392,11382.8026,11455.9299,11107.2642,11488.2563,Non-Financial Service Provider
7409,2014,2,532,2.0,10912.3,10987.8969,11061.3259,11135.2455,11220.5582,,11024.1921,,Non-Financial Service Provider
7410,2014,2,533,1.0,10912.3,10968.0,11005.0,11050.0,11105.0,11155.0,10984.0,11186.0,Financial Service Provider
7411,2014,2,535,1.0,10912.3,11011.8677,11066.5189,11132.3286,11198.5297,11265.1245,11028.2812,11292.9599,Financial Service Provider
7412,2014,2,542,1.0,10912.3,10994.3045,11061.3045,11129.7988,11199.8097,11270.2609,11024.4269,11315.4974,Financial Service Provider
7413,2014,2,546,1.0,10912.3,11025.1175,11093.3877,11164.8022,11242.1484,11320.0303,11049.737,11370.1794,Financial Service Provider
7414,2014,2,548,2.0,10912.3,10973.63,11037.74,11112.59,11190.29,11274.48,11009.067,11322.5325,Non-Financial Service Provider
7415,2014,2,549,1.0,10912.3,10990.5681,11058.6244,11132.526,11209.6486,11292.7913,11028.2812,11326.0448,Financial Service Provider
7416,2014,2,553,2.0,10912.3,10988.6861,11057.3654,11132.0026,11204.3606,11271.5868,11022.5885,11287.1307,Non-Financial Service Provider
7417,2014,2,555,1.0,10912.3,11018.7,11085.5,11156.9,11228.6,11301.9,11043.4,11337.7,Financial Service Provider
7418,2014,2,556,1.0,10912.3,10744.2,10831.5,10912.3,10995.0604,11051.6459,10850.075,11026.8004,Financial Service Provider
7419,2014,2,557,1.0,10912.3,10972.3177,11027.1792,11065.7744,11110.0375,11155.5886,10994.3928,11176.3171,Financial Service Provider
7420,2014,2,559,1.0,10912.3,11001.2,11070.4,11140.3,11214.8,11298.0,11031.1,11343.0,Financial Service Provider
7421,2014,2,563,2.0,10912.3,10974.5117,11045.1609,11108.13,11165.994,11224.1594,11006.8254,11248.9756,Non-Financial Service Provider
7422,2014,2,568,2.0,10912.3,10935.8932,11023.8427,11106.7429,11186.7714,11258.1718,10994.6947,11293.9028,Non-Financial Service Provider
7423,2014,2,569,1.0,,,,,,,,,Financial Service Provider
7424,2014,2,570,2.0,,,,,,,,,Non-Financial Service Provider
7425,2014,2,572,1.0,10912.3,11007.7826,11095.8449,11184.6117,11260.1078,11338.9285,11050.1348,11374.6204,Financial Service Provider
7426,2014,2,574,2.0,10912.3,10989.375,11073.7438,11166.1297,11244.7871,11322.9089,11035.3871,11361.792,Non-Financial Service Provider
7427,2014,2,576,2.0,10811.9,10900.1,10961.7,11031.9,11110.8,11179.2,10926.4,11212.375,Non-Financial Service Provider
7428,2014,2,577,2.0,,,,,,,,,Non-Financial Service Provider
7429,2014,2,578,2.0,10912.3,10979.8717,11034.364,11105.3985,11168.711,11243.3483,11007.9835,11276.3221,Non-Financial Service Provider
7430,2014,2,579,1.0,10912.3,10975.5141,11052.0519,11134.1864,11215.9434,11297.1371,11018.5131,11338.0252,Financial Service Provider
7431,2014,3,411,2.0,10910.5,10980.2051,11065.2295,11158.5293,11258.1816,11366.5381,10950.0391,11313.5586,Non-Financial Service Provider
7432,2014,3,420,2.0,10910.5,10991.0,11098.0,11200.0,11301.0,11379.0,10961.0,11335.0,Non-Financial Service Provider
7433,2014,3,421,2.0,10910.5,10991.424,11102.3942,11206.3964,11297.7266,11398.0616,10967.1925,11351.0442,Non-Financial Service Provider
7434,2014,3,422,1.0,10910.5,10983.6118,11071.7333,11153.2776,11235.4309,11318.1978,10952.5363,11277.1223,Financial Service Provider
7435,2014,3,426,2.0,10910.5,10988.95,11066.5,11160.3,11302.9,11381.0,10952.5625,11338.125,Non-Financial Service Provider
7436,2014,3,428,2.0,10910.5,11023.59,11119.96,11224.92,11338.08,11452.81,10983.76,11398.22,Non-Financial Service Provider
7437,2014,3,433,2.0,10910.5,10985.6,11071.2,11150.8,11230.4,11315.2,10952.9,11273.2,Non-Financial Service Provider
7438,2014,3,446,2.0,10910.5,10985.6741,11071.0928,11161.4278,11256.9958,11352.4304,10952.8917,11304.6444,Non-Financial Service Provider
7439,2014,3,463,2.0,10910.5,10986.5473,11066.4471,11146.84,11228.4329,11309.594,10951.9486,11269.7113,Non-Financial Service Provider
7440,2014,3,484,2.0,10910.5,10972.7014,11032.5597,11092.7445,11155.9849,11222.3267,10935.0934,11186.6005,Non-Financial Service Provider
7441,2014,3,504,1.0,10910.5,11006.9805,11121.1764,11230.0176,11333.2035,11427.7504,10970.7392,11380.0534,Financial Service Provider
7442,2014,3,506,2.0,10910.5,10971.2,11047.7,11129.78,11204.94,11282.05,10943.4203,11245.96,Non-Financial Service Provider
7443,2014,3,507,3.0,10910.5,10972.909,11044.0178,11121.8984,11187.7574,11257.221,10942.9317,11223.9279,Unknown
7444,2014,3,508,2.0,10910.5,10967.3345,11040.626,11108.9923,11180.5072,11257.9622,10945.7931,11241.3295,Non-Financial Service Provider
7445,2014,3,510,2.0,10910.5,10977.8,11025.3,11102.0,11160.0,11208.4,10939.5,11180.3,Non-Financial Service Provider
7446,2014,3,512,2.0,10910.5,10972.7014,11005.4724,11049.2326,11090.4362,11145.4773,10935.0934,11120.99,Non-Financial Service Provider
7447,2014,3,518,2.0,10910.5,10952.6386,11004.9668,11063.1248,11133.1225,11204.91,10935.0934,11172.4805,Non-Financial Service Provider
7448,2014,3,520,2.0,10910.5,10988.7552,11070.2596,11155.0744,11237.8124,11318.4152,10953.4537,11277.7245,Non-Financial Service Provider
7449,2014,3,524,2.0,10910.5,10961.1,11014.3,11080.5,11142.9,11214.2,10932.5,11180.7,Non-Financial Service Provider
7450,2014,3,526,2.0,10910.5,11021.5353,11112.2503,11200.0936,11281.3262,11355.7927,10972.1464,11315.1358,Non-Financial Service Provider
7451,2014,3,527,2.0,10910.5,10991.424,11072.9481,11163.1908,11254.1689,11337.6418,10967.1925,11296.2083,Non-Financial Service Provider
7452,2014,3,532,2.0,10910.5,10986.0844,11067.569,11152.3632,11235.0811,,10952.1134,,Non-Financial Service Provider
7453,2014,3,535,1.0,10910.5,10970.0189,11029.8626,11090.0327,11153.2576,11216.843,10935.0934,11186.6005,Financial Service Provider
7454,2014,3,542,1.0,10910.5,10976.9893,11044.9615,11114.4387,11184.353,11267.3081,10944.1877,11229.2446,Financial Service Provider
7455,2014,3,546,1.0,10910.5,10980.7371,11051.4264,11127.9871,11210.5242,11299.1518,10945.7931,11252.2753,Financial Service Provider
7456,2014,3,548,2.0,10910.5,11037.74,11112.59,11190.29,11274.48,11366.58,11009.067,11322.5325,Non-Financial Service Provider
7457,2014,3,549,1.0,10910.5,10970.0189,11040.6392,11103.5826,11180.5046,11246.9922,10945.7931,11219.4379,Financial Service Provider
7458,2014,3,553,2.0,10910.5,10970.5078,11036.3308,11099.7897,11163.6135,11227.8043,10940.3346,11181.022,Non-Financial Service Provider
7459,2014,3,555,1.0,10910.5,10979.8,11049.1,11118.6,11189.8,11259.8,10945.9,11225.4,Financial Service Provider
7460,2014,3,556,1.0,10910.5,10993.1114,11090.0096,11182.1451,11275.5123,11370.1318,10959.4803,,Financial Service Provider
7461,2014,3,557,1.0,10910.5,10943.2315,10987.0044,11036.446,11075.0735,11108.2987,10921.259,11093.1375,Financial Service Provider
7462,2014,3,559,1.0,10910.5,10987.2,11064.3,11143.7,11223.6,11308.0,10951.6,11266.8,Financial Service Provider
7463,2014,3,563,2.0,10910.5,10978.0605,11024.4227,11079.1362,11134.1212,11183.89,10935.0934,11208.4707,Non-Financial Service Provider
7464,2014,3,568,2.0,10910.5,10966.7695,11038.6267,11104.9162,11175.5886,11238.7169,10940.049,11205.3579,Non-Financial Service Provider
7465,2014,3,569,1.0,,,,,,,,,Financial Service Provider
7466,2014,3,570,2.0,,,,,,,,,Non-Financial Service Provider
7467,2014,3,572,1.0,10910.5,10997.784,11083.0168,11163.3687,11241.5123,11317.3925,10958.9002,11279.0146,Financial Service Provider
7468,2014,3,574,2.0,10910.5,10983.025,11060.4563,11117.7203,11181.0754,11243.7192,10949.5703,11211.6019,Non-Financial Service Provider
7469,2014,3,575,2.0,,,,,,,,,Non-Financial Service Provider
7470,2014,3,577,2.0,,,,,,,,,Non-Financial Service Provider
7471,2014,3,578,2.0,10910.5,10978.0605,11048.7325,11111.722,11185.9785,11249.7504,10945.3983,11218.784,Non-Financial Service Provider
7472,2014,3,579,1.0,10910.5,10980.868,11064.023,11149.2929,11238.1491,11320.3302,10949.9227,11276.2359,Financial Service Provider
7473,2014,3,580,1.0,10910.5,10983.4117,11070.2439,11146.935,11229.6126,11304.6569,10956.4928,11274.2311,Financial Service Provider
7474,2014,4,411,2.0,10960.9,11030.1,11108.3,11198.7,11294.0,11383.2,10937.0,11246.0,Non-Financial Service Provider
7475,2014,4,421,2.0,10960.9,11075.4262,11202.7936,11289.6153,11391.2218,11476.656,10948.1672,11340.0717,Non-Financial Service Provider
7476,2014,4,422,1.0,10960.9,11037.8907,11127.8657,11209.5256,11286.1898,11361.2813,10938.9227,11246.2156,Financial Service Provider
7477,2014,4,423,2.0,10960.9,11034.7,11092.7,11142.6,11195.8,11251.0,10955.3,11170.5,Non-Financial Service Provider
7478,2014,4,426,2.0,10960.9,11041.2,11130.9,11252.2,11362.5,11482.6,10939.75,11307.05,Non-Financial Service Provider
7479,2014,4,428,2.0,10989.25,11070.06,11178.13,11288.75,11406.23,11535.86,10954.05,11352.24,Non-Financial Service Provider
7480,2014,4,429,2.0,10960.9,11040.2676,11116.1562,11194.7438,11276.3249,11362.1674,10939.4803,11237.2529,Non-Financial Service Provider
7481,2014,4,433,2.0,10960.92,11035.24,11120.04,11202.8,11283.68,11364.88,10938.26,11242.85,Non-Financial Service Provider
7482,2014,4,446,2.0,10960.9,11024.7076,11090.7949,11159.2545,11230.1837,11303.6843,10935.6269,11195.9793,Non-Financial Service Provider
7483,2014,4,484,2.0,10960.9,11036.8336,11099.7552,11165.7626,11234.9038,11307.2293,10935.0934,11197.5356,Non-Financial Service Provider
7484,2014,4,504,1.0,10960.9,11030.7208,11132.36,11227.4074,11321.5095,11421.2044,10937.1302,11275.6203,Financial Service Provider
7485,2014,4,506,2.0,10960.9,11044.53,11123.19,11206.8,11290.3,11367.41,10940.5743,11246.925,Non-Financial Service Provider
7486,2014,4,507,3.0,10960.9,11023.8818,11100.9362,11173.6206,11248.3836,11323.1263,10935.4205,11211.5167,Unknown
7487,2014,4,510,2.0,10960.9,11026.4,11104.3,11162.5,11211.0,11253.6,10936.05,11182.85,Non-Financial Service Provider
7488,2014,4,512,2.0,10960.9,11023.3888,11064.496,11122.1326,11171.8479,11210.7458,10935.0934,11142.8602,Non-Financial Service Provider
7489,2014,4,518,2.0,10960.9,11022.317,11080.857,11153.547,11209.847,11283.007,10935.0292,11181.8145,Non-Financial Service Provider
7490,2014,4,520,2.0,10960.9,11042.1978,11118.6946,11201.1627,11281.5027,11362.4188,10939.9995,11240.9447,Non-Financial Service Provider
7491,2014,4,524,2.0,10960.9,11032.0,11100.8,11165.3,11237.2,11309.1,10937.2,11203.1,Non-Financial Service Provider
7492,2014,4,526,2.0,10960.9,11047.5388,11133.0682,11213.8155,11287.8371,11354.9715,10941.3347,11247.4231,Non-Financial Service Provider
7493,2014,4,527,2.0,10960.9,11036.8336,11126.7819,11217.4632,11300.664,11378.9513,10945.7931,11252.2753,Non-Financial Service Provider
7494,2014,4,533,1.0,10960.9,11015.0,11080.0,11115.0,11215.0,11270.0,10933.0,11170.0,Financial Service Provider
7495,2014,4,535,1.0,10960.9,11017.997,11078.1024,11141.2593,11204.7763,11271.4083,10935.0934,11175.6655,Financial Service Provider
7496,2014,4,542,1.0,10960.9,11042.1978,11111.6576,11181.5543,11264.4887,11348.0382,10939.9995,11226.4347,Financial Service Provider
7497,2014,4,546,1.0,10960.9,11015.2982,11086.2099,11163.0116,11248.5371,11326.4633,10935.0934,11208.4707,Financial Service Provider
7498,2014,4,548,2.0,10960.9,11025.2,11107.53,11174.58,11242.07,11315.36,10933.1,11209.88,Non-Financial Service Provider
7499,2014,4,549,1.0,10960.9,11031.4616,11097.0628,11171.2213,11237.6537,11301.7203,10935.0934,11197.5356,Financial Service Provider
7500,2014,4,553,2.0,10960.9,11034.8861,11101.0954,11164.9267,11229.125,11293.6925,10938.0965,11197.2099,Non-Financial Service Provider
7501,2014,4,555,1.0,10960.9,11026.7,11096.1,11167.2,11237.1,11310.5,10936.1,11202.7,Financial Service Provider
7502,2014,4,556,1.0,10960.9,11017.4951,11125.708,11192.4385,11244.2995,11319.6139,10933.8238,11220.515,Financial Service Provider
7503,2014,4,557,1.0,10960.9,10971.8609,11037.6921,11098.3994,11153.8914,11192.93,10922.4152,11120.7282,Financial Service Provider
7504,2014,4,559,1.0,10960.9,11031.4616,11106.3817,11179.2414,11252.5791,11326.3978,10937.3154,11216.15,Financial Service Provider
7505,2014,4,560,2.0,,,,,,,,,Non-Financial Service Provider
7506,2014,4,563,2.0,10960.9,11020.6939,11072.6733,11122.1675,11169.1383,11216.3075,10935.0934,11142.8602,Non-Financial Service Provider
7507,2014,4,568,2.0,10960.9,11031.3669,11090.6556,11153.3794,11213.7356,11279.2141,10937.2917,11184.2462,Non-Financial Service Provider
7508,2014,4,569,1.0,,,,,,,,,Financial Service Provider
7509,2014,4,570,2.0,,,,,,,,,Non-Financial Service Provider
7510,2014,4,572,1.0,10960.9,11037.6263,11117.6491,11195.4726,11271.0421,11347.1216,10938.8566,11232.8214,Financial Service Provider
7511,2014,4,574,2.0,10960.9,11022.8,11080.65,11144.7375,11207.7719,11274.4898,10935.15,11176.9123,Non-Financial Service Provider
7512,2014,4,575,2.0,,,,,,,,,Non-Financial Service Provider
7513,2014,4,577,2.0,,,,,,,,,Non-Financial Service Provider
7514,2014,4,578,2.0,10960.9,11037.9071,11106.2565,11175.0292,11238.7387,11305.5726,10938.9268,11206.3992,Non-Financial Service Provider
7515,2014,4,579,1.0,10960.9,11043.9059,11129.0058,11217.6831,11299.6934,11376.3614,10940.4265,11255.6859,Financial Service Provider
7516,2015,1,411,2.0,11114.9,11212.6,11318.7,11425.7,11529.2,11631.5,11371.6,11766.5,Non-Financial Service Provider
7517,2015,1,421,2.0,11114.9,11206.5979,11293.4491,11395.0901,11480.5533,11540.8262,11343.9,11664.7,Non-Financial Service Provider
7518,2015,1,422,1.0,11114.9,11218.7,11311.6,11406.0745,11501.3833,11593.9637,11359.436,11717.5453,Financial Service Provider
7519,2015,1,423,2.0,11114.9,11245.0,11345.0,11448.0,11545.0,11642.0,11396.0,11788.0,Non-Financial Service Provider
7520,2015,1,426,2.0,11114.9,11221.3,11335.7,11449.9,11503.0,11605.158,11377.475,11760.6733,Non-Financial Service Provider
7521,2015,1,428,2.0,11098.94,11201.63,11316.15,11436.24,11564.15,11689.68,11379.54,11861.72,Non-Financial Service Provider
7522,2015,1,429,2.0,11114.9,11194.8009,11285.2435,11377.0175,11466.9604,11558.4932,11331.0056,11695.0405,Non-Financial Service Provider
7523,2015,1,433,2.0,11114.92,11201.4,11285.6,11364.88,11449.44,11525.12,11325.33,11636.11,Non-Financial Service Provider
7524,2015,1,456,1.0,11114.9,11206.9282,11310.5472,11408.2414,11499.8246,11578.0834,11356.3853,11686.0696,Financial Service Provider
7525,2015,1,504,1.0,11114.9,11201.9568,11305.1014,11405.4758,11512.9837,11618.3215,11356.3794,11765.8214,Financial Service Provider
7526,2015,1,506,2.0,11114.9,11208.99,11315.61,11419.9,11515.22,11606.61,11364.93,11738.3075,Non-Financial Service Provider
7527,2015,1,507,3.0,11114.9,11188.8122,11270.5486,11347.3407,11424.1313,11491.5373,11307.7082,11600.057,Unknown
7528,2015,1,508,2.0,11114.9,11189.1777,11258.4638,11328.179,11392.7617,11463.3084,11296.834,11590.5517,Non-Financial Service Provider
7529,2015,1,510,2.0,11114.9,11219.9,11293.2,11350.1,11396.8,11385.5,11315.0,11399.8,Non-Financial Service Provider
7530,2015,1,512,2.0,11114.9,11191.9004,11241.9276,11283.8497,11314.7531,11382.0391,11252.9628,11444.2632,Non-Financial Service Provider
7531,2015,1,518,2.0,11114.9,11190.686,11281.0085,11367.2464,11443.0524,11508.0261,11329.7374,11624.3106,Non-Financial Service Provider
7532,2015,1,520,2.0,11114.9,11224.4196,11324.1036,11421.9149,11512.2138,11597.6007,11370.663,11724.4143,Non-Financial Service Provider
7533,2015,1,524,2.0,11114.9,11184.9094,11269.0882,11356.4297,11442.8655,11535.5905,11313.3232,11660.3916,Non-Financial Service Provider
7534,2015,1,527,2.0,11114.9,11212.0,11319.0,11404.0,11489.0,11570.0,11356.0,11672.0,Non-Financial Service Provider
7535,2015,1,542,1.0,11114.9,11197.34,11267.7757,11351.3496,11435.5434,11520.3617,11313.0022,11624.2249,Financial Service Provider
7536,2015,1,546,1.0,11114.9,11191.9004,11283.1125,11377.8199,11476.0952,11566.8223,11329.7374,11692.289,Financial Service Provider
7537,2015,1,548,2.0,11114.9,11105.24,11185.47,11264.64,11336.03,11406.32,11222.84,11529.77,Non-Financial Service Provider
7538,2015,1,549,1.0,11114.9,11221.7205,11299.4609,11369.43,11434.2478,11499.4352,11329.7374,11590.3214,Financial Service Provider
7539,2015,1,553,2.0,11114.9,11198.2618,11275.5298,11349.9483,11423.7229,11497.9771,11311.8657,11605.9742,Non-Financial Service Provider
7540,2015,1,555,1.0,11114.9,11210.2363,11283.8434,11358.1223,11432.4016,11504.2836,11321.1509,11613.5617,Financial Service Provider
7541,2015,1,556,1.0,11114.9,11206.197,11290.9779,11351.754,11434.6996,11525.3939,11320.9071,,Financial Service Provider
7542,2015,1,557,1.0,11114.9,11170.4745,11240.8485,11313.914,11381.7975,11452.3646,11276.7586,11569.4302,Financial Service Provider
7543,2015,1,559,1.0,11114.9,11216.3163,11313.1967,11403.7407,11491.1105,11581.9564,11356.0911,11708.3027,Financial Service Provider
7544,2015,1,563,2.0,11114.9,11200.0568,11288.6017,11372.3301,11445.5402,11513.6039,11329.7374,11612.9808,Non-Financial Service Provider
7545,2015,1,568,2.0,11114.9,11157.9819,11223.2237,11288.6979,11351.8494,11413.3714,11255.4382,11515.7743,Non-Financial Service Provider
7546,2015,1,569,1.0,,,,,,,,,Financial Service Provider
7547,2015,1,570,2.0,,,,,,,,,Non-Financial Service Provider
7548,2015,1,572,1.0,11114.9,11209.3767,11304.6564,11403.5721,11500.5025,11589.6314,11354.5269,11719.9213,Financial Service Provider
7549,2015,1,574,2.0,11114.9,11230.1,11321.55,11408.7875,11491.1094,11570.1617,11362.8867,11682.6452,Non-Financial Service Provider
7550,2015,1,575,2.0,,,,,,,,,Non-Financial Service Provider
7551,2015,1,577,2.0,,,,,,,,,Non-Financial Service Provider
7552,2015,1,578,2.0,11114.9,11200.0568,11283.1285,11361.2943,11434.4335,11502.4311,11319.7,11616.8,Non-Financial Service Provider
7553,2015,1,579,1.0,11114.9,11219.1347,11325.7439,11417.2223,11505.9086,11587.8717,11366.9765,11696.4674,Financial Service Provider
7554,2015,1,580,1.0,11114.9,11228.5119,11314.3433,11392.7255,11468.8598,11542.8836,11340.6868,11641.7496,Financial Service Provider
7555,2015,2,411,2.0,11173.1,11273.2,11384.3,11484.2,11585.3,11675.1,11328.7,11714.0,Non-Financial Service Provider
7556,2015,2,422,1.0,11173.1,11265.946,11359.2182,11442.5886,11520.8598,11597.5267,11310.2132,11636.3946,Financial Service Provider
7557,2015,2,424,1.0,11173.1,11269.607,11361.4524,11454.0463,11539.0018,11624.5874,11314.5514,11668.0162,Financial Service Provider
7558,2015,2,426,2.0,11173.1,11293.8,11419.9,11526.7811,11590.8916,11665.3317,11353.3953,11736.1064,Non-Financial Service Provider
7559,2015,2,428,2.0,11173.1,11291.81,11410.08,11539.37,11656.05,11764.75,11353.59,11823.21,Non-Financial Service Provider
7560,2015,2,429,2.0,11173.1,11242.5608,11328.0638,11415.0752,11503.4521,11591.2767,11289.7336,11639.7153,Non-Financial Service Provider
7561,2015,2,433,2.0,11173.1,11264.432,11351.008,11435.468,11514.968,11599.248,11306.002,11637.426,Non-Financial Service Provider
7562,2015,2,456,1.0,11173.1,11278.4427,11389.5738,11501.7999,11601.1461,11701.3504,11335.7291,11736.1574,Financial Service Provider
7563,2015,2,463,2.0,11173.1,11256.4622,11336.2204,11413.447,11490.5654,11571.2695,11298.07,11614.416,Non-Financial Service Provider
7564,2015,2,484,2.0,11173.1,11245.0276,11309.1362,11379.1652,11444.0385,11514.9028,11276.132,11546.7592,Non-Financial Service Provider
7565,2015,2,504,1.0,11173.1,11267.1465,11377.3222,11482.1065,11582.2167,11677.0456,11324.9188,11728.8437,Financial Service Provider
7566,2015,2,506,2.0,11173.1,11256.46,11348.14,11434.06,11514.03,11598.08,11302.9365,11641.9175,Non-Financial Service Provider
7567,2015,2,507,3.0,11173.1,11246.2291,11328.2644,11406.3133,11476.4863,11549.6962,11288.4767,11588.4823,Unknown
7568,2015,2,510,2.0,11173.1,11260.0,11327.0,11393.4,11400.8,11414.8,11288.4,11440.3,Non-Financial Service Provider
7569,2015,2,512,2.0,11173.1,11234.0515,11320.1212,11356.7336,11421.479,11458.4192,11276.132,11501.6546,Non-Financial Service Provider
7570,2015,2,518,2.0,11173.1,11266.6975,11360.4976,11452.0078,11534.7179,11613.148,11313.0484,11656.9199,Non-Financial Service Provider
7571,2015,2,520,2.0,11173.1,11261.4318,11347.7113,11431.878,11513.8728,11604.8986,11303.5303,11645.433,Non-Financial Service Provider
7572,2015,2,523,2.0,11173.1,11235.5917,11298.4329,11372.136,11449.3691,11529.2756,11269.81,11571.19,Non-Financial Service Provider
7573,2015,2,527,2.0,11173.1,11257.0,11350.0,11443.0,11529.0,11610.0,11305.775,11695.0,Non-Financial Service Provider
7574,2015,2,532,2.0,11173.1,11264.1588,11347.7059,11426.3192,11505.477,,11302.821,,Non-Financial Service Provider
7575,2015,2,533,1.0,11173.1,11275.0,11350.0,11415.0,11490.0,11565.0,11303.28,11602.5,Financial Service Provider
7576,2015,2,535,1.0,11173.1,11250.5036,11328.4435,11401.3711,11469.1722,11543.0058,11287.101,11580.5656,Financial Service Provider
7577,2015,2,542,1.0,11173.1,11269.6071,11353.1945,11437.402,11522.234,11593.5825,11308.3259,11626.1142,Financial Service Provider
7578,2015,2,546,1.0,11173.1,11255.9717,11339.458,11429.105,11519.4607,11604.9013,11298.07,11637.0121,Financial Service Provider
7579,2015,2,548,2.0,11173.1,11251.48,11340.2,11422.8,11498.45,11578.18,11296.89,11617.4,Non-Financial Service Provider
7580,2015,2,549,1.0,11173.1,11250.5036,11322.9295,11387.4823,11449.6032,11509.246,11287.101,11535.4172,Financial Service Provider
7581,2015,2,555,1.0,11173.1,11250.5,11334.3,11417.8,11497.7,11573.6,11293.9,11612.3,Financial Service Provider
7582,2015,2,556,1.0,11173.1,11236.0331,11315.463,11418.4671,11478.6788,11545.0923,11285.7658,,Financial Service Provider
7583,2015,2,557,1.0,11173.1,11256.8983,11324.4396,11420.6974,11449.2491,11472.1476,11293.7838,11489.3888,Financial Service Provider
7584,2015,2,559,1.0,11173.1,11270.6957,11355.5313,11439.756,11530.1959,11614.0242,11309.7708,11655.9776,Financial Service Provider
7585,2015,2,560,2.0,,,,,,,,,Non-Financial Service Provider
7586,2015,2,563,2.0,11173.1,11223.0431,11289.7836,11340.2483,11390.9385,11447.471,11254.194,11468.0237,Non-Financial Service Provider
7587,2015,2,568,2.0,11173.1,11241.7676,11309.5033,11372.8465,11434.5056,11501.662,11274.3044,11537.0339,Non-Financial Service Provider
7588,2015,2,569,1.0,,,,,,,,,Financial Service Provider
7589,2015,2,570,2.0,,,,,,,,,Non-Financial Service Provider
7590,2015,2,572,1.0,11173.1,11278.5686,11377.2561,11473.9627,11562.8859,11652.4983,11326.2463,11692.8752,Financial Service Provider
7591,2015,2,574,2.0,11173.1,11265.3,11353.475,11441.9688,11522.5609,11604.9262,11308.4609,11643.748,Non-Financial Service Provider
7592,2015,2,575,2.0,,,,,,,,,Non-Financial Service Provider
7593,2015,2,576,2.0,11091.7893,11178.2162,11140.6018,11289.3108,11324.1995,11340.2766,11174.9795,11422.971,Non-Financial Service Provider
7594,2015,2,577,2.0,,,,,,,,,Non-Financial Service Provider
7595,2015,2,578,2.0,11173.1,11255.9717,11333.9494,11409.691,11477.5415,11551.4289,11293.178,11586.7148,Non-Financial Service Provider
7596,2015,2,579,1.0,11173.1,11273.1675,11375.6867,11470.5699,11551.9957,11629.8505,11323.131,11662.907,Financial Service Provider
7597,2015,2,580,1.0,11174.2,11232.4,11318.4571,11391.3204,11459.0617,11524.3905,11279.0944,11594.909,Financial Service Provider
7598,2015,2,581,1.0,11173.1,11255.6228,11338.7551,11409.7021,11479.4679,11549.6604,11294.295,11585.1864,Financial Service Provider
7599,2015,3,411,2.0,11161.7,11247.2,11332.7,11421.9,11509.7,11596.8,11205.8,11552.3,Non-Financial Service Provider
7600,2015,3,421,2.0,11161.7,11262.1553,11346.6215,11406.1912,11503.1439,11572.1627,11212.9192,11528.6036,Non-Financial Service Provider
7601,2015,3,422,1.0,11161.7,11238.0205,11315.7616,11394.1276,11473.1242,11552.7572,11199.1705,11513.2604,Financial Service Provider
7602,2015,3,424,1.0,11161.7,11249.9416,11341.6267,11425.7484,11510.494,11595.8682,11208.5913,11553.47,Financial Service Provider
7603,2015,3,426,2.0,11161.7,11242.7,11307.3,11445.8811,11557.8916,11702.0317,11198.225,11619.2514,Non-Financial Service Provider
7604,2015,3,428,2.0,11161.7,11271.64,11410.6,11534.32,11646.52,11771.49,11231.29,11709.38,Non-Financial Service Provider
7605,2015,3,433,2.0,11161.72,11239.04,11327.88,11409.4,11502.4,11580.4,11202.46,11539.48,Non-Financial Service Provider
7606,2015,3,456,1.0,11161.7,11258.6839,11355.9302,11442.9336,11530.6037,11609.072,11214.3785,11567.6709,Financial Service Provider
7607,2015,3,463,2.0,11161.7,11239.4979,11339.4332,11428.4657,11513.8206,11594.8846,11205.432,11553.121,Non-Financial Service Provider
7608,2015,3,484,2.0,11161.7,11230.816,11305.8683,11384.1917,11465.8444,11545.2761,11191.0953,11493.2549,Non-Financial Service Provider
7609,2015,3,504,1.0,11161.7,11257.1273,11348.5453,11447.5272,11546.2997,11644.3342,11212.1432,11595.9977,Financial Service Provider
7610,2015,3,506,2.0,11161.709,11247.2431,11331.4685,11419.1737,11503.5379,11590.3409,11205.4144,11545.9902,Non-Financial Service Provider
7611,2015,3,508,2.0,11161.7,11230.816,11294.8436,11370.3238,11446.3084,11528.4066,11191.0953,11538.0193,Non-Financial Service Provider
7612,2015,3,510,2.0,11161.7,11237.7,11303.9,11315.4,11331.8,11365.1,11196.1,11359.0,Non-Financial Service Provider
7613,2015,3,512,2.0,11161.7,11252.6659,11302.9647,11395.0819,11448.8271,11502.8258,11191.0953,11470.8727,Non-Financial Service Provider
7614,2015,3,518,2.0,11161.7,11250.9791,11325.899,11399.329,11477.5189,11557.3388,11204.9261,11516.8877,Non-Financial Service Provider
7615,2015,3,520,2.0,11161.7,11252.6659,11349.8602,11431.2667,11516.0532,11593.0117,11211.3565,11554.1234,Non-Financial Service Provider
7616,2015,3,527,2.0,11161.7,11246.0,11339.0,11423.0,11503.0,11575.0,11207.0,11540.0,Non-Financial Service Provider
7617,2015,3,528,1.0,11161.7,11241.7569,11314.1265,11381.4087,11446.2948,11511.5508,11201.971,11482.0203,Financial Service Provider
7618,2015,3,533,1.0,11161.7,11235.6,11299.3,11375.0,11446.9,11520.8,11194.4,11484.3,Financial Service Provider
7619,2015,3,535,1.0,11161.7,11233.5542,11308.6248,11375.8743,11449.1073,11520.003,11191.0953,11482.0638,Financial Service Provider
7620,2015,3,542,1.0,11161.7,11244.4871,11327.8883,11411.9081,11482.5734,11553.6763,11203.8189,11514.7936,Financial Service Provider
7621,2015,3,546,1.0,11161.7,11244.4871,11333.3833,11422.9822,11507.7073,11587.429,11201.971,11538.0301,Financial Service Provider
7622,2015,3,548,2.0,11161.7,11340.2,11422.8,11498.45,11578.18,11656.76,11251.47,11617.4,Non-Financial Service Provider
7623,2015,3,549,1.0,11161.7,11233.5542,11300.3573,11359.2226,11415.5976,11466.6247,11191.0953,11437.2994,Financial Service Provider
7624,2015,3,553,2.0,11161.7,11250.9936,11335.3761,11423.2252,11508.8994,11595.2162,11207.3174,11543.5369,Non-Financial Service Provider
7625,2015,3,555,1.0,11161.7,11250.8,11333.6,11413.0,11488.2,11564.2,11206.8,11526.6,Financial Service Provider
7626,2015,3,557,1.0,11161.7,11230.903,11303.903,11366.075,11413.812,11465.175,11194.4265,11441.0307,Financial Service Provider
7627,2015,3,559,1.0,11161.7,11249.9417,11338.8809,11424.3544,11507.6927,11591.6389,11207.9306,11550.3252,Financial Service Provider
7628,2015,3,560,2.0,,,,,,,,,Non-Financial Service Provider
7629,2015,3,563,2.0,11161.7,11233.5542,11292.0715,11353.672,11415.6086,11472.2635,11191.0953,11504.446,Non-Financial Service Provider
7630,2015,3,568,2.0,11161.7,11225.2444,11296.3748,11361.691,11428.5704,11497.7264,11191.1298,11463.8207,Non-Financial Service Provider
7631,2015,3,569,1.0,,,,,,,,,Financial Service Provider
7632,2015,3,570,2.0,,,,,,,,,Non-Financial Service Provider
7633,2015,3,572,1.0,11161.7,11259.3649,11355.0695,11443.0713,11531.7551,11615.3603,11214.3336,11571.7136,Financial Service Provider
7634,2015,3,574,2.0,11161.7,11245.55,11332.2875,11417.0344,11505.993,11592.0662,11205.1844,11547.1972,Non-Financial Service Provider
7635,2015,3,575,2.0,,,,,,,,,Non-Financial Service Provider
7636,2015,3,576,2.0,11161.7,11252.9085,11367.5554,11415.9497,11497.2323,11589.3755,11215.8,11551.9,Non-Financial Service Provider
7637,2015,3,577,2.0,,,,,,,,,Non-Financial Service Provider
7638,2015,3,578,2.0,11161.7,11239.0247,11314.1318,11381.4141,11460.2609,11534.0371,11199.0141,11496.0001,Non-Financial Service Provider
7639,2015,3,579,1.0,11161.7,11252.4565,11342.306,11418.9949,11487.6014,11554.1526,11209.3899,11518.8702,Financial Service Provider
7640,2015,3,581,1.0,11161.7,11244.1638,11320.5396,11389.7235,11459.3301,11529.3622,11201.9009,11494.5595,Financial Service Provider
7641,2015,4,411,2.0,11268.6,11353.0,11434.1,11527.2,11614.6,11700.7,11220.5,11569.2,Non-Financial Service Provider
7642,2015,4,421,2.0,11268.6,11361.566,11426.895,11535.4505,11613.3148,11674.2847,11222.5665,11562.4862,Non-Financial Service Provider
7643,2015,4,422,1.0,11268.6,11357.3484,11436.9921,11513.2454,11589.9716,11667.2323,11221.5121,11551.8603,Financial Service Provider
7644,2015,4,424,1.0,11268.6,11357.6868,11447.4779,11537.9788,11627.7864,11718.293,11221.5967,11582.884,Financial Service Provider
7645,2015,4,426,2.0,11268.6,11370.2203,11464.6806,11559.1408,11653.6011,11771.2014,11224.7301,11612.156,Non-Financial Service Provider
7646,2015,4,428,2.0,11268.6,11393.88,11498.93,11605.59,11726.82,11831.89,11233.23,11665.81,Non-Financial Service Provider
7647,2015,4,429,2.0,11268.6,11357.9894,11433.4462,11513.1014,11599.4238,11685.3441,11221.656,11557.8568,Non-Financial Service Provider
7648,2015,4,433,2.0,11268.6,11349.72,11435.0,11521.76,11599.88,11674.28,11219.61,11557.73,Non-Financial Service Provider
7649,2015,4,456,1.0,11268.6,11351.1255,11435.3176,11520.1342,11598.5312,11677.4617,11219.9564,11557.8612,Financial Service Provider
7650,2015,4,463,2.0,11268.6,11352.0424,11436.1163,11513.0252,11592.3856,11671.0081,11220.1856,11553.1338,Non-Financial Service Provider
7651,2015,4,472,2.0,11268.6,11342.0,11436.7,11536.0,11656.1,11746.1,11217.7,11593.7,Non-Financial Service Provider
7652,2015,4,484,2.0,11268.6,11343.9048,11422.4917,11504.4191,11584.1181,11655.8498,11212.8467,11538.0193,Non-Financial Service Provider
7653,2015,4,504,1.0,11268.6,11357.1649,11445.3244,11543.815,11639.2391,11738.5498,11221.4662,11591.732,Financial Service Provider
7654,2015,4,506,2.0,11268.6,11354.04,11439.63,11527.6,11619.55,11710.12,11220.702,11574.225,Non-Financial Service Provider
7655,2015,4,507,3.0,11268.6,11347.2957,11419.1948,11493.4394,11567.2965,11637.731,11218.9989,11529.4154,Unknown
7656,2015,4,508,2.0,11268.6,11353.3667,11448.4478,11551.9851,11660.9431,11775.2741,11221.6686,11611.4805,Non-Financial Service Provider
7657,2015,4,510,2.0,11268.6,11337.1,11348.3,11364.7,11398.2,11456.8,11216.5,11392.0,Non-Financial Service Provider
7658,2015,4,518,2.0,11268.6,11359.8984,11442.4284,11525.1084,11600.7984,11671.8384,11222.1313,11560.0047,Non-Financial Service Provider
7659,2015,4,520,2.0,11268.6,11349.4236,11428.0488,11510.0161,11586.9342,11667.2047,11219.5309,11548.0509,Non-Financial Service Provider
7660,2015,4,523,2.0,11268.6,11354.22,11438.08,11521.33,11604.58,11688.13,11220.73,11563.03,Non-Financial Service Provider
7661,2015,4,524,2.0,11268.6,11350.3824,11430.1064,11507.6208,11590.7496,11674.9371,11219.5251,11550.8535,Non-Financial Service Provider
7662,2015,4,528,1.0,11268.6,11326.8109,11382.4728,11436.8706,11489.0811,11542.7247,11213.8519,11462.761,Financial Service Provider
7663,2015,4,532,2.0,11268.6,11352.18,11430.8243,11501.6067,11567.1781,,,,Non-Financial Service Provider
7664,2015,4,533,1.0,11268.6,11345.0,11390.0,11438.0,11486.0,11534.0,11218.43,11462.0,Financial Service Provider
7665,2015,4,535,1.0,11268.6,11346.6652,11414.1409,11493.2144,11570.0203,11647.3394,11223.7224,11537.9866,Financial Service Provider
7666,2015,4,540,2.0,11268.6,11347.0,11433.6,11521.2,11606.7,11689.9,11218.9,11562.8,Non-Financial Service Provider
7667,2015,4,542,1.0,11268.6,11352.18,11436.38,11521.2044,11592.5465,11664.3304,11220.22,11553.6153,Financial Service Provider
7668,2015,4,546,1.0,11268.6,11352.18,11436.3799,11515.6075,11592.563,11664.347,11223.7224,11560.4341,Financial Service Provider
7669,2015,4,548,2.0,11268.6,11347.93,11429.38,11512.25,11600.0,11686.46,11219.17,11557.02,Non-Financial Service Provider
7670,2015,4,549,1.0,11268.6,11341.1424,11405.7989,11468.0198,11519.2812,11573.6122,11212.8467,11493.1679,Financial Service Provider
7671,2015,4,553,2.0,11268.6,11347.4802,11424.0757,11498.3322,11573.0713,11648.2963,11219.0451,11535.9439,Non-Financial Service Provider
7672,2015,4,555,1.0,11268.6,11364.5,11436.1,11509.6,11579.9,11646.0,11223.3,11542.9,Financial Service Provider
7673,2015,4,556,1.0,11268.6,11351.4219,11425.7991,11495.1312,11568.9101,11650.6485,11220.0305,11535.1222,Financial Service Provider
7674,2015,4,557,1.0,11268.6,11336.2116,11413.2978,11494.3323,11573.6432,11654.6587,11216.2,11534.0,Financial Service Provider
7675,2015,4,559,1.0,11268.6,11341.1424,11425.2605,11508.6053,11588.3333,11668.6135,11217.4606,11547.7031,Financial Service Provider
7676,2015,4,563,2.0,11268.6,11341.1424,11416.932,11487.6284,11553.1201,11618.9852,11212.8467,11515.5936,Non-Financial Service Provider
7677,2015,4,568,2.0,11268.6,11322.6177,11386.6049,11453.8194,11521.5174,11589.6092,11212.8294,11487.8878,Non-Financial Service Provider
7678,2015,4,569,1.0,,,,,,,,,Financial Service Provider
7679,2015,4,570,2.0,,,,,,,,,Non-Financial Service Provider
7680,2015,4,572,1.0,11268.6,11358.7488,11443.9394,11529.769,11613.3598,11694.6533,11221.8622,11570.4304,Financial Service Provider
7681,2015,4,574,2.0,11268.6,11356.1,11446.8,11543.2,11634.275,11720.6938,11221.2,11586.2422,Non-Financial Service Provider
7682,2015,4,575,2.0,,,,,,,,,Non-Financial Service Provider
7683,2015,4,576,2.0,11268.6,11389.13,11499.4466,11579.2616,11711.8439,11795.9711,11231.0,11646.6,Non-Financial Service Provider
7684,2015,4,578,2.0,11268.6,11338.378,11405.8044,11479.23,11544.6738,11610.4907,11216.7695,11510.0497,Non-Financial Service Provider
7685,2015,4,579,1.0,11268.6,11359.9776,11438.9302,11512.457,11580.1621,11641.0409,11222.1436,11543.121,Financial Service Provider
7686,2016,1,421,2.0,11322.5,11407.4188,11487.2707,11596.3998,11674.6755,11735.9675,11541.4412,11828.6793,Non-Financial Service Provider
7687,2016,1,422,1.0,11322.5,11390.2618,11438.5049,11503.6383,11569.1576,11635.0653,11475.3907,11734.9068,Financial Service Provider
7688,2016,1,424,1.0,11322.5,11373.1109,11443.536,11522.8131,11608.2787,11680.16,11486.9347,11795.5806,Financial Service Provider
7689,2016,1,426,2.0,11322.5,11404.8,11484.8,11576.4,11650.2,11735.0457,11529.05,11847.5428,Non-Financial Service Provider
7690,2016,1,433,2.0,11322.5,11387.048,11462.588,11527.092,11604.972,11680.804,11495.425,11785.348,Non-Financial Service Provider
7691,2016,1,456,1.0,11322.5,11400.9781,11478.5643,11549.6424,11621.1606,11693.1217,11512.5863,11794.921,Financial Service Provider
7692,2016,1,472,2.0,11322.5,11392.46,11490.07,11586.04,11663.24,11728.62,11532.95,11828.47,Non-Financial Service Provider
7693,2016,1,484,2.0,11322.5,11373.1109,11446.3261,11525.6225,11596.992,11648.8299,11480.3712,11755.9001,Non-Financial Service Provider
7694,2016,1,504,1.0,11322.5,11418.4589,11509.1281,11591.2983,11651.3825,11714.8171,11542.567,11840.0372,Financial Service Provider
7695,2016,1,506,2.0,11322.508,11404.84,11488.61,11585.25,11676.78,11767.74,11538.87,11898.1675,Non-Financial Service Provider
7696,2016,1,507,3.0,11322.5,11394.9775,11466.4462,11537.3876,11606.2237,11672.2861,11501.2588,11766.9953,Unknown
7697,2016,1,508,2.0,11322.5,11406.2004,11497.7206,11585.8104,11680.2328,11772.842,11558.8503,11928.7335,Non-Financial Service Provider
7698,2016,1,510,2.0,11322.5,11355.1,11371.8,11405.4,11464.3,11507.1,11399.1,11621.5,Non-Financial Service Provider
7699,2016,1,512,2.0,11322.5,11386.0,11417.2,11446.8,11476.6,11492.3,11435.526,11538.4457,Non-Financial Service Provider
7700,2016,1,518,2.0,11322.5,11398.165,11480.5252,11555.9224,11626.6876,11695.1418,11514.0051,11802.4991,Non-Financial Service Provider
7701,2016,1,520,2.0,11322.5,11384.2665,11454.7607,11531.3096,11608.37,11680.2519,11494.6767,11783.4071,Non-Financial Service Provider
7702,2016,1,524,2.0,11322.5,11390.5057,11462.7814,11542.9376,11626.0477,11699.2526,11505.5681,11816.726,Non-Financial Service Provider
7703,2016,1,527,2.0,11322.5,11406.4798,11485.5002,11565.0681,11645.1871,11717.297,11525.2164,11813.3468,Non-Financial Service Provider
7704,2016,1,528,1.0,11322.5,11389.832,11444.7705,11499.0079,11552.1523,11604.3151,11469.1599,11675.6048,Financial Service Provider
7705,2016,1,532,2.0,11322.5,11392.6117,11463.1576,11528.5097,11594.2345,,,,Non-Financial Service Provider
7706,2016,1,533,1.0,11322.5,11364.7226,11415.5222,11477.7962,11540.4098,11597.6841,11449.6127,11678.605,Financial Service Provider
7707,2016,1,535,1.0,11322.5,11406.4798,11485.5002,11562.2545,11639.5217,11708.739,11525.2164,11824.872,Financial Service Provider
7708,2016,1,542,1.0,11322.5,11406.4798,11491.0825,11562.2381,11633.8343,11705.8739,11523.4087,11811.4097,Financial Service Provider
7709,2016,1,546,1.0,11322.5,11392.6117,11471.5361,11545.3849,11614.0423,11680.2547,11502.7938,11767.3581,Financial Service Provider
7710,2016,1,548,2.0,11322.5,11429.38,11512.25,11600.0,11686.46,11775.0,11557.02,11896.16,Non-Financial Service Provider
7711,2016,1,549,1.0,11322.5,11381.4807,11443.5689,11500.3626,11554.6043,11603.4014,11469.1599,11664.1356,Financial Service Provider
7712,2016,1,553,2.0,11322.5,11398.9269,11475.8696,11550.4628,11628.4284,11704.0132,11513.4219,11801.2575,Non-Financial Service Provider
7713,2016,1,555,1.0,11322.5,11401.2,11478.0,11555.4,11630.5,11698.7,11516.3,11799.0,Financial Service Provider
7714,2016,1,556,1.0,11322.5,11404.5968,11475.3455,11532.0631,11594.4917,11641.7883,11501.6243,11736.1946,Financial Service Provider
7715,2016,1,557,1.0,11322.5,11409.6833,11511.2294,11605.6215,11686.8609,11751.1386,11553.3488,11858.5082,Financial Service Provider
7716,2016,1,563,2.0,11322.5,11387.0503,11449.1689,11505.9903,11565.9268,11626.1755,11480.3712,11721.459,Non-Financial Service Provider
7717,2016,1,568,2.0,11322.5,11386.1834,11452.1811,11518.3874,11584.9218,11649.776,11485.4184,11746.922,Non-Financial Service Provider
7718,2016,1,569,1.0,,,,,,,,,Financial Service Provider
7719,2016,1,570,2.0,,,,,,,,,Non-Financial Service Provider
7720,2016,1,572,1.0,11322.5,11404.5881,11490.1225,11573.4259,11654.4399,11727.2802,11530.6441,11834.7186,Financial Service Provider
7721,2016,1,574,2.0,11322.5,11404.85,11490.7542,11573.7177,11651.5471,11728.8006,11530.2173,11823.3786,Non-Financial Service Provider
7722,2016,1,576,2.0,,,,,,,,,Non-Financial Service Provider
7723,2016,1,577,2.0,,,,,,,,,Non-Financial Service Provider
7724,2016,1,578,2.0,11322.5,11389.832,11463.1548,11528.507,11588.5608,11657.475,11492.5137,11764.7523,Non-Financial Service Provider
7725,2016,1,579,1.0,11322.5,11397.7606,11469.2249,11538.5407,11602.8942,11660.2905,11502.1564,11739.9888,Financial Service Provider
7726,2016,2,421,2.0,11383.2,11474.2656,11583.2711,11661.4582,11722.6809,11795.9476,11525.5487,11815.2877,Non-Financial Service Provider
7727,2016,2,422,1.0,11383.2,11458.223,11532.1134,11607.1065,11682.593,11758.5761,11495.1607,11797.0684,Financial Service Provider
7728,2016,2,424,1.0,11383.2,11448.0963,11527.405,11612.9046,11693.3551,11765.7632,11492.9015,11802.4164,Financial Service Provider
7729,2016,2,426,2.0,11383.2,11491.1,11593.8,11685.9,11774.5552,11862.03,11538.5,11889.3719,Non-Financial Service Provider
7730,2016,2,429,2.0,11383.2,11473.7764,11548.0617,11613.3586,11682.5058,11754.474,11504.6215,11794.7681,Non-Financial Service Provider
7731,2016,2,433,2.0,11383.2,11451.452,11525.728,11602.472,11673.748,11737.424,11490.713,11775.042,Non-Financial Service Provider
7732,2016,2,446,2.0,11383.2,11441.1776,11505.2293,11576.0217,11646.5439,11716.7926,11476.4072,11751.6394,Non-Financial Service Provider
7733,2016,2,456,1.0,11383.2,11460.8,11531.8,11603.2,11667.9,11733.0,11494.7582,11764.1071,Financial Service Provider
7734,2016,2,463,2.0,11383.2,11438.9592,11506.5846,11576.2835,11649.5682,11725.2512,11476.2568,11763.3831,Non-Financial Service Provider
7735,2016,2,472,2.0,11383.2,11445.8,11522.5,11576.8,11629.2,11691.1,11482.1,11723.7,Non-Financial Service Provider
7736,2016,2,484,2.0,11383.2,11450.893,11518.9885,11590.3169,11656.394,11731.4329,11482.4192,11769.4797,Non-Financial Service Provider
7737,2016,2,504,1.0,11383.2,11495.2735,11581.6207,11639.2273,11698.4869,11782.8034,11524.8304,11822.3943,Financial Service Provider
7738,2016,2,506,2.0,11383.197,11473.66,11559.22,11643.86,11724.64,11811.5,11514.9843,11847.0475,Non-Financial Service Provider
7739,2016,2,507,3.0,11383.2,11457.6358,11521.0127,11591.5453,11657.005,11727.782,11488.3485,11753.4028,Unknown
7740,2016,2,508,2.0,11383.2,11453.6876,11524.6116,11595.9749,11673.4674,11751.4779,11504.8458,11815.4766,Non-Financial Service Provider
7741,2016,2,510,2.0,11383.2,11435.3,11468.9,11528.0,11571.0,11647.6,11453.8,11686.3,Non-Financial Service Provider
7742,2016,2,518,2.0,11383.2,11462.0591,11516.1202,11598.8666,11679.9418,11770.0031,11493.6325,11815.0822,Non-Financial Service Provider
7743,2016,2,520,2.0,11383.2,11450.893,11518.9885,11587.489,11659.2416,11728.5761,11485.1426,11762.2112,Non-Financial Service Provider
7744,2016,2,523,2.0,11383.2,11477.7,11544.9,11611.5,11677.4,11742.8,11504.3,11775.1,Non-Financial Service Provider
7745,2016,2,524,2.0,11383.2,11442.0393,11511.765,11575.5878,11647.6659,11724.9339,11478.0823,11759.7671,Non-Financial Service Provider
7746,2016,2,532,2.0,11383.2,11462.0591,11533.035,11598.7856,11664.911,,11494.2699,,Non-Financial Service Provider
7747,2016,2,533,1.0,11383.2,11422.8337,11471.0743,11519.5186,11568.1675,11617.0219,11449.1567,11643.7923,Financial Service Provider
7748,2016,2,535,1.0,11383.2,11456.4801,11533.0405,11610.1125,11679.1549,11757.2033,11493.6325,11792.4669,Financial Service Provider
7749,2016,2,542,1.0,11383.2,11453.6876,11524.6116,11595.9749,11667.78,11740.0298,11489.3685,11772.9723,Financial Service Provider
7750,2016,2,546,1.0,11383.2,11453.6876,11527.4215,11595.9721,11659.2304,11717.0944,11493.6325,11746.4924,Financial Service Provider
7751,2016,2,548,2.0,11383.2,11467.85,11549.62,11632.59,11709.05,11794.89,11508.31,11829.88,Non-Financial Service Provider
7752,2016,2,549,1.0,11383.2,11456.4801,11518.9775,11573.3071,11625.0391,11671.2628,11482.4192,11689.1027,Financial Service Provider
7753,2016,2,553,2.0,11383.2,11460.0366,11537.3919,11612.3849,11682.0592,11749.231,11498.2533,11762.7132,Non-Financial Service Provider
7754,2016,2,555,1.0,11383.2,11463.0,11539.9,11614.5,11682.4,11748.2,11500.2,11782.3,Financial Service Provider
7755,2016,2,556,1.0,11383.2,11477.5091,11546.9448,11614.4565,11653.0099,11726.861,11505.5276,11756.9983,Financial Service Provider
7756,2016,2,557,1.0,11383.2,11462.8824,11531.6597,11606.6155,11663.4879,11729.9698,11496.0894,11758.8836,Financial Service Provider
7757,2016,2,559,1.0,11383.2,11454.8,11522.9,11590.0,11653.3,11714.0,11487.7,11744.6,Financial Service Provider
7758,2016,2,563,2.0,11383.2,11456.4801,11516.1587,11576.1482,11636.4501,11697.0662,11482.4192,11723.55,Non-Financial Service Provider
7759,2016,2,568,2.0,11383.2,11448.2416,11519.507,11587.0655,11654.9472,11717.1957,11484.5035,11750.9189,Non-Financial Service Provider
7760,2016,2,569,1.0,,,,,,,,,Financial Service Provider
7761,2016,2,570,2.0,,,,,,,,,Non-Financial Service Provider
7762,2016,2,572,1.0,11383.2,11462.8824,11545.9883,11626.8102,11699.4778,11772.5995,11504.7202,11806.6615,Financial Service Provider
7763,2016,2,574,2.0,11383.2,11458.7,11533.65,11606.4625,11680.4031,11754.7039,11495.5031,11791.5701,Non-Financial Service Provider
7764,2016,2,576,2.0,11383.2,11447.8304,11536.6282,11616.8242,11709.1717,11779.6461,11496.1207,11820.2791,Non-Financial Service Provider
7765,2016,2,577,2.0,,,,,,,,,Non-Financial Service Provider
7766,2016,2,578,2.0,11383.2,11456.4801,11527.4215,11598.8021,11667.7772,11740.027,11491.4759,11775.1494,Non-Financial Service Provider
7767,2016,2,579,1.0,11383.2,11452.0219,11521.0418,11585.0858,11642.1932,11697.9778,11485.3374,11721.4974,Financial Service Provider
7768,2016,3,411,2.0,11482.8,11569.1,11641.9,11713.5,11780.5,11847.1,11514.8,11814.1,Non-Financial Service Provider
7769,2016,3,421,2.0,11482.8,11566.0503,11667.2532,11728.5063,11801.8095,11831.314,11520.3259,11821.1591,Non-Financial Service Provider
7770,2016,3,422,1.0,11482.8,11557.6151,11630.066,11705.7031,11782.013,11858.8251,11508.9203,11820.671,Financial Service Provider
7771,2016,3,424,1.0,11482.8,11553.9043,11625.449,11705.9863,11778.4727,11851.4079,11506.8383,11815.1654,Financial Service Provider
7772,2016,3,426,2.0,11482.8,11574.4,11660.9882,11721.9929,11822.901,11912.3531,11520.847,11862.5516,Non-Financial Service Provider
7773,2016,3,433,2.0,11482.8,11557.0,11633.36,11688.84,11770.08,11847.0,11509.59,11805.55,Non-Financial Service Provider
7774,2016,3,446,2.0,11482.8,11529.8763,11600.5646,11672.1797,11744.7366,11818.2508,11494.5846,11781.95,Non-Financial Service Provider
7775,2016,3,456,1.0,11482.8,11552.9,11624.4,11689.3,11754.5,11820.0,11506.3,11785.6,Financial Service Provider
7776,2016,3,463,2.0,11482.8,11561.3229,11641.1026,11712.4595,11784.2658,11858.3597,11512.6064,11821.9879,Non-Financial Service Provider
7777,2016,3,472,2.0,11482.8,11574.8,11637.5,11706.0,11775.9,11858.6,11515.1,11814.9,Non-Financial Service Provider
7778,2016,3,484,2.0,11482.8,11548.2641,11616.9387,11683.1676,11758.3788,11836.9567,11503.2751,11797.163,Non-Financial Service Provider
7779,2016,3,504,1.0,11482.8,11589.7062,11654.9194,11714.3917,11795.5497,11875.8939,11523.1564,11822.3943,Financial Service Provider
7780,2016,3,506,2.0,11482.818,11572.297,11645.3616,11714.4177,11782.624,11846.8818,11516.4224,11815.1703,Non-Financial Service Provider
7781,2016,3,507,3.0,11482.8,11564.7047,11630.6421,11694.8928,11764.4641,11819.7946,11510.8367,11789.4312,Unknown
7782,2016,3,508,2.0,11482.8,11551.5767,11637.8895,11709.1658,11780.9554,11847.5732,11520.1615,11827.6358,Non-Financial Service Provider
7783,2016,3,510,2.0,11482.8,11542.1,11604.8,11650.1,11723.5,11789.9,11498.7,11755.4,Non-Financial Service Provider
7784,2016,3,512,2.0,11482.8,11570.7755,11633.8964,11688.7679,11729.4656,11776.1045,11517.4969,11759.3643,Non-Financial Service Provider
7785,2016,3,518,2.0,11482.8,11567.7649,11644.7573,11736.3977,11812.7713,11875.3949,11517.4969,11846.8489,Non-Financial Service Provider
7786,2016,3,520,2.0,11482.8,11545.441,11611.2622,11683.162,11755.507,11825.414,11501.1758,11790.6807,Non-Financial Service Provider
7787,2016,3,523,2.0,11482.8,11579.6,11644.1,11704.2,11763.4,11822.3,11517.9,11792.8,Non-Financial Service Provider
7788,2016,3,527,2.0,11482.8,11539.7884,11611.2456,11677.442,11749.7516,11816.7376,11495.0675,11782.4442,Non-Financial Service Provider
7789,2016,3,528,1.0,11482.8,11574.4965,11627.2527,11675.3177,11726.0491,11777.721,11512.4373,11752.7699,Financial Service Provider
7790,2016,3,535,1.0,11482.8,11567.9688,11645.2742,11714.5256,11792.8104,11871.6184,11517.4969,11839.9868,Financial Service Provider
7791,2016,3,542,1.0,11482.8,11553.9043,11625.449,11697.4366,11769.87,11842.7519,11506.8383,11802.8963,Financial Service Provider
7792,2016,3,546,1.0,11482.8,11559.5363,11639.617,11714.5478,11784.2113,11848.4965,11528.7116,11793.872,Financial Service Provider
7793,2016,3,548,2.0,11482.8,11549.62,11632.59,11709.05,11794.89,11870.27,11508.31,11829.88,Non-Financial Service Provider
7794,2016,3,549,1.0,11482.8,11551.0853,11611.2567,11671.7415,11723.9135,11770.5304,11506.2822,11759.4204,Financial Service Provider
7795,2016,3,553,2.0,11482.8,11554.5675,11612.3403,11670.402,11737.5069,11804.9975,11503.727,11756.809,Non-Financial Service Provider
7796,2016,3,555,1.0,11482.8,11569.6,11627.0,11692.0,11767.4,11840.0,11511.2,11800.6,Financial Service Provider
7797,2016,3,557,1.0,11482.8,11569.8,11635.03,11723.48,11798.826,11892.1675,11513.2075,11847.2414,Financial Service Provider
7798,2016,3,559,1.0,11482.8,11544.0286,11604.1632,11663.0399,11718.0489,11768.9824,11499.048,11742.189,Financial Service Provider
7799,2016,3,563,2.0,11482.8,11548.2641,11616.9387,11694.5714,11761.2429,11825.4028,11506.2822,11862.9769,Non-Financial Service Provider
7800,2016,3,568,2.0,11482.8,11546.081,11608.9199,11677.0712,11739.6482,11805.5529,11500.7502,11773.526,Non-Financial Service Provider
7801,2016,3,569,1.0,,,,,,,,,Financial Service Provider
7802,2016,3,570,2.0,,,,,,,,,Non-Financial Service Provider
7803,2016,3,572,1.0,11482.8,11554.5675,11635.4495,11708.171,11781.3471,11852.0352,11509.5042,11815.4344,Financial Service Provider
7804,2016,3,574,2.0,11482.8,11563.175,11644.9938,11731.4172,11822.9715,11908.0144,11514.0422,11864.1568,Non-Financial Service Provider
7805,2016,3,575,2.0,,,,,,,,,Non-Financial Service Provider
7806,2016,3,576,2.0,11482.8,11562.4969,11597.6842,11635.4909,11662.9769,11742.3078,11502.05,11702.72,Non-Financial Service Provider
7807,2016,3,578,2.0,11482.8,11548.2642,11605.5774,11666.0327,11729.6732,11802.3062,11500.4604,11766.901,Non-Financial Service Provider
7808,2016,4,411,2.0,11545.8,11598.7,11664.6,11728.7,11799.9,11874.7,11498.6,11767.0,Non-Financial Service Provider
7809,2016,4,421,2.0,11545.8,11646.8258,11707.9716,11781.1464,11810.5993,11902.1314,11510.6814,11800.4622,Non-Financial Service Provider
7810,2016,4,422,1.0,11545.8,11614.0,11691.0,11779.1,11874.0,11969.7,11502.475,11828.45,Financial Service Provider
7811,2016,4,424,1.0,11545.8,11625.7856,11706.3253,11778.8137,11851.7511,11925.14,11505.4214,11815.5075,Financial Service Provider
7812,2016,4,426,2.0,11545.8,11667.1456,11769.1152,11898.2365,11966.8905,12045.5017,11515.7614,11919.936,Non-Financial Service Provider
7813,2016,4,429,2.0,11545.8,11605.9248,11664.5518,11725.34,11790.4746,11855.5664,11500.4308,11758.9576,Non-Financial Service Provider
7814,2016,4,433,2.0,11545.8,11613.324,11668.664,11744.924,11809.284,11873.124,11502.31,11774.0,Non-Financial Service Provider
7815,2016,4,446,2.0,11545.8,11616.1233,11683.3677,11757.7008,11839.9099,11912.8506,11502.9802,11798.431,Non-Financial Service Provider
7816,2016,4,456,1.0,11545.8,11610.6,11675.4,11740.5,11806.0,11864.6,11501.6255,11771.606,Financial Service Provider
7817,2016,4,463,2.0,11545.8,11597.6949,11679.403,11747.723,11816.9544,11885.6063,11498.3987,11782.4217,Non-Financial Service Provider
7818,2016,4,472,2.0,11545.8,11635.53,11717.28,11788.95,11873.74,11932.55,11507.86,11828.13,Non-Financial Service Provider
7819,2016,4,484,2.0,11545.8,11614.4599,11680.6747,11755.8698,11834.4309,11907.7126,11506.2822,11793.9393,Non-Financial Service Provider
7820,2016,4,504,1.0,11545.8,11618.0901,11705.2543,11814.4402,11922.9767,12034.2734,11503.4975,11869.2362,Financial Service Provider
7821,2016,4,506,2.0,11545.784,11624.45,11687.71,11755.04,11826.01,11892.51,11505.0765,11790.3175,Non-Financial Service Provider
7822,2016,4,507,3.0,11545.8,11613.7485,11685.5361,11755.1592,11821.3003,11885.848,11502.4121,11786.9609,Unknown
7823,2016,4,508,2.0,11545.8,11611.2366,11660.8151,11717.9987,11779.0683,11845.3968,11505.544,11759.091,Non-Financial Service Provider
7824,2016,4,510,2.0,11545.8,11629.3,11674.6,11748.2,11814.4,11882.4,11506.3,11779.9,Non-Financial Service Provider
7825,2016,4,512,2.0,11545.8,11642.7123,11703.361,11744.1094,11799.5008,11855.1535,11506.2822,11770.9267,Non-Financial Service Provider
7826,2016,4,518,2.0,11545.8,11617.8467,11692.7468,11770.937,11843.3471,11913.1072,11503.397,11804.9929,Non-Financial Service Provider
7827,2016,4,527,2.0,11545.8,11611.6233,11677.8219,11750.1338,11817.1221,11875.7696,11495.0675,11782.4442,Non-Financial Service Provider
7828,2016,4,532,2.0,11545.8,11603.101,11666.3982,11727.1703,11788.259,,,,Non-Financial Service Provider
7829,2016,4,535,1.0,11545.8,11611.6233,11677.8219,11750.1338,11820.0089,11890.2994,11506.2822,11793.9393,Financial Service Provider
7830,2016,4,546,1.0,11545.8,11608.7846,11674.967,11738.6563,11802.693,11861.2689,11495.0675,11759.4541,Financial Service Provider
7831,2016,4,548,2.0,11545.8,11647.18,11707.45,11773.01,11830.4,11886.99,11510.77,11799.46,Non-Financial Service Provider
7832,2016,4,549,1.0,11545.8,11605.9439,11660.6836,11712.8062,11762.2714,11811.9455,11495.0675,11736.4639,Financial Service Provider
7833,2016,4,553,2.0,11545.8,11612.1884,11684.7645,11757.7943,11831.2805,11905.226,11502.0221,11794.7663,Non-Financial Service Provider
7834,2016,4,555,1.0,11545.8,11612.6,11677.7,11753.2,11825.8,11889.0,11502.1,11786.4,Financial Service Provider
7835,2016,4,556,1.0,11545.8,11624.2747,11685.3134,11763.7372,11829.0839,11904.4631,11505.0437,11795.6494,Financial Service Provider
7836,2016,4,557,1.0,11545.8,11609.3019,11667.3484,11739.686,11810.1241,11875.0798,11501.3005,11773.0596,Financial Service Provider
7837,2016,4,559,1.0,11545.8,11601.6788,11656.3984,11708.5018,11757.9489,11806.1531,11499.3947,11732.2506,Financial Service Provider
7838,2016,4,560,2.0,11545.8,11602.3957,11500.7005,11669.7874,11798.4378,11855.2274,11499.5739,11706.0383,Non-Financial Service Provider
7839,2016,4,563,2.0,11545.8,11614.4599,11692.076,11758.7333,11825.7705,11893.19,11506.2822,11793.9393,Non-Financial Service Provider
7840,2016,4,568,2.0,11545.8,11592.0614,11659.7407,11725.1282,11789.985,11852.3496,11496.9903,11756.8008,Non-Financial Service Provider
7841,2016,4,569,1.0,,,,,,,,,Financial Service Provider
7842,2016,4,570,2.0,,,,,,,,,Non-Financial Service Provider
7843,2016,4,572,1.0,11545.8,11603.529,11676.0511,11749.0264,11819.5205,11887.4828,11499.8573,11783.0202,Financial Service Provider
7844,2016,4,574,2.0,11545.8,11623.275,11704.2688,11789.0359,11865.0699,11944.8874,11504.7938,11825.8155,Non-Financial Service Provider
7845,2016,4,575,2.0,,,,,,,,,Non-Financial Service Provider
7846,2016,4,576,2.0,11545.8,11574.6564,11593.2893,11628.1566,11742.0149,11775.3573,11492.6,11684.7045,Non-Financial Service Provider
7847,2016,4,577,2.0,,,,,,,,,Non-Financial Service Provider
7848,2016,4,578,2.0,11545.8,11603.101,11663.5434,11732.9035,11805.5565,11872.8607,11499.7503,11768.716,Non-Financial Service Provider
7849,2016,4,583,2.0,11545.8,11608.7846,11680.6691,11750.131,11820.0061,11887.3926,11501.1712,11784.5497,Non-Financial Service Provider
7850,2017,1,411,2.0,11640.4,11715.5,11793.5,11869.1,11947.5,12022.3,11831.4,12130.8,Non-Financial Service Provider
7851,2017,1,421,2.0,11640.4,11704.4222,11792.2054,11862.9586,11954.8965,12020.6485,11828.6207,12115.5921,Non-Financial Service Provider
7852,2017,1,422,1.0,11640.4,11715.4332,11788.0168,11867.7226,11950.4545,12039.3036,11830.4068,12167.9442,Financial Service Provider
7853,2017,1,424,1.0,11640.4,11715.0504,11790.4669,11857.685,11931.1107,11999.1307,11823.5783,12090.2443,Financial Service Provider
7854,2017,1,426,2.0,11640.4,11777.2197,11873.1892,11990.7,12055.3663,12140.7295,11924.1447,12295.0578,Non-Financial Service Provider
7855,2017,1,429,2.0,11640.4,11707.3259,11773.1824,11841.9215,11909.4254,11976.9315,11823.1602,12087.6054,Non-Financial Service Provider
7856,2017,1,433,2.0,11640.4,11715.624,11787.016,11857.112,11945.336,12030.428,11826.272,12131.049,Non-Financial Service Provider
7857,2017,1,446,2.0,11640.4,11712.2407,11785.2408,11859.4237,11934.813,12008.4263,11822.9552,12114.5372,Non-Financial Service Provider
7858,2017,1,456,1.0,11640.4,11704.3112,11769.5996,11835.2522,11901.2711,11960.3362,11802.6085,12044.0952,Financial Service Provider
7859,2017,1,463,2.0,11640.4,11693.2581,11778.7071,11850.5082,11925.9319,12003.5578,11812.1013,12118.4977,Non-Financial Service Provider
7860,2017,1,472,2.0,11640.4,11673.55,11772.35,11867.6,11940.57,12020.0,11813.52,12137.16,Non-Financial Service Provider
7861,2017,1,484,2.0,11640.4,11706.7626,11782.1257,11860.8623,11943.0305,12016.9847,11825.8023,12133.2732,Non-Financial Service Provider
7862,2017,1,504,1.0,,,,,,,,,Financial Service Provider
7863,2017,1,506,2.0,11640.353,11717.97,11797.51,11878.27,11958.74,12065.8,11838.1225,12220.85,Non-Financial Service Provider
7864,2017,1,508,2.0,11640.4,11719.6304,11789.1575,11863.0083,11942.7677,12037.2367,11822.2813,12190.7487,Non-Financial Service Provider
7865,2017,1,510,2.0,11640.4,11720.9,11794.6,11862.3,11935.8,12017.6,11828.4,12151.4,Non-Financial Service Provider
7866,2017,1,512,2.0,11640.4,11735.2673,11779.0291,11831.6807,11872.8759,11937.6448,11802.7725,12003.4196,Non-Financial Service Provider
7867,2017,1,518,2.0,11640.4,11721.0409,11799.3693,11863.7372,11916.7674,11975.9095,11825.8023,12085.97,Non-Financial Service Provider
7868,2017,1,523,2.0,11694.8,11772.7507,11853.8512,11937.6554,12023.3709,12111.1021,11896.9071,12235.0306,Non-Financial Service Provider
7869,2017,1,527,2.0,11640.4,11726.7377,11813.7157,11895.5574,11983.7876,12066.8074,11860.347,12192.4367,Non-Financial Service Provider
7870,2017,1,532,2.0,11640.4,11703.9007,11764.8681,11831.9404,11899.395,,11800.026,,Non-Financial Service Provider
7871,2017,1,535,1.0,11640.4,11709.6225,11785.004,11860.8708,11937.2259,12011.1442,11825.8023,12133.2732,Financial Service Provider
7872,2017,1,542,1.0,11640.4,11712.4802,11769.1657,11843.4583,11930.047,12033.0921,11813.7878,12153.0656,Financial Service Provider
7873,2017,1,546,1.0,11640.4,11709.6225,11776.3798,11843.5176,11919.7611,12002.3373,11814.2874,12121.4589,Financial Service Provider
7874,2017,1,548,2.0,11640.4,11726.33,11802.04,11883.64,11956.14,12039.32,11842.04,12183.13,Non-Financial Service Provider
7875,2017,1,549,1.0,11640.4,11701.0367,11759.1081,11811.6706,11864.4681,11911.6438,11779.7427,11991.7781,Financial Service Provider
7876,2017,1,553,2.0,11640.4,11707.3323,11780.5031,11851.1862,11916.3677,11993.8241,11813.8473,12085.5658,Non-Financial Service Provider
7877,2017,1,555,1.0,11640.4,11718.6,11792.3,11863.3,11927.8,12009.1,11825.5,12140.8,Financial Service Provider
7878,2017,1,556,1.0,11640.4,11731.2979,11816.2014,11884.1302,11955.3777,12038.4563,11846.7518,,Financial Service Provider
7879,2017,1,557,1.0,11640.4,11704.4222,11776.9896,11847.6516,11912.8136,11972.3777,11810.4693,12069.3936,Financial Service Provider
7880,2017,1,560,2.0,11640.4,11538.3717,11708.0124,11837.0842,11894.0599,11957.5187,11744.3821,11927.9155,Non-Financial Service Provider
7881,2017,1,563,2.0,11640.4,11718.1895,11784.9956,11846.3854,11913.9224,11978.9152,11802.7725,12062.4335,Non-Financial Service Provider
7882,2017,1,568,2.0,11640.4,11706.75,11757.2553,11810.1482,11860.4019,11915.8197,11783.6388,11998.5461,Non-Financial Service Provider
7883,2017,1,569,1.0,,,,,,,,,Financial Service Provider
7884,2017,1,570,2.0,,,,,,,,,Non-Financial Service Provider
7885,2017,1,572,1.0,11640.4,11716.0626,11789.288,11862.971,11934.1489,12005.7538,11825.6176,12114.2384,Financial Service Provider
7886,2017,1,574,2.0,11640.4,11720.675,11809.5438,11890.7047,11971.1309,12053.8136,11848.0136,12176.489,Non-Financial Service Provider
7887,2017,1,576,2.0,11640.4,11653.7302,11705.0913,11829.8502,11920.5878,11944.4028,11777.3149,12070.7209,Non-Financial Service Provider
7888,2017,1,577,2.0,,,,,,,,,Non-Financial Service Provider
7889,2017,1,578,2.0,11640.4,11712.4802,11782.1313,11855.0892,11922.6758,12002.3516,11818.0941,12118.7373,Non-Financial Service Provider
7890,2017,1,579,1.0,11640.4,11698.1705,11756.4709,11814.9672,11876.6742,11937.9825,11786.5963,12012.209,Financial Service Provider
7891,2017,1,583,2.0,11640.4,11712.4802,11782.1313,11852.1967,11931.4015,12016.979,11819.5524,12147.6129,Non-Financial Service Provider
7892,2017,2,411,2.0,11679.5,11772.6,11863.7,11936.6,12006.8,12074.6,11813.1,12106.0,Non-Financial Service Provider
7893,2017,2,421,2.0,11679.5,11752.4969,11834.7644,11914.649,11974.2223,12078.9967,11795.3526,12095.8885,Non-Financial Service Provider
7894,2017,2,422,1.0,11679.5,11766.1774,11839.1156,11912.2987,11990.47,12078.9261,11799.2729,12122.7106,Financial Service Provider
7895,2017,2,424,1.0,11679.5,11754.6876,11821.7018,11894.9047,11962.7183,12022.0884,11787.6985,12053.5554,Financial Service Provider
7896,2017,2,426,2.0,11679.5,11815.1,11933.6,12005.9156,12111.6482,12213.6315,11858.5032,12252.7492,Non-Financial Service Provider
7897,2017,2,429,2.0,11679.5,11767.9844,11848.6309,11925.3379,11998.0332,12064.8311,11805.3381,12101.0552,Non-Financial Service Provider
7898,2017,2,433,2.0,11679.52,11755.88,11826.04,11902.48,11990.76,12074.12,11790.98,12101.5,Non-Financial Service Provider
7899,2017,2,446,2.0,11679.5,11748.955,11822.284,11899.7242,11973.0376,12042.4148,11787.5902,12073.3713,Non-Financial Service Provider
7900,2017,2,456,1.0,11679.5,11759.3085,11832.1251,11899.5807,11958.6375,12017.9874,11792.6286,12042.3846,Financial Service Provider
7901,2017,2,463,2.0,11679.5,11773.8549,11876.7522,11952.3341,12026.5595,12109.6296,11820.6103,12147.2165,Non-Financial Service Provider
7902,2017,2,484,2.0,11679.5,11754.6876,11833.2408,11915.2177,11988.9996,12063.2385,11798.7328,12105.4999,Non-Financial Service Provider
7903,2017,2,504,1.0,11679.5,11768.9825,11854.8348,11941.8932,12023.1604,12110.5727,11810.255,12152.7524,Financial Service Provider
7904,2017,2,507,3.0,11679.5,11751.7367,11823.3677,11890.1022,11954.1184,12022.919,11786.1766,12058.2516,Unknown
7905,2017,2,508,2.0,11679.5,11757.5507,11839.0033,11903.5874,11994.7867,12089.6146,11833.2994,12188.2984,Non-Financial Service Provider
7906,2017,2,510,2.0,11679.5,11753.0,11814.5,11886.0,11967.7,12058.5,11783.3,12101.4,Non-Financial Service Provider
7907,2017,2,512,2.0,11679.5,11778.0,11831.0,11873.1,11937.8,11979.7,11810.255,12011.0293,Non-Financial Service Provider
7908,2017,2,518,2.0,11679.5,11751.3963,11809.3963,11862.9163,11955.8363,12052.8563,11775.7766,12100.2125,Non-Financial Service Provider
7909,2017,2,527,2.0,11679.5,11760.4118,11847.6396,11935.5144,12009.4221,12098.4968,11844.8216,12176.4766,Non-Financial Service Provider
7910,2017,2,532,2.0,11679.5,11757.5508,11821.6905,11886.1802,11933.4423,,11786.2304,,Non-Financial Service Provider
7911,2017,2,535,1.0,11679.5,11771.8352,11850.503,11929.6966,12003.5682,12083.7846,11810.255,12129.1319,Financial Service Provider
7912,2017,2,546,1.0,11679.5,11748.955,11813.0479,11871.6752,11930.5935,11983.9226,11775.6884,11999.4265,Financial Service Provider
7913,2017,2,548,2.0,11679.5,11821.17,11921.56,12011.34,12129.19,12252.23,11858.3925,12312.94,Non-Financial Service Provider
7914,2017,2,549,3.0,11679.5,11751.8223,11821.7074,11886.1972,11948.1142,12007.4119,11787.2106,12046.5292,Unknown
7915,2017,2,555,1.0,11679.5,11764.9,11838.5,11907.3,11988.0,12073.3,11797.6,12118.8,Financial Service Provider
7916,2017,2,556,1.0,11679.5,11768.3328,11833.9563,11905.2607,11947.4109,12051.5153,11796.7624,12084.2965,Financial Service Provider
7917,2017,2,557,1.0,11679.5,11727.7288,11783.1303,11834.4939,11884.4819,11945.3751,11756.2133,11974.6397,Financial Service Provider
7918,2017,2,559,1.0,11679.5,11781.5191,11866.0216,11945.3188,12022.2176,12096.6622,11818.1,12134.1,Financial Service Provider
7919,2017,2,563,2.0,11679.5,11748.955,11801.4721,11848.3974,11901.359,11954.5574,11775.6884,11987.6508,Non-Financial Service Provider
7920,2017,2,568,2.0,11679.5,11745.1483,11798.0606,11853.1385,11910.4321,11961.3821,11768.9619,11993.3136,Non-Financial Service Provider
7921,2017,2,569,1.0,,,,,,,,,Financial Service Provider
7922,2017,2,570,2.0,,,,,,,,,Non-Financial Service Provider
7923,2017,2,572,1.0,11679.5,11752.4969,11825.95,11896.9057,11968.2871,12040.0968,11788.7131,12076.4332,Financial Service Provider
7924,2017,2,574,2.0,11679.5,11758.075,11826.3688,11890.7109,11945.9387,12012.5483,11788.6637,12039.255,Non-Financial Service Provider
7925,2017,2,576,2.0,11679.5,11699.4305,11806.2653,11889.6195,11886.7535,11941.5821,11768.7038,12009.4639,Non-Financial Service Provider
7926,2017,2,578,2.0,11679.5,11757.5508,11830.3564,11897.802,11977.3116,12057.3525,11791.3023,12093.4544,Non-Financial Service Provider
7927,2017,2,579,1.0,11679.5,11754.6876,11810.1289,11868.7417,11927.6455,11980.9614,11775.6884,11987.6508,Financial Service Provider
7928,2017,2,583,2.0,11679.5,11766.1277,11844.7574,11921.0088,12000.6735,12083.8103,11802.8485,12124.4704,Non-Financial Service Provider
7929,2017,3,411,2.0,11839.7,11918.0,12007.3,12079.0,12142.0,12200.4,11880.8,12169.5,Non-Financial Service Provider
7930,2017,3,421,2.0,11839.7,11922.5779,12003.0553,12063.0706,12168.6224,12235.5499,11880.8333,12185.6396,Non-Financial Service Provider
7931,2017,3,422,1.0,11839.7,11898.6855,11967.1304,12034.0925,12103.935,12176.9799,11865.879,12141.3407,Financial Service Provider
7932,2017,3,426,2.0,11839.7,11933.6,12027.7964,12064.8062,12134.1,12204.5067,11889.7741,12167.7254,Non-Financial Service Provider
7933,2017,3,433,2.0,11839.72,11905.76,11973.92,12054.24,12126.2,12183.4,11869.35,12152.52,Non-Financial Service Provider
7934,2017,3,456,1.0,11839.7,11905.1104,11971.5189,12030.9327,12086.1939,12138.7275,11868.5823,12111.8359,Financial Service Provider
7935,2017,3,463,2.0,11839.7,11904.5767,11971.0814,12036.1643,12108.333,12180.899,11868.3395,12143.6039,Non-Financial Service Provider
7936,2017,3,472,2.0,11839.7,11911.99,11960.13,12018.65,12077.41,12158.91,11867.46,12120.06,Non-Financial Service Provider
7937,2017,3,484,2.0,11839.7,11918.8213,11995.5496,12066.884,12141.6051,12222.744,11872.9746,12181.6719,Non-Financial Service Provider
7938,2017,3,504,1.0,11839.7,11911.4,12000.9,12062.8,12155.7,12245.8,11877.5,12200.2,Financial Service Provider
7939,2017,3,506,2.0,11839.698,11915.1266,11995.0347,12092.3888,12194.7548,12296.5683,11876.9748,12245.192,Non-Financial Service Provider
7940,2017,3,507,3.0,11839.7,11910.8759,11980.664,12047.9946,12114.4753,12176.6564,11872.31,12143.1954,Unknown
7941,2017,3,508,2.0,11839.7,11922.9619,11988.4498,12080.1406,12175.7893,12276.4965,11883.8664,12238.3689,Non-Financial Service Provider
7942,2017,3,510,2.0,11839.7,11906.5,11964.0,12026.8,12084.1,12152.0,11867.1,12116.4,Non-Financial Service Provider
7943,2017,3,512,2.0,11839.7,11895.8,11919.1,11985.8,12027.4,12066.2,11853.15,12049.875,Non-Financial Service Provider
7944,2017,3,518,2.0,11839.7,11904.1181,11960.1781,12047.7581,12132.1681,12214.1581,11865.4832,12172.6186,Non-Financial Service Provider
7945,2017,3,524,2.0,11839.7,11924.0654,12001.9548,12086.7609,12178.0397,12267.6692,11880.618,12224.4033,Non-Financial Service Provider
7946,2017,3,527,2.0,11839.7,11913.0143,11995.5439,12069.8232,12144.5625,12219.7647,11861.4025,12157.9376,Non-Financial Service Provider
7947,2017,3,532,2.0,11839.7,11895.5423,11948.7146,12008.0153,12067.6102,,,,Non-Financial Service Provider
7948,2017,3,535,1.0,11839.7,11898.4596,11975.0568,12046.2694,12123.8181,12198.8917,11872.9746,12169.799,Financial Service Provider
7949,2017,3,542,1.0,11839.7,11913.0143,11970.9639,12031.8195,12107.7701,12199.0248,11870.4196,12153.6613,Financial Service Provider
7950,2017,3,546,1.0,11839.7,11904.2879,11963.3681,12022.7415,12076.4824,12127.4835,11861.4025,12098.6306,Financial Service Provider
7951,2017,3,548,2.0,11839.7,11895.34,11977.95,12091.24,12203.23,12317.4,11837.04,12263.65,Non-Financial Service Provider
7952,2017,3,549,3.0,11839.7,11904.2879,11975.0797,12037.4597,12106.086,12163.1847,11872.9746,12134.18,Unknown
7953,2017,3,553,2.0,11839.7,11913.6981,11982.2019,12063.0818,12147.5233,12229.5191,11873.4,12193.9818,Non-Financial Service Provider
7954,2017,3,555,1.0,11839.7,11906.5,11975.6,12056.6,12142.2,12232.9,11870.0,12187.8,Financial Service Provider
7955,2017,3,556,1.0,11839.7,11883.5203,11941.3057,12014.5244,12114.6261,12200.7929,11855.6315,12154.8894,Financial Service Provider
7956,2017,3,557,1.0,11839.7,11893.6472,11958.376,12022.2648,12074.271,12137.4717,11862.4308,12109.4159,Financial Service Provider
7957,2017,3,563,2.0,11839.7,11918.8213,11986.7712,12058.0535,12126.7972,12192.9513,11872.9746,12217.2909,Non-Financial Service Provider
7958,2017,3,568,2.0,11839.7,11897.4583,11953.7902,12009.5941,12061.0943,12120.448,11862.2371,12093.2774,Non-Financial Service Provider
7959,2017,3,569,1.0,,,,,,,,,Financial Service Provider
7960,2017,3,570,2.0,,,,,,,,,Non-Financial Service Provider
7961,2017,3,572,1.0,11839.7,11916.7,11988.2,12054.1,12120.4,12184.0,11875.6,12151.6,Financial Service Provider
7962,2017,3,574,2.0,11839.7,11915.2,11989.475,12061.3188,12137.1484,12206.5106,11875.5938,12169.829,Non-Financial Service Provider
7963,2017,3,576,2.0,11839.7,11932.5712,11999.4617,12017.6764,12105.9415,12212.2151,11882.4332,12153.5027,Non-Financial Service Provider
7964,2017,3,577,2.0,,,,,,,,,Non-Financial Service Provider
7965,2017,3,579,1.0,11839.7,11892.6227,11951.645,12008.0153,12058.7272,12099.221,11860.4919,12076.4535,Financial Service Provider
7966,2017,3,583,2.0,11839.7,11918.8213,11995.5496,12075.7124,12159.369,12240.6266,11878.0177,12200.2834,Non-Financial Service Provider
7967,2017,3,584,2.0,11839.7,11941.5388,12052.5197,12167.9802,12282.7491,12399.2195,11897.9396,12341.5195,Non-Financial Service Provider
7968,2017,4,411,2.0,11922.1,12011.5,12088.3,12162.9,12236.6,12308.2,11886.2,12199.0,Non-Financial Service Provider
7969,2017,4,421,2.0,11922.1,11993.6326,12059.5976,12165.1191,12232.0272,12271.7813,11881.6832,12182.1313,Non-Financial Service Provider
7970,2017,4,422,1.0,11922.1,12007.2505,12064.9897,12132.4571,12202.8599,12276.589,11885.0876,12169.2239,Financial Service Provider
7971,2017,4,424,1.0,11922.1,11981.2686,12055.4595,12130.1099,12190.3108,12250.8105,11878.5921,12156.6727,Financial Service Provider
7972,2017,4,428,2.0,11922.1,11987.89,12061.32,12141.06,12215.79,12292.16,11880.25,12177.58,Non-Financial Service Provider
7973,2017,4,429,2.0,11922.1,12003.8646,12071.4485,12144.0896,12217.5117,12289.4266,11884.2273,12180.6157,Non-Financial Service Provider
7974,2017,4,433,2.0,11922.12,12001.76,12087.84,12163.0,12221.88,12284.92,11883.718,12189.412,Non-Financial Service Provider
7975,2017,4,446,2.0,11922.1,12011.2,12088.3,12162.5,12233.8,12301.8,11886.1,12196.6,Non-Financial Service Provider
7976,2017,4,456,1.0,11922.1,12011.1859,12070.7966,12130.7031,12183.4302,12236.3864,11886.0715,12155.3291,Financial Service Provider
7977,2017,4,472,2.0,11922.1,11990.52,12049.2,12105.87,12170.27,12215.44,11880.91,12135.2,Non-Financial Service Provider
7978,2017,4,484,2.0,11922.1,12004.6925,12081.9735,12156.7881,12238.0284,12322.8095,11884.5467,12205.4295,Non-Financial Service Provider
7979,2017,4,504,1.0,11922.1,11997.6,12034.6,12134.2,12223.4,12313.4,11882.7,12176.4,Financial Service Provider
7980,2017,4,507,3.0,11922.1,11993.8181,12063.8293,12132.3621,12205.1096,12275.7892,11881.734,12169.2726,Unknown
7981,2017,4,508,2.0,11922.1,11998.8493,12067.2555,12136.0517,12202.2563,12268.822,11889.7186,12178.1036,Non-Financial Service Provider
7982,2017,4,510,2.0,11922.1,11995.6,12058.2,12115.1,12182.5,12233.0,11882.2,12147.2,Non-Financial Service Provider
7983,2017,4,512,2.0,11922.1,11998.8493,12007.8384,12061.5127,12103.5082,12148.6432,11884.5467,12086.584,Non-Financial Service Provider
7984,2017,4,518,2.0,11922.1,12024.9888,12101.9687,12169.9285,12243.0284,12317.6383,11889.5073,12208.1364,Non-Financial Service Provider
7985,2017,4,524,2.0,11922.1,11982.9056,12063.0574,12159.1832,12254.4335,12348.6576,11878.5301,12206.3329,Non-Financial Service Provider
7986,2017,4,527,2.0,11922.1,12010.5271,12078.9998,12153.796,12223.0855,12283.7478,11896.1188,12193.5218,Non-Financial Service Provider
7987,2017,4,532,2.0,11922.1,11992.9977,12052.5181,12115.3015,12181.3929,,,,Non-Financial Service Provider
7988,2017,4,535,1.0,11922.1,12001.772,12073.1434,12150.8651,12226.1063,12301.8133,11884.5467,12193.5449,Financial Service Provider
7989,2017,4,542,1.0,11922.1,11994.7248,12052.9536,12111.4651,12173.035,12234.9179,11881.9562,12143.0929,Financial Service Provider
7990,2017,4,546,1.0,11922.1,11998.8493,12070.2034,12136.0488,12196.2792,12256.8085,11884.5467,12169.7758,Financial Service Provider
7991,2017,4,548,2.0,11922.1,12013.35,12106.35,12208.46,12317.44,12429.28,11882.93,12265.38,Non-Financial Service Provider
7992,2017,4,549,3.0,11922.1,11995.9246,12055.4595,12124.1884,12181.3725,12241.8278,11884.5467,12157.8913,Unknown
7993,2017,4,553,2.0,11922.1,11996.6131,12074.5911,12153.076,12235.1092,12314.6374,11882.4283,12194.3534,Non-Financial Service Provider
7994,2017,4,555,1.0,11922.1,12011.6,12084.8,12161.9,12239.8,12318.3,11886.2,12201.2,Financial Service Provider
7995,2017,4,556,1.0,11922.1,11978.7891,12052.3403,12157.8688,12250.3892,12343.411,11877.9768,12201.0023,Financial Service Provider
7996,2017,4,557,1.0,11922.1,12000.5113,12074.8984,12147.2558,12222.9997,12294.7078,11883.4028,12184.9654,Financial Service Provider
7997,2017,4,559,1.0,11922.1,11995.9246,12058.4132,12136.0401,12208.21,12277.8098,11882.2561,12170.1183,Financial Service Provider
7998,2017,4,563,2.0,11922.1,11981.2686,12049.5745,12109.3757,12169.4737,12232.8664,11872.9746,12134.18,Non-Financial Service Provider
7999,2017,4,568,2.0,11922.1,12007.7259,12039.7701,12086.6522,12136.6442,12196.4345,11885.2065,12114.8752,Non-Financial Service Provider
8000,2017,4,569,1.0,,,,,,,,,Financial Service Provider
8001,2017,4,570,2.0,,,,,,,,,Non-Financial Service Provider
8002,2017,4,572,1.0,11922.1,12008.5,12080.6,12147.0,12210.8,12274.9083,11885.4,12178.3,Financial Service Provider
8003,2017,4,574,2.0,11922.1,11998.125,12072.1313,12150.6541,12220.0781,12289.5676,11882.8108,12183.1078,Non-Financial Service Provider
8004,2017,4,576,2.0,11922.1,11995.3639,12012.3596,12127.6992,12256.2134,12327.2299,11882.1205,12180.8755,Non-Financial Service Provider
8005,2017,4,578,2.0,11922.1,12004.6925,12079.0285,12147.8918,12223.1145,12298.803,11884.4481,12187.2095,Non-Financial Service Provider
8006,2017,4,579,1.0,11922.1,12004.6925,12073.132,12138.9933,12205.2139,12268.7928,11884.4481,12171.533,Financial Service Provider
8007,2017,4,583,2.0,11922.1,12007.6108,12087.8543,12171.595,12258.8953,12343.821,11885.1777,12215.5414,Non-Financial Service Provider
8008,2017,4,584,2.0,11922.1,12014.6395,12116.7639,12219.9347,12323.5685,12427.2455,11886.9349,12271.8782,Non-Financial Service Provider
8009,2018,1,411,2.0,12028.1,12112.5,12196.1,12272.7,12344.9,12415.8,12231.6,12521.9,Non-Financial Service Provider
8010,2018,1,421,2.0,12028.1,12106.2827,12212.2126,12312.9634,12389.9194,12476.6488,12255.3445,12551.6698,Non-Financial Service Provider
8011,2018,1,422,1.0,12028.1,12129.0884,12236.1147,12343.447,12437.5758,12522.7948,12286.5565,12640.5257,Financial Service Provider
8012,2018,1,424,1.0,12028.1,12102.581,12177.5231,12237.9593,12298.6955,12359.7331,12204.1897,12452.0486,Financial Service Provider
8013,2018,1,428,2.0,12028.1,12081.6,12169.38,12259.09,12343.81,12422.92,12213.47,12522.82,Non-Financial Service Provider
8014,2018,1,433,2.0,12028.1,12126.1269,12208.6479,12277.65,12341.0017,12396.7741,12238.4337,12485.65,Non-Financial Service Provider
8015,2018,1,446,2.0,12028.1,12112.5,12195.9,12272.1,12344.1,12414.8,12231.1,12521.2,Non-Financial Service Provider
8016,2018,1,456,1.0,12028.1,12110.8191,12197.6835,12273.2145,12334.1257,12387.7369,12228.9607,12466.8086,Financial Service Provider
8017,2018,1,472,2.0,12028.1,12078.87,12150.99,12232.96,12301.72,12389.29,12191.14,12525.42,Non-Financial Service Provider
8018,2018,1,484,2.0,12028.1,12114.3711,12207.1854,12291.7528,12385.9261,12468.6977,12245.567,12600.6884,Non-Financial Service Provider
8019,2018,1,504,1.0,12028.1,12096.8,12197.2,12287.2,12379.6,12472.2,12240.2,12618.8,Financial Service Provider
8020,2018,1,508,2.0,12028.1,12096.6729,12165.6368,12232.0028,12298.7308,12374.8926,12210.3415,12510.2579,Non-Financial Service Provider
8021,2018,1,510,2.0,12028.1,12103.6,12173.3,12225.5,12267.9,12297.3,12192.6,12355.0,Non-Financial Service Provider
8022,2018,1,518,2.0,12028.1,12124.9753,12212.9011,12300.1769,12373.5133,12450.6096,12253.314,12558.6173,Non-Financial Service Provider
8023,2018,1,532,2.0,12028.1,12117.3133,12189.3718,12261.8589,12331.7645,,12225.0771,,Non-Financial Service Provider
8024,2018,1,533,1.0,12028.1,12129.0,12159.0,12209.0,12249.0,12299.0,12186.0,12374.0,Financial Service Provider
8025,2018,1,535,1.0,12028.1,12111.4268,12198.2956,12276.8229,12355.8558,12429.333,12233.6781,12539.5201,Financial Service Provider
8026,2018,1,546,1.0,12028.1,12102.581,12171.5785,12237.9769,12298.7131,12359.7508,12198.0114,12441.9716,Financial Service Provider
8027,2018,1,548,2.0,12028.1,12113.09,12188.8,12271.62,12359.77,12466.47,12233.32,12631.16,Non-Financial Service Provider
8028,2018,1,549,3.0,12028.1,12114.3711,12189.3863,12264.866,12334.7887,12408.1405,12221.7892,12502.8904,Unknown
8029,2018,1,553,2.0,12028.1,12103.2756,12181.9469,12258.0841,12334.6971,12411.789,12219.5009,12537.208,Non-Financial Service Provider
8030,2018,1,555,1.0,12028.1,12117.9,12193.3,12269.4,12346.2,12427.5,12231.7,12547.3,Financial Service Provider
8031,2018,1,556,1.0,12028.1,12083.6666,12134.865,12203.499,12263.068,12314.1245,12171.2746,,Financial Service Provider
8032,2018,1,557,1.0,12028.1,12106.0,12182.1,12249.0,12320.4,12396.5,12214.375,12510.55,Financial Service Provider
8033,2018,1,559,1.0,12028.1,,,,,,12207.9972,12503.9045,Financial Service Provider
8034,2018,1,563,2.0,12028.1,12129.0606,12213.0868,12303.6721,12382.8779,12456.5157,12257.4559,12563.8923,Non-Financial Service Provider
8035,2018,1,568,2.0,12028.1,12127.1392,12175.1502,12237.8764,12308.5939,12379.6872,12212.1899,12412.0973,Non-Financial Service Provider
8036,2018,1,569,1.0,,,,,,,,,Financial Service Provider
8037,2018,1,570,2.0,,,,,,,,,Non-Financial Service Provider
8038,2018,1,572,1.0,12028.1,12103.2756,12175.8953,12245.9067,12316.3206,12380.9813,12210.3496,12474.1486,Financial Service Provider
8039,2018,1,574,2.0,12028.1,12109.6,12197.49,12278.623,12364.1288,12438.1359,12237.4604,12528.4334,Non-Financial Service Provider
8040,2018,1,576,2.0,12028.1,12122.3619,12224.361,12325.2297,12420.8357,12518.3723,12273.197,12673.4833,Non-Financial Service Provider
8041,2018,1,578,2.0,12028.1,12102.581,12183.459,12261.8909,12334.8092,12402.0981,12220.685,12517.7696,Non-Financial Service Provider
8042,2018,1,579,1.0,12028.1,12096.6729,12164.6811,12234.0327,12303.7797,12370.8992,12199.766,12474.7724,Financial Service Provider
8043,2018,1,583,2.0,12028.1,12108.4803,12192.364,12273.8421,12361.8758,12450.5409,12233.6781,12576.2211,Non-Financial Service Provider
8044,2018,1,584,2.0,12028.1,12151.388,12243.1144,12335.0603,12429.5151,12524.5328,12289.7695,12669.1215,Non-Financial Service Provider
8045,2018,2,411,2.0,12066.8,12146.4,12217.8,12288.0,12359.9,12432.3,12179.8,12471.0,Non-Financial Service Provider
8046,2018,2,421,2.0,12066.8,12157.301,12257.5987,12334.2087,12420.5482,12479.5458,12203.9771,12495.2319,Non-Financial Service Provider
8047,2018,2,422,1.0,12066.8,12164.2998,12269.6972,12379.4749,12477.7317,12567.6407,12220.068,12605.1987,Financial Service Provider
8048,2018,2,424,1.0,12066.8,12151.5206,12236.7781,12300.3347,12364.1919,12428.351,12188.8584,12460.7345,Financial Service Provider
8049,2018,2,426,2.0,12066.8,12181.9788,12294.1786,12364.6785,12423.9637,12477.2943,12226.9303,12529.8508,Non-Financial Service Provider
8050,2018,2,428,2.0,12066.8,12141.0852,12223.72,12301.2444,12375.2464,12440.3162,12183.2177,12458.7458,Non-Financial Service Provider
8051,2018,2,429,2.0,12066.8,12139.3992,12213.0504,12274.7245,12349.5592,12425.0568,12174.0527,12478.584,Non-Financial Service Provider
8052,2018,2,433,2.0,12066.8,12153.96,12229.8,12292.88,12348.44,12423.12,12185.86,12446.23,Non-Financial Service Provider
8053,2018,2,446,2.0,12066.8,12146.0225,12221.794,12292.5098,12361.79,12429.6484,12181.8,12462.6,Non-Financial Service Provider
8054,2018,2,472,2.0,12066.8,12153.12,12245.51,12335.42,12399.9,12475.54,12200.21,12513.69,Non-Financial Service Provider
8055,2018,2,484,2.0,12066.8,12144.4809,12225.6389,12310.3342,12383.5406,12460.2226,12187.9675,12504.8547,Non-Financial Service Provider
8056,2018,2,504,1.0,12066.8333,12153.7795,12245.5621,12338.8139,12426.97,12523.9667,12201.2472,12573.8494,Financial Service Provider
8057,2018,2,508,2.0,12066.8,12135.5936,12201.7956,12268.3589,12344.3326,,12212.1902,12512.152,Non-Financial Service Provider
8058,2018,2,510,2.0,12066.8,12151.7,12203.2,12245.8,12275.1,12317.4,12166.9,12333.7,Non-Financial Service Provider
8059,2018,2,518,2.0,12066.8,12160.1015,12234.8513,12303.2512,12371.6611,12442.891,12191.272,12479.0274,Non-Financial Service Provider
8060,2018,2,523,2.0,12066.8,12215.0,12296.0,12377.0,12458.0,12540.0,12238.9918,12582.4298,Non-Financial Service Provider
8061,2018,2,532,2.0,12066.8,12147.439,12231.5925,12301.3256,12368.4317,,12186.7893,,Non-Financial Service Provider
8062,2018,2,535,1.0,12066.8,12171.0263,12249.3782,12328.2344,12401.5472,12481.3831,12199.8582,12517.0545,Financial Service Provider
8063,2018,2,546,1.0,12066.8,12150.3949,12225.6331,12301.3373,12374.4902,12448.0781,12187.9675,12480.4787,Financial Service Provider
8064,2018,2,548,2.0,12066.8,12215.46,12312.09,12404.76,12515.57,12627.47,12262.76,12686.64,Non-Financial Service Provider
8065,2018,2,549,3.0,12066.8,12150.3949,12225.6331,12295.3322,12368.4494,12435.9218,12187.9675,12468.2908,Unknown
8066,2018,2,553,2.0,12066.8,12154.2843,12230.2486,12315.8603,12383.5976,12473.3786,12191.7983,12508.7851,Non-Financial Service Provider
8067,2018,2,555,1.0,12066.8,12152.7,12228.3,12314.0,12375.3,12466.0,12190.5,12501.6,Financial Service Provider
8068,2018,2,556,1.0,12066.8,12123.75,12186.1194,12263.2496,12331.8688,12400.5032,12159.98,12430.2565,Financial Service Provider
8069,2018,2,557,1.0,12066.8,12143.4667,12224.5107,12299.1181,12372.7127,12441.4602,12183.4739,12467.4867,Financial Service Provider
8070,2018,2,563,2.0,12066.8,12135.5936,12201.7956,12253.3259,12311.1191,12366.149,12164.1861,12395.3056,Non-Financial Service Provider
8071,2018,2,568,2.0,12066.8,12132.6893,12194.9523,12253.0036,12311.5214,12384.4961,12161.8613,12417.8954,Non-Financial Service Provider
8072,2018,2,569,1.0,,,,,,,,,Financial Service Provider
8073,2018,2,570,2.0,,,,,,,,,Non-Financial Service Provider
8074,2018,2,572,1.0,12066.8,12148.2509,12221.1404,12294.4673,12359.0132,12420.8083,12182.6646,12452.0152,Financial Service Provider
8075,2018,2,574,2.0,12066.8,12143.99,12216.748,12286.785,12339.6813,12392.9016,12178.5808,12408.1093,Non-Financial Service Provider
8076,2018,2,576,2.0,12066.8,12164.6746,12260.3513,12355.6617,12432.4489,12545.0552,12211.8772,12600.2283,Non-Financial Service Provider
8077,2018,2,578,2.0,12066.8,12144.4809,12222.6618,12301.346,12368.4523,12445.0408,12183.8222,12480.7404,Non-Financial Service Provider
8078,2018,2,579,1.0,12066.8,12153.5284,12247.5523,12337.9504,12418.3569,12496.9384,12201.4578,12535.8125,Financial Service Provider
8079,2018,2,583,2.0,12066.8,12153.3487,12243.491,12331.307,12419.7528,12502.7505,12198.7367,12548.6479,Non-Financial Service Provider
8080,2018,2,584,2.0,12066.8,12161.8661,12265.8513,12365.431,12463.7533,12559.6363,12214.9871,12605.9098,Non-Financial Service Provider
8081,2018,3,411,2.0,12847.8,12930.5086,13016.9195,13091.1297,13165.7631,13240.8219,12872.6675,13194.4842,Non-Financial Service Provider
8082,2018,3,421,2.0,12847.8,12944.1585,13025.0595,13116.2349,13178.537,13234.5458,12884.9545,13195.1017,Non-Financial Service Provider
8083,2018,3,422,1.0,12847.8,12942.9046,13053.719,13169.2352,13272.8795,13367.9719,12891.8059,13315.8057,Financial Service Provider
8084,2018,3,424,1.0,12847.8,12927.3567,13007.4061,13075.1637,13143.2743,13211.7396,12876.3407,13177.6848,Financial Service Provider
8085,2018,3,426,2.0,12847.8,12929.4567,13022.5334,13086.8796,13154.7795,13212.1794,12880.6775,13179.2302,Non-Financial Service Provider
8086,2018,3,428,2.0,12847.8,12930.7733,13013.2775,13096.2229,13166.7828,13229.8506,12878.6775,13189.7739,Non-Financial Service Provider
8087,2018,3,433,2.0,12847.8,12936.804,13010.24,13064.54,13132.596,13201.328,12879.411,13162.745,Non-Financial Service Provider
8088,2018,3,456,1.0,12847.8,12929.4283,13012.6624,13088.4472,13159.8473,13221.916,12878.1727,13187.3991,Financial Service Provider
8089,2018,3,472,2.0,12847.8,12919.02,13004.46,13045.42,13111.44,13189.28,12873.52,13151.33,Non-Financial Service Provider
8090,2018,3,484,2.0,12847.8,12930.5086,13010.5775,13087.9481,13168.9919,13247.3045,12872.6675,13207.3569,Non-Financial Service Provider
8091,2018,3,504,1.0,12847.8,12925.2,13011.3,13086.1,13168.6,13255.4,12876.8,13212.8,Financial Service Provider
8092,2018,3,507,3.0,12847.8,12915.8953,13000.2512,13070.7665,13135.3227,13205.0739,12871.7014,13173.0784,Unknown
8093,2018,3,508,2.0,12847.8,12917.8873,12988.3569,13075.8311,13162.7458,13245.8938,12879.2153,13217.2985,Non-Financial Service Provider
8094,2018,3,510,2.0,12847.8,12904.2,12944.8,12985.6,13031.6,13070.3,12854.9,13052.0,Non-Financial Service Provider
8095,2018,3,518,2.0,12847.8,12926.7279,12998.9508,13071.1844,13146.3955,13223.0215,12874.0991,13184.5543,Non-Financial Service Provider
8096,2018,3,524,2.0,12847.8,12914.6679,12998.1077,13074.5407,13158.4296,13264.8673,12870.6316,13213.9409,Non-Financial Service Provider
8097,2018,3,528,1.0,12847.8,12922.8788,12996.3023,13063.728,13128.4529,13198.0278,12872.4453,13164.6272,Financial Service Provider
8098,2018,3,532,2.0,12847.8,12939.9504,13020.0777,13094.306,13165.738,,12882.657,,Non-Financial Service Provider
8099,2018,3,535,1.0,12847.8,12943.0931,13032.7586,13113.4607,13201.0942,13289.3133,12885.2262,13246.0125,Financial Service Provider
8100,2018,3,546,1.0,12847.8,12936.8054,13016.9133,13094.3216,13172.1901,13247.2856,12885.2262,13207.3569,Financial Service Provider
8101,2018,3,549,3.0,12847.8,12936.8054,13013.7373,13100.7044,13178.6109,13250.5028,12885.2262,13220.2421,Unknown
8102,2018,3,553,2.0,12847.8,12928.0988,13018.5954,13090.1977,13185.1017,13267.5085,12879.3236,13223.3096,Non-Financial Service Provider
8103,2018,3,555,1.0,12847.8,12931.6,13019.7,13092.0,13184.8,13270.1,12880.5,13225.1,Financial Service Provider
8104,2018,3,557,1.0,12847.8,12956.1,13058.4,13131.2,13202.5,13273.2,12896.275,13237.375,Financial Service Provider
8105,2018,3,559,1.0,12847.8,12922.9403,13011.2002,13088.5745,13163.1933,13235.0011,12876.1851,13199.3059,Financial Service Provider
8106,2018,3,560,2.0,12847.8,12925.7983,12989.2804,13040.9548,13116.5831,13173.59,12871.4197,13117.5134,Non-Financial Service Provider
8107,2018,3,563,2.0,12847.8,12921.0461,12975.6139,13036.8137,13098.3022,13156.8508,12847.5501,13155.8913,Non-Financial Service Provider
8108,2018,3,568,2.0,12847.8,12922.4517,12991.3013,13061.1574,13133.2773,13205.8321,12871.0883,13169.7734,Non-Financial Service Provider
8109,2018,3,569,1.0,,,,,,,,,Financial Service Provider
8110,2018,3,570,2.0,,,,,,,,,Non-Financial Service Provider
8111,2018,3,572,1.0,12847.8,12924.8868,13002.4361,13070.6989,13136.0524,13201.7327,12874.4807,13169.0563,Financial Service Provider
8112,2018,3,574,2.0,12847.8,12930.81,13012.286,13078.7653,13152.7468,13208.9785,12878.4388,13173.5028,Non-Financial Service Provider
8113,2018,3,576,2.0,12847.8,12936.6936,12991.2482,13000.0518,13115.2299,13164.2197,12874.6502,13127.8554,Non-Financial Service Provider
8114,2018,3,577,2.0,,,,,,,,,Non-Financial Service Provider
8115,2018,3,578,2.0,12847.8,12966.0279,13052.6762,13117.4557,13200.2915,13278.7903,12897.326,13237.7578,Non-Financial Service Provider
8116,2018,3,579,1.0,12847.8,12941.8278,13031.6577,13112.193,13190.855,13272.5628,12886.0214,13232.4293,Financial Service Provider
8117,2018,3,583,2.0,12847.8,12943.0931,13039.0929,13119.8342,13207.5103,13289.2944,12888.1965,13247.871,Non-Financial Service Provider
8118,2018,3,584,2.0,12847.8,12950.1196,13059.1371,13165.3182,13269.4255,13372.1651,12894.9642,13320.5272,Non-Financial Service Provider
8119,2018,4,411,2.0,12968.5,13054.0,13134.0,13215.2,13294.5,13374.7,12896.9,13254.6,Non-Financial Service Provider
8120,2018,4,421,2.0,12968.5,13056.0374,13147.4296,13223.0274,13285.8367,13319.0513,12897.3343,13243.8363,Non-Financial Service Provider
8121,2018,4,426,2.0,12968.5,13047.8465,13129.8615,13205.8823,13272.7611,13348.9609,12917.1587,13229.7431,Non-Financial Service Provider
8122,2018,4,428,2.0,12968.5,13066.4721,13143.0329,13219.0453,13281.3375,13319.4181,12899.9678,13240.7084,Non-Financial Service Provider
8123,2018,4,429,2.0,12968.5,13052.2717,13123.2486,13192.4974,13266.1964,13336.6981,12896.4325,13229.7049,Non-Financial Service Provider
8124,2018,4,433,2.0,12968.5,13055.164,13135.688,13218.956,13292.376,13348.844,12897.116,13248.966,Non-Financial Service Provider
8125,2018,4,463,2.0,12968.5,13058.1264,13143.1677,13238.6333,13329.4365,13419.1543,12897.8814,13282.5979,Non-Financial Service Provider
8126,2018,4,472,2.0,12968.5,13108.93,13139.12,13191.72,13261.16,13323.52,12910.56,13228.88,Non-Financial Service Provider
8127,2018,4,484,2.0,12968.5,13071.0258,13148.7558,13230.1761,13308.8526,13401.0521,12897.7849,13271.8207,Non-Financial Service Provider
8128,2018,4,504,1.0,12968.5,13088.1196,13175.1241,13271.0891,13376.5722,13475.8098,12905.3549,13324.6488,Financial Service Provider
8129,2018,4,507,3.0,12968.5,13067.6271,13136.9005,13201.7833,13271.8874,13346.718,12900.2565,13239.3223,Unknown
8130,2018,4,508,2.0,12968.5,13013.7381,13093.5823,13173.4444,13288.0696,13330.6689,12886.7984,13221.4848,Non-Financial Service Provider
8131,2018,4,510,2.0,12968.5,13034.4,13079.8,13125.8,13164.6,13214.9,12891.9,13146.2,Non-Financial Service Provider
8132,2018,4,518,2.0,12968.5,13054.7506,13135.7403,13213.1201,13293.2099,13364.7597,12897.0516,13251.7511,Non-Financial Service Provider
8133,2018,4,523,2.0,12968.5,13124.0,13235.0,13341.0,13444.0,13546.0,12914.325,13391.0,Non-Financial Service Provider
8134,2018,4,528,1.0,12968.5,13027.8721,13095.4616,13160.3437,13230.0876,13300.5309,12890.293,13196.6059,Financial Service Provider
8135,2018,4,532,2.0,12968.5,13048.8042,13123.1962,13194.7858,13266.766,,12895.526,,Non-Financial Service Provider
8136,2018,4,535,1.0,12968.5,13080.5147,13164.7214,13259.1449,13351.0,13440.2209,12897.7849,13297.6162,Financial Service Provider
8137,2018,4,542,1.0,12968.5,13064.6883,13145.5881,13210.8287,13276.3932,13325.902,12897.7849,13233.1273,Financial Service Provider
8138,2018,4,546,1.0,12968.5,13051.9856,13129.6024,13204.4551,13279.7345,13352.1781,12897.7849,13246.0251,Financial Service Provider
8139,2018,4,549,3.0,12968.5,13071.0258,13151.9648,13223.7114,13292.5957,13352.0128,12897.7849,13246.0251,Unknown
8140,2018,4,555,1.0,12968.5,13056.9,13129.3,13222.2,13307.8,13391.2,12897.6,13262.6,Financial Service Provider
8141,2018,4,556,1.0,12968.5,13050.9015,13086.7178,13156.0208,13237.5612,13297.4328,12896.0751,13194.4332,Financial Service Provider
8142,2018,4,557,1.0,12968.5,13082.1,13175.0,13259.3,13342.0,13420.7,12903.85,13299.25,Financial Service Provider
8143,2018,4,563,2.0,12968.5,13051.9856,13161.5404,13255.9411,13341.2771,13433.7012,12897.7849,13297.6162,Non-Financial Service Provider
8144,2018,4,568,2.0,12968.5,13057.754,13122.3774,13185.714,13254.015,13322.7752,12897.7635,13221.2204,Non-Financial Service Provider
8145,2018,4,569,1.0,,,,,,,,,Financial Service Provider
8146,2018,4,570,2.0,,,,,,,,,Non-Financial Service Provider
8147,2018,4,572,1.0,12968.5,13052.7953,13127.8488,13203.334,13272.6515,13335.6966,12896.5238,13234.8827,Financial Service Provider
8148,2018,4,574,2.0,12968.5,13064.4402,13153.958,13251.7308,13344.1551,13423.0606,12899.4684,13293.2261,Non-Financial Service Provider
8149,2018,4,576,2.0,12968.5,13080.5567,13116.0413,13178.8494,13279.5737,13318.9291,12903.4889,13223.3484,Non-Financial Service Provider
8150,2018,4,577,2.0,,,,,,,,,Non-Financial Service Provider
8151,2018,4,578,2.0,12968.5,13055.1648,13126.3833,13209.2755,13291.0706,13370.1092,12897.1162,13249.2096,Non-Financial Service Provider
8152,2018,4,583,2.0,12968.5,13080.0104,13173.8263,13261.8632,13343.9839,13426.6132,12903.2026,13301.5717,Non-Financial Service Provider
8153,2018,4,584,2.0,12968.5,13072.4152,13179.9723,13286.3501,13391.9206,13496.0717,12901.4288,13338.5787,Non-Financial Service Provider
8154,2018,4,585,1.0,12968.5,13048.8424,13113.6029,13178.6848,13227.8293,13277.1571,12895.5604,13199.3185,Financial Service Provider
8155,2018,4,586,2.0,12968.5,13060.1,13176.5,13270.6,13367.5,13462.3,12898.4,13319.3,Non-Financial Service Provider
8156,2019,1,411,2.0,13044.2,13086.3,13165.6,13242.1,13323.8,13406.4,13204.4,13528.6,Non-Financial Service Provider
8157,2019,1,421,2.0,13044.2,13102.8989,13178.2406,13240.8372,13273.9393,13330.3536,13198.979,13341.9734,Non-Financial Service Provider
8158,2019,1,422,1.0,13044.2,13102.5068,13186.8551,13271.7464,13357.1842,13443.172,13229.5731,13443.172,Financial Service Provider
8159,2019,1,423,2.0,13044.2,13190.6,13287.4,13383.0,13482.2,13575.9,13335.8,13717.5,Non-Financial Service Provider
8160,2019,1,424,1.0,13044.2,13073.4509,13154.4049,13235.8603,13317.82,13390.4713,13195.384,13500.4419,Financial Service Provider
8161,2019,1,428,2.0,13044.2,13161.2496,13235.0506,13292.874,13334.0157,13345.5802,13255.7975,13366.53,Non-Financial Service Provider
8162,2019,1,433,2.0,13044.2,13074.748,13166.608,13249.428,13321.056,13368.096,13202.96,13471.747,Non-Financial Service Provider
8163,2019,1,463,2.0,13044.2,13115.4142,13203.5837,13284.3747,13365.7376,13445.5499,13242.2775,13567.689,Non-Financial Service Provider
8164,2019,1,472,2.0,13044.2,13072.27,13155.15,13231.06,13301.48,13337.69,13189.99,13426.55,Non-Financial Service Provider
8165,2019,1,484,2.0,13044.2,13128.1729,13215.9048,13307.4603,13402.9076,13495.7586,13264.4274,13635.8314,Non-Financial Service Provider
8166,2019,1,504,1.0,13044.2,13107.7923,13237.3092,13340.6373,13438.5597,13529.7423,13281.0746,13681.7542,Financial Service Provider
8167,2019,1,508,2.0,13044.2,13112.9957,13199.2904,13275.1305,13330.2396,13432.1919,13229.4612,13531.0626,Non-Financial Service Provider
8168,2019,1,510,2.0,13044.2,13073.1,13123.5,13167.2,13216.1,13282.1,13145.0,13402.0,Non-Financial Service Provider
8169,2019,1,518,2.0,13044.2,13092.6413,13164.5108,13241.2553,13324.5596,13406.4483,13212.865,13523.8763,Non-Financial Service Provider
8170,2019,1,528,1.0,13044.2,13061.0049,13144.8206,13204.2141,13267.2461,13338.2237,13169.3214,13462.8046,Financial Service Provider
8171,2019,1,535,1.0,13044.2,13121.7705,13222.303,13313.9028,13402.8758,13485.8697,13264.4274,13609.3025,Financial Service Provider
8172,2019,1,542,1.0,13044.2,13108.9375,13206.1674,13287.9432,13355.2498,13421.5309,13239.5745,13534.3672,Financial Service Provider
8173,2019,1,546,1.0,13044.2,13089.617,13164.2417,13236.0552,13301.7448,13361.2029,13199.9744,13411.174,Financial Service Provider
8174,2019,1,548,2.0,13044.2,13172.43,13272.13,13388.43,13503.61,13625.0,13334.15,13798.78,Non-Financial Service Provider
8175,2019,1,549,2.0,13044.2,13089.617,13167.4575,13226.3153,13291.9566,13348.0908,13199.9744,13437.5739,Non-Financial Service Provider
8176,2019,1,553,2.0,13044.2,13122.4652,13214.3225,13293.6084,13373.37,13446.9236,13250.9415,13542.4622,Non-Financial Service Provider
8177,2019,1,555,1.0,13044.2,13100.6,13186.3,13263.5,13344.2,13416.9,13223.7,13518.4,Financial Service Provider
8178,2019,1,557,1.0,13044.2,13142.6,13222.5,13289.8,13363.2,13433.2,13254.525,13538.025,Financial Service Provider
8179,2019,1,559,1.0,13044.2,13102.5068,13186.8551,13262.0342,13344.1559,13427.7686,13223.888,13527.1083,Financial Service Provider
8180,2019,1,563,2.0,13044.2,13140.9498,13231.986,13317.1679,13402.8981,13485.8921,13277.318,13609.251,Non-Financial Service Provider
8181,2019,1,568,2.0,13044.2,13083.2086,13148.4335,13222.3574,13291.5825,13367.4956,13186.3955,13478.1126,Non-Financial Service Provider
8182,2019,1,569,1.0,,,,,,,,,Financial Service Provider
8183,2019,1,570,2.0,,,,,,,,,Non-Financial Service Provider
8184,2019,1,572,1.0,13044.2,13086.5937,13161.8416,13230.9412,13293.7882,13343.6399,13193.2912,13393.762,Financial Service Provider
8185,2019,1,574,2.0,13044.2,13128.7153,13220.1843,13304.7249,13377.5834,13440.9177,13257.802,13505.4093,Non-Financial Service Provider
8186,2019,1,575,2.0,,,,,,,,,Non-Financial Service Provider
8187,2019,1,576,2.0,13044.2,13170.3815,13248.4214,13280.9753,13402.7989,13509.8011,13275.6443,13623.3088,Non-Financial Service Provider
8188,2019,1,577,2.0,,,,,,,,,Non-Financial Service Provider
8189,2019,1,579,1.0,13044.2,13076.9407,13161.7545,13245.3469,13326.4552,13397.4147,13202.6499,13496.2451,Financial Service Provider
8190,2019,1,583,2.0,13044.2,13134.566,13219.1207,13307.4603,13389.8634,13466.1998,13262.7526,13573.4566,Non-Financial Service Provider
8191,2019,1,584,2.0,13044.2,13106.16,13223.8865,13342.063,13457.9287,13571.8688,13282.5095,13738.0646,Non-Financial Service Provider
8192,2019,1,585,1.0,13044.2,13092.8892,13173.9636,13239.345,13305.051,13371.0831,13202.8122,13470.9525,Financial Service Provider
8193,2019,1,586,2.0,13044.2,13141.33,13230.63,13314.01,13395.43,13473.85,13270.35,13586.75,Non-Financial Service Provider
8194,2019,2,411,2.0,13071.0,13168.7,13246.6,13332.6,13424.6,13522.5,13204.7,13573.0,Non-Financial Service Provider
8195,2019,2,421,2.0,13071.0,13146.1583,13208.6025,13241.624,13297.9009,13311.1988,13166.8462,13309.4925,Non-Financial Service Provider
8196,2019,2,422,1.0,13071.0,13181.9752,13277.1278,13371.7649,13465.7078,13561.5351,13225.467,13513.6214,Financial Service Provider
8197,2019,2,424,1.0,13071.0,13177.5264,13259.1249,13341.2287,13414.0077,13487.1838,13212.22,13524.1716,Financial Service Provider
8198,2019,2,426,2.0,13071.0,13151.903,13246.203,13351.4031,13453.4031,13524.7031,13205.1112,13570.6366,Non-Financial Service Provider
8199,2019,2,428,2.0,13071.0,13145.11,13208.42,13263.98,13312.6,13354.86,13172.12,13359.61,Non-Financial Service Provider
8200,2019,2,429,2.0,13071.0,13160.8018,13238.6182,13312.1749,13392.088,13468.3116,13195.6319,13504.2161,Non-Financial Service Provider
8201,2019,2,433,2.0,13071.0,13159.632,13242.412,13314.0,13362.992,13434.588,13196.761,13466.607,Non-Financial Service Provider
8202,2019,2,463,2.0,13071.0,13160.8145,13245.1192,13325.2882,13397.8213,13471.1281,13200.5547,13507.7243,Non-Financial Service Provider
8203,2019,2,472,2.0,13071.0,13166.88,13288.97,13361.18,13409.68,13485.18,13222.01,13526.27,Non-Financial Service Provider
8204,2019,2,484,2.0,13071.0,13151.9389,13236.6054,13325.0618,13410.8428,13493.8861,13196.9024,13540.0219,Non-Financial Service Provider
8205,2019,2,504,1.0,13071.0,13176.393,13281.2813,13374.3841,13464.5686,13562.0607,13225.7646,13613.1593,Financial Service Provider
8206,2019,2,508,2.0,13071.0,13158.3497,13194.3869,13220.6969,13207.4563,13318.3161,13158.2396,13342.455,Non-Financial Service Provider
8207,2019,2,510,2.0,13071.0,13111.8,13166.1,13232.0,13293.9,13362.2,13145.2,13409.9,Non-Financial Service Provider
8208,2019,2,518,2.0,13071.0,13164.2332,13231.9732,13300.4132,13376.7732,13459.9532,13191.8888,13504.8318,Non-Financial Service Provider
8209,2019,2,524,2.0,13071.0,13151.0634,13208.7595,13278.2926,13351.2569,13437.7021,13177.1594,13483.0095,Non-Financial Service Provider
8210,2019,2,532,2.0,13071.0,13158.3497,13223.6537,13292.5378,13358.5078,,13186.3853,,Non-Financial Service Provider
8211,2019,2,535,1.0,13071.0,13193.4432,13284.8432,13373.622,13456.4347,13539.7603,13235.5652,13579.6899,Financial Service Provider
8212,2019,2,546,1.0,13071.0,13174.3361,13255.9148,13328.2285,13387.8049,13437.7292,13209.79,13447.5662,Financial Service Provider
8213,2019,2,548,2.0,13071.0,13272.13,13388.43,13503.61,13625.0,13739.48,13334.15,13798.78,Non-Financial Service Provider
8214,2019,2,549,2.0,13071.0,13161.5517,13220.383,13285.9949,13342.1039,13391.8578,13184.0148,13421.3271,Non-Financial Service Provider
8215,2019,2,555,1.0,13071.0,13163.9,13240.7,13320.7,13384.6,13452.4,13199.1,13482.0,Financial Service Provider
8216,2019,2,557,1.0,13071.0,13154.5,13218.7,13302.2,13370.2,13433.2,13186.6,13464.75,Financial Service Provider
8217,2019,2,563,2.0,13071.0,13142.3049,13197.8071,13250.2845,13312.7798,13372.2872,13171.1272,13408.2075,Non-Financial Service Provider
8218,2019,2,568,2.0,13071.0,13174.7989,13245.5837,13321.911,13400.0271,13474.1227,13203.3234,13512.2846,Non-Financial Service Provider
8219,2019,2,569,1.0,,,,,,,,,Financial Service Provider
8220,2019,2,570,2.0,,,,,,,,,Non-Financial Service Provider
8221,2019,2,572,1.0,13071.0,13155.9615,13225.0303,13287.8492,13337.6786,13371.0228,13184.9603,13387.7783,Financial Service Provider
8222,2019,2,574,2.0,13071.0,13167.9986,13254.4927,13329.7909,13394.1636,13454.9629,13205.8122,13472.3343,Non-Financial Service Provider
8223,2019,2,576,2.0,13071.0,13134.4154,13350.3703,13404.501,13406.7117,13405.9048,13240.0709,13511.5225,Non-Financial Service Provider
8224,2019,2,577,2.0,,,,,,,,,Non-Financial Service Provider
8225,2019,2,578,2.0,13071.0,13171.1435,13252.7025,13331.5129,13397.6763,13470.7633,13206.5897,13502.7153,Non-Financial Service Provider
8226,2019,2,579,1.0,13071.0,13157.219,13240.7647,13321.8244,13392.7599,13462.5249,13197.702,13491.5298,Financial Service Provider
8227,2019,2,580,1.0,13071.0,13154.6129,13214.0507,13277.1296,13348.1601,13429.615,13166.2821,13459.6975,Financial Service Provider
8228,2019,2,583,2.0,13071.0,13155.1455,13243.0575,13325.0618,13401.0288,13470.8368,13198.5662,13507.7665,Non-Financial Service Provider
8229,2019,2,584,2.0,13071.0,13177.7238,13297.3866,13414.3293,13529.2069,13642.7038,13240.1099,13696.6501,Non-Financial Service Provider
8230,2019,2,585,1.0,13071.0,13151.9358,13217.208,13282.8041,13365.0545,13431.3843,13180.7362,13464.8789,Financial Service Provider
8231,2019,2,586,2.0,13071.0,13143.53,13203.32,13261.09,13324.57,13386.28,13169.7,13417.6,Non-Financial Service Provider
8232,2019,2,587,2.0,13071.0,13142.3019,13213.9958,13286.0807,13376.4954,13467.5254,13178.3438,13513.6609,Non-Financial Service Provider
8233,2019,2,588,2.0,13071.0,13164.7513,13243.0387,13318.5381,13394.4679,13470.8305,13199.332,13506.1215,Non-Financial Service Provider
8234,2019,3,411,2.0,13241.1,13324.8,13419.7,13515.4,13611.8,13709.3,13272.2,13661.3,Non-Financial Service Provider
8235,2019,3,421,2.0,13241.1,13303.552,13336.6869,13393.01,13406.383,13372.7406,13242.3258,13374.7491,Non-Financial Service Provider
8236,2019,3,422,1.0,13241.1,13315.9897,13395.5257,13477.9457,13561.8227,13649.2572,13263.9789,13555.1913,Financial Service Provider
8237,2019,3,424,1.0,13241.1,13316.5883,13392.507,13465.5658,13539.0231,13612.8812,13263.3738,13576.1531,Financial Service Provider
8238,2019,3,426,2.0,13241.1,13279.217,13344.5837,13386.2624,13454.8273,13531.3882,13242.3258,13493.93,Non-Financial Service Provider
8239,2019,3,428,2.0,13241.1,13305.49,13360.12,13408.4,13451.39,13475.01,13252.5,13457.33,Non-Financial Service Provider
8240,2019,3,433,2.0,13241.1,13319.84,13389.88,13449.072,13529.048,13598.86,13263.53,13562.173,Non-Financial Service Provider
8241,2019,3,456,1.0,13241.1,13338.9667,13411.7334,13498.0723,13591.5826,13679.0794,13273.775,13631.0294,Financial Service Provider
8242,2019,3,484,2.0,13241.1,13316.5883,13405.5793,13475.411,13548.9221,13629.494,13268.215,13599.9204,Non-Financial Service Provider
8243,2019,3,504,1.0,13241.1,13336.2062,13419.4842,13501.2055,13599.7507,13697.3639,13275.0226,13648.2857,Financial Service Provider
8244,2019,3,508,2.0,13241.1,13260.8442,13253.4759,13280.017,13400.7639,13454.2303,13214.723,13405.8369,Non-Financial Service Provider
8245,2019,3,510,2.0,13241.1,13296.3,13360.8,13423.1,13492.3,13574.6,13250.4,13540.7,Non-Financial Service Provider
8246,2019,3,518,2.0,13241.1,13321.9519,13389.462,13453.4221,13528.3022,13603.3823,13280.9339,13586.7944,Non-Financial Service Provider
8247,2019,3,527,2.0,13241.1,13306.8147,13372.8555,13439.2241,13499.2966,13559.6376,13268.215,13533.5793,Non-Financial Service Provider
8248,2019,3,528,1.0,13241.1,13315.8249,13374.7092,13458.5131,13538.8684,13615.6174,13258.7847,13575.9935,Financial Service Provider
8249,2019,3,535,1.0,13241.1,13326.3405,13412.1297,13478.6932,13575.3687,13652.7627,13268.215,13599.9204,Financial Service Provider
8250,2019,3,546,1.0,13241.1,13326.3405,13405.5888,13478.719,13545.6129,13599.4733,13268.215,13599.9204,Financial Service Provider
8251,2019,3,549,2.0,13241.1,13303.552,13369.5766,13422.737,13469.4719,13523.0296,13255.2704,13493.8653,Non-Financial Service Provider
8252,2019,3,555,1.0,13241.1,13322.5,13389.4,13454.7,13523.1,13588.0,13264.1,13554.3,Financial Service Provider
8253,2019,3,557,1.0,13241.1,13300.0229,13359.607,13435.0888,13506.6978,13581.1197,13251.0075,13542.9489,Financial Service Provider
8254,2019,3,563,2.0,13241.1,13303.552,13379.3964,13475.3596,13548.8704,13632.7683,13255.2704,13666.1838,Non-Financial Service Provider
8255,2019,3,568,2.0,13241.1,13372.3553,13439.7848,13520.532,13596.6458,13671.8674,13289.135,,Non-Financial Service Provider
8256,2019,3,570,2.0,,,,,,,,,Non-Financial Service Provider
8257,2019,3,572,1.0,13241.1,13310.6158,13370.5136,13420.653,13454.2046,13487.8401,13256.3823,13471.0644,Financial Service Provider
8258,2019,3,574,2.0,13241.1,13346.1,13427.675,13508.0104,13589.1797,13651.1996,13279.5521,13612.7161,Non-Financial Service Provider
8259,2019,3,576,2.0,13241.1,13361.194,13426.0798,13480.0021,13560.6057,13630.0078,13282.9185,13591.0634,Non-Financial Service Provider
8260,2019,3,577,2.0,,,,,,,,,Non-Financial Service Provider
8261,2019,3,578,2.0,13241.1,13323.0922,13399.0479,13465.5465,13539.0037,13606.1969,13266.635,13571.1176,Non-Financial Service Provider
8262,2019,3,579,1.0,13241.1,13322.8479,13394.3634,13459.3724,13524.5016,13583.9538,13265.4,13541.826,Financial Service Provider
8263,2019,3,583,2.0,13241.1,13326.3234,13408.8433,13491.8741,13572.1069,13656.1487,13269.8917,13614.372,Non-Financial Service Provider
8264,2019,3,584,2.0,13241.1,13330.8264,13436.0129,13542.5813,13650.3783,13757.7624,13277.8098,13703.7424,Non-Financial Service Provider
8265,2019,3,585,1.0,13241.1,13290.4602,13356.4198,13389.6864,13456.1385,13522.9204,13247.82,13489.6947,Financial Service Provider
8266,2019,3,586,2.0,13241.1,13306.45,13384.31,13474.94,13547.7,13622.11,13258.79,13585.83,Non-Financial Service Provider
8267,2019,3,587,2.0,13241.083,13313.3157,13385.9425,13477.0368,13568.751,13661.0893,13260.9146,13615.2332,Non-Financial Service Provider
8268,2019,3,588,1.0,13241.1,13323.0922,13395.7723,13468.8489,13542.3241,13612.8682,13265.8593,13576.9908,Financial Service Provider
8269,2019,4,411,2.0,13343.7,13432.6,13521.6,13607.9,13691.6,13775.4,13282.4,13649.1,Non-Financial Service Provider
8270,2019,4,421,2.0,13343.7,13423.7622,13490.881,13517.8628,13494.2065,13484.0859,13280.1906,13496.759,Non-Financial Service Provider
8271,2019,4,422,1.0,13343.7,13414.5843,13498.9602,13580.4658,13666.4652,13753.8927,13277.8961,13624.946,Financial Service Provider
8272,2019,4,423,2.0,13343.7,13430.6133,13497.8383,13563.5571,13632.3659,13703.0311,13281.9497,13599.2125,Non-Financial Service Provider
8273,2019,4,424,1.0,13343.7,13419.7733,13492.9808,13566.5877,13640.5961,13715.0083,13279.1933,13603.7932,Financial Service Provider
8274,2019,4,426,2.0,13343.7,13403.6382,13458.1383,13510.9385,13596.8794,13643.3877,13275.206,13552.3497,Non-Financial Service Provider
8275,2019,4,428,2.0,13343.7,13403.7354,13454.2319,13497.6759,13525.0278,13541.6599,13275.234,13504.6489,Non-Financial Service Provider
8276,2019,4,433,2.0,13343.7,13400.052,13459.288,13532.052,13601.876,13674.74,13274.263,13566.989,Non-Financial Service Provider
8277,2019,4,456,1.0,13343.7,13423.2287,13499.7553,13583.3491,13667.4606,13752.0929,13280.0572,13625.6645,Financial Service Provider
8278,2019,4,463,2.0,13343.7,13426.1039,13518.1292,13600.0588,13680.9584,13759.0394,13280.7807,13639.5464,Non-Financial Service Provider
8279,2019,4,472,2.0,13343.7,13434.58,13500.88,13578.47,13674.92,13756.85,13282.9,13627.78,Non-Financial Service Provider
8280,2019,4,504,1.0,13343.7,13424.8298,13510.8086,13609.5392,13698.699,13797.8538,13280.4408,13654.2252,Financial Service Provider
8281,2019,4,507,3.0,13343.7,13414.9096,13482.8995,13551.0249,13614.0332,13682.3563,13277.9822,13582.5785,Unknown
8282,2019,4,508,2.0,13343.7,13375.5192,13400.2935,13471.6835,13535.1908,13541.9304,13268.1768,13487.2888,Non-Financial Service Provider
8283,2019,4,510,2.0,13343.7,13420.7,13483.5,13558.1,13641.0,13739.8,13279.4,13605.6,Non-Financial Service Provider
8284,2019,4,518,2.0,13343.7,13429.3526,13489.9528,13552.2929,13621.5031,13698.4233,13281.6351,13590.5574,Non-Financial Service Provider
8285,2019,4,528,1.0,13343.7,13412.562,13472.1511,13540.6837,13611.882,13681.9194,13277.3905,13576.659,Financial Service Provider
8286,2019,4,535,1.0,13343.7,13429.601,13499.5579,13596.383,13673.8968,13751.8525,13281.1596,13626.4697,Financial Service Provider
8287,2019,4,546,1.0,13343.7,13419.7733,13492.9808,13556.6208,13610.5249,13644.4244,13281.1596,13573.3451,Financial Service Provider
8288,2019,4,549,2.0,13343.7,13416.4925,13479.7718,13536.6992,13593.867,13641.1977,13281.1596,13573.3451,Non-Financial Service Provider
8289,2019,4,553,2.0,13343.7,13423.7622,13494.237,13561.7081,13626.1263,13694.2569,13280.1906,13594.0821,Non-Financial Service Provider
8290,2019,4,555,1.0,13343.7,13409.5,13475.1,13541.6,13604.6,13667.6,13276.6,13572.2,Financial Service Provider
8291,2019,4,557,1.0,13343.7,13421.3,13492.6,13559.0,13632.8,13702.5,13279.575,13596.725,Financial Service Provider
8292,2019,4,559,1.0,13343.7,13411.8955,13478.7881,13541.032,13608.9023,13678.118,13277.2239,13576.7101,Financial Service Provider
8293,2019,4,563,2.0,13343.7,13429.601,13539.0499,13629.5275,13723.9485,13819.0236,13281.1596,13679.5944,Non-Financial Service Provider
8294,2019,4,568,2.0,13343.7,13413.5943,13480.8709,13547.9064,13622.1393,13695.4589,13277.6486,13586.5939,Non-Financial Service Provider
8295,2019,4,569,1.0,,,,,,,,,Financial Service Provider
8296,2019,4,570,2.0,,,,,,,,,Non-Financial Service Provider
8297,2019,4,572,1.0,13343.7,13420.4263,13477.4631,13521.2648,13561.8286,13602.5141,13279.3566,13540.7677,Financial Service Provider
8298,2019,4,574,2.0,13343.7,13424.5917,13504.1563,13584.362,13642.9441,13692.7718,13280.3979,13606.0586,Non-Financial Service Provider
8299,2019,4,576,2.0,13343.7,13419.5206,13444.9971,13533.5855,13627.7827,13667.9149,13279.1349,13568.5701,Non-Financial Service Provider
8300,2019,4,577,2.0,,,,,,,,,Non-Financial Service Provider
8301,2019,4,578,2.0,13343.7,13419.7733,13486.3747,13559.9455,13627.2426,13694.8737,13279.1933,13592.1091,Non-Financial Service Provider
8302,2019,4,579,1.0,13343.7,13398.7061,13472.6567,13541.4881,13601.0069,13668.5077,13273.9778,13570.9673,Financial Service Provider
8303,2019,4,583,2.0,13343.7,13432.8721,13516.0518,13603.0623,13680.6142,13761.9693,13282.4723,13640.4244,Non-Financial Service Provider
8304,2019,4,584,2.0,13343.7,13418.2064,13495.9681,13588.3154,13694.4653,13806.2397,13278.8016,13646.2471,Non-Financial Service Provider
8305,2019,4,586,2.0,13343.7,13430.34,13532.7,13618.02,13699.74,13783.21,13281.84,13658.42,Non-Financial Service Provider
8306,2019,4,587,2.0,13343.662,13416.4543,13499.5323,13591.3996,13683.892,13777.0139,13278.3683,13637.9594,Non-Financial Service Provider
8307,2019,4,588,1.0,13343.7,13419.7733,13499.5772,13579.8557,13650.5953,13721.7034,13279.2403,13612.9472,Financial Service Provider
8308,2020,1,411,2.0,13411.9,13503.7,13588.3,13672.9,13755.7,13837.7,13630.2,13952.9,Non-Financial Service Provider
8309,2020,1,421,2.0,13411.9,13478.9595,13542.9846,13620.8567,13688.961,13764.2503,13582.9404,13889.5096,Non-Financial Service Provider
8310,2020,1,422,2.0,13411.9,13485.3269,13565.1434,13641.3443,13717.4144,13793.4587,13602.3073,13793.4587,Non-Financial Service Provider
8311,2020,1,423,2.0,13411.9,13508.0,13600.4,13683.6,13773.5,,13641.4,13998.8,Non-Financial Service Provider
8312,2020,1,426,2.0,13411.9,13486.2618,13553.9616,13634.1784,13686.5209,13733.3592,13590.2651,13834.8899,Non-Financial Service Provider
8313,2020,1,428,2.0,13411.938,13459.8339,13518.7661,13565.3218,13600.5287,13640.1297,13536.1126,13728.4693,Non-Financial Service Provider
8314,2020,1,429,2.0,13411.9,13473.1479,13560.1811,13647.3241,13729.5915,13804.9038,13602.5954,13919.5373,Non-Financial Service Provider
8315,2020,1,433,2.0,13411.9,13478.792,13540.372,13604.236,13675.104,13747.012,13574.626,13849.687,Non-Financial Service Provider
8316,2020,1,463,2.0,13411.9,13488.562,13585.0759,13670.8558,13752.8836,13831.6719,13624.3443,13952.8417,Non-Financial Service Provider
8317,2020,1,484,2.0,13411.9,13481.7647,13555.3104,13635.9203,13720.3573,13791.8288,13598.3104,13911.0715,Non-Financial Service Provider
8318,2020,1,504,1.0,13411.9,13501.055,13600.5352,13684.3879,13783.0365,13883.7243,13642.2536,,Financial Service Provider
8319,2020,1,507,3.0,13411.9,13481.0766,13554.0219,13623.0081,13693.0534,13745.8679,13587.79,13859.6617,Unknown
8320,2020,1,508,2.0,13411.9,13465.6232,13520.7886,13585.0558,13650.3757,13749.1865,13569.3761,13901.423,Non-Financial Service Provider
8321,2020,1,510,2.0,13411.9,13474.4,13548.7,13631.6,13730.3,13800.7,13596.2,13932.7,Non-Financial Service Provider
8322,2020,1,518,2.0,13411.9,13482.9818,13552.1116,13619.8714,13691.2412,13764.121,13586.5859,13868.9683,Non-Financial Service Provider
8323,2020,1,528,1.0,13411.9,13467.8952,13545.7237,13612.5192,13688.7183,13770.1154,13578.7141,13897.8849,Financial Service Provider
8324,2020,1,535,1.0,13411.9,13485.0646,13581.7857,13659.2163,13737.0883,13808.647,13611.59,13924.6566,Financial Service Provider
8325,2020,1,546,1.0,13411.9,13485.0646,13548.6672,13602.5397,13646.5341,13680.5232,13571.7512,13721.0405,Financial Service Provider
8326,2020,1,549,2.0,13411.9,13475.1576,13532.0655,13585.872,13636.5349,13687.3868,13558.4716,13721.1733,Non-Financial Service Provider
8327,2020,1,553,2.0,13411.9,13489.0184,13559.8358,13627.635,13699.18,13771.1007,13593.9173,13865.7956,Non-Financial Service Provider
8328,2020,1,555,1.0,13411.9,13495.7,13562.3,13625.9,13689.4,13749.0,13593.3,13858.7,Financial Service Provider
8329,2020,1,557,1.0,13411.9,13489.6,13545.4,13602.8,13659.6,13727.8,13574.35,13841.125,Financial Service Provider
8330,2020,1,563,2.0,13411.9,13511.377,13595.0428,13672.549,13760.567,13842.3975,13638.1492,13965.4648,Non-Financial Service Provider
8331,2020,1,568,2.0,13411.9,13467.9085,13542.5268,13613.4799,13686.6369,13761.2484,13577.638,13874.2737,Non-Financial Service Provider
8332,2020,1,569,1.0,,,,,,,,,Financial Service Provider
8333,2020,1,570,2.0,,,,,,,,,Non-Financial Service Provider
8334,2020,1,572,1.0,13411.9,13472.2536,13522.7745,13570.1042,13617.5996,13668.6656,13545.683,13750.9029,Financial Service Provider
8335,2020,1,574,2.0,13411.9,13488.3392,13564.5947,13618.2334,13654.5115,13680.1549,13581.4197,13684.1848,Non-Financial Service Provider
8336,2020,1,576,2.0,13411.9,13538.3,13586.8,13681.0,13761.6,13829.2,13641.9,13947.2,Non-Financial Service Provider
8337,2020,1,577,2.0,,,,,,,,,Non-Financial Service Provider
8338,2020,1,578,2.0,13411.9,13471.8504,13538.7103,13612.5666,13683.4766,13758.1227,13576.651,13875.369,Non-Financial Service Provider
8339,2020,1,579,1.0,13411.9,13487.9243,13554.5303,13615.1236,13682.6946,13753.8488,13585.0938,13866.4777,Financial Service Provider
8340,2020,1,584,2.0,13411.9,13495.438,13600.1574,13714.3164,13830.7603,13949.1722,13660.168,14120.9899,Non-Financial Service Provider
8341,2020,1,585,1.0,13411.9,13445.3428,13478.8309,13529.0946,13596.2386,13680.4299,13512.3767,13791.0813,Financial Service Provider
8342,2020,1,586,2.0,13411.9,13509.8,13589.6,13661.3,13740.3,13815.9,13625.2,13925.5,Non-Financial Service Provider
8343,2020,1,587,2.0,13411.938,13488.4003,13588.4447,13677.5871,13770.6661,13864.3785,13631.2746,14006.5468,Non-Financial Service Provider
8344,2020,1,588,1.0,13411.9,13494.9498,13575.2008,13645.9161,13716.9998,13788.4538,13608.3011,13894.0347,Financial Service Provider
8345,2020,2,411,2.0,13153.0,11449.4,11843.5,12281.7,12504.3,12726.7,12181.9,12808.9,Non-Financial Service Provider
8346,2020,2,421,2.0,13153.0,12367.1083,12305.2727,12339.1122,12524.1989,12633.7856,12541.1233,12656.2253,Non-Financial Service Provider
8347,2020,2,422,2.0,13153.0,11194.474,11697.906,11880.4738,11986.4144,12142.4621,11981.4634,12064.4383,Non-Financial Service Provider
8348,2020,2,424,1.0,13153.0,12321.0438,12895.6374,13084.866,13149.8053,13215.0669,12863.6368,13248.022,Financial Service Provider
8349,2020,2,426,2.0,13153.0,12430.4099,12199.7,12247.0,12321.2527,12391.1315,12507.5538,12438.8901,Non-Financial Service Provider
8350,2020,2,428,2.0,13153.0,12347.0567,12761.5986,12776.9415,12805.0723,12870.1615,12759.6492,12965.637,Non-Financial Service Provider
8351,2020,2,429,2.0,13153.0,11889.1465,12576.832,12770.4512,13003.5557,13216.2568,12597.3837,13251.3377,Non-Financial Service Provider
8352,2020,2,433,2.0,13153.0,11132.36,11359.112,11943.212,12580.656,13117.7,11896.921,13195.508,Non-Financial Service Provider
8353,2020,2,463,2.0,13153.0,11718.9411,12595.6748,12931.6663,13216.7343,13456.0494,12599.8206,13523.1234,Non-Financial Service Provider
8354,2020,2,472,2.0,,,,,,,12564.83,12803.44,Non-Financial Service Provider
8355,2020,2,484,2.0,13153.0,12030.9336,12030.2418,12104.736,12167.7914,12320.049,12329.7278,12399.5316,Non-Financial Service Provider
8356,2020,2,504,1.0,13153.0,11797.1268,12765.2614,12989.7567,13031.4274,13118.0361,12676.2862,13162.8423,Financial Service Provider
8357,2020,2,508,2.0,13153.0,12410.9184,12656.5665,13033.7839,13086.5163,13275.5277,12813.594,13290.3567,Non-Financial Service Provider
8358,2020,2,510,2.0,13153.0,12879.3,12963.7,13086.5,13168.2,13236.5,13020.6,13290.9,Non-Financial Service Provider
8359,2020,2,518,2.0,13153.0,11658.3463,11879.3059,12060.7186,12222.2595,12379.5822,12395.2834,12633.8464,Non-Financial Service Provider
8360,2020,2,524,2.0,13153.0,12367.003,12383.5517,12584.0377,12737.6191,12841.2991,12621.7598,12889.8967,Non-Financial Service Provider
8361,2020,2,527,2.0,13153.0,11741.3559,12422.4146,12687.1257,12918.5973,13039.6129,12483.294,13082.4921,Non-Financial Service Provider
8362,2020,2,528,1.0,13153.0,11507.8563,12187.3547,12752.4212,12912.5716,13065.0411,12400.2047,13131.9986,Financial Service Provider
8363,2020,2,535,1.0,13153.0,11868.7014,12574.6481,12759.1665,12884.8878,12996.1803,12589.5348,13042.7581,Financial Service Provider
8364,2020,2,546,1.0,13153.0,11327.0154,11269.9506,11680.8236,12101.4269,12393.237,11859.1293,12416.5084,Financial Service Provider
8365,2020,2,548,2.0,13153.0,12014.65,12299.44,12672.66,13009.67,13399.93,12534.9375,13471.19,Non-Financial Service Provider
8366,2020,2,549,2.0,13153.0,11926.4583,12549.7222,12802.3951,12872.2347,12945.6201,12602.8149,12980.8993,Non-Financial Service Provider
8367,2020,2,553,2.0,13153.0,12002.1125,12302.1653,12701.9857,12956.0254,13085.5857,12539.8159,13016.3289,Non-Financial Service Provider
8368,2020,2,555,1.0,13153.0,12028.8,12573.5,12757.0,12841.7,12920.2,12628.1,12965.5,Financial Service Provider
8369,2020,2,557,1.0,13153.0,11419.2,12415.9,12856.5,12963.0,13024.8,12461.15,13053.675,Financial Service Provider
8370,2020,2,559,1.0,13153.0,11647.7918,11942.1953,12154.4161,12288.9046,12418.932,12224.3508,12482.2918,Financial Service Provider
8371,2020,2,560,2.0,13153.0,12705.8397,13120.3991,13198.525,13271.9814,13352.9389,13044.44,13506.4126,Non-Financial Service Provider
8372,2020,2,563,2.0,13153.0,11764.4008,10984.3209,10272.7938,9860.8759,9553.4332,11606.8074,9552.4025,Non-Financial Service Provider
8373,2020,2,568,2.0,13153.0,12124.0581,12568.3247,12823.0956,12978.9679,13145.5048,12667.1196,13176.8784,Non-Financial Service Provider
8374,2020,2,569,1.0,,,,,,,,,Financial Service Provider
8375,2020,2,570,2.0,,,,,,,,,Non-Financial Service Provider
8376,2020,2,572,1.0,13153.0,11673.2875,11935.9365,12252.2388,12362.5089,12467.5903,12253.6157,12501.4468,Financial Service Provider
8377,2020,2,574,2.0,13153.0,12892.189,12826.9863,12892.189,12957.3918,13055.1959,12941.0911,13100.0228,Non-Financial Service Provider
8378,2020,2,576,2.0,13153.0,12489.892,12902.0836,12905.6368,12921.0019,12979.9465,12862.6531,13080.5802,Non-Financial Service Provider
8379,2020,2,577,2.0,,,,,,,,,Non-Financial Service Provider
8380,2020,2,578,2.0,13153.0,10959.4124,11259.5796,11692.8757,12026.9274,12331.359,11766.2169,12461.4564,Non-Financial Service Provider
8381,2020,2,579,1.0,13153.0,10409.4223,11535.441,11881.5889,11914.3056,12116.3502,11744.9073,12200.6997,Financial Service Provider
8382,2020,2,584,2.0,13153.0,11996.6256,11932.2724,12022.1806,12200.9149,12433.8686,12276.0197,12579.9142,Non-Financial Service Provider
8383,2020,2,585,1.0,13153.0,11142.3457,12346.4,12807.1533,12726.3471,12758.0443,12362.2248,12805.5529,Financial Service Provider
8384,2020,2,586,2.0,13153.0,11855.2382,12118.6879,12250.4128,12329.4477,12415.0689,12344.3347,12466.1123,Non-Financial Service Provider
8385,2020,2,587,2.0,13153.0,11327.0154,11729.7823,11929.8751,12104.9323,12253.4868,12034.9182,12299.6626,Non-Financial Service Provider
8386,2020,2,588,1.0,13153.0,11507.9833,11660.2907,11820.2145,12113.4886,12405.5895,12035.3973,12469.313,Financial Service Provider
8387,2020,3,411,2.0,11796.6,12599.7,12710.2,12784.5,12875.8,12967.8,12556.2,12921.9,Non-Financial Service Provider
8388,2020,3,421,2.0,11796.6,12333.3453,12444.3454,12631.0106,12697.3234,12760.81,12423.1727,12730.8322,Non-Financial Service Provider
8389,2020,3,422,2.0,11796.6,12240.5076,12276.1263,12416.7014,12509.6323,12664.5911,12357.9085,12530.3083,Non-Financial Service Provider
8390,2020,3,423,2.0,11796.6,12548.0,12098.6,12586.8,12480.2,12619.0,12390.4,12621.5,Non-Financial Service Provider
8391,2020,3,426,2.0,11796.6,12822.6624,12838.6608,12867.4508,12918.6146,12969.9819,12644.4865,12947.9542,Non-Financial Service Provider
8392,2020,3,433,2.0,11796.6,12630.068,12836.504,12969.216,13124.312,13270.856,12595.393,13193.219,Non-Financial Service Provider
8393,2020,3,456,1.0,11796.6,12542.2773,12771.1062,13090.9385,13363.7469,13482.4302,12557.0959,13376.5849,Financial Service Provider
8394,2020,3,484,2.0,11796.6,12135.603,12210.7496,12277.3617,12353.3861,12435.9403,12313.479,12399.6734,Non-Financial Service Provider
8395,2020,3,504,1.0,11796.6,13522.0731,14024.0722,14120.0271,14216.7651,14315.985,13115.2947,14258.7776,Financial Service Provider
8396,2020,3,507,3.0,11796.6,12539.7916,12765.1644,12919.8162,13049.3427,13174.5562,12555.0018,13112.4048,Unknown
8397,2020,3,508,2.0,11796.6,12443.0222,12841.1486,12844.6806,13058.0382,13303.2191,12549.8848,13169.4345,Non-Financial Service Provider
8398,2020,3,510,2.0,11796.6,12266.6,12418.4,12505.3,12582.4,12688.3,12400.0,12643.4,Non-Financial Service Provider
8399,2020,3,518,2.0,11796.6,12321.7751,12126.3182,12135.1507,12261.7826,12350.3979,12295.94,12291.8617,Non-Financial Service Provider
8400,2020,3,528,1.0,,,,,,,,,Financial Service Provider
8401,2020,3,535,1.0,11796.6,12651.6397,13018.1184,13209.1443,13371.25,13519.2028,12644.4865,13441.0891,Financial Service Provider
8402,2020,3,546,1.0,11796.6,12346.7361,12785.7623,13153.1911,13408.7122,13573.2671,12512.3141,13452.9002,Financial Service Provider
8403,2020,3,549,2.0,11796.6,12470.8904,12727.8456,12803.5348,12870.2304,12949.9261,12525.3238,12901.0835,Non-Financial Service Provider
8404,2020,3,555,1.0,11796.6,12591.1,12829.8,12954.0,13075.6,13193.7,12584.0,13132.2,Financial Service Provider
8405,2020,3,557,1.0,11796.6,12401.0,12781.1,13018.4,13112.1,13185.9,12524.275,13144.6,Financial Service Provider
8406,2020,3,559,1.0,11796.6,12410.5456,12484.348,12563.492,12670.4778,12839.6929,12452.4734,12767.345,Financial Service Provider
8407,2020,3,560,2.0,11796.6,12984.1392,13081.702,13168.0445,13264.3461,13526.6333,12745.2103,13424.7661,Non-Financial Service Provider
8408,2020,3,563,2.0,,,,,,,,,Non-Financial Service Provider
8409,2020,3,568,2.0,11796.6,12646.714,12777.077,12931.2321,13055.8581,13167.9498,12584.6978,13108.5734,Non-Financial Service Provider
8410,2020,3,569,1.0,,,,,,,,,Financial Service Provider
8411,2020,3,570,2.0,,,,,,,,,Non-Financial Service Provider
8412,2020,3,572,1.0,11796.6,12622.362,12780.1415,12888.7727,12988.6607,13073.087,12579.3759,13026.3286,Financial Service Provider
8413,2020,3,574,2.0,11796.6,12237.232,12457.5255,12611.731,12735.0953,12833.7868,12402.4521,12773.3383,Non-Financial Service Provider
8414,2020,3,576,2.0,11796.6,12237.232,12309.5025,12382.4957,12456.2188,12530.6792,12365.4,12493.8,Non-Financial Service Provider
8415,2020,3,577,2.0,,,,,,,,,Non-Financial Service Provider
8416,2020,3,579,1.0,11796.6,12635.1649,12708.0074,12763.9054,12810.7459,13123.0352,12564.5905,13045.5458,Financial Service Provider
8417,2020,3,584,2.0,11796.6,12386.5549,12522.3083,12644.99,12758.9832,12863.3806,12455.9658,12806.9878,Non-Financial Service Provider
8418,2020,3,585,1.0,11796.6,12467.18,12726.6333,12774.0921,12837.489,12901.2006,12527.2161,12869.5025,Financial Service Provider
8419,2020,3,586,2.0,11796.6,12246.9435,12448.8541,12536.612,12610.2693,12671.3287,12402.6994,12644.5605,Non-Financial Service Provider
8420,2020,3,587,2.0,11796.645,12242.5816,12451.422,12634.1322,12789.1813,12915.1983,12402.2637,12837.3758,Non-Financial Service Provider
8421,2020,3,588,1.0,11796.6,12618.0361,12766.8009,12886.3946,12987.0125,13077.3003,12575.0515,13030.238,Financial Service Provider
8422,2020,4,411,2.0,12917.3,13024.6,13075.0,13144.0,13212.1,13281.9,12730.2,13178.3,Non-Financial Service Provider
8423,2020,4,421,2.0,12917.3,13216.2748,13414.5189,13484.9451,13552.3698,13630.296,12778.07,13520.5324,Non-Financial Service Provider
8424,2020,4,422,2.0,12917.3,13111.8974,13191.1012,13373.6128,13454.3367,13604.3718,12751.9744,13405.8556,Non-Financial Service Provider
8425,2020,4,424,1.0,12917.3,13075.8241,13140.7186,13270.1994,13400.9561,13500.3519,12742.956,13328.0565,Financial Service Provider
8426,2020,4,426,2.0,12917.3,13132.8736,13285.7733,13413.073,13469.4686,13526.1881,12757.2764,13423.7115,Non-Financial Service Provider
8427,2020,4,429,2.0,12917.3,13050.8671,13157.737,13412.8898,13561.1835,13658.9753,12736.7744,13447.7824,Non-Financial Service Provider
8428,2020,4,433,2.0,12917.3,13032.02,13147.956,13268.24,13387.152,13504.624,12732.005,13326.993,Non-Financial Service Provider
8429,2020,4,456,1.0,12917.3,13028.8725,13109.5505,13364.2238,13576.2911,13742.9025,12731.2181,13448.242,Financial Service Provider
8430,2020,4,472,2.0,12917.3,13207.2,13359.3,13427.3,13459.4,13536.6,12775.8,13445.6,Non-Financial Service Provider
8431,2020,4,504,1.0,12917.3,13693.4932,14154.2235,14185.902,14134.6371,14226.4483,12897.3733,14175.3028,Financial Service Provider
8432,2020,4,507,3.0,12917.3,13067.8996,13175.2087,13294.4904,13409.279,13526.4651,12741.0,13351.3608,Unknown
8433,2020,4,508,2.0,12917.3,12989.9739,13109.9736,13179.9735,13249.9733,13319.9732,12721.5515,13215.0581,Non-Financial Service Provider
8434,2020,4,510,2.0,12917.3,13055.7,13152.2,13234.5,13348.7,13466.3,12737.9,13300.4,Non-Financial Service Provider
8435,2020,4,518,2.0,12917.3,13013.1085,13045.52,13094.2016,13191.3223,13369.0195,12723.9283,13169.2658,Non-Financial Service Provider
8436,2020,4,528,1.0,12917.3,13005.9845,13163.3781,13365.7153,13535.8192,13718.7457,12725.4961,13445.9146,Financial Service Provider
8437,2020,4,535,1.0,12917.3,13183.4532,13361.1025,13525.0731,13691.0559,13825.9595,12776.8895,13620.1642,Financial Service Provider
8438,2020,4,546,1.0,12917.3,13044.5794,13173.113,13270.8189,13369.2495,13452.0352,12735.1549,13316.2763,Financial Service Provider
8439,2020,4,548,2.0,12917.3,13225.01,13447.58,13589.55,13672.02,13754.31,12780.2525,13615.86,Non-Financial Service Provider
8440,2020,4,549,2.0,12917.3,13050.8463,13128.4564,13196.8445,13278.5626,13344.4632,12737.1686,13233.9182,Non-Financial Service Provider
8441,2020,4,553,2.0,12917.3,13098.1422,13229.1236,13334.9566,13441.6363,13518.9257,12748.5356,13381.1605,Non-Financial Service Provider
8442,2020,4,555,1.0,12917.3,13071.9,13183.4,13292.2,13393.9,13489.3,12742.0,13339.7,Financial Service Provider
8443,2020,4,557,1.0,12917.3,13100.0743,13167.0025,13246.1676,13337.1156,13429.3503,12749.0186,13294.909,Financial Service Provider
8444,2020,4,563,2.0,,,,,,,,,Non-Financial Service Provider
8445,2020,4,568,2.0,12917.3,13207.1492,13320.5826,13416.4731,13531.8814,13646.3666,12775.7873,13478.8259,Non-Financial Service Provider
8446,2020,4,569,1.0,,,,,,,,,Financial Service Provider
8447,2020,4,570,2.0,,,,,,,,,Non-Financial Service Provider
8448,2020,4,572,1.0,12917.3,13046.473,13111.7054,13213.3211,13305.8143,13395.6286,12735.6183,13256.6173,Financial Service Provider
8449,2020,4,574,2.0,12917.3,13017.85,13098.29,13162.642,13220.5588,13278.4756,12728.4458,13189.9916,Non-Financial Service Provider
8450,2020,4,577,2.0,,,,,,,,,Non-Financial Service Provider
8451,2020,4,578,2.0,12917.3,12952.1767,13020.1433,13159.7192,13308.9504,13441.8403,12712.0442,13232.6633,Non-Financial Service Provider
8452,2020,4,579,1.0,12917.3,13038.5953,13224.7209,13481.7288,13703.9235,13885.775,12733.6969,13574.0883,Financial Service Provider
8453,2020,4,586,2.0,12917.3,13073.2376,13174.6758,13284.0237,13366.6606,13434.4057,12742.3094,13314.9414,Non-Financial Service Provider
8454,2020,4,587,2.0,12917.326,13106.8729,13267.7235,13430.5481,13562.8847,13663.4816,12750.7137,13481.1595,Non-Financial Service Provider
8455,2020,4,588,1.0,12917.3,13088.2595,13120.8582,13195.661,13277.3718,13366.1007,12746.123,13240.0828,Financial Service Provider
8456,2020,4,589,2.0,12917.3,13020.5508,13120.083,13220.7881,13335.2109,13450.3516,12729.1393,13281.6084,Non-Financial Service Provider
8457,2020,4,590,1.0,12917.3,12980.1348,13070.057,13170.1933,13303.1605,13450.3598,12719.0337,13248.4426,Financial Service Provider
8458,2020,4,591,2.0,12917.3,13122.3018,13193.8866,13330.2924,13477.792,13567.8602,12754.571,13392.4578,Non-Financial Service Provider
8459,2021,1,411,2.0,13004.7,13240.8,13359.4,13584.0,13777.5,13919.7,13490.4,14076.9,Non-Financial Service Provider
8460,2021,1,421,2.0,13004.7,13134.747,13203.7044,13269.7229,13346.0239,13419.427,13238.5496,13525.4793,Non-Financial Service Provider
8461,2021,1,422,2.0,13004.7,13092.5199,13233.5421,13428.6961,13626.7133,13797.7732,13345.3678,13797.7732,Non-Financial Service Provider
8462,2021,1,424,1.0,13004.7,13164.2967,13481.7365,13806.8309,14075.0499,,13632.0,,Financial Service Provider
8463,2021,1,426,2.0,13004.7,13078.2605,13234.7251,13345.0856,13517.0225,13646.4716,13468.0879,14027.6667,Non-Financial Service Provider
8464,2021,1,429,2.0,13004.7,13089.7322,13299.7276,13468.901,13575.3391,13649.718,13358.4343,13776.1726,Non-Financial Service Provider
8465,2021,1,433,2.0,13004.7,13062.832,13383.9,13731.488,13913.224,13952.052,13522.861,14077.46,Non-Financial Service Provider
8466,2021,1,456,1.0,13004.7,13131.2175,13523.6252,13881.0996,14117.8907,14205.3122,13663.4583,14333.2526,Financial Service Provider
8467,2021,1,463,2.0,13004.7,12964.9566,13154.8883,13347.838,13533.237,13701.8316,13250.23,13887.7364,Non-Financial Service Provider
8468,2021,1,484,2.0,13004.7,13097.9757,13179.0816,13267.1537,13362.3118,13435.2059,13223.353,13567.1602,Non-Financial Service Provider
8469,2021,1,504,1.0,13004.7,13086.3958,13213.5447,13466.0242,13664.7185,13864.2209,13357.6708,14191.0865,Financial Service Provider
8470,2021,1,507,3.0,13004.7,13008.0239,13167.3227,13327.4013,13467.1497,13572.479,13242.4744,13719.0491,Unknown
8471,2021,1,508,2.0,13004.7,13134.5033,13342.1092,13551.9064,13611.7421,13840.8302,13410.0757,13956.7058,Non-Financial Service Provider
8472,2021,1,510,2.0,13004.7,13080.9,13274.4,13500.5,13636.3,13726.7,13373.0,13891.6,Non-Financial Service Provider
8473,2021,1,518,2.0,13004.7,13075.6432,13236.1106,13289.8924,13377.0431,13518.7873,13248.807,13752.2617,Non-Financial Service Provider
8474,2021,1,524,2.0,13004.7,13067.8727,13208.9189,13384.0544,13535.171,13654.6843,13299.0043,13816.6725,Non-Financial Service Provider
8475,2021,1,528,1.0,13004.7,13075.1855,13471.8996,13685.6756,13922.384,14025.6473,13538.7862,14169.4484,Financial Service Provider
8476,2021,1,535,1.0,13004.7,13053.1957,13422.3111,13714.6246,13849.7604,13952.485,13516.074,14097.2652,Financial Service Provider
8477,2021,1,546,1.0,13004.7,13020.9255,13211.9925,13374.1332,13522.1179,13655.3568,13286.988,13805.1805,Financial Service Provider
8478,2021,1,549,2.0,13004.7,13078.8406,13264.4933,13474.978,13604.4802,13678.6953,13350.623,13791.1936,Non-Financial Service Provider
8479,2021,1,553,2.0,13004.7,13076.2259,13403.1315,13617.5816,13838.8673,13966.8768,13483.9516,13996.3417,Non-Financial Service Provider
8480,2021,1,555,1.0,13004.7,13034.3,13266.4,13613.3,13913.7,14105.6,13456.9,14253.5,Financial Service Provider
8481,2021,1,557,1.0,13004.7,13184.8,13490.8,13637.0,13780.6,13883.4,13523.3,14011.625,Financial Service Provider
8482,2021,1,563,2.0,,,,,,,,,Non-Financial Service Provider
8483,2021,1,568,2.0,13004.7,12992.0742,,,,,13281.5656,13797.4868,Non-Financial Service Provider
8484,2021,1,570,2.0,,,,,,,,,Non-Financial Service Provider
8485,2021,1,572,1.0,13004.7,13085.9794,13226.6537,13451.5068,13649.9165,13820.5405,13353.5141,14018.6987,Financial Service Provider
8486,2021,1,574,2.0,13004.7,13084.74,13234.74,13404.74,13532.74,13644.74,13314.24,13797.865,Non-Financial Service Provider
8487,2021,1,576,2.0,13004.7,13188.0319,13334.3016,13500.6883,13599.7801,13672.8798,13405.7005,13921.3298,Non-Financial Service Provider
8488,2021,1,577,2.0,,,,,,,,,Non-Financial Service Provider
8489,2021,1,578,2.0,13004.7,13113.0374,13303.5688,13548.5967,13764.5393,13922.9475,13432.4355,13727.9491,Non-Financial Service Provider
8490,2021,1,579,1.0,13004.7,13026.1975,13255.4734,13480.9888,13653.5642,13871.2649,13354.0297,14111.623,Financial Service Provider
8491,2021,1,584,2.0,13004.7,13053.4676,13146.3698,13263.2689,13395.5134,13532.1174,13214.6549,13532.1174,Non-Financial Service Provider
8492,2021,1,585,1.0,13004.7,13129.2333,13531.8333,13755.5,13956.8,14060.3186,13593.3417,14187.0812,Financial Service Provider
8493,2021,1,586,2.0,13004.7,13211.108,13373.5374,13516.2749,13671.9776,13868.7857,13443.2245,13983.1432,Non-Financial Service Provider
8494,2021,1,587,2.0,13004.74,13117.0677,13371.8871,13535.99,13702.1069,13870.2623,13431.7629,14012.491,Non-Financial Service Provider
8495,2021,1,588,1.0,13004.7,13139.1499,13322.5088,13405.005,13491.3007,13571.53,13339.5015,13685.5144,Financial Service Provider
8496,2021,1,589,2.0,13004.7,13029.7,13155.8,13298.4,13441.5,13560.9,13231.35,13844.9,Non-Financial Service Provider
8497,2021,1,591,2.0,13004.7,12901.5947,13003.5915,13178.8172,13283.0057,13410.6629,13091.7523,13594.526,Non-Financial Service Provider
8498,2021,2,411,2.0,13333.8,13623.6,13835.8,14014.6,14161.1,14269.8,13702.0,14310.8,Non-Financial Service Provider
8499,2021,2,421,2.0,13333.8,13600.476,13777.2822,13915.055,14019.4179,14103.5344,13656.6533,14138.1393,Non-Financial Service Provider
8500,2021,2,422,2.0,13333.8,13518.834,13710.6789,13901.4081,14066.1994,14213.4155,13616.1802,14139.8075,Non-Financial Service Provider
8501,2021,2,423,2.0,,,,,,,,,Non-Financial Service Provider
8502,2021,2,424,1.0,13333.8,13639.7832,14093.9809,14266.9456,,,13833.6274,,Financial Service Provider
8503,2021,2,426,2.0,13333.8,13537.7035,13771.2498,13979.0902,14129.1017,14280.7229,13655.4867,14358.192,Non-Financial Service Provider
8504,2021,2,429,2.0,13333.8,13702.3086,13922.2835,14015.3564,14092.2948,14166.1284,13743.4629,14204.1708,Non-Financial Service Provider
8505,2021,2,433,2.0,13333.8,13843.8,14254.32,14379.88,14471.6,14656.9,13952.96,14661.91,Non-Financial Service Provider
8506,2021,2,456,1.0,13333.8,13735.7585,13970.0703,14208.3791,14382.7476,14489.4255,13812.002,14512.2862,Financial Service Provider
8507,2021,2,484,2.0,13333.8,13513.4753,13603.782,13698.0246,13782.8461,13868.1929,13540.0384,13919.1595,Non-Financial Service Provider
8508,2021,2,504,1.0,13333.8,13840.2141,14050.7586,14234.2636,14409.8595,14625.8557,13864.7591,14705.8251,Financial Service Provider
8509,2021,2,508,2.0,13333.8,13535.5238,13698.4426,13878.4787,14083.5089,14141.3691,13611.5867,14192.5086,Non-Financial Service Provider
8510,2021,2,510,2.0,13333.8,13494.5,13725.6,13861.5,13957.9,14070.5,13603.9,14113.9,Non-Financial Service Provider
8511,2021,2,518,2.0,13333.8,13844.8576,13883.0975,13995.8871,14118.7667,14228.8364,13764.4363,14269.0479,Non-Financial Service Provider
8512,2021,2,528,1.0,13333.8,13631.6461,13763.6108,13884.6066,13954.4264,14049.5537,13653.4159,14097.1516,Financial Service Provider
8513,2021,2,535,1.0,13333.8,13759.6441,14026.9465,14165.1597,14270.2237,14376.0669,13820.0016,14414.2617,Financial Service Provider
8514,2021,2,546,1.0,13333.8,13592.8297,13824.7033,14027.5649,14165.7842,14270.8528,13692.7456,14308.9192,Financial Service Provider
8515,2021,2,549,2.0,13333.8,13683.1732,13874.1239,14037.6979,14141.8165,14218.9629,13730.9224,14266.4284,Non-Financial Service Provider
8516,2021,2,553,2.0,13333.8,13667.145,13957.5718,14184.3824,14343.9567,14505.3262,13785.7248,14392.2967,Non-Financial Service Provider
8517,2021,2,555,1.0,13333.8,13744.4,14031.0,14286.0,14465.6,14565.0,13848.8,14604.7,Financial Service Provider
8518,2021,2,557,1.0,13333.8,13780.2061,13986.2667,14115.4829,14198.3631,14274.603,13803.9389,14310.8845,Financial Service Provider
8519,2021,2,563,2.0,,,,,,,,,Non-Financial Service Provider
8520,2021,2,568,2.0,13333.8,13651.637,13860.5688,14006.9861,14113.2875,14192.2464,13713.248,14233.7247,Non-Financial Service Provider
8521,2021,2,570,2.0,,,,,,,,,Non-Financial Service Provider
8522,2021,2,572,1.0,13333.8,13577.0699,13792.5147,14008.088,14173.2413,14312.8961,13677.8681,14363.0717,Financial Service Provider
8523,2021,2,574,2.0,13333.8,13583.8333,13758.8333,13893.8333,14013.8333,14123.8333,13642.5833,14168.8333,Non-Financial Service Provider
8524,2021,2,576,2.0,13333.8,13643.5274,13907.9681,14152.6101,14376.5929,14544.6161,13759.4871,14580.4084,Non-Financial Service Provider
8525,2021,2,577,2.0,,,,,,,,,Non-Financial Service Provider
8526,2021,2,578,2.0,13333.8,13697.2,13993.5,14231.3,14412.6,,13814.0,14618.3,Non-Financial Service Provider
8527,2021,2,579,1.0,13333.8,13586.5117,13761.6599,13889.165,14019.9024,14153.1467,13642.7573,14196.2517,Financial Service Provider
8528,2021,2,584,2.0,13333.8,13552.3746,13704.8389,13865.8707,14025.3282,14179.6068,13615.4711,14227.7318,Non-Financial Service Provider
8529,2021,2,586,2.0,13333.8,13183.4,13273.4,13296.6,13391.5,13425.9,13271.8,13459.3,Non-Financial Service Provider
8530,2021,2,587,2.0,13333.843,13592.8735,13759.6885,13928.5506,14099.485,14195.4351,13653.7389,14244.0642,Non-Financial Service Provider
8531,2021,2,588,1.0,13333.8,13627.3096,13731.7153,13803.2459,13881.9391,13961.0809,13624.0432,13998.5458,Financial Service Provider
8532,2021,2,589,2.0,13333.8,13499.17,13730.32,13874.87,14002.2,14112.97,13609.54,13635.4,Non-Financial Service Provider
8533,2021,2,590,1.0,13333.8,13664.6281,13891.2276,14091.7399,14230.5915,14332.6599,13745.3489,14378.2544,Financial Service Provider
8534,2021,3,411,2.0,13659.3,13724.9,13870.4,13959.3,14054.7,14139.6,13634.3,14093.3,Non-Financial Service Provider
8535,2021,3,421,2.0,13659.3,13836.8709,13975.2396,14080.0539,14164.5342,14235.3569,13688.5276,14199.2888,Non-Financial Service Provider
8536,2021,3,422,2.0,13659.3,13858.1622,14014.9123,14174.0292,14330.9333,14479.1961,13703.7686,,Non-Financial Service Provider
8537,2021,3,424,1.0,13659.3,13924.653,14112.2902,14216.962,14315.4526,14404.0974,13744.7358,14357.4508,Financial Service Provider
8538,2021,3,426,2.0,13659.3,13883.7491,14087.5654,14252.1993,14416.6897,14583.0784,13728.3426,14500.8624,Non-Financial Service Provider
8539,2021,3,428,2.0,13659.319,13790.1647,14011.9472,14150.7316,14240.506,14313.0333,13686.029,14273.5612,Non-Financial Service Provider
8540,2021,3,433,2.0,13659.3,13943.952,14091.492,14181.348,14363.004,14450.7,13744.361,14371.761,Non-Financial Service Provider
8541,2021,3,456,1.0,13659.3,13814.2777,13933.5978,14053.9485,14158.1876,14228.4537,13672.4689,14180.5257,Financial Service Provider
8542,2021,3,463,2.0,13659.3,13770.7044,13884.3275,13993.498,14106.0449,14228.3613,13649.259,14164.141,Non-Financial Service Provider
8543,2021,3,484,2.0,13659.3,13777.2815,13876.0985,13951.7954,14038.1883,14132.0015,13652.9219,14089.8154,Non-Financial Service Provider
8544,2021,3,504,1.0,13659.3,13788.4448,14134.9698,14277.6226,14484.2513,14645.8706,13716.4,14562.4,Financial Service Provider
8545,2021,3,508,2.0,13659.3,13702.4743,13807.2493,13895.6474,13976.7468,14044.3171,13612.945,14010.3515,Non-Financial Service Provider
8546,2021,3,510,2.0,13659.3,13775.8,13908.3,14001.3,14110.2,14206.6,13656.5,14155.1,Non-Financial Service Provider
8547,2021,3,518,2.0,13659.3,13602.6528,13618.8128,13715.7326,13905.3224,14075.9521,13540.8803,13981.4053,Non-Financial Service Provider
8548,2021,3,528,1.0,13659.3,13803.2432,13924.9627,14067.5124,14185.1898,14292.0803,13667.5515,14235.0339,Financial Service Provider
8549,2021,3,535,1.0,13659.3,13892.3075,14125.9874,14265.1765,14388.3912,14502.1423,13741.3312,14442.1391,Financial Service Provider
8550,2021,3,546,1.0,13659.3,13760.612,13855.9411,13951.9306,14041.7471,14128.6971,13640.292,14090.4216,Financial Service Provider
8551,2021,3,549,2.0,13659.3,13773.9524,13902.9806,13999.296,14096.2786,14187.0244,13652.9219,14130.7742,Non-Financial Service Provider
8552,2021,3,553,2.0,13659.3,13949.5601,14176.2405,14282.5623,14407.5347,14497.5818,13766.9502,14372.696,Non-Financial Service Provider
8553,2021,3,555,1.0,13659.3,13902.9,14058.5,14154.0,14258.9,14352.3,13725.9,14300.8,Financial Service Provider
8554,2021,3,557,1.0,13659.3,13786.3,13876.0,13965.4,14061.2,14153.9,13651.075,14108.875,Financial Service Provider
8555,2021,3,563,2.0,,,,,,,,,Non-Financial Service Provider
8556,2021,3,568,2.0,13659.3,13886.1009,14034.6701,14102.5139,14189.2751,14253.6659,13715.6928,14214.9767,Non-Financial Service Provider
8557,2021,3,570,2.0,,,,,,,,,Non-Financial Service Provider
8558,2021,3,572,1.0,13659.3,13760.612,13922.8476,14063.4137,14167.7231,14265.8725,13656.3649,14215.4278,Financial Service Provider
8559,2021,3,574,2.0,13659.3,13960.019,14160.019,14310.019,14435.019,14535.019,13765.5105,14476.269,Non-Financial Service Provider
8560,2021,3,576,2.0,13659.3,14024.3728,14276.0165,14440.8798,14591.2291,14670.3585,13810.5983,14633.4066,Non-Financial Service Provider
8561,2021,3,577,2.0,,,,,,,,,Non-Financial Service Provider
8562,2021,3,578,2.0,13659.3,13954.747,14209.7957,14385.8362,14525.7984,14652.4459,13776.6357,14581.0018,Non-Financial Service Provider
8563,2021,3,579,1.0,13659.3,13757.2708,13899.5013,14063.3744,14153.9083,14196.1496,13649.693,14161.5797,Financial Service Provider
8564,2021,3,584,2.0,13659.3,13789.0634,13930.4013,14066.2227,14203.3683,14324.097,13665.3662,14257.1992,Non-Financial Service Provider
8565,2021,3,586,2.0,13659.3,13816.5331,13938.7294,13987.7048,14046.9639,14108.8704,13674.3156,14078.8844,Non-Financial Service Provider
8566,2021,3,587,2.0,13659.319,13892.3268,14062.8167,14235.3989,14332.2739,14429.8082,13724.2869,14381.3718,Non-Financial Service Provider
8567,2021,3,588,1.0,13659.3,13853.1922,13966.0934,14049.1461,14132.6928,14220.2059,13690.3356,14177.5998,Financial Service Provider
8568,2021,3,589,2.0,13659.3,13578.648,13742.0145,13874.0784,13993.9148,14104.566,13565.6656,14045.4297,Non-Financial Service Provider
8569,2021,3,591,2.0,13659.3,13836.8152,14013.2889,14120.6517,14249.4936,14386.4393,13698.027,14323.8113,Non-Financial Service Provider
8570,2021,4,411,2.0,13719.3,13869.7,13969.3,14057.2,14141.3,14209.5,13634.3,14094.3,Non-Financial Service Provider
8571,2021,4,421,2.0,13719.3,13849.6334,13967.3552,14051.1594,14121.4152,14202.6133,13629.3083,14085.6358,Non-Financial Service Provider
8572,2021,4,422,2.0,13719.3,13883.1772,14080.806,14242.92,14379.6871,14498.9669,13637.6943,14300.595,Non-Financial Service Provider
8573,2021,4,424,1.0,13719.3,13887.6665,13990.6723,14087.5952,14174.829,14262.6031,13638.8166,14128.9249,Financial Service Provider
8574,2021,4,426,2.0,13719.3,13854.4464,14025.8481,14115.2913,14254.5497,14395.182,13630.5005,14197.6943,Non-Financial Service Provider
8575,2021,4,428,2.0,13719.274,13891.5049,14077.435,14179.4795,14276.7867,14354.0086,13639.7685,14221.9274,Non-Financial Service Provider
8576,2021,4,429,2.0,13719.3,13865.9936,13878.3359,13982.7819,14078.5184,14157.8555,13633.3865,14024.3495,Non-Financial Service Provider
8577,2021,4,433,2.0,13719.3,13881.048,14003.652,14195.716,14304.824,14369.628,13637.162,14218.455,Non-Financial Service Provider
8578,2021,4,456,1.0,13719.3,13837.6527,13957.1747,14060.6961,14130.4783,14200.6069,13626.3132,14087.239,Financial Service Provider
8579,2021,4,463,2.0,13719.3,13815.7961,13889.7515,13970.7725,14065.6915,14163.3665,13620.8413,14022.3955,Non-Financial Service Provider
8580,2021,4,484,2.0,13719.3,13817.7012,13893.0795,13979.1089,14072.5272,14173.4619,13615.0322,14023.4832,Non-Financial Service Provider
8581,2021,4,504,1.0,13719.3,13994.9494,14278.7449,14526.3996,14657.918,14749.3028,13665.629,14553.0913,Financial Service Provider
8582,2021,4,508,2.0,13719.3,13840.6855,13919.1486,14005.4445,14071.6753,14114.2418,13627.0606,14027.6046,Non-Financial Service Provider
8583,2021,4,510,2.0,13719.3,13827.2,13919.7,14027.9,14123.5,14218.3,13623.7,14072.3,Non-Financial Service Provider
8584,2021,4,518,2.0,13719.3,13830.5625,13939.0627,14070.523,14203.4832,14365.3935,13624.5298,14144.5924,Non-Financial Service Provider
8585,2021,4,524,2.0,13719.3,13793.292,13906.1903,13997.4323,14073.3471,14175.7769,13615.223,14038.1867,Non-Financial Service Provider
8586,2021,4,528,1.0,13719.3,13840.2794,13981.9622,14098.9239,14205.1643,14307.8091,13626.9698,14148.4649,Financial Service Provider
8587,2021,4,535,1.0,13719.3,13953.331,14090.8189,14212.5276,14324.8883,14431.137,13652.9219,14267.3034,Financial Service Provider
8588,2021,4,546,1.0,13719.3,13847.8162,13943.7494,14033.5133,14120.4123,14204.3827,13627.6621,14077.3749,Financial Service Provider
8589,2021,4,549,2.0,13719.3,13831.1099,13920.1487,14006.3457,14089.6378,14156.092,13627.6621,14050.1196,Non-Financial Service Provider
8590,2021,4,553,2.0,13719.3,13856.493,13967.3449,14079.0837,14167.078,14255.6222,13631.0233,14117.2822,Non-Financial Service Provider
8591,2021,4,555,1.0,13719.3,13848.0,13956.8,14043.2,14134.3,14227.6,13628.9,14090.5,Financial Service Provider
8592,2021,4,563,2.0,,,,,,,,,Non-Financial Service Provider
8593,2021,4,568,2.0,13719.3,13870.2075,14006.8429,14141.3172,14203.5384,14262.4355,13634.4519,14153.5335,Non-Financial Service Provider
8594,2021,4,570,2.0,,,,,,,,,Non-Financial Service Provider
8595,2021,4,572,1.0,13719.3,13847.8162,13960.6735,14064.2209,14161.6533,14259.7606,13628.8541,14111.5771,Financial Service Provider
8596,2021,4,574,2.0,13719.3,14019.3,14194.3,14344.3,14469.3,14569.3,13671.7213,14394.3,Non-Financial Service Provider
8597,2021,4,576,2.0,13719.3,14157.2631,14361.4418,14536.3183,14721.7456,14827.5701,13706.2158,14611.7689,Non-Financial Service Provider
8598,2021,4,577,2.0,,,,,,,,,Non-Financial Service Provider
8599,2021,4,579,1.0,13719.3,13847.8162,14004.3905,14087.671,14122.7283,14152.2633,13628.8541,14091.7633,Financial Service Provider
8600,2021,4,584,2.0,13719.3,13841.2875,13934.8271,14038.1031,14146.5359,14256.9176,13627.2219,14094.0959,Non-Financial Service Provider
8601,2021,4,587,2.0,13719.274,13887.6402,14058.0725,14165.7785,14267.382,14369.7143,13638.8023,14215.2368,Non-Financial Service Provider
8602,2021,4,588,1.0,13719.3,13854.4818,13933.4671,14019.7466,14103.1184,14186.986,13630.5097,14060.8065,Financial Service Provider
8603,2021,4,589,2.0,13719.3,13966.9258,14086.4815,14198.1445,14295.8574,14384.7744,13658.6315,14241.3145,Non-Financial Service Provider
8604,2021,4,591,2.0,13719.3,13843.4522,13949.5138,14076.7942,14212.0801,14362.4564,13627.7553,14150.2111,Non-Financial Service Provider
8605,2021,4,593,2.0,13719.3,13802.7542,13885.5707,13913.3418,13941.1685,13969.0508,13617.5885,13927.283,Non-Financial Service Provider
8606,2021,4,594,2.0,,,,,,,,,Non-Financial Service Provider
8607,2022,1,411,2.0,13842.7,13915.5,14039.7,14111.8,14198.7,14293.3,14066.4,14452.4,Non-Financial Service Provider
8608,2022,1,421,2.0,13842.7,13960.363,14044.1251,14142.434,14230.8242,14326.8823,14094.4366,14454.5171,Non-Financial Service Provider
8609,2022,1,422,2.0,13842.7,14008.1356,14198.9696,14350.4575,14463.0412,14567.4207,14255.151,14694.3955,Non-Financial Service Provider
8610,2022,1,424,1.0,13842.7,13825.3641,13961.591,14048.0446,14135.0336,,13992.5083,,Financial Service Provider
8611,2022,1,426,2.0,13842.7,13963.2047,14115.5299,14216.8979,14368.6808,14458.9613,14166.0764,14595.8027,Non-Financial Service Provider
8612,2022,1,428,2.0,13842.662,13971.0525,14123.1434,14224.9711,14303.95,14387.5669,14155.7793,14516.6385,Non-Financial Service Provider
8613,2022,1,429,2.0,13842.7,13956.67,14078.9409,14180.7205,14257.5839,14321.9992,14118.5013,14433.8227,Non-Financial Service Provider
8614,2022,1,433,2.0,13842.7,13842.7,14075.544,14202.26,14266.6,14344.432,14096.8,14462.7,Non-Financial Service Provider
8615,2022,1,456,1.0,13842.7,13894.3207,13980.3577,14049.7413,14119.4692,14189.5431,14010.9722,14295.5257,Financial Service Provider
8616,2022,1,463,2.0,13842.7,13823.9971,13933.121,14025.238,14115.3654,14196.8994,13974.4304,14327.3976,Non-Financial Service Provider
8617,2022,1,484,2.0,13842.7,13941.9863,14028.3185,14122.0657,14223.3557,14300.9469,14078.9918,14441.4799,Non-Financial Service Provider
8618,2022,1,504,1.0,13842.7,14099.1239,14425.6723,14687.4918,14792.764,14929.8619,14501.263,15112.6627,Financial Service Provider
8619,2022,1,508,2.0,13842.7,13895.9035,13986.1532,14065.9249,14134.0215,14214.1703,14020.5227,14316.5119,Non-Financial Service Provider
8620,2022,1,510,2.0,13842.7,13897.8,14006.1,14101.2,14195.8,14266.0,14050.2,14414.4,Non-Financial Service Provider
8621,2022,1,518,2.0,13842.7,13846.4351,13976.6843,14055.0011,14122.9494,14203.6567,14000.2701,14347.0013,Non-Financial Service Provider
8622,2022,1,528,1.0,13842.7,13840.4921,14002.1348,14119.505,14223.6619,14313.2026,14046.4485,14480.3755,Financial Service Provider
8623,2022,1,535,1.0,13842.7,13948.7559,14153.4378,14265.3314,14371.1383,14474.2148,14189.7669,14629.6497,Financial Service Provider
8624,2022,1,546,1.0,13842.7,13911.4004,14041.7161,14138.9926,14230.0133,14311.1395,14080.7197,14416.4425,Financial Service Provider
8625,2022,1,549,2.0,13842.7,13911.4004,13987.2898,14070.4687,14157.5965,14238.3098,14026.1961,14334.7724,Non-Financial Service Provider
8626,2022,1,553,2.0,13842.7,13911.9135,14051.0326,14170.4664,14276.7449,14369.5438,14102.5394,14441.0003,Non-Financial Service Provider
8627,2022,1,555,1.0,13842.7,13876.6,13963.2,14050.5,14142.0,14221.4,14008.1,14331.5,Financial Service Provider
8628,2022,1,563,2.0,,,,,,,,,Non-Financial Service Provider
8629,2022,1,568,2.0,13842.7,13947.9411,14063.0368,14124.1923,14182.3387,14245.5422,14079.3772,14338.9563,Non-Financial Service Provider
8630,2022,1,570,2.0,,,,,,,,,Non-Financial Service Provider
8631,2022,1,572,1.0,13842.7,13921.6181,14038.4723,14135.7263,14233.6541,14328.7735,14082.3677,14467.7183,Financial Service Provider
8632,2022,1,574,2.0,13842.7,14071.3583,14268.5313,14419.2641,14570.9801,14728.0584,14332.5334,14924.3178,Non-Financial Service Provider
8633,2022,1,576,2.0,13842.7,14077.0066,14311.5873,14544.2754,14678.3752,14715.7788,14402.8111,14919.0354,Non-Financial Service Provider
8634,2022,1,577,2.0,,,,,,,,,Non-Financial Service Provider
8635,2022,1,579,1.0,13842.7,13921.6181,14094.3336,14198.8723,14285.2758,14372.205,14125.0768,14455.9447,Financial Service Provider
8636,2022,1,584,2.0,13842.7,14039.9585,14161.7151,14271.4684,14374.9365,14471.9673,14212.0196,14471.9673,Non-Financial Service Provider
8637,2022,1,585,1.0,13842.7,13892.6128,13962.9315,14058.2277,14168.6994,14203.9891,14020.6178,14283.6387,Financial Service Provider
8638,2022,1,586,2.0,13842.7,13895.9,13967.1,14029.5,14098.8,14162.3,13997.8,14262.8,Non-Financial Service Provider
8639,2022,1,587,2.0,13842.662,14045.7871,14201.2036,14332.5076,14435.307,14538.8437,14253.7013,14687.9281,Non-Financial Service Provider
8640,2022,1,588,1.0,13842.7,13884.0425,14010.7255,14090.6015,14167.4685,14248.2381,14038.2315,14365.2757,Financial Service Provider
8641,2022,1,589,2.0,13842.7,13983.0752,14087.5635,14190.1025,14293.0273,14578.8879,14138.4421,14520.1803,Non-Financial Service Provider
8642,2022,1,594,2.0,,,,,,,,,Non-Financial Service Provider
8643,2022,2,411,2.0,13911.5,13984.1,14074.0,14130.4,14192.5,14266.0,14025.0,14301.3,Non-Financial Service Provider
8644,2022,2,422,2.0,13911.5,14053.02,14174.97,14278.77,14387.95,14457.7,14104.57,14475.1,Non-Financial Service Provider
8645,2022,2,424,1.0,13911.5,13997.6434,14067.1128,14119.5703,14200.0668,14281.0223,14023.9566,14321.9622,Financial Service Provider
8646,2022,2,428,2.0,13911.546,13991.555,14053.2883,14131.5595,14210.2104,14292.845,14021.9872,14342.277,Non-Financial Service Provider
8647,2022,2,429,2.0,13911.5,14035.2574,14173.0489,14253.1805,14299.0528,14348.8569,14093.3306,14370.5188,Non-Financial Service Provider
8648,2022,2,433,2.0,13911.5,14019.17,14120.79,14195.49,14261.84,14329.9,14061.74,14366.21,Non-Financial Service Provider
8649,2022,2,456,1.0,13911.5,13992.02,14078.66,14157.19,14227.45,14298.1,14034.84,14333.72,Financial Service Provider
8650,2022,2,463,2.0,13911.5,14013.5837,14091.4037,14174.9278,14255.1448,14334.5746,14047.8653,14370.1573,Non-Financial Service Provider
8651,2022,2,484,2.0,13911.5,13997.6434,14087.7542,14178.4451,14259.2773,14347.5743,14047.1688,14398.348,Non-Financial Service Provider
8652,2022,2,504,1.0,13911.5,14175.128,14443.299,14570.2358,14664.5309,14784.4263,14275.0407,14836.794,Financial Service Provider
8653,2022,2,508,2.0,13911.5,14021.8326,14086.0681,14145.605,14120.0197,14200.6537,14041.3342,14194.9689,Non-Financial Service Provider
8654,2022,2,510,2.0,13911.5,13992.5,14077.9,14144.1,14198.0,14295.5,14031.5,14340.9,Non-Financial Service Provider
8655,2022,2,518,2.0,13911.5,13972.8481,14003.358,14067.9978,14151.6475,14240.3172,13989.0084,14290.2713,Non-Financial Service Provider
8656,2022,2,535,1.0,13911.5,14058.6959,14180.1271,14285.3022,14384.2661,14480.3921,14115.2928,14538.7516,Financial Service Provider
8657,2022,2,546,1.0,13911.5,13973.6836,14049.9128,14119.6415,14182.7555,14235.6443,14012.949,14250.9367,Financial Service Provider
8658,2022,2,549,2.0,13911.5,13994.2281,14091.1756,14178.4317,14255.7778,14330.0384,14047.1688,14356.2065,Non-Financial Service Provider
8659,2022,2,553,2.0,13911.5,14033.2256,14138.4748,14226.8403,14319.3148,14412.3903,14077.5102,14373.1379,Non-Financial Service Provider
8660,2022,2,555,1.0,13911.5,13964.0,14020.1,14083.9,14145.2,14204.0,13994.9,14227.7,Financial Service Provider
8661,2022,2,563,2.0,,,,,,,,,Non-Financial Service Provider
8662,2022,2,568,2.0,13911.5,14048.6713,14185.5367,14251.1003,14333.7976,14413.3176,14099.2021,14456.4612,Non-Financial Service Provider
8663,2022,2,570,2.0,,,,,,,,,Non-Financial Service Provider
8664,2022,2,572,1.0,13911.5,13997.6434,14074.0034,14147.317,14214.0432,14281.0841,14032.616,14311.387,Financial Service Provider
8665,2022,2,574,2.0,13911.5,14068.71,14169.49,14268.76,14366.35,14460.1,14104.61,14493.57,Non-Financial Service Provider
8666,2022,2,576,2.0,13911.5,14544.3,14561.57,14512.87,14721.97,15064.3,14382.57,14965.05,Non-Financial Service Provider
8667,2022,2,577,2.0,,,,,,,,,Non-Financial Service Provider
8668,2022,2,579,1.0,13911.5,14037.823,14167.1097,14251.7461,14326.5301,14381.1074,14092.0706,14393.9071,Financial Service Provider
8669,2022,2,584,2.0,13911.5,14035.45,14116.16,14179.68,14236.4,14289.8,14060.7,14263.09,Non-Financial Service Provider
8670,2022,2,586,2.0,13911.5,13940.2,14001.7,14073.2,14131.7,14201.7,13981.7,14234.8,Non-Financial Service Provider
8671,2022,2,587,2.0,13911.546,14065.4771,14195.5262,14297.3431,14399.8903,14497.8847,14117.4731,14547.5499,Non-Financial Service Provider
8672,2022,2,588,1.0,13911.5,14001.0562,14080.8771,14161.1531,14238.405,14316.0783,14038.7293,14355.4238,Financial Service Provider
8673,2022,2,589,1.0,13911.5,13907.46,14007.21,14107.66,14198.45,14300.3,13983.4575,14349.3,Financial Service Provider
8674,2022,2,591,2.0,13911.5,13970.2969,14053.3746,14231.5955,14333.6711,14422.4288,14041.7033,14461.1324,Non-Financial Service Provider
8675,2022,2,593,2.0,13911.5,14015.84,14120.96,14226.86,14333.56,14441.1,14068.79,14387.31,Non-Financial Service Provider
8676,2022,2,594,2.0,,,,,,,,,Non-Financial Service Provider
8677,2022,3,411,2.0,13916.9,13964.9,14024.2,14100.4,14176.6,14245.0,13946.8,14208.7,Non-Financial Service Provider
8678,2022,3,422,2.0,13916.9,14049.097,14208.8026,14286.4394,14343.1729,14413.663,14013.9999,14381.9437,Non-Financial Service Provider
8679,2022,3,424,1.0,13916.9,13951.5625,14013.9252,14066.1844,14118.6384,14171.2881,13940.8719,14145.0612,Financial Service Provider
8680,2022,3,426,2.0,13916.9,13984.6352,14050.3353,14110.4355,14180.4646,14250.8413,13958.2546,14215.8279,Non-Financial Service Provider
8681,2022,3,428,2.0,13916.865,13955.4586,14031.8852,14094.4299,14173.369,14264.7542,13946.3297,14224.9739,Non-Financial Service Provider
8682,2022,3,433,2.0,13916.9,13977.288,14029.44,14081.312,14130.2,14175.968,13951.18,14158.0,Non-Financial Service Provider
8683,2022,3,456,1.0,13916.9,13960.039,14001.732,14043.5495,14095.9191,14144.126,13939.9428,14120.1163,Financial Service Provider
8684,2022,3,463,2.0,13916.9,,,,,,13931.0957,14005.3226,Non-Financial Service Provider
8685,2022,3,484,2.0,13916.9,13972.2367,14041.5799,14104.345,14170.8685,14241.1975,13788.2976,13967.5455,Non-Financial Service Provider
8686,2022,3,504,1.0,13916.9,14020.7268,14250.3747,14394.2979,14462.7968,14574.5519,14017.2671,14517.7318,Financial Service Provider
8687,2022,3,508,2.0,13916.9,14000.0352,14000.0352,14018.0371,13871.2144,13776.7014,13949.5298,13835.2968,Non-Financial Service Provider
8688,2022,3,510,2.0,13916.9,13942.3,13986.3,14036.7,14129.6,14217.4,13931.6,14173.2,Non-Financial Service Provider
8689,2022,3,518,2.0,13916.9,13964.2573,13972.0173,14016.0674,14055.2075,14101.0376,13933.5809,14082.5361,Non-Financial Service Provider
8690,2022,3,528,1.0,13916.9,13965.3555,14003.6028,14038.4813,14073.4467,14115.4783,13922.2101,14071.7063,Financial Service Provider
8691,2022,3,535,1.0,13916.9,14013.3118,14100.0857,14183.9353,14264.7988,14339.1063,13979.0448,14300.5628,Financial Service Provider
8692,2022,3,546,1.0,13916.9,13985.9686,14038.1235,14062.626,14055.5894,14002.5819,13951.7952,14021.5542,Financial Service Provider
8693,2022,3,549,2.0,13916.9,13961.9111,14034.6409,14100.8356,14163.8655,14213.1809,13951.7952,14188.9757,Non-Financial Service Provider
8694,2022,3,553,2.0,13916.9,13976.0468,14024.963,14060.0254,14095.1755,14137.461,13949.7525,14145.049,Non-Financial Service Provider
8695,2022,3,555,1.0,13916.9,13985.9939,13965.9168,13929.918,13891.0519,13903.5044,13937.4714,13917.9678,Financial Service Provider
8696,2022,3,563,2.0,,,,,,,,,Non-Financial Service Provider
8697,2022,3,568,2.0,13916.9,14006.7058,14091.9096,14163.275,14231.6551,14304.596,13974.1538,14271.8605,Non-Financial Service Provider
8698,2022,3,570,2.0,,,,,,,,,Non-Financial Service Provider
8699,2022,3,572,1.0,13916.9,13961.9111,13996.6857,14038.4881,14083.8925,14132.9294,13939.1492,14109.3618,Financial Service Provider
8700,2022,3,574,2.0,13916.9,14009.6833,14099.0042,14179.1552,14253.669,14337.8696,13976.6635,14297.6525,Non-Financial Service Provider
8701,2022,3,576,2.0,13916.9,14003.6802,14158.5667,14469.3509,14433.9033,14424.7825,13990.0555,14480.5756,Non-Financial Service Provider
8702,2022,3,577,2.0,,,,,,,,,Non-Financial Service Provider
8703,2022,3,584,2.0,13916.9,13958.6507,13963.8852,13988.322,14024.6916,14063.2595,13930.2365,14044.5517,Non-Financial Service Provider
8704,2022,3,587,2.0,13916.865,14045.54,14146.2811,14247.7448,14344.7038,14442.3227,13997.449,14393.8443,Non-Financial Service Provider
8705,2022,3,588,1.0,13916.9,13941.1909,14034.3559,14114.3666,14191.3633,14268.78,13943.3989,14230.2832,Financial Service Provider
8706,2022,3,589,2.0,13916.9,14264.8225,14578.6256,14841.0409,15108.138,15364.9764,14160.362,14482.631,Non-Financial Service Provider
8707,2022,3,591,2.0,13916.9,13992.7843,14093.147,14190.7798,14278.6526,14314.2161,13970.9766,14281.6019,Non-Financial Service Provider
8708,2022,3,593,2.0,13916.9,13951.6923,13986.5715,13986.5715,14021.5379,14091.6456,13934.0659,14074.272,Non-Financial Service Provider
8709,2022,3,594,2.0,,,,,,,,,Non-Financial Service Provider
8710,2022,3,595,1.0,13916.9,13996.2411,14072.5934,14125.0713,14177.745,14230.615,,,Financial Service Provider
8711,2022,3,596,2.0,13916.9,13882.0,13890.0,13931.0,13972.0,14014.0,13892.5,14014.0,Non-Financial Service Provider
8712,2022,4,411,2.0,14149.0,14202.8,14187.3,14214.7,14239.2,14270.9,14119.9,14228.1,Non-Financial Service Provider
8713,2022,4,422,2.0,14149.0,14220.2462,14218.94,14186.0278,14181.7263,14250.4085,14124.2866,14209.2756,Non-Financial Service Provider
8714,2022,4,426,2.0,14149.0,14223.4642,14266.1162,14335.7151,14402.9654,14470.5311,14125.1006,14368.8718,Non-Financial Service Provider
8715,2022,4,428,2.0,14149.029,14223.9625,14271.5086,14337.6109,14435.7738,14534.2507,14125.2076,14394.786,Non-Financial Service Provider
8716,2022,4,429,2.0,14149.0,14251.1,14309.4,14354.6,14352.0,14339.0,14132.0,14338.8,Non-Financial Service Provider
8717,2022,4,433,2.0,14149.0,14191.572,14146.776,14114.348,14122.672,14162.072,14117.12,14136.47,Non-Financial Service Provider
8718,2022,4,456,1.0,14149.0,14224.1844,14277.2277,14330.4687,14383.9083,14437.5472,14125.2711,14357.288,Financial Service Provider
8719,2022,4,463,2.0,14149.0,14201.6865,14217.732,14242.0191,14274.7868,14312.6891,14119.6386,14261.8067,Non-Financial Service Provider
8720,2022,4,484,2.0,14149.0,14184.2406,14216.048,14258.5056,14304.6215,14372.0896,14111.7066,14281.0471,Non-Financial Service Provider
8721,2022,4,504,1.0,14149.0,14352.8345,14540.7723,14669.8301,14840.3204,14962.9317,14157.4253,14753.4636,Financial Service Provider
8722,2022,4,508,2.0,14149.0,14199.9117,14163.4052,14116.288,14068.4249,14048.3713,14119.2122,14099.1613,Non-Financial Service Provider
8723,2022,4,510,2.0,14149.0,14119.0,14158.5,14239.6,14323.9,14417.3,14098.975,14287.6,Non-Financial Service Provider
8724,2022,4,518,2.0,14149.0,14230.8525,14261.4725,14263.3025,14234.4725,14206.1326,14126.9474,14241.3843,Non-Financial Service Provider
8725,2022,4,524,2.0,14149.0,14147.5464,14093.4122,14061.6407,14081.0036,14142.3008,14106.11,14094.5893,Non-Financial Service Provider
8726,2022,4,528,1.0,14149.0,14180.7284,14205.4798,14237.3348,14269.2612,14304.8014,13946.2902,14068.3121,Financial Service Provider
8727,2022,4,530,2.0,,,,,,,,,Non-Financial Service Provider
8728,2022,4,535,1.0,14149.0,14247.0197,14317.7267,14381.7261,14438.911,14489.184,14125.4607,14407.9699,Financial Service Provider
8729,2022,4,546,1.0,14149.0,14166.6532,14148.9116,14113.4059,14060.1803,14031.9751,14111.7066,14083.4832,Financial Service Provider
8730,2022,4,549,2.0,14149.0,14212.2452,14268.7562,14314.9053,14354.1099,14396.9798,14125.4607,14337.3426,Non-Financial Service Provider
8731,2022,4,555,1.0,14149.0,14202.9391,14227.4155,14243.6535,14196.8656,14124.7898,14119.9518,14198.1811,Financial Service Provider
8732,2022,4,563,2.0,,,,,,,,,Non-Financial Service Provider
8733,2022,4,568,2.0,14149.0,14257.0809,14328.9441,14330.5095,14390.6499,14494.4201,14133.4952,14386.1309,Non-Financial Service Provider
8734,2022,4,570,2.0,,,,,,,,,Non-Financial Service Provider
8735,2022,4,572,1.0,14149.0,14177.2135,14187.8345,14159.3733,14177.0394,14219.3805,14113.5284,14185.9069,Financial Service Provider
8736,2022,4,574,2.0,14149.0,14237.65,14301.6875,14370.0094,14437.6451,14509.8063,14128.6292,14404.7871,Non-Financial Service Provider
8737,2022,4,576,2.0,14149.0,14191.689,14176.6299,14197.9393,14278.3295,14378.7314,14117.1393,14257.9075,Non-Financial Service Provider
8738,2022,4,577,2.0,,,,,,,,,Non-Financial Service Provider
8739,2022,4,579,1.0,14149.0,14112.1143,14030.2807,13895.0951,13767.1355,13696.6148,14097.2536,13847.2815,Financial Service Provider
8740,2022,4,584,2.0,14149.0,14241.5317,14312.7394,14348.5212,14371.1202,14381.5392,14129.6079,14353.48,Non-Financial Service Provider
8741,2022,4,585,1.0,14149.0,14113.3069,14096.9277,14132.223,14185.9277,14264.807,14097.5437,14169.9713,Financial Service Provider
8742,2022,4,586,2.0,14149.0,14223.3,14290.3,14361.4,14431.8,14501.6,14125.0,14396.3,Non-Financial Service Provider
8743,2022,4,587,2.0,14149.029,14233.1697,14321.3049,14409.986,14508.0491,14615.6563,14127.5094,14463.7491,Non-Financial Service Provider
8744,2022,4,588,1.0,14149.0,14191.2573,14184.1564,14166.3928,14222.7215,14317.7679,14117.0486,14222.7989,Financial Service Provider
8745,2022,4,589,2.0,14149.0,14009.5839,13995.5743,13981.5788,14051.4867,14177.95,14071.621,14051.6475,Non-Financial Service Provider
8746,2022,4,591,2.0,14149.0,14250.5124,14349.2354,14438.0894,14474.05,14502.9117,14131.8451,14441.0716,Non-Financial Service Provider
8747,2022,4,594,2.0,,,,,,,,,Non-Financial Service Provider
8748,2022,4,595,1.0,14149.0,14208.7537,14254.7087,14290.2126,14343.5021,14396.9903,13809.1164,13981.7304,Financial Service Provider
8749,2022,4,596,2.0,14149.0,14183.8498,14218.7853,14253.807,14288.9149,14324.1093,14115.1874,14271.4041,Non-Financial Service Provider
8750,2023,1,411,2.0,14252.2,14249.5,14263.3,14288.3,14324.8,14359.4,14281.5,14436.9,Non-Financial Service Provider
8751,2023,1,422,2.0,14252.2,14370.9594,14449.5842,14522.4579,14595.8333,14676.4688,14484.7087,14767.7284,Non-Financial Service Provider
8752,2023,1,428,2.0,14252.163,14286.2551,14339.6979,14414.1135,14501.1044,14583.4493,14385.2927,14710.7274,Non-Financial Service Provider
8753,2023,1,429,2.0,14252.2,14325.6182,14338.8848,14326.6271,14293.1454,14281.017,14321.093,14321.5308,Non-Financial Service Provider
8754,2023,1,433,2.0,14252.2,14266.216,14216.768,14179.728,14205.428,14256.54,14217.04,14374.19,Non-Financial Service Provider
8755,2023,1,456,1.0,14252.2,14317.9225,14371.3154,14424.9073,14478.699,14546.9882,14398.2111,14650.2291,Financial Service Provider
8756,2023,1,463,2.0,14252.2,14276.5027,14318.5523,14352.1723,14393.3598,14442.2071,14335.1468,14524.531,Non-Financial Service Provider
8757,2023,1,484,2.0,14252.2,14305.3477,14351.6152,14390.9203,14437.4645,14473.4236,14371.34,,Non-Financial Service Provider
8758,2023,1,504,1.0,14252.2,14385.1902,14513.1098,14630.557,14791.5607,14967.9103,14580.1044,15325.0966,Financial Service Provider
8759,2023,1,508,2.0,14252.2,14292.9163,14254.008,14142.0409,14063.8964,14011.753,14191.5496,14023.8271,Non-Financial Service Provider
8760,2023,1,510,2.0,14252.2,14273.0,14325.3,14404.4,14498.2,14570.9,14375.2,14720.2,Non-Financial Service Provider
8761,2023,1,518,2.0,14252.2,14295.3663,14294.9563,14267.3062,14233.3461,14259.9462,14272.7662,14380.8767,Non-Financial Service Provider
8762,2023,1,524,2.0,14252.2,14285.3434,14307.1233,14319.4034,14322.1542,14379.9239,14308.5061,14492.559,Non-Financial Service Provider
8763,2023,1,528,1.0,14252.2,14277.0761,14301.9957,14334.0672,14366.2105,14401.9922,14319.8627,14480.9895,Financial Service Provider
8764,2023,1,535,1.0,14252.2,14305.3477,14365.7617,14419.3329,14469.5377,14509.1659,14394.2146,14552.551,Financial Service Provider
8765,2023,1,548,2.0,14252.2,14214.64,14208.43,14210.04,14226.36,14254.87,14214.8675,14318.8775,Non-Financial Service Provider
8766,2023,1,549,2.0,14252.2,14305.3477,14365.7617,14415.78,14451.6851,14476.9094,14380.0749,14538.2557,Non-Financial Service Provider
8767,2023,1,555,1.0,14252.2,14254.9829,14284.1201,14248.8703,14189.1233,14187.9786,14244.2742,14291.0991,Financial Service Provider
8768,2023,1,563,2.0,,,,,,,,,Non-Financial Service Provider
8769,2023,1,568,2.0,14252.2,14309.4217,14336.3235,14406.3037,14490.4558,14574.867,14385.6262,14695.8968,Non-Financial Service Provider
8770,2023,1,570,2.0,,,,,,,,,Non-Financial Service Provider
8771,2023,1,572,1.0,14252.2,14280.6193,14262.7349,14280.53,14323.1802,14373.0502,14286.7661,14459.0094,Financial Service Provider
8772,2023,1,574,2.0,14252.2,14319.8253,14382.6858,14443.4933,14504.7261,14562.8669,14412.6826,14653.5779,Non-Financial Service Provider
8773,2023,1,576,2.0,14252.2,14416.9004,14504.0055,14562.4237,14607.6281,14686.6616,14522.7394,14773.0674,Non-Financial Service Provider
8774,2023,1,577,2.0,,,,,,,,,Non-Financial Service Provider
8775,2023,1,584,2.0,14252.2,14270.7279,14292.134,14331.4373,14388.7631,14478.6928,14320.7656,14638.7058,Non-Financial Service Provider
8776,2023,1,586,2.0,14252.2,14320.3,14392.3,14463.0,14533.5,14604.1,14427.3,14710.9,Non-Financial Service Provider
8777,2023,1,587,2.0,14252.163,14340.4159,14429.2153,14527.4092,14635.1601,14743.7101,14483.0501,14894.8953,Non-Financial Service Provider
8778,2023,1,588,1.0,14252.2,14287.6977,14259.0361,14244.7557,14329.4656,14418.1972,14280.2613,14543.7632,Financial Service Provider
8779,2023,1,589,2.0,14252.2,14357.064,14331.8891,14399.3147,14442.0312,14376.4387,14382.5748,14670.2263,Non-Financial Service Provider
8780,2023,1,591,2.0,14252.2,14312.3523,14481.0929,14634.3156,14706.9447,14798.0137,14533.6764,14936.0314,Non-Financial Service Provider
8781,2023,1,593,2.0,14252.2,14287.8305,14305.6903,14287.8082,14305.6679,14377.1963,14296.7492,14297.7618,Non-Financial Service Provider
8782,2023,1,594,2.0,,,,,,,,,Non-Financial Service Provider
8783,2023,1,595,1.0,,,,,,,,,Financial Service Provider
8784,2023,1,596,2.0,14252.2,14394.3572,14448.336,14502.5173,14556.9017,14611.4901,14475.528,14692.661,Non-Financial Service Provider
8785,2023,1,598,2.0,,,,,,,,,Non-Financial Service Provider
8786,2023,1,601,1.0,14252.2,14252.2,14216.4351,14162.8209,14134.4099,14134.4099,14191.4916,14211.9178,Financial Service Provider
8787,2023,2,411,2.0,14344.5,14347.8,14364.4,14364.2,14383.8,14412.4,14355.2,14438.9,Non-Financial Service Provider
8788,2023,2,422,2.0,14344.5,14387.492,14423.4799,14472.4168,14521.6205,14584.0739,14385.1573,14427.1278,Non-Financial Service Provider
8789,2023,2,426,2.0,14344.5,14436.8437,14487.1095,14555.4384,14624.0895,14693.0644,14469.5296,14744.4507,Non-Financial Service Provider
8790,2023,2,428,2.0,14344.454,14383.7365,14423.7598,14483.6194,14552.9359,14625.2196,14408.8924,14665.0841,Non-Financial Service Provider
8791,2023,2,429,2.0,14344.5,14383.936,14362.206,14298.8658,14269.1189,14270.9822,14347.4159,14297.902,Non-Financial Service Provider
8792,2023,2,433,2.0,14344.5,14356.356,14309.376,14285.96,14301.236,14357.284,14324.05,14405.85,Non-Financial Service Provider
8793,2023,2,456,1.0,14344.5,14379.5525,14422.4984,14476.2812,14544.5589,14613.1587,14405.708,14647.7826,Financial Service Provider
8794,2023,2,463,2.0,14344.5,14350.3059,14386.3018,14421.5535,14463.1093,14515.2274,14375.6538,14543.1367,Non-Financial Service Provider
8795,2023,2,504,1.0,14344.5,14448.1184,14554.4637,14703.4434,14842.742,15001.0248,14515.9064,15113.8517,Financial Service Provider
8796,2023,2,508,2.0,14344.5,14296.8942,14221.1433,14193.5862,14057.61,13925.175,14264.07,13913.292,Non-Financial Service Provider
8797,2023,2,510,2.0,14344.5,14358.5,14386.1,14432.6,14471.0,14521.8,14380.4,14568.0,Non-Financial Service Provider
8798,2023,2,518,2.0,14344.5,14326.3693,14316.6693,14319.4193,14320.9793,14346.7494,14326.7787,14376.9563,Non-Financial Service Provider
8799,2023,2,524,2.0,14344.5,14377.0806,14357.1244,14362.9407,14408.9827,14490.5159,14359.4471,14532.7544,Non-Financial Service Provider
8800,2023,2,528,1.0,14344.5,14291.6634,14302.0063,14308.9221,14317.3403,14347.0878,14311.8236,14378.6926,Financial Service Provider
8801,2023,2,535,1.0,14344.5,14380.2275,14426.7372,14466.2481,14502.2789,14531.1968,14398.8776,14542.8664,Financial Service Provider
8802,2023,2,548,2.0,14344.5,14263.83,14245.26,14252.1,14281.71,14317.96,14263.1675,14332.515,Non-Financial Service Provider
8803,2023,2,549,2.0,14344.5,14365.9685,14408.8738,14441.1849,14466.3909,14495.2373,14384.7472,14514.2099,Non-Financial Service Provider
8804,2023,2,555,1.0,14344.5,14379.8755,14373.9254,14318.8167,14291.9538,14380.5689,14354.2679,14425.0238,Financial Service Provider
8805,2023,2,563,2.0,,,,,,,,,Non-Financial Service Provider
8806,2023,2,568,2.0,14344.5,14354.6507,14390.9647,14428.9768,14503.5164,14584.6073,14379.773,14623.9319,Non-Financial Service Provider
8807,2023,2,570,2.0,,,,,,,,,Non-Financial Service Provider
8808,2023,2,572,1.0,14344.5,14333.7295,14301.3692,14319.2125,14354.877,14397.7492,14324.7028,14426.458,Financial Service Provider
8809,2023,2,574,2.0,14344.5,14423.4718,14484.4757,14550.9541,14634.9769,14707.6076,14450.8389,14743.3523,Non-Financial Service Provider
8810,2023,2,576,2.0,14344.5,14457.9353,14489.0821,14520.0601,14548.2314,14616.8554,14452.8829,14636.2541,Non-Financial Service Provider
8811,2023,2,577,2.0,,,,,,,,,Non-Financial Service Provider
8812,2023,2,584,2.0,14344.5,14350.0772,14387.3874,14423.7155,14513.8637,14627.4347,14376.42,14692.5479,Non-Financial Service Provider
8813,2023,2,585,1.0,14344.5,14289.3975,14261.5093,14297.6534,14368.6783,14457.5038,14298.265,14523.9328,Financial Service Provider
8814,2023,2,586,2.0,14344.5,14404.6,14477.1,14549.0,14619.0,14691.4,14443.8,14726.5,Non-Financial Service Provider
8815,2023,2,587,2.0,14344.454,14422.7059,14517.3212,14624.9972,14733.4718,14831.9314,14477.3695,14881.8203,Non-Financial Service Provider
8816,2023,2,588,1.0,14344.5,14369.5372,14333.4779,14326.3058,14393.8762,14479.4729,14343.4945,14520.1424,Financial Service Provider
8817,2023,2,589,2.0,14344.5,14360.318,14360.673,14378.565,14417.899,14482.367,14361.014,14510.057,Non-Financial Service Provider
8818,2023,2,591,2.0,14344.5,14373.0572,14419.5437,14498.2051,14570.1587,14635.2865,14408.815,14665.4253,Non-Financial Service Provider
8819,2023,2,594,2.0,,,,,,,,,Non-Financial Service Provider
8820,2023,2,596,2.0,14344.5,14311.1491,14311.1491,14311.1491,14353.6575,14425.4258,14319.4868,14568.7498,Non-Financial Service Provider
8821,2023,2,598,2.0,,,,,,,,,Non-Financial Service Provider
8822,2023,2,599,2.0,14344.5,14402.68,14304.4,14347.25,14381.18,14404.56,14349.7075,14553.39,Non-Financial Service Provider
8823,2023,2,600,1.0,14344.5,14358.8191,14315.7201,14315.7201,14322.8797,14351.5178,14333.6898,14391.0246,Financial Service Provider
8824,2023,2,601,1.0,14344.5,14326.5357,14272.5063,14243.8752,14243.8752,14279.3522,14296.9049,14322.0087,Financial Service Provider
8825,2023,3,411,2.0,14418.8,14482.9,14550.1,14597.4,14642.3,14686.7,14453.0,14665.2,Non-Financial Service Provider
8826,2023,3,421,2.0,14418.8,14476.4752,14494.5708,14480.0762,14545.2366,14636.1443,14437.5615,14600.9284,Non-Financial Service Provider
8827,2023,3,422,2.0,14418.8,14471.4938,14525.2794,14579.3585,14633.7328,14688.4039,14443.7933,14627.3259,Non-Financial Service Provider
8828,2023,3,426,2.0,14418.8,14450.1495,14488.4012,14546.9754,14603.3798,14660.003,14426.1995,14651.2488,Non-Financial Service Provider
8829,2023,3,428,2.0,14418.828,14471.3928,14508.691,14565.4261,14631.9143,14699.5471,14439.8172,14667.457,Non-Financial Service Provider
8830,2023,3,429,2.0,14418.8,14479.0218,14460.338,14466.8575,14490.0317,14531.5898,14429.7354,14520.7998,Non-Financial Service Provider
8831,2023,3,433,2.0,14418.8,14452.8,14430.044,14402.8,14417.9,14473.28,14415.51,14460.03,Non-Financial Service Provider
8832,2023,3,456,1.0,14418.8,14475.7227,14526.1239,14594.6368,14663.4728,14732.6334,14445.2617,14698.2158,Financial Service Provider
8833,2023,3,463,2.0,14418.8,14474.6534,14497.7303,14526.9828,14563.6257,14604.2065,14437.8922,14587.5014,Non-Financial Service Provider
8834,2023,3,484,2.0,14418.8,14469.003,14530.1081,14584.2921,14645.8841,14718.5706,14398.8776,14614.8608,Non-Financial Service Provider
8835,2023,3,504,1.0,14418.8,14508.1129,14555.0362,14573.196,14591.3784,14636.7643,14460.5835,14623.1712,Financial Service Provider
8836,2023,3,508,2.0,14418.8,14377.0339,14349.8763,14325.8643,14303.4496,14326.7143,14376.6232,14344.9599,Non-Financial Service Provider
8837,2023,3,510,2.0,14418.8,14473.8,14527.1,14567.6,14622.8,14701.5,14445.0,14669.4,Non-Financial Service Provider
8838,2023,3,518,2.0,14418.8,14477.0886,14463.5986,14457.7786,14468.9986,14501.7486,14430.0679,14496.7329,Non-Financial Service Provider
8839,2023,3,535,1.0,14418.8,14490.3595,14533.6363,14569.835,14598.8876,14620.7369,14455.3992,14614.4086,Financial Service Provider
8840,2023,3,549,2.0,14418.8,14483.2512,14526.5068,14551.8617,14580.8785,14624.4257,14441.2688,14600.1228,Non-Financial Service Provider
8841,2023,3,555,1.0,14418.8,14484.0928,14525.867,14495.5526,14437.7282,14465.9613,14447.2862,14488.7179,Financial Service Provider
8842,2023,3,563,2.0,,,,,,,,,Non-Financial Service Provider
8843,2023,3,568,2.0,14418.8,14498.9731,14563.4724,14637.94,14709.6193,14789.2038,14460.4625,14751.5594,Non-Financial Service Provider
8844,2023,3,570,2.0,,,,,,,,,Non-Financial Service Provider
8845,2023,3,572,1.0,14418.8,14465.4344,14483.4824,14494.3328,14534.0288,14581.0359,14432.0292,14561.2018,Financial Service Provider
8846,2023,3,574,2.0,14418.8,14498.671,14558.6983,14624.6571,14680.7213,14741.1947,14459.1493,14712.0997,Non-Financial Service Provider
8847,2023,3,576,2.0,14418.8,14505.3895,14526.0157,14565.6615,14621.3039,14675.3601,14452.6476,14646.6795,Non-Financial Service Provider
8848,2023,3,577,2.0,,,,,,,,,Non-Financial Service Provider
8849,2023,3,584,2.0,14418.8,14514.4841,14632.7771,14733.3775,14825.4611,14907.0011,14481.6153,14861.844,Non-Financial Service Provider
8850,2023,3,586,2.0,14418.8,14491.5,14564.3,14634.3,14706.9,14778.4,14458.8,14742.5,Non-Financial Service Provider
8851,2023,3,587,2.0,14418.828,14490.3877,14569.4356,14659.6531,14757.6194,14856.2403,14459.7521,14807.2583,Non-Financial Service Provider
8852,2023,3,588,1.0,14418.8,14465.4344,14421.8414,14403.7802,14478.8117,14564.9135,14416.7149,14523.9782,Financial Service Provider
8853,2023,3,589,2.0,14418.8,14451.6562,14447.8165,14472.6461,14518.2959,14573.7778,14419.6682,14520.6059,Non-Financial Service Provider
8854,2023,3,591,2.0,14418.8,14578.8685,14697.1502,14770.0911,14836.1126,14898.768,14513.8047,14866.6649,Non-Financial Service Provider
8855,2023,3,593,2.0,14418.8,14454.847,14472.9156,14454.8244,14472.8929,14545.2574,14426.6406,14427.6532,Non-Financial Service Provider
8856,2023,3,594,2.0,,,,,,,,,Non-Financial Service Provider
8857,2023,3,595,1.0,,,,,,,,,Financial Service Provider
8858,2023,3,596,2.0,14418.8,14487.4978,14559.9353,14632.735,14705.8987,14779.4282,14456.6583,14757.5076,Non-Financial Service Provider
8859,2023,3,598,2.0,,,,,,,,,Non-Financial Service Provider
8860,2023,3,599,2.0,14418.8,14594.17,14263.63,14207.76,14194.17,14182.15,14409.25,14211.0,Non-Financial Service Provider
8861,2023,3,603,2.0,14418.8,14516.51,14560.08,14623.36,14686.92,14759.81,14463.943,14725.79,Non-Financial Service Provider
8862,2023,4,411,2.0,15494.2,15587.5,15657.8,15695.5,15745.0,15796.6,15434.5,15723.7,Non-Financial Service Provider
8863,2023,4,421,2.0,15494.2,15552.3033,15536.751,15606.6663,15719.8147,15849.5031,15425.7508,15678.1838,Non-Financial Service Provider
8864,2023,4,422,2.0,15494.2,15554.036,15614.4018,15675.0994,15736.1305,15797.4972,15426.134,15705.7822,Non-Financial Service Provider
8865,2023,4,426,2.0,15494.2,15605.2888,15660.8835,15731.0797,15832.4255,15930.6867,15421.2722,15693.1566,Non-Financial Service Provider
8866,2023,4,428,2.0,15494.212,15565.4699,15625.8952,15691.3536,15757.2388,15826.2929,15429.0212,15725.1951,Non-Financial Service Provider
8867,2023,4,429,2.0,15494.2,15565.782,15560.138,15598.3015,15655.078,15723.8932,15429.1057,15634.3675,Non-Financial Service Provider
8868,2023,4,463,2.0,15494.2,15551.8106,15598.3319,15622.429,15651.3272,15693.5836,15425.6064,15641.4179,Non-Financial Service Provider
8869,2023,4,484,2.0,15494.2,15517.3892,15544.4736,15575.4697,15610.3969,15649.2774,15422.7976,15607.8712,Non-Financial Service Provider
8870,2023,4,508,2.0,15494.2,15512.7353,15548.6558,15569.0912,15594.9123,15629.0808,15415.8439,15585.4505,Non-Financial Service Provider
8871,2023,4,510,2.0,15494.2,15573.8,15612.8,15667.5,15749.1,15836.8,15431.1,15716.6,Non-Financial Service Provider
8872,2023,4,518,2.0,15494.2,15481.0099,15474.9268,15488.2273,15523.4611,15580.4676,15407.7068,15515.5607,Non-Financial Service Provider
8873,2023,4,549,2.0,15494.2,15590.1439,15655.9838,15694.9778,15722.3722,15753.723,15437.8884,15700.3325,Non-Financial Service Provider
8874,2023,4,555,1.0,15494.2,15550.2079,15581.5904,15592.9845,15534.2494,15513.3642,15425.2057,15555.5471,Financial Service Provider
8875,2023,4,563,2.0,,,,,,,,,Non-Financial Service Provider
8876,2023,4,568,2.0,15494.2,15576.9141,15656.6246,15733.3744,15808.3244,15894.0232,15431.9035,15773.0867,Non-Financial Service Provider
8877,2023,4,570,2.0,,,,,,,,,Non-Financial Service Provider
8878,2023,4,572,1.0,15494.2,15567.8762,15588.0579,15632.0368,15681.2073,15739.8256,15429.6228,15660.3,Financial Service Provider
8879,2023,4,574,2.0,15494.2,15555.9153,15622.0463,15679.3454,15753.2935,15818.0639,15426.6326,15718.1873,Non-Financial Service Provider
8880,2023,4,576,2.0,15494.2,15505.854,15563.744,15630.2,15676.08,15717.342,15414.12,15646.84,Non-Financial Service Provider
8881,2023,4,577,2.0,,,,,,,,,Non-Financial Service Provider
8882,2023,4,584,2.0,15494.2,15552.859,15634.5115,15712.6841,15799.1038,15889.9487,15425.8898,15759.062,Non-Financial Service Provider
8883,2023,4,586,2.0,15494.2,15557.8,15641.2,15716.7,15798.3,15874.0,15427.1,15757.5,Non-Financial Service Provider
8884,2023,4,587,2.0,15494.212,15578.736,15675.2034,15779.9563,15885.4092,15991.5668,15432.3378,15833.0339,Non-Financial Service Provider
8885,2023,4,588,1.0,15494.2,15540.4749,15481.8674,15462.4787,15544.9277,15633.5503,15422.7788,15530.7214,Financial Service Provider
8886,2023,4,589,2.0,15494.2,15894.5884,15899.624,15909.8783,15915.9088,15914.1613,15511.3221,15909.8931,Non-Financial Service Provider
8887,2023,4,591,2.0,15494.2,15639.3548,15716.9719,15787.2258,15853.8979,15920.8517,15447.4925,15819.7368,Non-Financial Service Provider
8888,2023,4,594,2.0,,,,,,,,,Non-Financial Service Provider
8889,2023,4,596,2.0,15494.2,15606.1888,15684.2197,15762.6408,15841.454,15920.6613,15439.2222,15802.2439,Non-Financial Service Provider
8890,2023,4,598,2.0,,,,,,,,,Non-Financial Service Provider
8891,2023,4,599,2.0,15494.2,15496.82,15568.57,15647.35,15869.17,15874.94,15411.85,15740.0075,Non-Financial Service Provider
8892,2023,4,600,1.0,15494.2,15494.2,15556.1768,15649.5139,15868.6071,16185.9792,15411.2,15815.0692,Financial Service Provider
8893,2023,4,602,1.0,15494.2,15536.1617,15500.5995,15502.7717,15515.2749,15541.0294,15412.7951,15497.1237,Financial Service Provider
8894,2023,4,603,2.0,15494.2,15567.8943,15632.8592,15671.7956,15730.2372,15788.8966,15429.6273,15705.9472,Non-Financial Service Provider
8895,2023,4,604,1.0,15494.2,15504.6079,15426.5306,15390.3262,15372.3631,15429.0097,15413.8,15404.6,Financial Service Provider
8896,2024,1,411,2.0,15569.8,15686.0,15774.7,15860.3,15940.3,16017.6,15815.3,16138.2,Non-Financial Service Provider
8897,2024,1,421,2.0,15569.8,15554.2302,15624.2242,15737.4999,15855.5311,15998.2309,15692.8714,16136.7596,Non-Financial Service Provider
8898,2024,1,422,2.0,15569.8,15670.2377,15757.4731,15845.3663,15916.5721,15988.1444,15797.4123,16086.2614,Non-Financial Service Provider
8899,2024,1,428,2.0,15569.845,15673.2849,15756.2229,15831.7085,15909.9308,15991.1846,15792.7868,16106.5177,Non-Financial Service Provider
8900,2024,1,429,2.0,15569.8,15679.145,15733.2185,15806.02,15884.7844,15958.836,15775.8295,16079.3636,Non-Financial Service Provider
8901,2024,1,433,2.0,15569.8,15665.188,15721.652,15805.136,15893.804,15976.68,15771.45,16081.37,Non-Financial Service Provider
8902,2024,1,463,2.0,15569.8,15685.526,15736.4724,15800.3865,15857.5516,15909.043,15769.9841,15996.7087,Non-Financial Service Provider
8903,2024,1,508,2.0,15569.8,15575.2588,15604.7899,15632.0739,15687.4742,15710.5417,15624.9367,15811.8315,Non-Financial Service Provider
8904,2024,1,510,2.0,15569.8,15656.8,15711.2,15794.2,15880.3,15976.2,15760.62,16130.06,Non-Financial Service Provider
8905,2024,1,518,2.0,15569.8,15661.1616,15730.2814,15781.2713,15829.5711,15881.011,15750.6092,15984.5316,Non-Financial Service Provider
8906,2024,1,535,1.0,15569.8,15650.9055,15697.6484,15721.1421,15752.4905,15791.7249,15699.4942,15872.1886,Financial Service Provider
8907,2024,1,548,2.0,15569.8,15628.0743,15655.8335,15708.7439,15752.542,15792.1376,15707.7927,15877.9993,Non-Financial Service Provider
8908,2024,1,549,2.0,15569.8,15677.6626,15716.7106,15744.1429,15775.5372,15826.5596,15730.338,15919.1021,Non-Financial Service Provider
8909,2024,1,555,1.0,15569.8,15680.2311,15737.1761,15778.6097,15832.3466,15896.8904,15757.0909,16018.9856,Financial Service Provider
8910,2024,1,563,2.0,,,,,,,,,Non-Financial Service Provider
8911,2024,1,568,2.0,15569.8,15670.2564,15752.6839,15832.6283,15913.1713,16005.7666,15792.185,,Non-Financial Service Provider
8912,2024,1,570,2.0,,,,,,,,,Non-Financial Service Provider
8913,2024,1,572,1.0,15569.845,15692.5553,15736.8022,15793.0982,15858.5885,15920.6267,15770.2611,16046.2,Financial Service Provider
8914,2024,1,574,2.0,15569.8,15669.4585,15753.6106,15851.125,15943.5608,16026.9897,15804.4387,16143.962,Non-Financial Service Provider
8915,2024,1,576,2.0,15569.8,15619.055,15683.811,15720.633,15776.545,15832.391,15700.011,15920.48,Non-Financial Service Provider
8916,2024,1,577,2.0,,,,,,,,,Non-Financial Service Provider
8917,2024,1,584,2.0,15569.8,15662.9469,15765.8117,15891.2846,16025.3885,16162.6769,15836.3579,16358.6691,Non-Financial Service Provider
8918,2024,1,586,2.0,15569.8,15639.4,15722.5,15799.1,15878.5,15957.5,15759.9,16076.4,Non-Financial Service Provider
8919,2024,1,587,2.0,15569.845,15666.2573,15770.9504,15876.3432,15982.4402,16089.2463,15823.9978,16251.2457,Non-Financial Service Provider
8920,2024,1,588,1.0,15569.8,15662.0072,15722.7349,15796.1165,15900.516,15998.9759,15770.3816,16138.3221,Financial Service Provider
8921,2024,1,589,2.0,15569.8,15687.4351,15723.8416,15761.6817,15813.2939,15880.707,15746.5631,16092.9875,Non-Financial Service Provider
8922,2024,1,593,2.0,15569.8,15647.649,15706.3277,15706.3277,15725.9606,15706.3031,15696.5662,15721.0401,Non-Financial Service Provider
8923,2024,1,594,2.0,,,,,,,,,Non-Financial Service Provider
8924,2024,1,596,2.0,15569.8,15660.5339,15693.6096,15726.7553,15759.9709,15793.2567,15710.2174,16203.1632,Non-Financial Service Provider
8925,2024,1,598,2.0,,,,,,,,,Non-Financial Service Provider
8926,2024,1,599,2.0,15569.8,15681.03,15718.78,15784.38,15862.21,15934.72,15761.6,16077.08,Non-Financial Service Provider
8927,2024,1,602,1.0,15569.8,15587.1212,15615.0318,15656.2466,15708.6889,15764.0661,15650.6773,15839.9474,Financial Service Provider
8928,2024,1,603,2.0,15569.8,15720.1145,15814.6122,15931.9103,16010.9793,16090.4407,15869.4041,16210.6211,Non-Financial Service Provider
8929,2024,1,604,1.0,15569.8,15571.3938,15539.0676,15533.6995,15551.6878,15650.7828,15549.0,15801.0,Financial Service Provider
8930,2024,2,411,2.0,15683.5,15813.3,15903.1,15972.1,16045.3,16117.5,15843.0,16151.9,Non-Financial Service Provider
8931,2024,2,421,2.0,15683.5,15750.1549,15864.3435,15983.3261,16127.176,16211.8437,15820.3311,16266.8213,Non-Financial Service Provider
8932,2024,2,422,2.0,15683.5,15798.6488,15887.4858,15982.3953,16065.4868,16144.1525,15838.0075,,Non-Financial Service Provider
8933,2024,2,428,2.0,15683.508,15775.7604,15871.3906,15958.3819,16044.8909,16124.3484,15822.2602,16163.7268,Non-Financial Service Provider
8934,2024,2,429,2.0,15683.5,15805.2773,15905.3563,15985.1268,16060.692,16140.8308,15844.9113,16183.6837,Non-Financial Service Provider
8935,2024,2,433,2.0,15683.5,15774.84,15855.852,15936.496,16015.196,16087.572,15812.67,16116.02,Non-Financial Service Provider
8936,2024,2,463,2.0,15683.5,15806.7414,15875.5666,15942.7613,16012.899,16085.1993,15827.1443,16121.8042,Non-Financial Service Provider
8937,2024,2,484,2.0,15683.5,15730.3402,15789.0001,15847.8787,15883.4167,15926.917,15765.5764,15970.5289,Non-Financial Service Provider
8938,2024,2,508,2.0,15683.5,15747.048,15802.6908,15909.6051,15932.335,16003.6267,15716.5144,15976.593,Non-Financial Service Provider
8939,2024,2,510,2.0,15683.5,15796.3,15879.9,15966.3,16045.4,16129.7,15831.5,16180.1,Non-Financial Service Provider
8940,2024,2,518,2.0,15683.5,15782.7569,15846.1569,15902.0368,15970.8168,16039.8968,15803.7086,16075.2618,Non-Financial Service Provider
8941,2024,2,535,1.0,15683.5,15788.3083,15827.6319,15859.1927,15898.6928,15946.1758,15796.4288,15985.9859,Financial Service Provider
8942,2024,2,548,2.0,15683.5,15711.3577,15764.4557,15808.4091,15848.1452,15887.1714,15712.1724,15882.4264,Non-Financial Service Provider
8943,2024,2,549,2.0,15683.5,15799.8256,15847.0133,15882.5494,15929.9841,15973.612,15796.4288,15985.9859,Non-Financial Service Provider
8944,2024,2,555,1.0,15683.5,15801.6859,15865.0111,15930.3325,15998.8332,16074.8917,15820.1344,16121.7209,Financial Service Provider
8945,2024,2,563,2.0,,,,,,,,,Non-Financial Service Provider
8946,2024,2,568,2.0,15683.5,15790.577,15873.2553,15954.1908,16042.0251,16131.732,15825.3808,16175.2475,Non-Financial Service Provider
8947,2024,2,570,2.0,,,,,,,,,Non-Financial Service Provider
8948,2024,2,572,1.0,15683.5,15761.3361,15820.1116,15886.9226,15969.6801,16045.0015,15787.9676,16086.9852,Financial Service Provider
8949,2024,2,574,2.0,15683.5,15796.1725,15889.3274,15981.3137,16064.9742,16145.3407,15837.5804,16183.4767,Non-Financial Service Provider
8950,2024,2,576,2.0,15683.5,15742.52,15763.295,15821.472,15885.604,15949.997,15752.7,15969.7,Non-Financial Service Provider
8951,2024,2,577,2.0,,,,,,,,,Non-Financial Service Provider
8952,2024,2,584,2.0,15683.5,15867.726,15994.2711,16114.2281,16222.9992,16324.3929,15914.9313,16364.4543,Non-Financial Service Provider
8953,2024,2,587,2.0,15683.508,15788.3164,15893.8252,16000.0391,16106.9627,16214.6009,15841.4222,16269.1406,Non-Financial Service Provider
8954,2024,2,588,1.0,15683.5,15769.0566,15843.4318,15929.8608,16016.7614,16108.0739,15806.5582,16153.3538,Financial Service Provider
8955,2024,2,589,2.0,15683.5,15715.0163,15775.6686,15839.6387,15910.0905,15986.1917,15753.4559,16029.875,Non-Financial Service Provider
8956,2024,2,594,2.0,,,,,,,,,Non-Financial Service Provider
8957,2024,2,596,2.0,15683.5,15769.0566,15855.0799,15941.5726,16028.537,16115.9759,15812.3023,16160.1729,Non-Financial Service Provider
8958,2024,2,598,2.0,,,,,,,,,Non-Financial Service Provider
8959,2024,2,599,2.0,15683.5,15710.19,15883.81,15991.98,16075.54,16112.35,15817.37,16197.01,Non-Financial Service Provider
8960,2024,2,600,1.0,15683.5,15730.5505,15777.7422,15809.2976,15872.5348,15936.025,15750.2726,15980.0121,Financial Service Provider
8961,2024,2,602,1.0,15683.508,15731.4886,15780.585,15830.7702,15882.0443,15934.9455,15756.5879,15960.5874,Financial Service Provider
8962,2024,2,603,2.0,15683.5,15793.8456,15862.3831,15933.8669,16005.673,16077.8026,15818.4009,16114.1928,Non-Financial Service Provider
8963,2024,2,604,1.0,15683.5,15740.1898,15768.248,15827.1356,15928.9393,16029.2294,15755.0,16079.0,Financial Service Provider
8964,2024,3,411,2.0,15733.1,15838.7,15914.1,15981.7,16053.3,16118.3,15782.2,16086.2,Non-Financial Service Provider
8965,2024,3,421,2.0,15733.1,15811.7655,15930.3537,16073.7269,16158.114,16263.1417,15789.6798,16212.9094,Non-Financial Service Provider
8966,2024,3,422,2.0,15733.1,15811.685,15906.8981,16014.4427,16116.7804,16195.664,15773.6708,16090.2748,Non-Financial Service Provider
8967,2024,3,426,2.0,15733.1,15829.6542,15917.3886,15999.8756,16084.0416,16168.7073,15780.8535,16126.6737,Non-Financial Service Provider
8968,2024,3,428,2.0,15733.06,15822.7418,15910.8528,15994.5514,16074.2829,16153.9251,15777.4239,16113.6689,Non-Financial Service Provider
8969,2024,3,429,2.0,15733.1,15829.8889,15887.0746,15949.8687,16016.7429,16093.8993,15773.3338,16057.8324,Non-Financial Service Provider
8970,2024,3,433,2.0,15733.1,15823.568,15902.1,15981.796,16062.672,16144.74,15775.44,16104.22,Non-Financial Service Provider
8971,2024,3,463,2.0,15733.1,15833.8458,15913.45,15991.5269,16067.9779,16144.4523,15780.8492,16106.3121,Non-Financial Service Provider
8972,2024,3,508,2.0,15733.1,15782.1715,15868.3693,15924.8332,16029.4158,16056.0993,15756.7279,16038.6118,Non-Financial Service Provider
8973,2024,3,510,2.0,15733.1,15821.8,15899.8,15977.6,16061.4,16154.4,15774.4,16111.7,Non-Financial Service Provider
8974,2024,3,518,2.0,15733.1,15784.0541,15822.3642,15869.6543,15920.7044,15994.8146,15745.6973,15964.2777,Non-Financial Service Provider
8975,2024,3,528,1.0,15733.1,15814.3995,15897.433,15980.4472,16068.6529,16157.0912,15771.9831,16113.9748,Financial Service Provider
8976,2024,3,535,1.0,15733.1,15822.7954,15858.2771,15897.775,15945.2552,16000.773,15765.5764,15970.5289,Financial Service Provider
8977,2024,3,549,2.0,15733.1,15783.9852,15819.3799,15846.9914,15890.3921,15918.1275,15750.1502,15907.6517,Non-Financial Service Provider
8978,2024,3,555,1.0,15733.1,15824.3975,15883.5144,15940.3247,16010.9356,16107.2681,15771.0032,16067.5318,Financial Service Provider
8979,2024,3,563,2.0,,,,,,,,,Non-Financial Service Provider
8980,2024,3,568,2.0,15733.1,15840.0327,15925.9388,16018.6678,16108.2253,16195.8155,15785.5179,16151.6628,Non-Financial Service Provider
8981,2024,3,570,2.0,,,,,,,,,Non-Financial Service Provider
8982,2024,3,574,2.0,15733.06,15830.4368,15907.7004,15972.9576,16040.4367,16102.2809,15778.5596,16067.7292,Non-Financial Service Provider
8983,2024,3,576,2.0,15733.1,15788.143,15852.014,15931.432,15989.562,16037.673,15754.06,16015.38,Non-Financial Service Provider
8984,2024,3,577,2.0,,,,,,,,,Non-Financial Service Provider
8985,2024,3,584,2.0,15733.1,15760.6329,15807.9148,15886.9544,15994.1913,16110.1492,15736.1619,16056.5745,Non-Financial Service Provider
8986,2024,3,586,2.0,15733.1,15809.4,15888.2,15968.3,16047.4,16127.3,15768.4,16087.5,Non-Financial Service Provider
8987,2024,3,587,2.0,15733.06,15818.887,15912.9578,16011.4948,16118.495,16226.2103,15776.9865,16172.7114,Non-Financial Service Provider
8988,2024,3,588,1.0,15733.1,15780.0884,15854.5156,15941.0051,16027.9665,16111.4586,15752.7437,16069.0025,Financial Service Provider
8989,2024,3,589,2.0,15733.1,15857.508,15924.477,16006.6615,16082.1573,16158.0093,15789.52,16012.2959,Non-Financial Service Provider
8990,2024,3,591,2.0,15733.1,15795.2,15868.6,16015.1,16162.9,16312.0,15760.0,16238.1,Non-Financial Service Provider
8991,2024,3,593,2.0,15733.1,15772.4328,15792.1483,15772.4081,15752.6926,15792.0743,15735.1703,15787.1824,Non-Financial Service Provider
8992,2024,3,594,2.0,,,,,,,,,Non-Financial Service Provider
8993,2024,3,595,1.0,15733.1,15791.7701,15846.7535,15901.9283,15961.228,16020.7489,15753.66,15997.8417,Financial Service Provider
8994,2024,3,596,2.0,15733.1,15831.4319,15930.3783,16029.9432,16130.1303,16230.9437,15784.4526,16180.8511,Non-Financial Service Provider
8995,2024,3,598,2.0,,,,,,,,,Non-Financial Service Provider
8996,2024,3,599,2.0,15733.1,15903.07,16002.31,16039.65,15918.75,16057.32,15830.49,16073.0,Non-Financial Service Provider
8997,2024,3,602,1.0,15733.1,15743.5624,15786.0884,15836.9094,15886.0446,15942.1281,15719.3055,15915.8383,Financial Service Provider
8998,2024,3,603,2.0,15733.1,15829.64,15900.9763,15972.6341,16044.6148,16116.9199,15776.6793,16080.9299,Non-Financial Service Provider
8999,2024,3,604,1.0,15733.1,15777.8979,15810.3233,15885.1476,15974.9175,16078.8685,15741.1,16029.3,Financial Service Provider
9000,2024,4,411,2.0,16111.7,16217.0,16311.5,16416.5,16509.1,16605.3,16038.2,16460.6,Non-Financial Service Provider
9001,2024,4,426,2.0,16111.7,16254.4244,16349.5638,16435.8303,16540.3844,16645.6275,16047.5581,16492.8359,Non-Financial Service Provider
9002,2024,4,428,2.0,16111.682,16227.6281,16322.6169,16410.4498,16497.365,16584.703,16040.8608,16453.7837,Non-Financial Service Provider
9003,2024,4,429,2.0,16111.7,16231.0419,16306.8672,16385.8468,16474.0539,16559.6889,16041.7118,16431.5986,Non-Financial Service Provider
9004,2024,4,433,2.0,16111.7,16219.488,16321.0,16429.148,16548.952,16683.944,16038.85,16495.76,Non-Financial Service Provider
9005,2024,4,463,2.0,16111.7,16222.2093,16316.7277,16410.818,16499.243,16583.1014,16039.5061,16452.4725,Non-Financial Service Provider
9006,2024,4,508,2.0,16111.7,16156.4529,16241.845,16328.499,16463.2594,16503.6876,16023.0653,16384.3073,Non-Financial Service Provider
9007,2024,4,510,2.0,16111.7,16219.7,16298.8,16384.3,16478.5,16579.0,16038.9,16435.2,Non-Financial Service Provider
9008,2024,4,518,2.0,16111.7,16198.3773,16256.5574,16314.1975,16399.1876,16483.0477,16033.5464,16363.2321,Non-Financial Service Provider
9009,2024,4,535,1.0,16111.7,16207.5122,16279.9588,16340.6682,16405.6423,16478.9745,16043.4859,16380.3991,Financial Service Provider
9010,2024,4,549,2.0,16111.7,16207.5122,16263.943,16316.5451,16349.0808,16385.7427,16027.8642,16316.3658,Non-Financial Service Provider
9011,2024,4,555,1.0,16111.7,16187.1615,16268.1449,16359.0461,16452.0128,16528.3406,16030.7654,16401.8861,Financial Service Provider
9012,2024,4,563,2.0,,,,,,,,,Non-Financial Service Provider
9013,2024,4,568,2.0,16111.7,16225.0265,16329.7805,16421.3579,16494.6518,16558.5435,16040.2316,16451.0834,Non-Financial Service Provider
9014,2024,4,570,2.0,,,,,,,,,Non-Financial Service Provider
9015,2024,4,572,1.0,16111.7,16219.3699,16291.8695,16368.7105,16445.914,16531.5833,16038.8007,16409.5193,Financial Service Provider
9016,2024,4,574,2.0,16111.682,16207.9288,16294.5692,16383.9947,16468.1769,16537.3007,16035.9359,16421.0104,Non-Financial Service Provider
9017,2024,4,576,2.0,16111.7,15803.693,15887.979,15954.771,15995.641,16075.243,15934.9,15978.4,Non-Financial Service Provider
9018,2024,4,577,2.0,,,,,,,,,Non-Financial Service Provider
9019,2024,4,584,2.0,16111.7,16236.5657,16358.3399,16472.8483,16579.9218,16683.5463,16043.0914,16523.6641,Non-Financial Service Provider
9020,2024,4,587,2.0,16111.682,16207.494,16287.9307,16368.7666,16450.0037,16531.6439,16035.8273,16409.5862,Non-Financial Service Provider
9021,2024,4,588,1.0,16111.7,16219.3699,16319.8042,16408.832,16498.3454,16592.4035,16038.7945,16454.8308,Financial Service Provider
9022,2024,4,589,2.0,,,,,,,,,Non-Financial Service Provider
9023,2024,4,590,1.0,16111.7,16201.5735,16293.9397,16390.8356,16480.2508,16574.2058,16034.3684,16434.808,Financial Service Provider
9024,2024,4,594,2.0,,,,,,,,,Non-Financial Service Provider
9025,2024,4,595,1.0,16111.7,16183.7183,16248.8679,16314.2798,16387.2037,16467.7249,16027.8642,16309.1532,Financial Service Provider
9026,2024,4,596,2.0,16111.7,16198.631,16279.6241,16361.0222,16442.8273,16525.0415,16033.6327,16402.1288,Non-Financial Service Provider
9027,2024,4,598,2.0,,,,,,,,,Non-Financial Service Provider
9028,2024,4,599,2.0,16111.7,16226.6015,16300.2286,16245.2787,16525.8015,16641.9982,16040.6254,16428.3267,Non-Financial Service Provider
9029,2024,4,600,1.0,16111.7,16208.3702,16289.4121,16370.8591,16452.7134,16534.977,16036.0676,16411.9904,Financial Service Provider
9030,2024,4,603,2.0,16111.7,16212.5132,16285.5749,16358.9659,16432.6877,16506.7416,16037.0821,16395.9925,Non-Financial Service Provider
9031,2024,4,604,1.0,16111.7,16244.8946,16328.3632,16418.152,16504.7913,16589.2217,16045.1774,16460.132,Financial Service Provider
9032,2024,4,605,1.0,16111.7,16184.9285,16254.0716,16317.8984,16380.9119,16453.2964,16030.1859,16351.5446,Financial Service Provider
