mdate,ndisp_income,ur,ncons,ncnd,ncsv,ncdur,ncnrg,nsaving,nsavingrt,pcons,pcnd,pcsv,pcdur,pcxnrgfd,pcnrg,pcfood,umcsent,ffr,npoil,tbill3m,tbond10y,vix,ncndsv,ncxnrg,chain_curr_p,chain_lag_p,t,backwardt,pcndsv,ncndur_jpscat,nrebate2001,term_spr,lehman,m911,lndisp_income,lncons,lncnd,lncsv,lncndsv,lncdur,lncnrg,lpcons,lpcnd,lpcsv,lpcndsv,lpcdur,lpcnrg,lnpoil,lncndur_jpscat,rcons,lrcons,rcnd,lrcnd,rcsv,lrcsv,rcndsv,lrcndsv,rcdur,lrcdur,pcndur_jpscat,rcndur_jpscat,lrcndur_jpscat,lrdisp_income,lrpoil,d911
1959m1,29.29166666666667,6,25.50833384195964,10.42499987284342,11.55833307902018,3.524999936421712,1.883333365122477,39.59999847412109,11.30000019073486,17.19157351783794,19.69489855550997,12.26427676147656,53.18657221923628,15.50100040435791,10.46599960327148,16.03400039672852,,2.480000019073486,3,,4.019999980926514,,21.98333295186361,283.5000057220459,,,1,642,14.39846366466056,15.77616666666667,0,,0,0,3.377303061462719,3.23900521610298,2.344206755487591,2.447406655530206,3.090284573142535,1.259880418227838,.6330432733694312,2.718924168472811,2.906573171431742,2.317670772497004,2.58439714598473,4.151307559698465,2.348131870043602,1.09861228866811,2.758500362375131,148.3769581387779,4.999756050071245,52.9324882961982,3.969017295839881,94.24390287184464,4.545886133220655,152.6783236312862,5.028333248194577,6.627612552077207,1.891244641621105,17.61028918663713,89.58493809765366,4.495187204261542,.6583788929899081,-1.620311879804701,0
1959m2,29.40833282470703,5.900000095367432,25.8000005086263,10.45000012715658,11.66666666666667,3.683333396911621,1.891666730244954,37.5,10.60000038146973,17.2085795526936,19.70351054650619,12.28239699967197,53.21755667328159,15.51299953460693,10.61299991607666,15.97299957275391,,2.430000066757202,3,,3.960000038146973,,22.11666679382324,286.9000053405762,1.005076039080397,1.00507450422082,2,641,14.41264548320325,15.84791666666667,0,,0,0,3.381278063597912,3.250374511641769,2.346601990578913,2.456735772821304,3.096331477859462,1.303818156556726,.6374583083090236,2.719912887110555,2.907010345994354,2.31914716328324,2.585381614830777,4.151889951664709,2.362079656872087,1.09861228866811,2.763038051095365,149.925218578473,5.01013662697229,53.03623485008645,3.970975356368591,94.98688787683909,4.553738859725518,153.4532075988298,5.033395684065456,6.921274908438019,1.934599987983748,17.62763450427279,89.90381927209387,4.498740424135728,.6613651764873572,-1.621300598442445,0
1959m3,29.60000101725261,5.599999904632568,26.05833435058594,10.64166641235352,11.70833333333333,3.700000127156576,1.891666730244954,36.5,10.30000019073486,17.21991690926404,19.68951452108172,12.30414289844731,53.28454378521806,15.5310001373291,10.62199974060059,15.94200038909912,,2.799999952316284,2.970000028610229,,3.990000009536743,,22.34999974568685,290.0000114440918,1.00994582752083,1.009956498070625,3,640,14.42119263730851,16.03783333333333,0,,0,0,3.387774395696656,3.26033765371331,2.364777089352625,2.4603008389858,3.106826309680913,1.30833285401682,.6374583083090236,2.720571490194937,2.9062997620273,2.320916090878248,2.585974470649687,4.153147900953627,2.362927297579249,1.088561962447682,2.774950514345139,151.3267136414983,5.019441165959449,54.04737836963628,3.989861039109356,95.15765080077895,4.555534998295006,154.9802454470099,5.043297660067998,6.94385250265202,1.937856736154925,17.63808824843758,90.92727685356714,4.510060031566594,.6672029055017195,-1.632009527747255,0
1959m4,29.85000101725261,5.199999809265137,26.01666768391927,10.46666653951009,11.79166666666667,3.758333206176758,1.875,40,11.19999980926514,17.25392789778552,19.70135652205339,12.34763239179679,53.33813730789559,15.56999969482422,10.67800045013428,15.89799976348877,,2.960000038146973,2.970000028610229,,4.119999885559082,,22.25833320617676,289.7000122070313,.9937739191884764,.9937588757009419,4,639,14.45213425760709,15.89333333333333,0,,0,0,3.396184873917425,3.258737397393367,2.34819559209738,2.467393067295292,3.102716464615152,1.323975562887397,.6286086594223741,2.722544638229133,2.906901018156694,2.324444399728546,2.588117738189006,4.154153194135933,2.368185592233292,1.088561962447682,2.765899734088984,150.7869271162215,5.01586776160531,53.12662875672479,3.972678285724719,95.49739004621259,4.5590989177542,154.0141601885601,5.037044547462918,7.046240074867437,1.952494151843195,17.67593193051725,89.91510827156849,4.49886598377112,.6736402356882922,-1.633982675781451,0
1959m5,30.02499898274739,5.099999904632568,26.34166717529297,10.66666666666667,11.90000025431315,3.783333460489909,1.899999936421712,38.09999847412109,10.60000038146973,17.26299799927984,19.67982654456285,12.36816973704548,53.42689658877772,15.58899974822998,10.65299987792969,15.86200046539307,95.30000305175781,2.900000095367432,2.970000028610229,,4.309999942779541,,22.56666692097982,293.3000068664551,1.01348030151755,1.013489025863815,5,638,14.45737964521476,16.15091666666667,0,,0,0,3.40203033408586,3.271151988742384,2.367123614131617,2.476538421488336,3.116473902519535,1.330605488868969,.6418538527101375,2.723070183390954,2.905807603588668,2.326106279838152,2.588480621334178,4.155815897702657,2.365841531170287,1.088561962447682,2.781976807603827,152.590339038398,5.027756807792505,54.20101972196324,3.992699722326981,96.21472301330037,4.566582391837639,156.0909893408599,5.050439102222128,7.081327387607603,1.957461374258044,17.68234739225112,91.33921140891303,4.51458017414079,.6789601506949055,-1.634508220943272,0
1959m6,30.21666717529297,5,26.51666768391927,10.65833346048991,12.02500025431315,3.833333333333333,1.916666666666667,38.20000076293945,10.5,17.312880854524,19.72396453847408,12.4128677839216,53.53324034589895,15.63500022888184,10.63599967956543,15.91600036621094,,3.390000104904175,2.970000028610229,,4.340000152587891,,22.68333371480306,295.2000122070313,1.002197505357095,1.002194137785155,6,637,14.50028242373246,16.23908333333333,0,,0,0,3.408393665365391,3.277773504478449,2.366342070727046,2.486987837140527,3.121630457246547,1.343734746701095,.6505875661411494,2.725955598975842,2.908047896269065,2.32971372325629,2.591443761784316,4.157804372946041,2.364244443253416,1.088561962447682,2.787420888148664,153.1614981165324,5.031492907943682,54.03748034376904,3.989677886242012,96.87527865147446,4.573424364071691,156.433737302092,5.052632516499003,7.160660009677512,1.968602156846785,17.73482037507785,91.5660998526581,4.51706111423549,.6824380663895488,-1.63739363652816,0
1959m7,30.23333231608073,5.099999904632568,26.48333231608073,10.60833358764648,12.09166717529297,3.783333460489909,1.916666666666667,38.70000076293945,10.69999980926514,17.34916017931144,19.74442058384946,12.45756698289831,53.55920020755113,15.67199993133545,10.625,15.94400024414063,,3.470000028610229,2.970000028610229,,4.400000095367432,,22.70000076293945,294.7999877929688,.9983424280686639,.9983375487280598,7,636,14.53506518272945,16.19416666666667,0,,0,0,3.408945034806257,3.276515565903566,2.36163987974832,2.492516552166342,3.122364958097024,1.330605488868969,.6505875661411494,2.728048917023672,2.909084475148269,2.3333082922717,2.593839653585374,4.158289185170442,2.36320971481048,1.088561962447682,2.784651095088612,152.6490737439938,5.028141651320969,53.72825980177859,3.983939116384083,97.06283090343688,4.575358510082096,156.1740554828166,5.050971125548421,7.063834870253551,1.954988086790258,17.77736202805639,91.09431782459565,4.511895429374379,.6808961177825847,-1.63948695457599,0
1959m8,30.10000101725261,5.199999809265137,26.68333435058594,10.65833346048991,12.1750005086263,3.850000063578288,1.925000031789144,34.70000076293945,9.600000381469727,17.37410106633861,19.78210061121727,12.49380861138974,53.31050364687025,15.69699954986572,10.75800037384033,15.88500022888184,,3.5,2.970000028610229,,4.429999828338623,,22.83333396911621,297.1000118255615,1.003423853448123,1.003423562294312,8,635,14.57055460814449,16.28233333333333,0,,0,0,3.404525205550597,3.284039188897759,2.366342070727046,2.49938471074494,3.128221484444575,1.348073164813534,.6549259842535884,2.729485469376281,2.9109910450989,2.336213274711739,2.596278319606457,4.153634975405786,2.375649698601034,1.088561962447682,2.790080675447652,153.5810931955695,5.034228721962554,53.87867380699799,3.986734737412178,97.44827127836101,4.579321686220655,156.7087498258514,5.05438898587489,7.221841476270339,1.977109972499479,17.82076798157908,91.36718097763246,4.514886343712337,.6750397361743161,-1.640923506928599,0
1959m9,30.19166564941406,5.5,27.01666768391927,10.78333282470703,12.28333282470703,3.950000127156576,1.908333301544189,31.60000038146973,8.699999809265137,17.41944941143053,19.83377666400956,12.53125879340781,53.40093672712554,15.73799991607666,10.72299957275391,15.95699977874756,,3.759999990463257,2.970000028610229,,4.679999828338623,,23.06666564941406,301.300012588501,1.007380434201273,1.007380741032732,9,634,14.61160747841077,16.45925,0,,0,0,3.407565914419872,3.296453997166354,2.378001685110981,2.508243288559395,3.138388529854967,1.373715611104568,.6462302441141269,2.732092180686136,2.913599902236799,2.339206290424288,2.599091880659689,4.155329884622406,2.372390927394112,1.088561962447682,2.800887629204732,155.09484281513,5.044036818921295,54.3685300453872,3.995785494658214,98.0215397927046,4.585187248322561,157.8653524842902,5.061742470232049,7.396874229642743,2.001057509573894,17.87097840223007,92.10044145062642,4.522879736416185,.6754737337337366,-1.643530218238453,0
1959m10,30.28333282470703,5.699999809265137,26.89999898274739,10.81666692097982,12.35833358764648,3.733333269755045,1.958333333333333,34.09999847412109,9.399999618530273,17.46139741450319,19.88114466789625,12.57354088533124,53.36325707558757,15.76500034332275,10.87899971008301,15.96199989318848,,3.980000019073486,2.970000028610229,,4.53000020980835,,23.1750005086263,299.2999877929688,1.001778173043127,1.001777678414565,10,633,14.65417828645008,16.51725,0,,0,0,3.410597489378485,3.292126248791711,2.38108817799322,2.514330619934158,3.143074133399116,1.317301472603041,.6720937713621129,2.734497398856708,2.915985304234789,2.342574740477172,2.602001137114113,4.154624036495608,2.386834298789713,1.088561962447682,2.804405289344973,154.0541019953228,5.037303852376078,54.40666069115425,3.996486585542463,98.2884113580461,4.58790612964444,158.1460253561604,5.063518817321775,6.996074592049137,1.945349219199164,17.92304536284068,92.15649274784926,4.523488140102002,.6761000905217771,-1.645935436409026,0
1959m11,30.52499898274739,5.800000190734863,26.90833282470703,10.75,12.43333307902018,3.725000063578288,1.991666634877523,36.79999923706055,10.10000038146973,17.47273368988379,19.84777268943403,12.60615915744395,53.40596131951866,15.79399967193604,10.89799976348877,15.89200019836426,93.80000305175781,4,2.970000028610229,,4.53000020980835,,23.18333307902018,298.9999942779541,.9997597630309886,.99975130518184,11,632,14.66303180690049,16.47416666666667,0,,0,0,3.418545986671539,3.292436009074044,2.374905754573672,2.520381017527519,3.143433618731688,1.315066868899519,.6889717931883881,2.735146407457761,2.914305319552045,2.345165580741592,2.602605118235875,4.155423972036023,2.388579264458646,1.088561962447682,2.801793497419846,154.0018482642254,5.036964604057359,54.16224867248086,3.991984146805659,98.62903461502219,4.591365686973381,158.1073640453402,5.063274321532585,6.974876908014546,1.942314679955228,17.93387381364506,91.86061437619924,4.520272367055112,.6833995792137784,-1.646584445010079,0
1959m12,30.85000101725261,5.300000190734863,26.90833282470703,10.80833307902018,12.53333282470703,3.566666603088379,1.916666666666667,40.70000076293945,11,17.49314114794855,19.85207868493214,12.63273581402405,53.43024418752405,15.81799983978271,10.91899967193604,15.88700008392334,,3.990000009536743,2.970000028610229,,4.690000057220459,,23.34166590372721,299.8999938964844,1.005591460678899,1.005591125321042,12,631,14.68108814126654,16.60391666666667,0,,0,0,3.429136783325549,3.292436009074044,2.380317418005039,2.528391721145852,3.15023999979233,1.271631434974063,.6505875661411494,2.73631368615315,2.914522247090357,2.347271589458142,2.603835779552476,4.155878553295406,2.39050436098669,1.088561962447682,2.809638611307243,153.8221900636903,5.03579732536197,54.44433930852681,3.997178882698714,99.213131733455,4.597270381875164,158.9913886431686,5.068850041276627,6.675370208997089,1.898424664770388,17.95595792464762,92.47023598710348,4.526886819625909,.6928230971723988,-1.647751723705468,0
1960m1,30.89999898274739,5.199999809265137,26.96666717529297,10.8000005086263,12.56666692097982,3.600000063578288,1.941666603088379,40.59999847412109,10.89999961853027,17.48293687832125,19.81978063858509,12.64360818736142,53.31636513894994,15.82199954986572,10.87100028991699,15.86299991607666,,3.990000009536743,2.970000028610229,,4.71999979019165,,23.36666742960612,300.3000068664551,1.001362731572998,1.001362149984541,13,630,14.67681692915507,16.59475,0,,0,0,3.430756150982903,3.294601554257633,2.379546181225201,2.531047826022976,3.151310538023195,1.2809338631227,.6635466780394715,2.735730186201603,2.912893986956671,2.348131870043602,2.603544804284904,4.153744919403061,2.386098719890706,1.088561962447682,2.809086380279915,154.24563597625,5.038546370497106,54.49101937889714,3.998035906052562,99.39146116170768,4.599066206166827,159.2080049945224,5.070211554775064,6.752148339813078,1.90986072681137,17.95073394504729,92.44608076082923,4.526625563866153,.6950259647813,-1.647168223753921,0
1960m2,30.94166564941406,4.800000190734863,27.10833231608073,10.6999994913737,12.59999974568685,3.808333396911621,1.949999968210856,39.20000076293945,10.60000038146973,17.50107708130989,19.82085662410774,12.66535408613675,53.40261372077232,15.85200023651123,10.86299991607666,15.8439998626709,100,3.970000028610229,2.970000028610229,,4.489999771118164,,23.29999923706055,301.8999881744385,.9962004113590984,.9961961740636178,14,629,14.69079212088228,16.48858333333333,0,,0,0,3.432103678518569,3.299841146165848,2.370243693932691,2.533696793773849,3.148453327827472,1.337191664806676,.6678293562735302,2.736767242991905,2.912948273950888,2.349850305109543,2.60449654623695,4.155361287953848,2.385362511726,1.088561962447682,2.802668222228055,154.8952226776421,5.042748905615018,53.98353711090107,3.988679131765835,99.48399120936193,4.599996738851759,158.6027427611659,5.066402602627293,7.1313614289075,1.96450215994456,17.96782654419443,91.76726685766535,4.519255663862245,.6953364355266642,-1.648205280544223,0
1960m3,30.99166615804036,5.400000095367432,27.51666768391927,10.90000025431315,12.65833282470703,3.950000127156576,2.033333301544189,35,9.399999618530273,17.51128026974735,19.8574606659529,12.6726019509948,53.24686413368009,15.85299968719482,10.80300045013428,15.92700004577637,,3.839999914169312,2.970000028610229,,4.25,,23.55833307902018,305.800012588501,1.009918271494676,1.009914237960883,15,628,14.70782663394201,16.71108333333333,0,,0,0,3.433718334731312,3.314791918666625,2.38876281256658,2.538315719632583,3.159479604116505,1.373715611104568,.7096764668771506,2.73735007656829,2.914793314503462,2.350422400589156,2.605655411223649,4.152440510450765,2.379823915002373,1.088561962447682,2.816072171944096,157.1368127289774,5.057116844539411,54.89120909100937,4.005353209847149,99.88740176371869,4.604043569230882,160.1754879585907,5.076270013929626,7.418277473091778,2.003946883745535,17.98866089903409,92.89787287185253,4.531500748591588,.6963682581630226,-1.648788114120608,0
1960m4,31.22500101725261,5.199999809265137,28.04166666666667,11.1750005086263,12.77500025431315,4.091666539510091,2.041666666666667,31.39999961853027,8.399999618530273,17.57476773663807,19.98234480243551,12.6991797596755,53.31050364687025,15.88199996948242,10.86600017547607,16.08799934387207,,3.920000076293945,2.970000028610229,,4.28000020980835,,23.95000076293945,312,1.012538112725148,1.012525950982189,16,627,14.76728663616563,17.08375,0,,0,0,3.441219088589787,3.333691499296782,2.413679186014289,2.547490155996864,3.175968355712433,1.408952353935511,.7137664677626809,2.740969038508365,2.921062649609752,2.35251746972583,2.60969000694079,4.153634975405786,2.385638664278427,1.088561962447682,2.838127719296873,159.556399759459,5.072397463229493,55.92437033347689,4.024000248188569,100.5970503298048,4.611122936458488,162.1828122729399,5.088724169808415,7.675160164708564,2.037989161621456,18.06138447972874,94.58715647836412,4.549521700227225,.7002500500814217,-1.652407076060683,0
1960m5,31.33333333333333,5.099999904632568,27.5,10.85833358764648,12.83333333333333,3.808333396911621,1.991666634877523,38.90000152587891,10.39999961853027,17.59290685843687,19.9737307580318,12.73300543321425,53.30464215479054,15.90799999237061,10.85000038146973,16.0890007019043,93.30000305175781,3.849999904632568,2.970000028610229,,4.349999904632568,,23.69166692097982,306.1000003814697,.9880086079066995,.9879856713252467,17,626,14.78546897151955,16.78241666666667,0,,0,0,3.444682493601894,3.314186004672526,2.38493285776381,2.552045952625629,3.165123379603241,1.337191664806676,.6889717931883881,2.742000617855947,2.920631473904114,2.355177539493959,2.610920507262959,4.153525019319499,2.384165115144968,1.088561962447682,2.820331711328596,156.3129971714258,5.051860389257655,54.36307177255881,3.995685095643728,100.7879357363453,4.613018663319124,160.2361546097441,5.076648693377053,7.144468554638562,1.966338428578908,18.08362269841154,92.80450574840201,4.530495191936778,.7026818757459474,-1.653438655408265,0
1960m6,31.375,5.400000095367432,27.50833384195964,10.95833333333333,12.84166717529297,3.708333333333333,2.016666730244955,39.29999923706055,10.39999961853027,17.60084279179821,19.96942476253369,12.75716728694227,53.15977865217114,15.91699981689453,10.89700031280518,16.06100082397461,,3.319999933242798,2.970000028610229,,4.150000095367432,,23.8000005086263,305.9000053405762,1.003640187086574,1.0036457811075,18,625,14.79916455456498,16.88075,0,,0,0,3.446011397451948,3.314489007561046,2.394100201829819,2.552695132145568,3.169685602048282,1.310582539384194,.7014460149010636,2.742451603248223,2.920415867727853,2.357073318014545,2.611846365209565,4.150803667135861,2.388487550700372,1.088561962447682,2.826173919460392,156.2898672941855,5.051712406753898,54.87555832801544,4.005068045885998,100.6623718765309,4.611772064318478,160.8198923721333,5.080285057875489,6.975825384069538,1.942450655340064,18.10037331734053,93.26188860330244,4.535411542121969,.7035597942037248,-1.653889640800541,0
1960m7,31.47500101725261,5.5,27.61666615804036,11.01666641235352,12.85833358764648,3.741666793823242,2.008333365122477,39.29999923706055,10.39999961853027,17.63258760643341,20.0006447699506,12.78857700552833,53.16480324456425,15.94499969482422,10.98200035095215,16.05999946594238,,3.230000019073486,2.970000028610229,,3.900000095367432,,23.875,307.2999935150146,1.001100668579785,1.001101763814487,19,624,14.82946980770858,16.91283333333333,0,,0,0,3.449193612249794,3.318419436787095,2.399409254545184,2.553992129359195,3.172831886366794,1.319531178944148,.6973052065372282,2.744253575004381,2.921978037327812,2.359532415236747,2.613892039224874,4.150898181354629,2.396257600813715,1.088561962447682,2.828072702590683,156.6228779034348,5.05384086422379,55.08155631515037,4.008814929001404,100.5454600780681,4.610609964309901,160.996989842411,5.081385668178691,7.037864461965826,1.951304780681251,18.13743867960157,93.24819028805045,4.53526465123695,.7049400372454131,-1.655691612556699,0
1960m8,31.45833333333333,5.599999904632568,27.63333384195964,10.9499994913737,12.86666615804037,3.816666603088379,2.016666730244955,38.79999923706055,10.30000019073486,17.66206408480265,20.04478481726932,12.81032175220307,53.17652622872367,15.9680004119873,11.06799983978271,16.06500053405762,97.19999694824219,2.980000019073486,2.970000028610229,,3.799999952316284,,23.81666564941406,307.4000053405762,.9956310371391692,.9956319405584251,20,623,14.85814458468395,16.82341666666667,0,,0,0,3.448663918901079,3.319022791879399,2.393339409812618,2.554639948272133,3.17038557299597,1.339377424674072,.7014460149010636,2.745923883893117,2.924182536849968,2.361231297060571,2.615823806830958,4.151118659775671,2.404058047448958,1.088561962447682,2.822771765109479,156.4558576465408,5.052773910427358,54.62767293934664,4.000540584746682,100.4398359926253,4.609558901399016,160.2936726969579,5.077007587201784,7.177352252518481,1.970930547990133,18.1725098598788,92.57618675893167,4.528031946149662,.7027400350079622,-1.657361921445435,0
1960m9,31.52499898274739,5.5,27.78333282470703,10.9250005086263,12.9250005086263,3.924999872843424,2.041666666666667,37.70000076293945,10,17.67226727324011,20.05662681824099,12.83689956088377,52.94374034490872,15.98099994659424,11.05700016021729,16.07500076293945,,2.599999904632568,2.970000028610229,,3.799999952316284,,23.85000101725261,308.8999938964844,1.000007197151237,1.000005236794644,21,622,14.8788485172862,16.82983333333333,0,,0,0,3.450780849582859,3.324436302221808,2.391053787537836,2.559163459746624,3.17178425998645,1.367366318837791,.7137664677626809,2.746501406564632,2.924773139566078,2.363303866082384,2.617216276868303,4.146731443936266,2.403063726050387,1.088561962447682,2.823153105202601,157.2143086969797,5.057609898098251,54.47077720312517,3.99766435975579,100.6863101742339,4.612009843851694,160.2946692383066,5.077013804154919,7.413529620826777,2.003306657993257,18.19783216154361,92.48262751262656,4.527020816205439,.7042794430182266,-1.65793944411695,0
1960m10,31.6750005086263,6.099999904632568,27.9499994913737,11.0500005086263,13.00833384195963,3.891666730244955,2.024999936421712,37.40000152587891,9.800000190734863,17.69267365011503,20.0900008501107,12.8526038441265,52.89935910733086,15.98999977111816,11.00399971008301,16.16500091552734,,2.470000028610229,2.970000028610229,,3.890000104904175,,24.05833435058594,311.0999946594238,1.007299540804363,1.007299044518616,22,621,14.90005760785532,17.00441666666667,0,,0,0,3.45552774226486,3.330417181403387,2.40243047399329,2.565590216833421,3.180481479163643,1.358837531223885,.7055696691618167,2.747655452272439,2.9264357469379,2.364526488797303,2.618640714291635,4.145892820721174,2.398258816715818,1.088561962447682,2.83347311423459,157.9749903497032,5.062436731572023,55.00248900470015,4.007378438839423,101.2116610744546,4.617213978223573,161.4647069411488,5.08428658590878,7.356737011404818,1.995616493594441,18.22377230536774,93.308983352794,4.535916387814097,.7078722899924208,-1.659093489824757,0
1960m11,31.64999898274739,6.099999904632568,27.9499994913737,11.09166717529297,13.09999974568685,3.758333206176758,2.050000031789144,37.09999847412109,9.800000190734863,17.75276077498649,20.16105490934822,12.88280500918593,53.24602723399351,16.03300094604492,11.11100006103516,16.22599983215332,90.09999847412109,2.440000057220459,2.970000028610229,,3.930000066757202,,24.19166692097982,310.7999935150146,1.002639423634341,1.002640732422383,23,620,14.94318335070742,17.10333333333333,0,,0,0,3.454738116449502,3.330417181403387,2.406194121469681,2.572612210793888,3.186008231755012,1.323975562887397,.7178398086572162,2.7510458568988,2.929966294482697,2.3668735413812,2.62153086773918,4.152424792975619,2.40793561409509,1.088561962447682,2.839273376285764,157.4402981352345,5.059046326945662,55.01531157553674,4.007611538771016,101.6859273764219,4.621888919600142,161.8909863662656,5.086923185052603,7.058429335320157,1.954222553003509,18.27651798856712,93.58091811597988,4.538826496417725,.7036922595507016,-1.662483894451118,0
1960m12,31.51666768391927,6.599999904632568,27.60833231608073,10.95833333333333,13.11666615804037,3.524999936421712,2.058333396911621,39.5,10.39999961853027,17.75616111700576,20.19012294571981,12.89851044452926,52.86167945579289,16.02799987792969,11.05900001525879,16.28899955749512,,1.980000019073486,2.970000028610229,,3.839999914169312,,24.0749994913737,306.5999870300293,.9938642753360806,.9938650205636275,24,619,14.96292071057982,16.95491666666667,0,,0,0,3.450516538713012,3.318117622671996,2.394100201829819,2.573883647418201,3.181173936557447,1.259880418227838,.7218966247341677,2.751237377330764,2.931407047538491,2.368091899483546,2.622850823203631,4.145180277545652,2.403244577472985,1.088561962447682,2.830557860594522,155.4859303998946,5.046555247782307,54.27571373782266,3.99407686607536,101.6913248583958,4.621941998122109,160.8977281711519,5.080768934390589,6.66834647084869,1.897371923773918,18.30065810679284,92.6464860866033,4.528791025262032,.6992791613822482,-1.662675414883082,0
1961m1,31.8249994913737,6.599999904632568,27.68333435058594,11.02500025431315,13.19166692097982,3.466666539510091,2.041666666666667,42.29999923706055,11.10000038146973,17.75956254021486,20.18474096469905,12.89730189100262,52.98895528789956,16.0319995880127,11.08899974822998,16.26799964904785,,1.450000047683716,2.970000028610229,,3.839999914169312,,24.21666717529297,307.7000122070313,1.00605785796213,1.006057881103521,25,618,14.96034119650483,17.04916666666667,0,,0,0,3.460252128461497,3.320830584137224,2.400165444399862,2.579585336377284,3.187041122351333,1.243193480799435,.7137664677626809,2.751428921968983,2.931140446959251,2.367998197954647,2.622678414587927,4.147585098145036,2.405953603266595,1.088561962447682,2.836101326679735,155.878469911067,5.049076664609316,54.62046936145823,4.000408709224643,102.2823768293937,4.627737388610092,161.8724256165407,5.086808528800178,6.542243606568578,1.878280165746131,18.2975031876376,93.17755811724983,4.53450689996295,.708823206492514,-1.662866959521301,0
1961m2,31.98333231608073,6.900000095367432,27.80833435058594,11.10833358764648,13.20833333333333,3.491666793823242,2.016666730244955,42.70000076293945,11.10000038146973,17.77543440693754,20.19442894121793,12.91663183482527,53.00737985809887,16.04800033569336,11.09700012207031,16.2819995880127,91.59999847412109,2.539999961853027,2.970000028610229,,3.779999971389771,,24.31666692097982,309.5000114440918,1.003091239845828,1.00309308493276,26,617,14.97581044584316,17.10925,0,,0,0,3.465214901979889,3.325335772550182,2.40769560029057,2.580847943529335,3.191161996759074,1.250379213557249,.7014460149010636,2.752322231052519,2.931620297175456,2.369495834668284,2.623711897508512,4.147932743568049,2.406674812518725,1.088561962447682,2.839619252928168,156.4425021294145,5.052688543938738,55.00692106709575,4.007459014899146,102.2583402719708,4.627502359048504,162.3729614428273,5.089895920287333,6.587133344772858,1.885118253080931,18.3164231197007,93.40934028542782,4.536991343290797,.7128926709273702,-1.663760268604837,0
1961m3,32.1000010172526,6.900000095367432,28.14166768391927,11.21666717529297,13.3249994913737,3.600000063578288,2.016666730244955,40.20000076293945,10.39999961853027,17.76523121850007,20.152442918352,12.92146374473064,53.03836111787055,16.05299949645996,11.01000022888184,16.25900077819824,,2.019999980926514,2.970000028610229,,3.740000009536743,,24.54166666666667,313.5000114440918,1.010006947171589,1.010009018777285,27,616,14.9646145506097,17.26858333333333,0,,0,0,3.468856061826082,3.337251313751082,2.41740081276821,2.589641931881078,3.200372353303641,1.2809338631227,.7014460149010636,2.75174806123672,2.929539043482844,2.369869849072466,2.622964019296588,4.148517043519522,2.39880397152313,1.088561962447682,2.848888858297859,158.4086766887309,5.065178254955438,55.65909413929371,4.019245481069398,103.1229878798184,4.635922332996066,163.9979872763697,5.099854155043825,6.787540164707911,1.915088602694908,18.3027297870399,94.34976931999046,4.547008826872412,.717108000589362,-1.663186098789038,0
1961m4,32.1499989827474,7,28.13333384195964,11.15833282470703,13.41666666666667,3.558333396911621,2.058333396911621,40.79999923706055,10.60000038146973,17.75502803006261,20.05985682821645,12.94804155341134,53.15140326675807,16.07500076293945,10.83699989318848,16.22100067138672,,1.490000009536743,2.970000028610229,,3.779999971389771,,24.5749994913737,312.9000053405762,1.002343529116543,1.002334571592617,28,615,14.9499709584465,17.25325,0,,0,0,3.470412419042801,3.336955131012936,2.412186557326485,2.596497715196463,3.201729645336331,1.269292288314013,.7218966247341677,2.751173561560538,2.924934171126615,2.371924609511481,2.62198499230466,4.150646103551688,2.382966195084669,1.088561962447682,2.848000531528327,158.4527706423476,5.065456571893473,55.62518676111178,4.018636097983901,103.6192740911606,4.640723355872436,164.3815868250179,5.102190474068443,6.694712045612299,1.901317967854056,18.28481968921759,94.35832725314815,4.547099527094809,.7192388574822624,-1.662611599112856,0
1961m5,32.43333435058594,7.099999904632568,28.3249994913737,11.19166692097982,13.50833384195963,3.625,2.058333396911621,41.90000152587891,10.80000019073486,17.76523121850007,20.04155480729387,12.96374583665407,53.27784539345177,16.09600067138672,10.90299987792969,16.14599990844727,92.5,1.980000019073486,2.970000028610229,,3.710000038146973,,24.70000076293945,315.1999931335449,1.004837423106122,1.004836522801485,29,614,14.95368374834544,17.3425,0,,0,0,3.479186731888267,3.343744788957272,2.41516947646463,2.603306816606409,3.206803274522168,1.287854288306638,.7218966247341677,2.75174806123672,2.924021384197334,2.373136743968217,2.622233309104357,4.153022183205992,2.389037969528215,1.088561962447682,2.85316013627732,159.4406464120605,5.071671730161627,55.842308785877,4.022531804051328,104.2008537668625,4.646320322825646,165.1766961145771,5.107015786454583,6.803953825890899,1.917503888192378,18.28936068090478,94.82288803078089,4.552010815044104,.727438670651547,-1.663186098789038,0
1961m6,32.7749989827474,6.900000095367432,28.40833282470703,11.20833333333333,13.54166666666667,3.649999936421712,2.066666603088379,45.09999847412109,11.5,17.77316715186141,20.00818077542416,12.99032364533477,53.35739558350786,16.1200008392334,10.91800022125244,16.08399963378906,,1.730000019073486,2.970000028610229,,3.880000114440918,,24.75,316.0999946594238,1.001656953617646,1.001659478235383,30,613,14.95914840227686,17.38758333333333,0,,0,0,3.489665998612308,3.346682511451734,2.416657549253894,2.605771351981792,3.208825489014699,1.294727150175691,.7259369726192481,2.752194673006364,2.922354754487587,2.375184809531835,2.62259868099323,4.154514189114814,2.39041282362449,1.088561962447682,2.855756349953149,159.8383258424021,5.074162840886445,56.01875282484659,4.025686506550339,104.2442593147392,4.646736792637411,165.450594742632,5.108672629058241,6.840663597812267,1.922884744152608,18.29604432009563,95.03465901771739,4.554241656831061,.7374713256059438,-1.663632710558682,0
1961m7,32.95833333333334,7,28.38333384195964,11.15833282470703,13.54166666666667,3.674999872843424,2.058333396911621,47.5,12,17.81171373172497,20.07169882918812,13.01206839200951,53.39842602806578,16.14500045776367,10.99300003051758,16.125,,1.169999957084656,2.970000028610229,,3.920000076293945,,24.6999994913737,315.9000053405762,.9956365248775231,.9956387285251231,31,612,14.99433849492597,17.30641666666667,0,,0,0,3.495244137419709,3.345802136360481,2.412186557326485,2.605771351981792,3.206803223041773,1.301553098064371,.7218966247341677,2.754361132130751,2.925524330223186,2.376857328868704,2.624948331233272,4.155282867505535,2.397258709372819,1.088561962447682,2.851077338322928,159.3520661148132,5.071116006670805,55.59236873602678,4.01804593888733,104.0700544963503,4.645064273300542,164.7288374857757,5.104300712845273,6.882225088267346,1.928942013650567,18.33908416951903,94.3690344986325,4.547212994960797,.7408830052889579,-1.665799169683069,0
1961m8,32.99166615804037,6.599999904632568,28.50833384195964,11.21666717529297,13.5749994913737,3.716666539510091,2.041666666666667,46.29999923706055,11.69999980926514,17.82645143031468,20.08246484463713,13.02294076534688,53.48467460988815,16.16200065612793,11.04500007629395,16.10199928283691,99.19999694824219,2,2.970000028610229,,4.039999961853027,,24.79166666666667,317.6000061035156,1.003008710864703,1.003008937775554,32,611,15.00483888588886,17.37041666666667,0,,0,0,3.496254988907273,3.350196460036879,2.41740081276821,2.608229828352131,3.210507575197684,1.312827175025486,.7137664677626809,2.755188206103993,2.926060564313103,2.377692540710089,2.625648376521743,4.156896754079335,2.401977843779636,1.088561962447682,2.854768567683601,159.9215298311134,5.074683256373961,55.85304026207864,4.02272396023914,104.2391249102185,4.646687537829496,165.2244776182283,5.107305019712713,6.949030851583345,1.938602204037883,18.35192685369257,94.65173224124737,4.550204179032999,.7410667828032804,-1.666626243656311,0
1961m9,33.05833435058594,6.699999809265137,28.6999994913737,11.27500025431315,13.6750005086263,3.75,2.050000031789144,44.79999923706055,11.30000019073486,17.8468578071896,20.06631684816735,13.0531430825069,53.63037181792053,16.19400024414063,11.05700016021729,16.06500053405762,,1.879999995231628,2.970000028610229,,3.980000019073486,,24.95000076293945,319.7999935150146,1.005475533952091,1.005476286722024,33,610,15.01842900017759,17.473,0,,0,0,3.498273708503726,3.356897105043405,2.422587907944232,2.615569385501924,3.216873852776263,1.321755839982319,.7178398086572162,2.756332275972301,2.925256156475073,2.38000901820279,2.626553682051339,4.159617143095521,2.403063726050387,1.088561962447682,2.860656832356901,160.8126192377233,5.080239831512179,56.18868843558049,4.028715463253191,104.7640435884962,4.651710617486588,166.1292320431413,5.112765991761695,6.992306547363786,1.94481047997853,18.36854847724059,95.12455500580126,4.555187138176703,.7419414325314246,-1.667770313524619,0
1961m10,33.3999989827474,6.5,28.875,11.27500025431315,13.8000005086263,3.799999872843424,2.041666666666667,46.79999923706055,11.69999980926514,17.84572472024646,20.04263284622401,13.06522285727031,53.58180608190973,16.19899940490723,11,16.0669994354248,,2.259999990463257,2.970000028610229,,3.920000076293945,,25.07500076293945,322,1.005036302675523,1.005032638080599,34,609,15.01806363167376,17.53891666666667,0,,0,0,3.50855586952599,3.362976168841957,2.422587907944232,2.624668629020137,3.221871364274298,1.335001033270083,.7137664677626809,2.756268784520393,2.924075172935163,2.380934020605511,2.626529353744548,4.158711168787677,2.397895272798371,1.088561962447682,2.864422221448599,161.8034596669562,5.086382386762641,56.25508555098507,4.0298964467931,105.6239197706996,4.659884858602079,166.9656047405151,5.117787831566522,7.091959287513413,1.958961647574138,18.36810160699374,95.48573413808118,4.558976855575192,.7522870850055972,-1.66770682207271,0
1961m11,33.71666717529297,6.099999904632568,29.15833282470703,11.35833358764648,13.90833282470703,3.891666730244955,2.083333333333333,47.09999847412109,11.60000038146973,17.8468578071896,20.04370883174666,13.08334424756633,53.33059882216911,16.20199966430664,11.04300022125244,16.03800010681152,93,2.609999895095825,2.970000028610229,,3.940000057220459,,25.26666641235352,324.8999938964844,1.006850829496389,1.006851120506166,35,608,15.02988773927485,17.67066666666667,0,,0,0,3.517992290030953,3.372740732142042,2.429951711304492,2.632488144309892,3.229485993915052,1.358837531223885,.7339691750802005,2.756332275972301,2.924128856333442,2.382320053968213,2.627316369675547,4.15401185027057,2.401796763100531,1.088561962447682,2.871906014350322,163.3807650608423,5.096083458610816,56.66782371961192,4.037206566755082,106.3056399153769,4.666318340529133,168.1094819246638,5.124615445276277,7.297249264388945,1.987497464045046,18.38256328561993,96.12732670687902,4.565673632545917,.7616600140586511,-1.667770313524619,0
1961m12,33.9250005086263,6,29.36666615804036,11.40833282470703,13.98333358764648,3.975000063578288,2.058333396911621,47.09999847412109,11.60000038146973,17.85139339853168,20.02110081532598,13.09904968290966,53.40261372077232,16.21599960327148,10.9350004196167,16.06500053405762,,2.329999923706055,2.970000028610229,,4.059999942779541,,25.39166641235352,327.6999931335449,1.004792760900322,1.00479353807783,36,607,15.03219249900682,17.76875,0,,0,0,3.524152220713602,3.379860226954173,2.43434403792265,2.637866162431981,3.234421026188048,1.380024764100833,.7218966247341677,2.756586383174379,2.923000283951871,2.383519748485738,2.627469703025616,4.155361287953848,2.391968692502457,1.088561962447682,2.877441296417173,164.5062965250424,5.102948846220869,56.98154626929431,4.042727465754811,106.7507485362893,4.670496664133697,168.9152558020471,5.129397144199205,7.443456015771957,2.007335259238717,18.3853821617397,96.64607373229954,4.571055581262699,.7675658375392227,-1.668024420726697,0
1962m1,33.90833282470703,5.800000190734863,29.43333435058594,11.43333307902018,14.04166666666667,3.958333333333333,2.091666698455811,46.09999847412109,11.30000019073486,17.88540438705316,20.05339886167303,13.13529131140109,53.35739558350786,16.23500061035156,10.96500015258789,16.13800048828125,,2.150000095367432,2.970000028610229,,4.079999923706055,,25.47499974568685,328.1000118255615,1.001031138605991,1.001030904025777,37,606,15.06599354170248,17.82833333333333,0,,0,0,3.523660790219605,3.382127853503047,2.436533043260651,2.642029100004416,3.237697569125936,1.375823061252595,.7379612115477349,2.758489799311103,2.924612184467186,2.386282665347581,2.629715755785059,4.154514189114814,2.394708395785756,1.088561962447682,2.880788952089985,164.5662223432425,5.103313056633021,57.01444008512737,4.043304570577497,106.9003064627799,4.671896684844289,169.0894110313559,5.130427634377649,7.418528003560968,2.003980655229512,18.42672310967302,96.75259799163335,4.572157184176067,.7651709909085027,-1.669927836863421,0
1962m2,34.1499989827474,5.5,29.5,11.4499994913737,14.09999974568685,3.950000127156576,2.116666634877523,48.20000076293945,11.80000019073486,17.9330199872212,20.14060091738033,13.15824461160247,53.43610567960375,16.26199913024902,11.04399967193604,16.22400093078613,99.90000152587891,2.369999885559082,2.970000028610229,,4.039999961853027,,25.54999923706055,328.6000003814697,1.000029142897546,1.000032530984444,38,605,15.10988253003946,17.88458333333333,0,,0,0,3.530762556229021,3.384390263345774,2.437989685578736,2.646174779347729,3.240637286789069,1.373715611104568,.7498425092179973,2.76114852196843,2.928951249651189,2.388028593023436,2.632624636984079,4.155988250914776,2.401887264362732,1.088561962447682,2.883939075449573,164.5010155624722,5.10291674381842,56.85033698022843,4.040422147711579,107.157148707009,4.674296436511748,169.0946252313043,5.130458470841762,7.392005979702724,2.000399143281524,18.48040229341956,96.77594161303307,4.572398426336635,.7696140342605911,-1.672586559520748,0
1962m3,34.4250005086263,5.599999904632568,29.78333282470703,11.5749994913737,14.18333307902018,4.016666730244954,2.141666730244955,48,11.60000038146973,17.95682778730522,20.14921290837655,13.18240531322988,53.54412643037176,16.29999923706055,10.9040002822876,16.26399993896484,,2.849999904632568,2.970000028610229,,3.930000066757202,,25.75833257039388,331.6999931335449,1.006940657519003,1.00694289071411,39,604,15.12807204867096,18.04875,0,,0,0,3.538783059389629,3.393948935859779,2.4488475560305,2.652067548420851,3.248758169730939,1.390452387097173,.7615843717995334,2.762475237184708,2.929378751806678,2.389863073833292,2.63382772899734,4.158007704141756,2.389129720282675,1.088561962447682,2.893076430303292,165.8607699393469,5.111148701116147,57.44641016007961,4.050852516007854,107.5929069240935,4.678354724775014,170.268441923879,5.13737626177037,7.501601012144977,2.015116466047149,18.50264929773381,97.5468415877644,4.580332689177093,.7763078222049216,-1.673913274737026,0
1962m4,34.61666615804037,5.599999904632568,29.91666666666667,11.58333333333333,14.3000005086263,4.033333460489909,2.133333365122477,48.59999847412109,11.69999980926514,17.97723524536998,20.19765895119338,13.19448624009389,53.45034255709652,16.30299949645996,11.04699993133545,16.27199935913086,,2.779999971389771,2.970000028610229,,3.839999914169312,,25.88333384195964,333.3999996185303,1.003262607559878,1.00326590951369,40,603,15.15202615149747,18.102,0,,0,0,3.544335246960907,3.398415738700279,2.449567283342692,2.660259572834134,3.253599280577313,1.394593195461009,.7576857165986775,2.763611065339747,2.93178022998165,2.390779097443151,2.635409897434516,4.156254643480191,2.402158891674464,1.088561962447682,2.896022429404979,166.4141691329966,5.114479675801607,57.3498808021458,4.049170765145074,108.3786079155784,4.685630725578437,170.8242421387426,5.140635204179568,7.545945016500946,2.021010335072549,18.53194677611803,97.67996972302934,4.581696519841604,.7807241816211601,-1.675049102892065,0
1962m5,34.65833282470703,5.5,30.16666666666667,11.625,14.41666666666667,4.133333206176758,2.125,46,11.10000038146973,17.98857152075059,20.16966895375192,13.22589595867996,53.4637393406291,16.32600021362305,11.03499984741211,16.24099922180176,95.40000152587891,2.359999895095825,2.970000028610229,,3.869999885559082,,26.04166666666667,336.5,1.005418396541876,1.005417675923958,41,602,15.16256240065532,18.19825,0,,0,0,3.545538182285425,3.406737562037771,2.45315795147342,2.668384944709778,3.259697819388456,1.419084153179193,.7537718023763802,2.764241457191082,2.930393464823796,2.393156786997179,2.636105024769923,4.156505251882095,2.40107202588107,1.088561962447682,2.901325435613519,167.699067332101,5.122171107287764,57.63604760522131,4.054148198433656,109.0033273489137,4.691378407900054,171.7497740720999,5.146038615655304,7.731096360174872,2.04525068438883,18.54483331727502,98.13110578377554,4.586304398714737,.7812967250943434,-1.6756794947434,0
1962m6,34.68333435058594,5.5,30.03333282470703,11.48333358764648,14.4499994913737,4.091666539510091,2.125,47.79999923706055,11.5,17.99990887732102,20.13414089742942,13.25005781240798,53.63120871760712,16.35600090026855,10.94699954986572,16.22400093078613,,2.680000066757202,2.970000028610229,,3.910000085830688,,25.93333307902018,334.8999938964844,.9956159429247027,.9956062547826746,42,601,15.16604827985589,18.08308333333333,0,,0,0,3.546259293501258,3.40230785901079,2.440896730937841,2.670694379359388,3.255529132709817,1.408952353935511,.7537718023763802,2.764871511965281,2.928630452063658,2.394981979822677,2.636334898749489,4.15963274793152,2.393065405003,1.088561962447682,2.894976878772102,166.8526936963971,5.117111349486584,57.03413741935517,4.043649990658214,109.0561241011495,4.691862649724166,170.9959812897721,5.141640054997099,7.629264074681945,2.031991389095723,18.54909678192107,97.48767579323895,4.579725967893754,.7813877815359769,-1.676309549517599,0
1962m7,34.81666564941406,5.400000095367432,30.11666615804036,11.51666641235352,14.5,4.100000063578288,2.116666634877523,48.29999923706055,11.60000038146973,17.98970568888356,20.07277686811826,13.26334614069803,53.67140545675206,16.3700008392334,10.85200023651123,16.17000007629395,,2.710000038146973,2.970000028610229,,4.010000228881836,,26.01666641235352,335.9999942779541,1.004007283530674,1.004010798008197,43,600,15.15402924758519,18.14083333333333,0,,0,0,3.550096170117061,3.405078711481595,2.443795239463385,2.674148649426529,3.258737348518322,1.410986989217162,.7498425092179973,2.764304504575299,2.925578038182335,2.395984365591491,2.635542088580098,4.160381969958113,2.384349416590938,1.088561962447682,2.898165382624845,167.4105551190337,5.120449209347372,57.37455504049129,4.049600913065082,109.3238451758969,4.694314534022492,171.6815111499095,5.145641080974996,7.639077137419163,2.03327680235078,18.5343966973176,97.87657850206031,4.583707281915887,.7857916655417618,-1.675742542127617,0
1962m8,34.8999989827474,5.699999809265137,30.24166615804036,11.59999974568685,14.55833307902018,4.083333333333333,2.133333365122477,47.70000076293945,11.39999961853027,18.0157807440437,20.12768087747851,13.27542706756204,53.67810065424473,16.37199974060059,10.97000026702881,16.22299957275391,91.59999847412109,2.930000066757202,2.970000028610229,,3.980000019073486,,26.15833282470703,337.2999935150146,1.00372037732867,1.003719757668091,44,599,15.18007533095708,18.26108333333333,0,,0,0,3.552486800060742,3.409220647612298,2.451005076188771,2.678163549883448,3.264167794615767,1.406913648322626,.7576857165986775,2.765752898267586,2.92830955153201,2.396894801624362,2.637259369517492,4.160506706396014,2.395164298628871,1.088561962447682,2.904772201628952,167.8620903956035,5.123142751785788,57.63207304556606,4.054079236440793,109.663764524705,4.69741899844654,172.320177959603,5.149354246135046,7.607074921736139,2.029078725018344,18.56625280856953,98.35632166392058,4.588596819982601,.7867339017931561,-1.677190935819904,0
1962m9,35.08333333333334,5.599999904632568,30.73333231608073,11.875,14.64166641235352,4.208333333333333,2.158333301544189,44,10.39999961853027,18.10421017915143,20.36129910056645,13.28509088737277,53.72415569119578,16.40399932861328,11.17599964141846,16.41600036621094,,2.900000095367432,2.970000028610229,,3.980000019073486,,26.51666641235352,342.8999881744385,1.008101442414314,1.008082835094483,45,598,15.26449927450219,18.58833333333333,0,,0,0,3.557726183894381,3.425347808795113,2.474435349920705,2.683871328035912,3.277773456524995,1.437066686493314,.7693363041889307,2.770649334258999,2.939849521953836,2.397622484740599,2.642805458503099,4.161364324128471,2.413768589869698,1.088561962447682,2.922534143778391,169.75792929908,5.134373476977188,58.32142606102003,4.065969539750901,110.2112626588814,4.702399093482766,173.7146167424368,5.157413819058669,7.833223769067045,2.058374145456574,18.66950896802734,99.56519673424179,4.600812673146433,.7870768496353819,-1.682087371811317,0
1962m10,35.21666717529297,5.400000095367432,30.54166666666667,11.75,14.70833333333333,4.083333333333333,2.191666603088379,47.79999923706055,11.30000019073486,18.08607105735262,20.30962304777417,13.3007963227161,53.47378852541533,16.40299987792969,11.10900020599365,16.36400032043457,,2.900000095367432,2.970000028610229,,3.930000066757202,,26.45833333333333,340.2000007629395,.9982831155323094,.9982726457923733,46,597,15.2571941503234,18.47508333333333,0,,0,0,3.561519469836728,3.419091871538706,2.463853240590168,2.688414226585351,3.275571168544746,1.406913648322626,.7846622603866135,2.769646903623038,2.937308341283656,2.39880397152313,2.642326774426393,4.156693196844286,2.407755609142537,1.088561962447682,2.916422977424002,168.8684433994326,5.129119970356744,57.85434802192324,4.057928611090544,110.5823514357057,4.705760505249676,173.4154594393263,5.155690215155126,7.636139959286002,2.032892234570071,18.6605743099743,99.00597391291531,4.595180190868751,.7918725662136898,-1.681084941175356,0
1962m11,35.34166717529297,5.699999809265137,30.97500101725261,11.80833307902018,14.8249994913737,4.341666539510091,2.208333333333333,44,10.39999961853027,18.0985415008662,20.30639303779871,13.32133366796479,53.49304680102761,16.41500091552734,11.11600017547607,16.37899971008301,95,2.940000057220459,2.970000028610229,,3.920000076293945,,26.63333257039388,345.2000122070313,1.005821830066888,1.005821303363386,47,596,15.26921667192029,18.60741666666667,0,,0,0,3.565062641084234,3.433180460356291,2.468805475371882,2.6963149105751,3.282163535458082,1.468258269683817,.7922380832041763,2.770336171415376,2.937149290234658,2.400346849521992,2.64311445446441,4.157053276223312,2.408385527666158,1.088561962447682,2.923560246761001,171.1463932923552,5.142519291381991,58.15081514988862,4.063039896921255,111.2876522793279,4.712118311240562,174.4250091058824,5.161494902030444,8.116319408126678,2.093876776552237,18.67527866225833,99.63662124234428,4.601529780167732,.7947264696688583,-1.681774208967694,0
1962m12,35.49166615804037,5.5,31.13333384195964,11.81666692097982,14.85833358764648,4.458333333333333,2.25,43.79999923706055,10.30000019073486,18.09173973563784,20.25902503391202,13.33582939768089,53.47378852541533,16.42000007629395,11.19099998474121,16.27300071716309,,2.930000066757202,2.970000028610229,,3.859999895095825,,26.6750005086263,346.6000061035156,1.001993878053657,1.001995471335902,48,595,15.26266136827111,18.63641666666667,0,,0,0,3.569297912810302,3.43827907290372,2.469510985831591,2.698560892196954,3.283726816255344,1.49477500411396,.8109302162163288,2.769960282360301,2.934813900749364,2.401434416950619,2.642685047289307,4.156693196844286,2.415109882472402,1.088561962447682,2.925117551864445,172.0859038262193,5.147993792984495,58.32791509561611,4.06608079686626,111.4166441738551,4.713276725433789,174.7729302576273,5.163487590002809,8.337418118812268,2.120753590361406,18.66726108512948,99.83476730559372,4.603516492446278,.7993376304500011,-1.681398319912619,0
1963m1,35.83333333333334,5.699999809265137,31.1999994913737,11.90000025431315,14.88333384195963,4.424999872843425,2.274999936421712,47,10.89999961853027,18.13595391259679,20.33223106419485,13.37207217827291,53.39423833535925,16.45100021362305,11.11200046539307,16.41600036621094,,2.920000076293945,2.970000028610229,,3.829999923706055,,26.78333409627279,347.0999946594238,1.000943772723922,1.000942790255452,49,594,15.31020487117964,18.72066666666667,0,,0,0,3.578878558899608,3.440418078513312,2.476538421488336,2.700242052828617,3.287779832001017,1.487270249723943,.8219800244564133,2.772401188443955,2.938420889874099,2.404148430459736,2.645795226155824,4.155204440906973,2.408025647334067,1.088561962447682,2.929628082950947,172.0339588517754,5.147691892510433,58.52776420227242,4.069501243398269,111.3016265806749,4.712243872556336,174.9377903276166,5.164430426881965,8.287410797117897,2.114737591908701,18.72540998591949,99.97466907663762,4.604916844666265,.8064773704556534,-1.683839225996272,0
1963m2,35.65833282470703,5.900000095367432,31.11666615804036,11.8249994913737,14.9250005086263,4.366666793823242,2.283333301544189,45.90000152587891,10.69999980926514,18.15522720252856,20.34837906066464,13.38415310513692,53.5114681769533,16.46999931335449,11.10000038146973,16.4419994354248,98.40000152587891,3,2.970000028610229,,3.920000076293945,,26.75,345.9999942779541,.997902300223305,.9979020580842947,50,593,15.32329557136511,18.67866666666667,0,,0,0,3.573982859370887,3.437743564973838,2.4702158913652,2.70303769335748,3.286534473342015,1.473999970658822,.8256363496837713,2.77346333583908,2.93921478147348,2.405051467233946,2.646649891851432,4.157397586481837,2.40694514268493,1.088561962447682,2.927382052665758,171.392325807449,5.143955231575834,58.11273446459698,4.062384821675752,111.5124759212295,4.714136476310987,174.5708021842779,5.162330402527355,8.160244789740061,2.099274167268717,18.7414207924396,99.6651581197182,4.601816148685468,.8005195235318077,-1.684901373391398,0
1963m3,35.78333282470703,5.699999809265137,31.25,11.89166641235352,15,4.358333269755046,2.233333269755045,45.59999847412109,10.60000038146973,18.14048842274903,20.28378502137803,13.39140096999497,53.58515687492969,16.47999954223633,11.02499961853027,16.37100028991699,,2.980000019073486,2.970000028610229,,3.930000066757202,,26.89166641235352,348.2000007629395,1.006404117202672,1.00640811677586,51,592,15.30639229555548,18.78833333333333,0,,0,0,3.577482221442625,3.442019376182411,2.475837853308961,2.70805020110221,3.291816439812965,1.472089706695124,.8034952092609202,2.772651185956607,2.936035325239204,2.405592846509589,2.645546173289295,4.158773702854679,2.400165386732481,1.088561962447682,2.933236109828385,172.2665855061048,5.149043192666879,58.62646641058527,4.071186239853788,112.0121788124281,4.718607604780074,175.6891231656336,5.168716087560442,8.133471140016635,2.095987786932176,18.72074694958096,100.361023969473,4.608773924410231,.8048310354860173,-1.684089223508925,0
1963m4,35.9250005086263,5.699999809265137,31.36666615804036,11.84166717529297,15.08333333333333,4.433333396911621,2.199999968210856,46,10.69999980926514,18.13935533580588,20.25687100945922,13.40227334333234,53.59436596575573,16.5,11.00100040435791,16.29500007629395,,2.900000095367432,2.970000028610229,,3.970000028610229,,26.9250005086263,349.9999942779541,1.001373637214489,1.001369616063272,52,591,15.3043737497657,18.7755,0,,0,0,3.581433446123093,3.44574574170772,2.47162442826731,2.713590381477825,3.293055241932937,1.489151760900566,.7884573459146591,2.772588722239781,2.934707570905269,2.40640440925436,2.645414288592929,4.158945547076498,2.397986214513767,1.088561962447682,2.932552828454051,172.9205122087478,5.152832021909015,58.4575335932353,4.068300569146073,112.5430958385678,4.723336222410919,175.9301030467745,5.170086774376779,8.272013889938194,2.112877996915799,18.71827813235695,100.3057004882523,4.608222527732263,.8088447238833116,-1.684026759792099,0
1963m5,36.125,5.900000095367432,31.43333435058594,11.86666615804037,15.11666615804037,4.458333333333333,2.225000063578288,47.40000152587891,10.89999961853027,18.1688307329853,20.28378502137803,13.43126710696572,53.62953491823394,16.53000068664551,11.04399967193604,16.29100036621094,91.69999694824219,3,2.970000028610229,,3.930000066757202,,26.98333231608073,350.5000114440918,1.000369551999825,1.000369702876432,53,590,15.33186291270109,18.78233333333333,0,,0,0,3.586985146432596,3.447868933333527,2.473733306328107,2.715797854246312,3.29521935375624,1.49477500411396,.7997569441927144,2.774212345276124,2.936035325239204,2.408565419276158,2.6472088412735,4.159601538016007,2.401887264362732,1.088561962447682,2.932916711713667,173.0069194464952,5.153331590498479,58.50321399844029,4.069081692872935,112.5483250214015,4.723382685157608,175.9951316400529,5.170456333519512,8.313205289083177,2.117845249189684,18.75189922694491,100.1622987944852,4.606791858311309,.8127728011564725,-1.685650382828441,0
1963m6,36.38333384195963,5.599999904632568,31.80833435058594,11.99166615804037,15.23333358764648,4.583333333333333,2.175000031789144,45.90000152587891,10.5,18.20851256217166,20.36345312501925,13.44093207887705,53.7584877439874,16.5580005645752,10.92599964141846,16.44700050354004,,2.990000009536743,2.970000028610229,,3.990000009536743,,27.22499974568685,355.6000118255615,1.006811231123502,1.006811556853636,54,589,15.36452392463714,18.968,0,,0,0,3.594110808307494,3.459728341943878,2.484211921690341,2.723486025926567,3.304135659477862,1.522426535444471,.7770286791563457,2.77639402438358,2.939955306487177,2.409284747996613,2.649336845747401,4.162003163160746,2.39114523715442,1.088561962447682,2.942753348763104,174.6893615938076,5.163009320001374,58.88817620675043,4.075640326987195,113.3353959253039,4.730351528117408,177.193903821721,5.177244634767232,8.525785463237764,2.143095155375456,18.79184584060577,100.9373967884176,4.614500490886845,.8177167839239141,-1.687832061935898,0
1963m7,36.5,5.599999904632568,32.03333282470703,12.05833307902018,15.35833358764648,4.625,2.199999968210856,44.40000152587891,10.10000038146973,18.24479080576927,20.4474251707511,13.45663636211978,53.71746049370309,16.57299995422363,11.02799987792969,16.50900077819824,,3.019999980926514,2.970000028610229,,4.019999980926514,,27.41666666666667,357.9999942779541,1.004558759826474,1.004562827923101,55,588,15.40244444827743,19.06641666666667,0,,0,0,3.597312260588446,3.466777011430105,2.489755962759197,2.73165823144642,3.311151100977372,1.531476370964389,.7884573459146591,2.778384420436762,2.94407049183688,2.410452458383642,2.651801862279551,4.161239694627556,2.400437482092425,1.088561962447682,2.947928497743569,175.5752267358288,5.168067593434419,58.97237905664991,4.077069182706349,114.132039941868,4.737356023250232,178.0020486925559,5.181795059734593,8.609863454997384,2.152908459428565,18.83822519072027,101.2113215211951,4.617210623335159,.8189278401516842,-1.68982245798908,0
1963m8,36.69166564941406,5.400000095367432,32.19166564941406,12.20833333333333,15.47499974568685,4.508333206176758,2.258333365122477,44.79999923706055,10.19999980926514,18.26973169279643,20.49802523802073,13.46992469040983,53.68982363840414,16.58799934387207,11.12800025939941,16.51399993896484,96.40000152587891,3.490000009536743,2.970000028610229,,4,,27.68333307902018,359.199987411499,1.008071617084966,1.008070396025776,56,587,15.42773794118281,19.26316666666667,0,,0,0,3.602549635249358,3.471707588284361,2.502118778669122,2.739225802136854,3.320830538204687,1.505927507859649,.8146270921740284,2.779750501064371,2.946542077447638,2.411439463693596,2.653442689327584,4.160725076719986,2.409464477931657,1.088561962447682,2.958194809608228,176.2021806927078,5.171632089661066,59.5585827979601,4.086960413005516,114.8855699000646,4.743936588630712,179.43870439439,5.189833669913874,8.396997607106988,2.127874214231395,18.86916083322893,102.088094096606,4.625836108151785,.822799134184987,-1.691188538616689,0
1963m9,36.95833333333334,5.5,32.125,12.02500025431315,15.5500005086263,4.549999872843425,2.258333365122477,48.70000076293945,11,18.26633026958733,20.40543914788518,13.4868375271792,54.02812276820096,16.61800003051758,10.97900009155273,16.45199966430664,,3.480000019073486,2.970000028610229,,4.079999923706055,,27.57500076293945,358.3999996185303,.9973733811279841,.997353241809409,57,586,15.4079911341406,19.10333333333333,0,,0,0,3.609791151961634,3.469634543215384,2.486987837140527,2.74406067133433,3.316909592807361,1.515127205016359,.8146270921740284,2.779564305670766,2.942015016004342,2.412694276037306,2.652161914698041,4.167006300106546,2.395984365591491,1.088561962447682,2.949862839895536,175.8700271257373,5.169745239985693,58.93036737491349,4.076356532920217,115.297603884449,4.747516645484477,178.96558041132,5.187193499146091,8.421539819853585,2.130792688001544,18.84500916047932,101.3707829518903,4.618784913068636,.8302268462908677,-1.691002343223084,0
1963m10,37.25,5.5,32.16666666666666,12,15.65833282470703,4.516666730244954,2.208333333333333,51.5,11.5,18.30147542624179,20.44311917525299,13.52187175424459,54.03398106600704,16.65500068664551,11.05300045013428,16.43199920654297,,3.5,2.970000028610229,,4.110000133514404,,27.65833282470703,359.5,1.000750190296649,1.000748665127162,58,585,15.44298091429457,19.12558333333333,0,,0,0,3.617651944825568,3.470930719676831,2.484906649788,2.751003224148632,3.319927050548306,1.507774272733974,.7922380832041763,2.781486497435186,2.943859881018027,2.415288568593069,2.654430225408094,4.167114724755039,2.402701925053895,1.088561962447682,2.951026880336776,175.7599642515384,5.16911922468272,58.69945724587058,4.072430480554005,115.800039441964,4.751864905743017,179.0997021767054,5.187942646176984,8.358937544741458,2.123331331070666,18.88780401425254,101.2589039938225,4.617680642799822,.8361654473903823,-1.692924534987504,0
1963m11,37.375,5.699999809265137,32.4499994913737,12.08333333333333,15.74166615804037,4.633333206176758,2.208333333333333,49.5,11,18.32755156259176,20.48941119361702,13.54361765301993,53.94940947783146,16.67000007629395,11.02099990844727,16.51799964904785,94.40000152587891,3.480000019073486,2.970000028610229,,4.119999885559082,,27.8249994913737,362.8999938964844,1.004125186095026,1.004125031386438,59,584,15.4722143842474,19.23908333333333,0,,0,0,3.621002031710851,3.479700427475945,2.491827092632574,2.756311092408634,3.325934878882137,1.533276524024671,.7922380832041763,2.78291029396481,2.946121751353572,2.416895478642055,2.656321429936075,4.165548343017229,2.399802535402288,1.088561962447682,2.956943800304915,177.0558352028165,5.176465135952211,58.97355087049843,4.077089053063034,116.22940458992,4.755565863954033,179.8385079236166,5.192059269982833,8.5882927190902,2.150399964099173,18.92355851360665,101.6673651496351,4.621706358239981,.8380917377460411,-1.694348331517127,0
1963m12,37.73333231608073,5.5,32.89166768391927,12.24166615804037,15.85833358764648,4.783333460489909,2.300000031789144,48.5,10.69999980926514,18.35476078588488,20.5432412708621,13.55690598130998,53.96113246199086,16.69400024414063,11.03699970245361,16.55299949645996,,3.380000114440918,2.970000028610229,,4.130000114440918,,28.09999974568685,367.1000118255615,1.008173372882787,1.008171747992746,60,583,15.49846733443642,19.49758333333333,0,,0,0,3.630543850141981,3.493219363808167,2.504845391843052,2.763695140550666,3.33576956728941,1.565137680120776,.8329091367564708,2.784393800676425,2.948745520712521,2.417876148206548,2.658016772435505,4.165765615287293,2.401253237831755,1.088561962447682,2.970290526265611,179.1996532540675,5.188500565572817,59.58975020852023,4.087483582914563,116.9760534557762,4.761969242531571,181.3082489986012,5.200198615890677,8.864405252909014,2.182043847925215,18.95566763688525,102.8588583996567,4.633357741701247,.8461500494655558,-1.695831838228743,0
1964m1,37.94166564941406,5.599999904632568,33.06666564941406,12.26666641235352,15.96666717529297,4.825000127156575,2.274999936421712,48.79999923706055,10.69999980926514,18.39330736574844,20.61214130564683,13.57623477303203,54.01137199737482,16.71699905395508,11,16.67200088500977,,3.480000019073486,2.970000028610229,,4.170000076293945,,28.23333358764648,369.4999885559082,1.002473627642304,1.002476799062538,61,582,15.53355832869745,19.56766666666667,0,,0,0,3.636049865741773,3.498525694859029,2.506885535774725,2.770503247604269,3.340503321997449,1.573810761144643,.8219800244564133,2.786491684779711,2.952093811742341,2.419300885222188,2.660278372087362,4.166696214040395,2.397895272798371,1.088561962447682,2.97387854418539,179.7755291742147,5.191709012520394,59.51184901392551,4.086175435816416,117.6074769052264,4.767352612569534,181.7570255971992,5.202670770946858,8.933304133416739,2.189786330195979,18.99858628231685,102.9953827926634,4.634684159969169,.8495581809620623,-1.697929722332029,0
1964m2,38.11666615804037,5.400000095367432,33.3500010172526,12.40833282470703,16.06666692097982,4.866666793823242,2.291666666666667,47.5,10.39999961853027,18.41938133971875,20.61860132559774,13.60643593809146,54.12106974178962,16.74900054931641,10.99400043487549,16.67600059509277,99.5,3.480000019073486,2.970000028610229,,4.150000095367432,,28.47499974568685,372.7000122070313,1.007155414047087,1.007158791485977,62,581,15.55518934960818,19.78516666666667,0,,0,0,3.640651618456746,3.507057802863959,2.518368248911259,2.776746748217064,3.349026500402143,1.582409266174244,.8292793548845252,2.787908260381625,2.952407171123788,2.421522975745034,2.66166993823375,4.168725166319336,2.397349708994179,1.088561962447682,2.984932498692059,181.0592896805829,5.19882454492341,60.18028395215266,4.097344789571503,118.0813770342379,4.771374022659484,183.0578793076801,5.209802383205165,8.992185145345424,2.19635588294664,19.02504247531854,103.9953876178424,4.644346548329451,.8527433580751214,-1.699346297933942,0
1964m3,39.04166666666666,5.400000095367432,33.48333231608073,12.48333358764648,16.1999994913737,4.799999872843425,2.300000031789144,56.90000152587891,12.10000038146973,18.43071869628919,20.61321729116949,13.63059779181948,54.04570405016646,16.76499938964844,10.97299957275391,16.67700004577637,,3.430000066757202,2.970000028610229,,4.21999979019165,,28.68333307902018,374.199987411499,1.006422489357812,1.006422387171829,63,580,15.56900572799099,19.95883333333333,0,,0,0,3.664629451890476,3.511047772211969,2.524394441667334,2.785011210841652,3.356316225123205,1.568615891422892,.8329091367564708,2.788523583374891,2.952146011920072,2.423297167480124,2.662557760666163,4.167331656997074,2.395437671072537,1.088561962447682,2.993671818941236,181.6713328863416,5.202199191278154,60.55985056245553,4.103632141531293,118.8502495546914,4.777864293548983,184.2335572364225,5.216204285493813,8.881371715294808,2.183956017517549,19.0419408350672,104.8151210331334,4.652198046146213,.8761058685155856,-1.699961620927209,0
1964m4,39.28333282470703,5.300000190734863,33.56666564941406,12.4499994913737,16.27500025431315,4.850000063578288,2.316666603088379,58.59999847412109,12.39999961853027,18.44432222674592,20.61860132559774,13.64871918211549,54.06998691817184,16.78000068664551,10.96700000762939,16.68899917602539,,3.470000028610229,2.970000028610229,,4.230000019073486,,28.72499974568685,374.9999885559082,1.000587596102885,1.0005859625257,64,579,15.58247847198961,19.938,0,,0,0,3.670800327766394,3.513533480750966,2.521720582057197,2.789630203720633,3.357767814881446,1.578978718058317,.8401293434647255,2.789261401190591,2.952407171123788,2.424625748615706,2.663422743198113,4.167780858555076,2.39489076447374,1.088561962447682,2.992627458600512,181.9891521995825,5.203947082001451,60.38236684811971,4.100697122717441,119.2419599022815,4.781154705292381,184.3416616767458,5.216790892720105,8.969856180875642,2.193869642594972,19.05841890685867,104.6151839637903,4.65028870327354,.8815389265758031,-1.700699438742909,0
1964m5,39.49166615804037,5.099999904632568,34.03333282470703,12.69166692097982,16.375,4.975000063578288,2.291666666666667,55.5,11.69999980926514,18.44659056301187,20.58522729372803,13.67287988374291,54.00969819800166,16.79400062561035,10.93299961090088,16.65399932861328,98.5,3.5,2.970000028610229,,4.199999809265137,,29.06666692097982,380.8999938964844,1.011589527457511,1.0116034184724,65,578,15.58706798384276,20.24833333333333,0,,0,0,3.67608966630621,3.527340421557565,2.540945630150921,2.795755781521315,3.36959205099613,1.604425383390111,.8292793548845252,2.789384376530439,2.950787222673052,2.426394364564361,2.663717230119365,4.166665223801727,2.391785702862928,1.088561962447682,3.008072485638596,184.4966022770022,5.217631047468202,61.6542471933101,4.121542119261902,119.7626260102666,4.785511667144409,186.4793747682998,5.228320641913536,9.211308764103336,2.220431942680116,19.06403218844494,106.2122279965841,4.665439243390372,.886705289775771,-1.700822414082757,0
1964m6,39.68333435058594,5.199999809265137,34.28333282470703,12.72499974568685,16.50833384195964,5.049999872843425,2.341666698455811,54.70000076293945,11.5,18.47266669936185,20.62721331659396,13.69100127403892,54.00467679988215,16.80599975585938,10.94299983978271,16.73200035095215,,3.5,2.970000028610229,,4.170000076293945,,29.23333358764648,383.2999935150146,1.004090018598339,1.004091110117962,66,577,15.61257911321937,20.37083333333333,0,,0,0,3.680931309899015,3.534659312594892,2.54356854245127,2.80386533472678,3.375309619409451,1.619388218107748,.8508629401271348,2.790796980283586,2.952824764578837,2.427718839907651,2.665352577787417,4.166572247322935,2.392699967795231,1.088561962447682,3.014104139236654,185.5895165687766,5.223537334752383,61.69034832955347,4.122127489656465,120.5779877711572,4.792296745006583,187.2421806522296,5.232402862658806,9.351041746914863,2.235487753876545,19.09523401499137,106.6801973588829,4.669835549320378,.8901343296154289,-1.702235017835904,0
1964m7,39.91666666666666,4.900000095367432,34.5749994913737,12.85833358764648,16.58333333333333,5.133333206176758,2.350000063578288,53.79999923706055,11.19999980926514,18.49647449944587,20.66166333398631,13.7079141108083,54.03565486538021,16.82299995422363,10.94200038909912,16.78400039672852,,3.420000076293945,2.920000076293945,,4.190000057220459,,29.44166692097982,386.6999931335449,1.005693867069489,1.005693281183079,67,576,15.63482518042052,20.52266666666667,0,,0,0,3.686793947622915,3.54313086284001,2.553992129359195,2.808398174936492,3.382410913214964,1.635755195980712,.8544153552106577,2.792084962779431,2.954493496120178,2.42895340256679,2.666776444598917,4.167145701066912,2.39260863120178,1.071583642408253,3.021529966375132,186.9275114693317,5.230720902501655,62.23280952650045,4.130882345023049,120.9763440249297,4.795595022557157,188.3082578873322,5.238080289652819,9.499900054816591,2.251281278005532,19.12244245096077,107.3224130196587,4.675837509647356,.8947089848434842,-1.720501320371177,0
1964m8,40.125,5,34.80833435058594,12.95833333333333,16.6750005086263,5.174999872843425,2.383333365122477,53.40000152587891,11.10000038146973,18.5100780299026,20.64659132303919,13.74415573929973,53.95694157501071,16.84499931335449,10.92399978637695,16.77499961853027,100.5999984741211,3.5,2.920000076293945,,4.190000057220459,,29.63333384195964,389.1000118255615,1.005333225713199,1.005337897572933,68,575,15.65309074828046,20.66041666666667,0,,0,0,3.69199958145018,3.549856850939527,2.561739081831289,2.813910622304014,3.388899871015741,1.643839314580114,.8685000813759087,2.7928201585834,2.95376376247536,2.431593760816216,2.667944024438788,4.165687947352247,2.390962184056071,1.071583642408253,3.028219631284188,188.0507164494601,5.236711694797203,62.76257969456365,4.139359031139961,121.3242983048146,4.798467111675253,189.3129882046775,5.243401667613725,9.590980737203502,2.260823150319597,19.14478246859481,107.9166958441973,4.681359594716541,.89917942286678,-1.721236516175147,0
1964m9,40.3500010172526,5.099999904632568,34.71666717529297,12.90000025431315,16.79166666666667,5.024999936421712,2.383333365122477,57.09999847412109,11.80000019073486,18.53842034013886,20.70903339128049,13.75744406758978,53.91758812409957,16.85199928283691,10.95600032806396,16.87199974060059,,3.450000047683716,2.920000076293945,,4.199999809265137,,29.69166692097982,388.0000057220459,1.000101751191895,1.000108586926567,69,574,15.68225449632073,20.64383333333333,0,,0,0,3.697591419926679,3.547219893689653,2.557227331081824,2.820882731598737,3.390866431388925,1.614425441292744,.8685000813759087,2.794350170163472,2.956783526588382,2.432560128548819,2.669805421288459,4.164958332071111,2.393887281344603,1.071583642408253,3.027416646883097,187.2687453316906,5.232544725967256,62.29165799570673,4.131827516277474,122.055133091364,4.804472853237373,189.3328980724416,5.243506831137238,9.31977877952535,2.232138892313364,19.1804516933619,107.6295473295756,4.67869521346578,.9032412497632065,-1.722766527755219,0
1964m10,40.35833231608073,5.099999904632568,34.96666717529297,12.98333358764648,16.875,5.100000063578288,2.441666603088379,54.20000076293945,11.19999980926514,18.5497576967093,20.72302941670496,13.77798141283847,53.78612459928635,16.85899925231934,10.98999977111816,16.88500022888184,,3.359999895095825,2.920000076293945,,4.190000057220459,,29.85833358764648,390.3000068664551,1.004470291169274,1.00447075542511,70,573,15.70009522622784,20.76,0,,0,0,3.697797874415667,3.554395241280175,2.56366650323631,2.825833236758593,3.396463983040233,1.629240552196611,.8926808401961318,2.794961543249112,2.957459139869898,2.43405183232304,2.670942412749379,4.162517123931168,2.396985747589157,1.071583642408253,3.033028058297688,188.5020157513756,5.239108700472139,62.65171624560132,4.137591075150444,122.4780284888154,4.807931654623007,190.1793152041942,5.247967391327626,9.481999496290081,2.249395211357175,19.20227210561435,108.112206127577,4.683169633419451,.9028363311665548,-1.723377900840859,0
1964m11,40.6750005086263,4.800000190734863,34.6999994913737,12.8000005086263,16.98333358764648,4.908333460489909,2.358333269755045,61.09999847412109,12.5,18.57583383305927,20.75747943409732,13.7936868481818,53.87739777350185,16.88299942016602,11.01099967956543,16.89999961853027,99.90000152587891,3.519999980926514,2.920000076293945,,4.150000095367432,,29.78333409627279,388.0999946594238,.9961263542556166,.9961290510837105,71,572,15.72153749587696,20.63491666666667,0,,0,0,3.705613665609743,3.546739672294995,2.549445210662001,2.832232485974902,3.393948978553649,1.590934466775804,.8579551279022,2.796366296119764,2.959120162179768,2.43519107691958,2.672307222348368,4.164212650773872,2.39889474403014,1.071583642408253,3.026984624750384,186.8018405161353,5.230048378616306,61.6645221750785,4.121708760266264,123.1239607986687,4.813191659242776,189.4428843494702,5.244087577242053,9.110190290043928,2.209393599093663,19.22849744313183,107.314244015656,4.675761390273158,.9092473694899796,-1.72478265371151,0
1964m12,41.125,5,35.08333333333334,13.15833282470703,17.09166717529297,4.833333333333333,2.383333365122477,61.79999923706055,12.5,18.60304305635239,20.78977748044437,13.8142241934305,53.92345281045289,16.9069995880127,11.05500030517578,16.90900039672852,,3.849999904632568,2.920000076293945,,4.179999828338623,,30.25,392.3999996185303,1.014129525558699,1.014129172422278,72,571,15.74540116455616,21.05308333333333,0,,0,0,3.716616209085536,3.557726183894381,2.577055232819285,2.838591045049065,3.409496184476851,1.575536360758419,.8685000813759087,2.797829988970508,2.960674924407253,2.436678864170564,2.673823968131083,4.165067097459655,2.402882841914636,1.071583642408253,3.047047026044648,188.5892175116663,5.239571197364949,63.29232160894575,4.147764020196063,123.7251324140308,4.818062431065955,192.1195889762057,5.258118037382538,8.963323157964407,2.193141046390495,19.25768431447326,109.3230265360136,4.694307045784706,.9187862201150283,-1.726246346562254,0
1965m1,41.25,4.900000095367432,35.36666615804037,13.10833358764648,17.1750005086263,5.083333333333333,2.366666634877523,59.90000152587891,12.10000038146973,18.62344943322731,20.81238549686506,13.83596894010524,53.89665285484052,16.93000030517578,11.11999988555908,16.875,,3.900000095367432,2.920000076293945,,4.190000057220459,,30.28333409627279,395.9999942779541,.999739899526516,.9997389227291738,73,570,15.76686053439263,21.03766666666667,0,,0,0,3.71965111278069,3.565769742570311,2.573248179677108,2.843454867722753,3.410597531367448,1.625967214385311,.8614824819471274,2.798926325345717,2.96176179186934,2.438251710410912,2.675185937853135,4.164569973922279,2.408745278530987,1.071583642408253,3.046314481846406,189.9039503119137,5.24651841966567,62.98333071728357,4.1428700995918,124.1329796487362,4.821353407499295,192.0695247491726,5.257857414551085,9.431630841759766,2.244069023554764,19.28393056666966,109.0942875672254,4.692212531864413,.9207247874349731,-1.727342682937463,0
1965m2,41.28333282470703,5.099999904632568,35.9499994913737,13.25,17.25833384195964,5.450000127156575,2.425000031789144,53.20000076293945,10.69999980926514,18.63138536658866,20.79838947144059,13.85771368677998,53.86651168902902,16.95000076293945,11.11400032043457,16.82900047302246,102,3.980000019073486,2.920000076293945,,4.210000038146973,,30.50833384195964,402.2999935150146,1.006825484855013,1.006830006358584,74,569,15.77628899496991,21.211,0,,0,0,3.72045885494688,3.582129070018897,2.583997552432231,2.848295148084883,3.417999887009907,1.695615632006634,.8858315374983718,2.799352360437485,2.961089080247749,2.439822086690326,2.675783751387849,4.164010577458282,2.408205603689344,1.071583642408253,3.054519915037079,192.953979449334,5.262451712022488,63.70685585147975,4.154292183968514,124.5395469414539,4.824623311582012,193.380926602491,5.264661956658831,10.11760360243742,2.314276837640084,19.29546220790706,109.9274003983588,4.699820151520372,.9211064945093952,-1.727768718029232,0
1965m3,41.4750010172526,4.699999809265137,36.10833231608073,13.08333333333333,17.3249994913737,5.700000127156575,2.441666603088379,53.5,10.80000019073486,18.65519316667268,20.84791149978008,13.87221056859667,53.8497609182029,16.95999908447266,11.1569995880127,16.88899993896484,,4.050000190734863,2.920000076293945,,4.210000038146973,,30.40833282470703,403.9999885559082,.9951042410091782,.9951100490741462,75,568,15.80189343361294,21.05816666666666,0,,0,0,3.725090860603394,3.586523650785624,2.571339155560308,2.852150515718027,3.414716676927858,1.740466197148675,.8926808401961318,2.800629377758783,2.963467301147359,2.44086766351945,2.677405405472093,4.163699560922791,2.412067066684691,1.071583642408253,3.047288450051678,193.5564643768359,5.265569275467916,62.75608630375923,4.13925556619698,124.8899690911073,4.827433102386031,192.4347417760967,5.259757092492538,10.58500544842679,2.359438419317616,19.32677815796025,108.9584952781863,4.690967032450727,.9244614828446114,-1.729045735350529,0
1965m4,41.58333333333334,4.800000190734863,36.4250005086263,13.33333333333333,17.47499974568685,5.608333587646484,2.475000063578288,50.79999923706055,10.19999980926514,18.68467072623175,20.90281756254782,13.89153936031872,53.80622296885883,16.97999954223633,11.17000007629395,16.94700050354004,,4.090000152587891,2.920000076293945,,4.199999809265137,,30.80833307902018,407.4000053405762,1.011205711977299,1.011202927212775,76,567,15.8323653583833,21.38925,0,,0,0,3.727699445963518,3.595255366044928,2.590267165445827,2.860771273566904,3.427785207899899,1.724253632208265,.9062404217088503,2.802208256876673,2.966097487285597,2.442260039901912,2.679331920292328,4.162890726148436,2.413231619911364,1.071583642408253,3.062888459365984,194.945905348434,5.272722111609331,63.78725400743608,4.155553389944262,125.7959920237803,4.834661483852446,194.59084212396,5.270899108644342,10.4232062356289,2.344034689151561,19.3640473708275,110.4585709298745,4.704640526944798,.9254911890868454,-1.73062461446842,0
1965m5,42.13333384195963,4.599999904632568,36.46666717529297,13.44166692097982,17.59166717529297,5.424999872843425,2.483333269755045,56.79999923706055,11.19999980926514,18.72661656692474,20.97064161180989,13.91811716899942,53.85813630361596,17.01099967956543,11.16899967193604,17.03400039672852,105.4000015258789,4.099999904632568,2.920000076293945,,4.210000038146973,,31.03333409627279,407.8000068664551,1.004801811771085,1.004801775714503,77,566,15.87178009649496,21.57708333333333,0,,0,0,3.740839205116474,3.596398615267476,2.598359354262926,2.867425333979186,3.435061920199427,1.691017875987523,.909601718121363,2.804450674141876,2.969336966894533,2.44417144910932,2.681818330687693,4.163855081281947,2.413142054185964,1.071583642408253,3.071631794686942,194.7317447600278,5.271622943566675,64.09754727490059,4.160406099152425,126.3940155244263,4.839404135057319,195.5252272120758,5.275689410548505,10.07275825932951,2.309834577797307,19.41225424570856,111.1518686095065,4.71089745187039,.9363885309745976,-1.732867031733623,0
1965m6,42.31666564941406,4.599999904632568,36.26666768391927,13.41666666666667,17.69166692097982,5.166666666666667,2.516666730244955,61.29999923706055,12.10000038146973,18.78103501351098,21.17411375959609,13.93140549728948,53.44448106501682,17.00699996948242,11.20400047302246,17.32900047302246,,4.050000190734863,2.920000076293945,,4.210000038146973,,31.10833358764648,405.0000114440918,.9976839146349016,.9977184963098591,78,565,15.94679646883833,21.58875,0,,0,0,3.745180995443524,3.590899073802977,2.596497715196463,2.873093733295952,3.437475744307619,1.642227735257091,.9229352998557192,2.807352401254982,2.978992912310427,2.445125744050582,2.686533595758109,4.156144975081162,2.416270899616931,1.071583642408253,3.072172345675992,193.1026040781524,5.263221674989071,63.36353350603044,4.148888514670068,126.9912567287051,4.844118239432824,195.0757548604534,5.273387969586282,9.667353043209946,2.268754543267661,19.50400431303981,110.6888085825862,4.706722737789025,.9378285941885425,-1.735768758846728,0
1965m7,42.79166666666666,4.400000095367432,36.75,13.65000025431315,17.80833307902018,5.291666666666667,2.550000031789144,61.09999847412109,11.89999961853027,18.79463854396771,21.17734376957154,13.95556735101749,53.40428752014549,17.02400016784668,11.19099998474121,17.33499908447266,,4.090000152587891,2.920000076293945,,4.199999809265137,,31.45833333333333,410.3999996185303,1.010188144464758,1.010192944371478,79,564,15.96353668706321,21.87283333333333,0,,0,0,3.756343379580612,3.604138225658846,2.613739540261969,2.879666498256531,3.448663918901079,1.666133256110646,.9360933716366657,2.808076461784741,2.979145445902901,2.446858586113106,2.687582799455154,4.155392630486097,2.415109882472402,1.071583642408253,3.085245379719091,195.5344866783576,5.27573676631518,64.45567679704016,4.1659778061431,127.6073743983027,4.848958162330879,197.0636830047006,5.283526940482696,9.908692564563308,2.29341240871628,19.52447872550864,112.0277454821704,4.718746568135078,.9482669177958716,-1.736492819376487,0
1965m8,43.01666768391927,4.400000095367432,37.03333282470703,13.61666615804037,17.91666666666667,5.5,2.516666730244955,60.29999923706055,11.69999980926514,18.79917521649961,21.12566771677925,13.98456111465088,53.45536714948964,17.05599975585938,11.1899995803833,17.21299934387207,103.4000015258789,4.119999885559082,2.920000076293945,,4.25,,31.53333282470703,414.1999931335449,1.002266524934061,1.002262087399429,80,563,15.9654445374415,21.86075,0,,0,0,3.761587661144385,3.611818394243191,2.611294495284685,2.885731378339663,3.451045171259925,1.704748092238425,.9229352998557192,2.808317813863721,2.976702306434535,2.448934007783143,2.687702305327712,4.156348643929945,2.415020484824575,1.071583642408253,3.084692791400466,196.9944553322941,5.283175582820546,64.45555397629019,4.165975900634182,128.1174755487774,4.852947620743974,197.5098955168857,5.285788686968985,10.28895748600711,2.331071231400212,19.52681215480144,111.9524775815732,4.718074473943895,.953269847280664,-1.736734171455467,0
1965m9,44.15833536783854,4.300000190734863,37.66666666666666,13.75,18.03333282470703,5.883333206176758,2.541666666666667,66.40000152587891,12.5,18.8082442368041,21.09014171386424,14.01597083323694,53.44615486438998,17.07600021362305,11.21300029754639,17.15099906921387,,4.019999980926514,2.920000076293945,,4.289999961853027,,31.78333282470703,421.5,1.007374078000913,1.007381048110149,81,562,15.97417002743572,22.02608333333333,0,,0,0,3.787781705783677,3.628775530044231,2.62103882411258,2.89222186897954,3.458942027375393,1.77212347309818,.9328200338253656,2.808800113399935,2.97501923974552,2.451177517429257,2.688248679498481,4.156176293060679,2.417073846014584,1.071583642408253,3.092227357143083,200.2667882893624,5.299650419085371,65.19633763750873,4.177403296151092,128.6627450875074,4.857194601737738,198.9670372239622,5.293139168913684,11.00796347483679,2.398618963129233,19.53748401574939,112.7375629102389,4.725062665515743,.9789815923837413,-1.737216470991682,0
1965m10,43.95833333333334,4.199999809265137,38.20833333333334,14.21666717529297,18.1999994913737,5.791666666666667,2.583333333333333,57.5,10.89999961853027,18.81391183389949,21.12997576568485,14.041340088391,53.01910284225827,17.06999969482422,11.28499984741211,17.17099952697754,,4.079999923706055,2.920000076293945,,4.349999904632568,,32.41666666666666,427.5,1.018049234679082,1.018048760722725,82,561,16.00363145777784,22.58133333333333,0,,0,0,3.783242215562221,3.643053641908519,2.65441502104634,2.901421566136249,3.478672693830446,1.756420102782746,.949080554697146,2.809101403795287,2.976906210508191,2.452985906133264,2.690091297646665,4.148153876702123,2.423474396748197,1.071583642408253,3.117123606284345,203.0855341018893,5.313627240554307,67.28198523720449,4.208892522322181,129.6172543133612,4.864585910190439,202.5581928213676,5.311027217220553,10.9237357031445,2.390938009172355,19.5735173259872,115.3667629443009,4.748116296508821,.9741408117669343,-1.737517761387034,0
1965m11,44.34166463216146,4.099999904632568,38.25833384195963,14.15000025431315,18.34999974568685,5.758333206176758,2.583333333333333,61.40000152587891,11.5,18.84565556734485,21.15688977760365,14.07516576192975,53.03166272610427,17.10199928283691,11.27299976348877,17.20299911499023,102.9000015258789,4.099999904632568,2.920000076293945,,4.449999809265137,,32.5,428.1000061035156,1.000658314400845,1.000655029398823,83,560,16.0342426619737,22.58458333333333,0,,0,0,3.791924745931852,3.644361414761699,2.649714642061907,2.909629560641552,3.481240089335692,1.75064805890344,.949080554697146,2.810787229902908,2.978179136046993,2.455392015202286,2.692002236768073,4.148390742203987,2.422410465082067,1.071583642408253,3.117267520113421,203.0087714658887,5.313249187299867,66.88128738701526,4.202919217798947,130.3714645785529,4.870387795626719,202.6912070944015,5.31168367360439,10.85829278240277,2.384929099791184,19.61095688695672,115.1630869595883,4.74634927121649,.9811375160289439,-1.739203587494654,0
1965m12,44.69166564941406,4,38.4750010172526,14.26666641235352,18.46666717529297,5.733333587646484,2.574999968210856,62.90000152587891,11.69999980926514,18.91367970676748,21.25162783878451,14.10415952556313,53.37162926672702,17.15399932861328,11.31400012969971,17.3129997253418,,4.320000171661377,2.920000076293945,,4.619999885559082,,32.73333358764648,430.800012588501,1.004054210089231,1.004054529388922,84,559,16.08414933870896,22.7795,0,,0,0,3.799787033439307,3.650008706164257,2.657925796093953,2.915967332628068,3.488393934461552,1.746297139508242,.9458495217704007,2.814390270714883,2.982647022410511,2.457449819891994,2.695109908964065,4.154780914746826,2.426040908384612,1.071583642408253,3.125861008700013,203.4241967388604,5.315293437890449,67.13211110499805,4.206662485467474,130.9306459688221,4.874667762923528,203.5129921908193,5.315729846534258,10.74228699107892,2.374188007853148,19.67199610823204,115.7965865521271,4.751835087607089,.9853967627244233,-1.74280662830663,0
1966m1,44.76666768391927,4,38.76666768391927,14.375,18.53333282470703,5.849999745686849,2.600000063578288,60.40000152587891,11.19999980926514,18.93635225752869,21.33129388901826,14.13315328919651,52.94792484334165,17.15900039672852,11.30700016021729,17.41300010681152,,4.420000076293945,2.920000076293945,,4.610000133514404,,32.90833282470703,434.0000114440918,1.002545516582485,1.002544570412084,85,558,16.12908932602157,22.91308333333333,0,,0,0,3.80146383758452,3.657560797096903,2.665490586683414,2.919570885144561,3.493725903048752,1.766441617771431,.9555114694806236,2.815588291022731,2.986388716965362,2.459503398716079,2.697900067192804,4.146810477511338,2.425422017122851,1.071583642408253,3.131708072016139,204.7208837093029,5.321647508515247,67.38925484215711,4.210485581502084,131.1337423819923,4.876217736615937,204.0309416081848,5.31827165689272,11.04859116385654,2.402302923351824,19.72696073439291,116.1511073187548,4.754891992694477,.9858755465617897,-1.744004648614477,0
1966m2,45.14166768391927,3.799999952316284,39.18333435058594,14.52500025431315,18.63333384195964,6.025000254313151,2.574999968210856,59.70000076293945,11,19.01457850419895,21.4798620274442,14.16335445425594,53.1380064832255,17.20100021362305,11.28499984741211,17.6609992980957,100,4.599999904632568,2.920000076293945,,4.829999923706055,,33.15833409627279,439.300012588501,1.003336910139272,1.00333668056342,86,557,16.19757239981618,23.09333333333333,0,,0,0,3.809805715410524,3.668251512279328,2.675871320246626,2.924952118789525,3.501294090653863,1.795917521586369,.9458495217704007,2.819710791097858,2.993329372112632,2.461638020896395,2.702137014194908,4.150394022302295,2.423474396748197,1.071583642408253,3.13954397558607,206.0699601725758,5.328215723622545,67.62147836776128,4.213925659918025,131.5601745486255,4.879464348080583,204.7117511056724,5.321602897495727,11.33840099216954,2.428195282375806,19.81072013831271,116.5698832354521,4.758490949262304,.9900949243126651,-1.748127148689605,0
1966m3,45.43333435058594,3.799999952316284,39.58333333333334,14.61666615804037,18.76666641235352,6.200000127156575,2.600000063578288,58.29999923706055,10.69999980926514,19.06106101742385,21.57890813753066,14.18630775445732,53.12460969969293,17.22299957275391,11.29599952697754,17.80500030517578,,4.659999847412109,2.920000076293945,,4.869999885559082,,33.38333257039388,443.7999992370605,1.003843713006226,1.003846527180915,87,556,16.24501825041176,23.2635,0,,0,0,3.816246072424383,3.678408154246641,2.682162395352387,2.932082232926212,3.508056750589815,1.824549312560171,.9555114694806236,2.82215238036073,2.997929888309329,2.463257320981733,2.705061927617052,4.150141877491923,2.424448638875667,1.071583642408253,3.14688560868548,207.6659494303593,5.335930776326987,67.73589314567144,4.21561621882709,132.2871795619763,4.884975162131934,205.498892373037,5.325440644009535,11.67067421709907,2.457079218159979,19.86874960375803,117.0858783966952,4.76290766893957,.9940936920636534,-1.750568737952476,0
1966m4,45.41666666666666,3.799999952316284,39.74166615804037,14.80833307902018,18.90000025431315,6.041666666666667,2.641666730244955,56,10.30000019073486,19.12681682058053,21.64996219676818,14.24067077324476,53.27449779470545,17.28499984741211,11.29599952697754,17.88599967956543,,4.670000076293945,2.920000076293945,,4.75,,33.70833333333334,445.1999931335449,1.006117483535015,1.006118346956582,88,555,16.3034273390046,23.53491666666667,0,,0,0,3.815879144875244,3.682400162717865,2.695190068198954,2.939161935521319,3.517745086710546,1.798679912072629,.9714100551627251,2.825596188808177,3.00121723413521,2.467082073936487,2.70865098695516,4.152959348384208,2.424448638875667,1.071583642408253,3.158485134021116,207.779823118702,5.336478976350763,68.39888654046106,4.225356545847776,132.7184692017619,4.888230111772286,206.7561171796617,5.331539920792158,11.34063560758165,2.428392346780152,19.94018784642085,118.0275574529808,4.770918134937098,.9902829560670665,-1.754012546399924,0
1966m5,45.54166666666666,3.900000095367432,39.4250005086263,14.68333307902018,19.01666641235352,5.724999745686849,2.666666666666667,61.29999923706055,11.19999980926514,19.15062462066455,21.62843016587015,14.28778477507356,53.28370688553148,17.33099937438965,11.32999992370605,17.78300094604492,95.69999694824219,4.900000095367432,2.920000076293945,,4.78000020980835,,33.6999994913737,441.1000061035156,.998337038432526,.9983261274794534,89,554,16.32663621782488,23.48166666666667,0,,0,0,3.818627657828593,3.674400145750213,2.686713046394227,2.945315774266803,3.517497822265547,1.744842505018791,.9808292530117262,2.826840148814786,3.000222186422059,2.470385024885335,2.710073532926835,4.153132194593031,2.427454068306116,1.071583642408253,3.15621997483713,205.8679614349739,5.327234999376503,67.88903756034318,4.2178745717562,133.0973745176366,4.891080999568922,206.4111617467238,5.329870110375484,10.74437211732617,2.374382093517492,19.96857386573803,117.5931081736207,4.767230429781437,.9917875090138066,-1.755256506406533,0
1966m6,45.8500010172526,3.799999952316284,39.625,14.8249994913737,19.13333384195964,5.666666666666667,2.691666603088379,62.5,11.39999961853027,19.19824022083259,21.6564201633116,14.34335634738764,53.33562341456221,17.38699913024902,11.32800006866455,17.7859992980957,,5.170000076293945,2.920000076293945,,4.809999942779541,,33.95833333333334,443.2000007629395,1.004893544966531,1.00489743069736,90,553,16.3716440107877,23.72275,0,,0,0,3.825375220889008,3.679460232197445,2.6963149105751,2.951432041240667,3.525134282892917,1.734601055388106,.9901605568201938,2.82932343612116,3.001515479624182,2.474266926892743,2.712826449659619,4.154106061770546,2.427277543012853,1.071583642408253,3.166434503328531,206.3991258792653,5.329811798517361,68.45544822079552,4.226183142734951,133.3950951127586,4.893315364535378,207.4216450770449,5.334753654270069,10.62454379246929,2.363166776709293,20.02362142276822,118.4738239858332,4.774692041540054,.9960517847678485,-1.757739793712906,0
1966m7,46.09166463216146,3.799999952316284,40.0500005086263,14.97499974568685,19.27500025431315,5.799999872843425,2.691666603088379,60.29999923706055,10.89999961853027,19.23565155137334,21.67041618873607,14.38080652940571,53.49472060040078,17.4379997253418,11.37199974060059,17.72400093078613,,5.300000190734863,2.920000076293945,,5.019999980926514,,34.25,448.3000068664551,1.006823734449822,1.00682599458452,91,552,16.40032933239941,23.94391666666667,0,,0,0,3.830632123072218,3.690128686214151,2.706382127018998,2.958808932643331,3.533686564708234,1.757857895628826,.9901605568201938,2.831270225302863,3.002161546915944,2.476874501804412,2.714577050921074,4.157084565770033,2.431154170978393,1.071583642408253,3.175714290201319,208.2071428756304,5.338533463352363,69.10342475780695,4.235604291887086,134.0328180822115,4.898084681026373,208.8372697024929,5.341555334823933,10.84219116904776,2.383445112950525,20.0587054998447,119.3692019001527,4.782221227151386,.9993618977693544,-1.75968658289461,0
1966m8,46.50833129882813,3.799999952316284,40.26666768391927,14.9250005086263,19.31666692097982,6.025000254313151,2.716666539510091,62.70000076293945,11.19999980926514,19.30934328789136,21.82221433713748,14.41342364941782,53.53826493829207,17.46999931335449,11.38500022888184,17.97299957275391,91.19999694824219,5.53000020980835,2.920000076293945,,5.21999979019165,,34.24166742960612,450.6000137329102,.9954373763849188,.9954491734246784,92,551,16.47139496905353,23.88483333333333,0,,0,0,3.839631464261426,3.6955240220955,2.70303769335748,2.960968294283129,3.533443248382389,1.795917521586369,.9994055917785591,2.835093903402163,3.009141983047217,2.47914003443095,2.718900873226184,4.157898227840178,2.432296719619509,1.071583642408253,3.173243668937459,208.5346305338617,5.340105121134413,68.39361156501263,4.225279422094294,134.018588441061,4.897978510039633,207.8856556711766,5.336988196192976,11.25363375383483,2.420691076837922,20.1456235517882,118.5609036718708,4.775426783582417,1.004537560859263,-1.76351026099391,0
1966m9,46.93333435058594,3.700000047683716,40.76666768391927,15.04166666666667,19.45833333333333,6.258333206176758,2.741666793823242,61.70000076293945,11,19.37056458089579,21.89757439187311,14.46778666820526,53.57008309775033,17.52400016784668,11.45100021362305,18.02099990844727,,5.400000095367432,2.970000028610229,,5.179999828338623,,34.5,456.3000106811523,1.00389729098001,1.003897353343123,93,550,16.53123408863829,24.07566666666667,0,,0,0,3.848728176730249,3.707864778978065,2.710824127984935,2.968275427320952,3.540959324037314,1.833913888664127,1.008566054362623,2.838259440628109,3.012589398122277,2.482904633102073,2.722527201604759,4.158492358194677,2.438077081086607,1.088561962447682,3.181201648543438,210.4567861905552,5.349280340791032,68.69101754141825,4.22961844164669,134.4941958267564,4.901521044406333,208.6958530440956,5.340877943469327,11.68251539717991,2.458093313561181,20.21881081850665,119.0755820546566,4.779758434809821,1.01046873610214,-1.749697478180426,0
1966m10,47.20833333333334,3.700000047683716,40.69166564941406,15,19.5749994913737,6.116666793823242,2.75,65.80000305175781,11.60000038146973,19.42158160427293,21.92556438931456,14.52577419547202,53.65465468592592,17.58099937438965,11.47200012207031,18.01899909973145,,5.53000020980835,2.970000028610229,,5.010000228881836,,34.5749994913737,455.2999877929688,.9993578390569788,.9993538074559033,94,549,16.57785037603599,24.08916666666667,0,,0,0,3.854570430680061,3.706023296280574,2.70805020110221,2.974253215893403,3.54313086284001,1.81101730662101,1.01160091167848,2.840889718032533,3.013866805538816,2.486904666409978,2.725343124724033,4.160069822639189,2.439909294497982,1.088561962447682,3.1817622235281,209.5177750120079,5.344808580689117,68.41329022896332,4.225567107347426,134.7604556421896,4.903498799670879,208.561416028663,5.340233559152749,11.40006739327259,2.433619267073554,20.27582567238275,118.8073277798891,4.777503086675208,1.013680712647528,-1.752327755584851,0
1966m11,47.5,3.599999904632568,40.84166717529297,15.05833307902018,19.75833384195964,6.025000254313151,2.741666793823242,67.40000152587891,11.80000019073486,19.4499239145092,21.93094842374281,14.56322437749009,53.70490060985711,17.625,11.49499988555908,17.95800018310547,88.30000305175781,5.760000228881836,2.970000028610229,,5.159999847412109,,34.81666692097982,457.2000045776367,1.005414975348385,1.0054131861571,95,548,16.60382941105534,24.27391666666667,0,,0,0,3.860729711040595,3.709702814581114,2.71193153092165,2.983575369025728,3.550096206638816,1.795917521586369,1.008566054362623,2.842347974659361,3.014112335067269,2.489479536948421,2.7269089912199,4.161005853483604,2.441912148259432,1.088561962447682,3.189402385649796,209.9836860792346,5.347029842362828,68.66248001713315,4.229202907638413,135.6727969700135,4.910246082264761,209.6905843768656,5.345633036455688,11.21871595682147,2.417583451194497,20.30759977899131,119.5311948769968,4.783577382301038,1.018381736381234,-1.753786012211679,0
1966m12,47.55833435058594,3.799999952316284,40.98333231608073,15.04166666666667,19.9250005086263,6.016666412353516,2.791666666666667,66.19999694824219,11.60000038146973,19.49073666825904,21.94279042471448,14.59705005102884,53.97703994458318,17.67900085449219,11.51500034332275,17.91699981689453,,5.400000095367432,2.970000028610229,,4.840000152587891,,34.96666717529297,458.2999877929688,1.002752368964042,1.002748985656006,96,547,16.62962078193317,24.35483333333333,0,,0,0,3.861957049144238,3.713165455172962,2.710824127984935,2.99197525020332,3.554395241280175,1.794533353842666,1.02663878904302,2.844444126500795,3.014652156909221,2.491799521199145,2.728461124742356,4.166060367039204,2.443650563087911,1.088561962447682,3.192730324013302,210.2708225637397,5.348396331113243,68.54947058020943,4.227555682859746,136.50018626347,4.916325979191629,210.2673755091374,5.348379937574591,11.14671426690065,2.411144769895193,20.33914435973663,119.7436475329127,4.785353187142087,1.017512922643443,-1.755882164053113,0
1967m1,48.04999796549479,3.900000095367432,41.18333435058594,15.125,20.02500025431315,6.041666666666667,2.75,69.59999847412109,12.10000038146973,19.49187191758185,21.92556438931456,14.62966717104095,53.71494979464334,17.69499969482422,11.55599975585938,17.82099914550781,,4.940000057220459,2.970000028610229,,4.579999923706055,,35.15000025431315,461.2000122070313,1.004303476237131,1.004306102896258,97,546,16.64515733616801,24.43916666666667,0,,0,0,3.872242093074881,3.718033668467098,2.716349003916905,2.996981505654206,3.559624625491757,1.798679912072629,1.01160091167848,2.844502370387714,3.013866805538816,2.494031529214649,2.729394958489271,4.161192954559945,2.447204761477247,1.088561962447682,3.19618703661351,211.2846550845544,5.35320630052046,68.98340098087135,4.233865910162121,136.8793973245826,4.919100226627011,211.1725323132648,5.352675488039258,11.247644631084,2.420158740604415,20.3581466102136,120.0461276489955,4.787876065995381,1.027739722687167,-1.755940407940032,0
1967m2,48.20000203450521,3.799999952316284,41.08333333333334,15.22499974568685,20.03333282470703,5.825000127156575,2.808333396911621,72.59999847412109,12.60000038146973,19.51454446834306,21.93633040476358,14.66590995163297,53.63037181792053,17.72699928283691,11.56599998474121,17.79199981689453,94.09999847412109,5,3,,4.630000114440918,,35.25833257039388,459.2999992370605,1.001457000042433,1.001460973604437,98,545,16.67213329555798,24.46883333333333,0,,0,0,3.875359063266206,3.71560252425469,2.722938796892306,2.997397527484052,3.562701886299465,1.762159021281219,1.032591210209468,2.845664874171206,3.014357710718164,2.496505813911645,2.731014295762698,4.159617143095521,2.448069758416747,1.09861228866811,3.197400198889832,210.5267350717802,5.34961265252456,69.40540858365567,4.239964797958173,136.5979532860586,4.917041963759861,211.480630254965,5.354133411573538,10.86138307400315,2.38521366127743,20.39114002235869,119.9973778145973,4.787469890998276,1.029694189095,-1.747052585503096,0
1967m3,48.58333333333334,3.799999952316284,41.31666564941406,15.24166615804037,20.15833282470703,5.916666666666667,2.75,74.40000152587891,12.80000019073486,19.52474873797036,21.92018240829379,14.68886325183435,53.65549797415973,17.75399971008301,11.54300022125244,17.73999977111816,,4.53000020980835,3,,4.539999961853027,,35.3999989827474,462.7999877929688,1.003444600260103,1.003443000488885,99,544,16.68167283459135,24.56375,0,,0,0,3.883280536562492,3.721265945192211,2.724032872238039,3.003617742596416,3.566711791403779,1.777773227253315,1.01160091167848,2.846187643362018,3.013621309387381,2.498069668942664,2.731586316794197,4.16008553947889,2.446079211800447,1.09861228866811,3.20127177891984,211.6117661942779,5.354753304271269,69.53256991270965,4.24179527463469,137.235485681233,4.921698323841206,212.2089273285679,5.357571295646354,11.02713960369189,2.400359470866157,20.4028075200166,120.3939701724933,4.790769449996784,1.037092893200474,-1.747575354693909,0
1967m4,48.6499989827474,3.799999952316284,41.7749989827474,15.3000005086263,20.28333282470703,6.191666920979817,2.774999936421712,69.19999694824219,11.89999961853027,19.55762555835886,21.91049237836744,14.73114534375778,53.79952138281894,17.80299949645996,11.60799980163574,17.64900016784668,,4.050000190734863,3,,4.590000152587891,,35.58333333333334,467.9999885559082,1.003724717867961,1.00372549698709,100,543,16.70583513015948,24.678,0,,0,0,3.884651787722402,3.732298050130707,2.727852861641939,3.009799505689355,3.571877363440624,1.823204343009169,1.020650724287303,2.847870080969023,3.013179151919745,2.500944047506998,2.733033702433869,4.162766168001676,2.451694498493305,1.09861228866811,3.205912158476342,213.5995438612583,5.364102971602759,69.82956039697322,4.246057421506225,137.6901276267833,4.925005708369812,212.9994283799307,5.361289482043527,11.50877695904029,2.443109958099225,20.43235963212229,120.7790017615147,4.793962443913614,1.036781706753379,-1.749257792300914,0
1967m5,48.84166463216146,3.799999952316284,41.8500010172526,15.3000005086263,20.39166641235352,6.166666666666667,2.883333206176758,70.5,12,19.59503905127928,21.94494444916728,14.76255506234385,53.92428971013948,17.84199905395508,11.59899997711182,17.67600059509277,95.90000152587891,3.940000057220459,3,,4.849999904632568,,35.69166692097982,467.6000137329102,1.001150828636889,1.001150175143751,101,542,16.73743964996829,24.7345,0,,0,0,3.888583732039268,3.734091821242595,2.727852861641939,3.0151263081892,3.574917241958606,1.819158443416169,1.058946988175131,2.849781241023199,3.014750317566667,2.503073975595234,2.734923740381699,4.165082617481994,2.45091888552645,1.09861228866811,3.208199030204085,213.5744711083921,5.363985582660471,69.71993273469815,4.244486255859303,138.1310100198599,4.92820258278142,213.2444846249076,5.362439322613679,11.43578654408708,2.436747609025906,20.47101408487506,120.8269404605364,4.794359277693528,1.038802491016069,-1.75116895235509,0
1967m6,49.18333435058594,3.900000095367432,42.23333231608073,15.40833282470703,20.55833307902018,6.266666412353516,2.866666793823242,70,11.89999961853027,19.65739343122685,22.02999248042179,14.81208501912533,53.98541532999626,17.88699913024902,11.61499977111816,17.80400085449219,,3.980000019073486,3,,5.019999980926514,,35.96666590372721,472.3999862670898,1.004111945232885,1.004112149627939,102,541,16.79732772365588,24.90725,0,,0,0,3.895554833403711,3.743209774572497,2.734908455595259,3.023266361376991,3.582592562383575,1.835244540585907,1.053149958948296,2.852958340043779,3.018618345276579,2.506423467115793,2.738495444737761,4.166215520706441,2.452297346516661,1.09861228866811,3.215158925749094,214.8470623220612,5.369926436969793,69.94252421284541,4.247673822102712,138.7943226930936,4.932993144448652,214.1213560599577,5.366542938682586,11.60807298424456,2.451700802971197,20.54426122575284,121.2370195564785,4.797747468882473,1.042596493359931,-1.75434605137567,0
1967m7,49.54166666666666,3.799999952316284,42.2250010172526,15.30833307902018,20.71666717529297,6.200000127156575,2.875,74.80000305175781,12.60000038146973,19.72428232132668,22.12042659951203,14.84228733628535,54.29356051688713,17.94799995422363,11.625,17.87800025939941,,3.789999961853027,3,,5.159999847412109,,36.02500025431315,472.2000122070313,.9987015727335714,.9987097460760467,103,540,16.84637626539244,24.84266666666667,0,,0,0,3.902814066342836,3.743012486785103,2.728397325820353,3.030938553840161,3.584213148944937,1.824549312560171,1.056052674249314,2.856355298306355,3.022714987956333,2.508460423234168,2.741411210284987,4.171907226161855,2.45315795147342,1.09861228866811,3.212562605033821,214.0762352179337,5.366332190919824,69.20451108912104,4.237066049648051,139.5786694187381,4.938628380793448,213.8442100947217,5.365247759696723,11.41940235293312,2.435313869490047,20.60425089022543,120.5705890450593,4.792235382619975,1.046458768036481,-1.757743009638246,0
1967m8,49.875,3.799999952316284,42.48333231608073,15.48333358764648,20.86666615804036,6.133333206176758,2.808333396911621,75.59999847412109,12.60000038146973,19.78550145195145,22.20439864524388,14.87852896477678,54.50541751999024,18.00300025939941,11.64200019836426,17.95400047302246,97,3.900000095367432,3.069999933242798,,5.28000020980835,,36.34999974568685,476.0999870300293,1.005986142441559,1.005985212057802,104,539,16.89721455349375,25.04066666666667,0,,0,0,3.909519875210028,3.749111818209269,2.739764193016699,3.03815296506288,3.593194196983293,1.81373835521478,1.032591210209468,2.859454236026126,3.026503932220745,2.510899228823313,2.744424424073615,4.175801697869103,2.454619265888219,1.121677539854089,3.220501169945641,214.7195127667112,5.369332584624218,69.73092960102738,4.244643972579986,140.2468362795799,4.943403986427021,215.1242125180386,5.37121559394645,11.25270383247191,2.420608440437408,20.66642953484117,121.1659064012535,4.797160733743167,1.050065639183902,-1.737776696172037,0
1967m9,50.01666768391927,3.799999952316284,42.96666463216146,15.65000025431315,20.97499974568685,6.333333333333333,2.850000063578288,71.5,11.89999961853027,19.84558749563307,22.25284468806071,14.93168343003758,54.69214836685414,18.0669994354248,11.72700023651123,17.9330005645752,,3.990000009536743,3.069999933242798,,5.300000190734863,,36.625,481.399974822998,1.004571545834639,1.004573902351862,105,538,16.94755131886107,25.2875,0,,0,0,3.912356303556539,3.760424573926251,2.750470933236204,3.043331240228686,3.600731067337231,1.845826690498331,1.04731901658873,2.862486506464132,3.028683377384724,2.514465424252622,2.747398993475123,4.179221756317478,2.46189389564702,1.121677539854089,3.230310202493864,216.5048761676422,5.377613069903195,70.32808826778819,4.253171267635511,140.4731076972347,4.945016066163517,216.1079161875128,5.375777894898881,11.57996809862312,2.449276717272584,20.72799478343183,121.9968466038628,4.803995196889883,1.049869797092407,-1.740808966610043,0
1967m10,50.23333231608073,4,42.68333435058594,15.4250005086263,21.0749994913737,6.174999872843425,2.866666793823242,77.5,12.89999961853027,19.90114119154212,22.28083468550216,14.97879858396698,54.97433688636646,18.13400077819824,11.66199970245361,17.9640007019043,,3.880000114440918,3.069999933242798,,5.480000019073486,,36.5,477.8000106811523,.9942559531535734,.9942479744736976,106,537,16.98735377110589,25.12066666666666,0,,0,0,3.91667879671379,3.753808547809973,2.735989602765604,3.048087479753812,3.597312260588446,1.820508861921883,1.053149958948296,2.865281892847844,3.029940403595933,2.517615837734819,2.749744806459807,4.184368071377429,2.456335667285782,1.121677539854089,3.223690880525969,214.4768178858312,5.368201657403205,69.22990420400696,4.237432910953702,140.6988642862985,4.946621892206447,214.8657200633776,5.370013275165411,11.23251361013654,2.418812573636186,20.7766758587669,120.9080164576316,4.795030061937304,1.051396903865947,-1.743604352993755,0
1967m11,50.70833333333334,3.900000095367432,43.11666870117188,15.65000025431315,21.20833333333333,6.258333206176758,2.950000127156576,77.90000152587891,12.80000019073486,19.96689483231913,22.36373279911884,15.02470518436974,55.14180626334447,18.1919994354248,11.76000022888184,17.99600028991699,92.90000152587891,4.130000114440918,3.069999933242798,,5.75,,36.85833358764648,482.0000228881836,1.006453862826217,1.006452654818399,107,536,17.04413450281271,25.44133333333333,0,,0,0,3.926090262639581,3.763909667149978,2.750470933236204,3.054394186202577,3.607081741986027,1.833913888664127,1.081805213455652,2.868580460169157,3.033654101076356,2.520675922755563,2.753081762160296,4.187409759931074,2.464703961933222,1.121677539854089,3.236375147999985,215.9407812945541,5.375004209421896,69.97937417196194,4.24820054394388,141.1564025588765,4.949868513634468,216.2523041669492,5.376445800862503,11.34952521556586,2.429175911824784,20.84612251147056,122.0434798813749,4.804377373710831,1.057509802470424,-1.746902920315069,0
1967m12,50.875,3.799999952316284,43.75833129882813,15.89166641235352,21.39999898274739,6.474999745686849,2.950000127156576,72.19999694824219,11.80000019073486,19.99863856576449,22.37988079558863,15.07544369467786,55.0262502211236,18.23699951171875,11.68299961090088,18.01199913024902,,4.510000228881836,3.069999933242798,,5.699999809265137,,37.29166539510091,489.6999740600586,1.009485624929771,1.009491493621694,108,535,17.08242937493674,25.7935,0,,0,0,3.929371643762759,3.778682024361692,2.765794846815448,3.063390874492636,3.618769853829057,1.867948568309438,1.081805213455652,2.870169015978216,3.034375902284329,2.524047238862261,2.75532604836121,4.185311945223493,2.458134760430284,1.121677539854089,3.25012252220137,218.8065510306169,5.388188010824551,71.00871786361782,4.26280265631515,141.9526974871215,4.955493885817829,218.3042269726288,5.385889626504619,11.76711064204264,2.465308406177677,20.89295971495114,123.4554622796788,4.815880461711301,1.059202627784543,-1.748491476124127,0
1968m1,51.39166768391927,3.700000047683716,44.24166870117188,15.94166692097982,21.65833282470703,6.641666412353516,2.966666539510091,72.40000152587891,11.69999980926514,20.09160359221429,22.49722687319018,15.13826313184999,55.28164517357076,18.31800079345703,11.7480001449585,18.10600090026855,,4.610000133514404,3.069999933242798,,5.53000020980835,,37.59999974568685,495.3000259399414,1.003625718576319,1.00362832765702,109,534,17.16142515816679,25.96475,0,,0,0,3.939476052003562,3.789667075787804,2.76893624261094,3.075390268375351,3.627004043632201,1.893362897717606,1.087438945208216,2.874806812513177,3.039605577329963,2.528205585142298,2.75993977683516,4.189942536857744,2.463683025675367,1.121677539854089,3.256739848904079,220.1997889223536,5.394535265715702,70.86058655512521,4.260714377065009,143.0701305431745,4.963334933420509,219.0960214501401,5.389510087833814,12.01423436567475,2.486092143951593,20.98957686936467,123.7030653909791,4.81788405994006,1.064669239490385,-1.753129272659089,0
1968m2,51.96666463216146,3.799999952316284,44.46666463216146,16.08333333333333,21.76666768391927,6.625,2.991666793823242,76.59999847412109,12.30000019073486,20.17323126209365,22.58658295335028,15.21074638883285,55.39720121579165,18.39699935913086,11.77000045776367,18.17799949645996,97.19999694824219,4.710000038146973,3.069999933242798,,5.559999942779541,,37.8500010172526,497.6999740600586,1.002197185240484,1.002198114472909,110,533,17.2376486437045,26.1735,0,,0,0,3.950602448245424,3.794739799059922,2.777783539116885,3.080379794348697,3.633631006759352,1.890850371872286,1.095830688209823,2.878861356981075,3.043569581149101,2.532982241510667,2.764371501406018,4.192030670010173,2.465553960164595,1.121677539854089,3.264747448524257,220.424105858124,5.395553444519923,71.20746580636573,4.265597669751816,143.1005890670791,4.963547803025484,219.5775177902591,5.391705326390105,11.95908792249863,2.481491484953843,21.08280331729654,124.1462039278572,4.82145993498938,1.071741091264349,-1.757183817126986,0
1968m3,52.63333129882813,3.700000047683716,45.35833231608073,16.36666615804036,22.0500005086263,6.950000127156575,3,73.59999847412109,11.69999980926514,20.23898490287066,22.63502899616711,15.2771903344843,55.53452942695818,18.46999931335449,11.75699996948242,18.20599937438965,,5.050000190734863,3.069999933242798,,5.739999771118164,,38.41666666666666,508.2999877929688,1.01150846780378,1.011512164542555,111,532,17.29662985312277,26.66041666666667,0,,0,0,3.963349593939176,3.814593893225126,2.795246715055401,3.093312624959807,3.648491393208648,1.938741677872611,1.09861228866811,2.88211550659432,3.045712187715386,2.537340952396762,2.767787311397351,4.194506576236894,2.46444880528991,1.121677539854089,3.283179943535659,224.1136723692461,5.412153389071881,72.3068044702386,4.280918239124047,144.3328257739523,4.9721219227505,222.1049244441734,5.403149902848069,12.51473668521414,2.526906884727448,21.15494130219716,126.0245362339895,4.83647662000945,1.081234087344856,-1.760437966740231,0
1968m4,52.9750010172526,3.5,45.33333333333334,16.31666692097982,22.23333231608073,6.783333460489909,2.975000063578288,78,12.30000019073486,20.30247453214105,22.70823707985743,15.32913739831906,55.63082399929316,18.53800010681152,11.71500015258789,18.26499938964844,,5.760000228881836,3.069999933242798,,5.639999866485596,,38.54999923706055,508.2999992370605,1.000140654785695,1.000140202974928,112,531,17.35422416247714,26.65766666666667,0,,0,0,3.969820123356866,3.814042597067942,2.792187095894507,3.101592618499977,3.651956080218432,1.914468641965935,1.090244060368446,2.885247593206779,3.048941251417078,2.540735486636206,2.771111579386061,4.196239033220154,2.46087008498476,1.121677539854089,3.283076789039829,223.2896943747704,5.408470006302239,71.85351669352158,4.27462955626146,145.0396831756415,4.977007382051225,222.136114390019,5.403290321869142,12.19348011198989,2.500901391837513,21.22538301506716,125.5933362792244,4.83304919752491,1.084572530150087,-1.76357005335269,0
1968m5,53.39166768391927,3.5,45.81666564941406,16.44166692097982,22.375,7,2.958333333333333,77,12,20.37729935560221,22.80082316999298,15.3895408805385,55.74889712912103,18.60799980163574,11.75699996948242,18.32600021362305,92.40000152587891,6.119999885559082,3.069999933242798,,5.869999885559082,,38.81666692097982,514.2999877929688,1.002907500815101,1.002907462665412,113,530,17.42361230205448,26.86916666666667,0,,0,0,3.977654697909623,3.824647903740469,2.799818778708171,3.107944264160919,3.658849714213889,1.945910149055313,1.08462604669337,2.888926321021322,3.053010165051664,2.544668179281474,2.775101950191369,4.198359224810902,2.46444880528991,1.121677539854089,3.290979408624575,224.8416968798074,5.415396585160223,72.10997076025689,4.278192325440538,145.3909520348021,4.979426335066899,222.7819710864596,5.406193585059291,12.55630220592019,2.530222707336142,21.3102493752941,126.0856510567974,4.836961446304347,1.088728376888301,-1.767248781167233,0
1968m6,53.79999796549479,3.700000047683716,46.35833231608073,16.69166692097982,22.68333435058594,6.983333587646484,2.991666793823242,75.40000152587891,11.69999980926514,20.44305299637922,22.85142118385512,15.45598367408936,55.84770240051579,18.68099975585938,11.79599952697754,18.31900024414063,,6.070000171661377,3.069999933242798,,5.71999979019165,,39.37500127156576,520.3999862670898,1.010917817790973,1.010919622702122,114,529,17.48333582981522,27.22258333333333,0,,0,0,3.985273429351656,3.836401045349995,2.814909608119707,3.121630485275181,3.67313112943953,1.943526394117194,1.095830688209823,2.892147934449854,3.055226837432032,2.548976285385929,2.778523824014967,4.200129983017315,2.467760450852786,1.121677539854089,3.304046898426646,226.7681462465097,5.423928113341216,73.0443274695437,4.291066482471707,146.7608586350451,4.988804450076707,225.2144651046374,5.417053126461335,12.50424509421177,2.52606819419161,21.3832952654396,127.307709103804,4.846607062282821,1.093125494901801,-1.770470394595766,0
1968m7,53.85833231608073,3.700000047683716,46.93333435058594,16.88333384195964,22.80833435058594,7.241666793823242,3.016666730244955,68.80000305175781,10.69999980926514,20.5054073763268,22.91601522314174,15.50672333649808,56.01182417874746,18.74300003051758,11.79800033569336,18.37199974060059,,6.03000020980835,3.069999933242798,,5.5,,39.69166819254557,527.0000114440918,1.004937600468925,1.004938312458471,115,528,17.53734401895908,27.474,0,,0,0,3.986357123593288,3.848728176730249,2.826326972152523,3.127126010858673,3.68114129646212,1.979851400042367,1.1041524901194,2.895193442269948,3.058049546643925,2.552253757721346,2.781608186294247,4.203064411599661,2.467930054034296,1.121677539854089,3.313240102903014,228.882720978125,5.433209736901376,73.67482381888978,4.29966113729263,147.0867433154115,4.991022503324781,226.326564328305,5.421978931204644,12.92881797727799,2.559458771534437,21.44935091216838,128.0877920851851,4.852715904479908,1.09116368132334,-1.773515902415859,0
1968m8,54.1499989827474,3.5,47.25,16.97499974568685,22.96666717529297,7.299999872843425,3.058333396911621,68.30000305175781,10.5,20.58930122009245,23.02044331424896,15.56954162156961,56.18766894113855,18.81599998474121,11.88099956512451,18.44300079345703,92.40000152587891,6.03000020980835,3.069999933242798,,5.420000076293945,,39.94166692097982,530.2999992370605,1.002023635657933,1.002023883273515,116,527,17.61216053783588,27.7055,0,,0,0,3.991757954661171,3.855452653939752,2.831741658463131,3.134043911497786,3.6874200627447,1.987874330735636,1.117870126061065,2.899276399087371,3.06259618669091,2.556296609764099,2.785865238153646,4.206198916069798,2.47494044887355,1.121677539854089,3.321630949440347,229.4881185860266,5.435851257293456,73.73880473961087,4.300529183556252,147.5102333358073,4.99389755192114,226.7845948552074,5.424000645627824,12.99217428025143,2.56434719775757,21.54085654527226,128.6183766266284,4.856849699157841,1.0924815555738,-1.777598859233283,0
1968m9,54.34166463216146,3.400000095367432,47.3500010172526,16.84999974568685,23.15833282470703,7.341666539510091,3.066666603088379,69.30000305175781,10.60000038146973,20.66072678272418,23.07965537251481,15.6311536573157,56.41961792526691,18.89200019836426,11.83699989318848,18.51099967956543,,5.78000020980835,3.069999933242798,,5.460000038146973,,40.00833257039388,531.4000129699707,.998306210422282,.9983013928000513,117,526,17.67153098227545,27.65591666666667,0,,0,0,3.995291237172017,3.857566841115775,2.824350641705602,3.142354664997465,3.689087746679381,1.993565865834282,1.120591174654834,2.902739457779569,3.065165035457582,2.560246016357752,2.789230560653336,4.210318530681269,2.471230209948227,1.121677539854089,3.319839689404871,229.1787772773082,5.434502385777281,73.00802145318531,4.290569318032052,148.1549815989971,4.998258898827167,226.3999231901427,5.422303007062816,13.01261300499202,2.565919118244744,21.61347059077533,127.9568524199453,4.851693116622677,1.092551779392448,-1.78106191792548,0
1968m10,54.7749989827474,3.400000095367432,47.63333129882813,16.95833333333333,23.33333333333333,7.341666539510091,3.049999872843424,71,10.80000019073486,20.75142347290802,23.1937734935484,15.69880500439319,56.61221345848412,18.9689998626709,11.85999965667725,18.63899993896484,,5.909999847412109,3.069999933242798,,5.579999923706055,,40.29166666666666,534.9999771118164,1.002482836859926,1.002483096800691,118,525,17.75259947810315,27.84483333333333,0,,0,0,4.003233866910054,3.863532753555915,2.830759355094649,3.149882953381249,3.696144665105348,1.993565865834282,1.115141548928639,2.907119661880745,3.070097384548025,2.564564659286919,2.793807589718028,4.213726344520023,2.473171364621623,1.121677539854089,3.326647431508665,229.542476259596,5.436088094116246,73.11588749476439,4.292045682330656,148.6312705126516,5.001468544281784,226.9620666898063,5.424782896424092,12.96834391556517,2.56251130440599,21.71262281206096,128.2426060377471,4.853923829661778,1.096114205029309,-1.785442122026656,0
1968m11,55.16666666666666,3.400000095367432,48.05833435058594,17.25,23.52499898274739,7.291666666666667,3.066666603088379,70.5,10.60000038146973,20.82171162383728,23.25944351835767,15.75558397813331,56.83327635813966,19.04100036621094,11.89700031280518,18.67000007629395,91.69999694824219,5.820000171661377,3.069999933242798,,5.699999809265137,,40.7749989827474,539.9000129699707,1.008681108973086,1.008682968632787,119,524,17.81092167681964,28.24041666666667,0,,0,0,4.010358906149007,3.872415572000405,2.847812143477369,3.158063642230099,3.708069123559129,1.986732143575568,1.120591174654834,2.910501086819651,3.072924748196038,2.568174904931333,2.79708748153452,4.217623602662523,2.476286293787166,1.121677539854089,3.340754167001559,230.8087597158315,5.44158948762183,74.16342521860132,4.306271107065363,149.3121360363222,5.006038987486219,228.9325601595047,5.43342746306138,12.82992488540977,2.551780324004777,21.7839547825627,129.638612219633,4.86475067333818,1.099857819329356,-1.788823546965563,0
1968m12,55.4750010172526,3.400000095367432,48.04166666666666,17.04166666666667,23.68333435058594,7.325000127156575,3.083333333333333,74.19999694824219,11.10000038146973,20.86479271385308,23.2831295737085,15.82081937025813,56.71185562956546,19.09799957275391,11.83899974822998,18.67399978637695,,6.019999980926514,3.069999933242798,,6.03000020980835,,40.7250010172526,539.5,.9959655457325072,.9959536443845232,120,523,17.8612487504438,28.081,0,,0,0,4.015932487155793,3.872068689921113,2.835661325694856,3.164771608827255,3.706842179466687,1.99129317226239,1.126011262856224,2.912567995812744,3.073942571484356,2.57230681851358,2.799909126890664,4.215484879976107,2.471399145163343,1.121677539854089,3.335093191059112,230.2523074421422,5.439175696549445,73.19319601223306,4.293102465994532,149.6972678615414,5.008615040501129,228.0075799080997,5.429378873612794,12.91617078270641,2.558480075378015,21.84550817749982,128.5435878709498,4.856268052039589,1.10336449134305,-1.790890455958655,0
1969m1,55.59166463216146,3.400000095367432,48.625,17.27500025431315,23.84166717529297,7.508333206176758,3.116666793823242,68.5,10.30000019073486,20.94642038373244,23.37463762491391,15.89330377934158,56.81150418919402,19.17000007629395,11.91499996185303,18.73900032043457,,6.300000190734863,3.069999933242798,,6.039999961853027,,41.11666742960612,546.0999984741211,1.005285550048479,1.005286754155982,121,522,17.93820248706065,28.45991666666667,0,,0,0,4.018033273330163,3.884137801938611,2.84926038437519,3.171434771601569,3.716413572862735,2.016013497890899,1.136764095431386,2.91647258348378,3.077865098173044,2.576877938765326,2.804208290843377,4.217240440864733,2.477798107349113,1.121677539854089,3.348496664571217,232.1399031872935,5.447340220895906,73.90489012715456,4.302778997986178,150.0107687256492,5.010707083023697,229.2128626559142,5.43465110305613,13.2162196958779,2.581444840117898,21.93962777160215,129.7192320806105,4.865372361598981,1.101560689846383,-1.794795043629692,0
1969m2,55.74166870117188,3.400000095367432,49.05833435058594,17.44166692097982,24.0500005086263,7.566666920979817,3.158333460489909,64.90000152587891,9.699999809265137,20.99970574337553,23.39078562138369,15.94645824460238,57.03173018916296,19.23600006103516,11.9379997253418,18.70800018310547,98.19999694824219,6.610000133514404,3.069999933242798,,6.190000057220459,,41.49166742960612,550.8000106811523,1.00687551174845,1.006877817832444,122,521,17.97817598136246,28.71308333333333,0,,0,0,4.020727958835184,3.893010086981787,2.858861994244736,3.180135017700473,3.725492622247912,2.023752669428914,1.150044502561037,2.919013241858022,3.078555693745183,2.580216815142714,2.806434211858313,4.221109380040246,2.479726566739405,1.121677539854089,3.357352884163508,233.6143894114405,5.45367184756484,74.56640064724789,4.311690012283585,150.8171917533276,5.016068452745213,230.7890826779064,5.441504231426372,13.26746864575681,2.5853150724804,21.98851804287346,130.5821669170621,4.872002660176337,1.101714716977162,-1.797335702003934,0
1969m3,56.10833231608073,3.400000095367432,49.07500203450521,17.49166615804036,24.14999898274739,7.424999872843425,3.225000063578288,68.90000152587891,10.19999980926514,21.09833836692071,23.48983173147015,16.02619051854389,57.30889731055577,19.32600021362305,12.04699993133545,18.76499938964844,,6.789999961853027,3.25,,6.300000190734863,,41.64166514078776,550.200023651123,.9989419079484793,.9989418106336035,123,520,18.06228183419198,28.79325,0,,0,0,4.027284327633083,3.893349781619584,2.861724547960379,3.18428433797632,3.729101231919079,2.004852667563298,1.170932969961933,2.923699103451126,3.082781161029872,2.585204355575424,2.811101522464552,4.225957484696205,2.488815660584994,1.178654996341646,3.360140984671788,232.6012654695502,5.449325680609533,74.46484231134855,4.31032709871454,150.6908267114599,5.015230232588349,230.5448753543414,5.440445530491298,12.956103190413,2.561566965958825,22.0913851559983,130.337006016945,4.870123450078377,1.103585224181957,-1.74504410710948,0
1969m4,56.2749989827474,3.400000095367432,49.49166870117188,17.56666692097982,24.39166768391927,7.533333460489909,3.208333333333333,65.5,9.699999809265137,21.19130123099085,23.62332785894898,16.09505041914802,57.41440416799043,19.39999961853027,12.13199996948242,18.87700080871582,,7.409999847412109,3.349999904632568,,6.170000076293945,,41.95833460489909,555.4000244140625,1.002712311343684,1.002714688732396,124,519,18.15038773024026,29.00508333333334,0,,0,0,4.030250368716339,3.901804346341849,2.866003181356236,3.194241585614763,3.736677092676056,2.019337634489322,1.165751591505738,2.928095594634071,3.088448218213648,2.589491861542184,2.815967558079037,4.227796812641272,2.495846587310873,1.208960317369085,3.367471101981762,233.5470963377825,5.453383754148854,74.36152529341975,4.308938674926621,151.5476314066149,5.020899974260033,231.1704588822229,5.443155355633791,13.12098169380617,2.574212604939782,22.19914459093483,130.6585630564241,4.872587531773867,1.102154774082268,-1.719135277264986,0
1969m5,57.14166768391927,3.400000095367432,50.0249989827474,17.8000005086263,24.69166564941406,7.541666666666667,3.216666539510091,69.40000152587891,10.10000038146973,21.2763303240793,23.71483591015439,16.17961460299489,57.43785013630924,19.47800064086914,12.1269998550415,18.99200057983398,91.5,8.670000076293945,3.349999904632568,,6.320000171661377,,42.49166615804037,561.6999893188477,1.007997472671031,1.007998263376804,125,518,18.2352537929497,29.35675,0,,0,0,4.04553358230461,3.912522860134912,2.87919848587255,3.206465763593303,3.749307966303085,2.02044320091788,1.168345587152243,2.932100018878979,3.092314365858638,2.594732156200837,2.82063237711484,4.228205093154119,2.495434359721286,1.208960317369085,3.379522502796303,235.120428291772,5.460097843697008,75.05850167407048,4.318267831797945,152.6097268401163,5.02788385757992,233.0193297033735,5.451121410225017,13.13013396004391,2.574909890855493,22.30294149185785,131.6272564796769,4.879974113552604,1.11343356342563,-1.723139701509895,0
1969m6,57.82500203450521,3.5,50.07500203450521,17.69166692097982,24.84166717529297,7.541666666666667,3.233333269755045,76.90000152587891,11.10000038146973,21.37949745777673,23.89677808045004,16.23639357673501,57.58103664528186,19.54500007629395,12.18200016021729,19.21699905395508,,8.899999618530273,3.349999904632568,,6.570000171661377,,42.53333409627279,562.100025177002,.9957498331326214,.995766173460356,126,517,18.33089514215049,29.33116666666667,0,,0,0,4.057421243301336,3.913521922181042,2.873093733295952,3.21252237137075,3.750288100180028,2.02044320091788,1.173513577177839,2.936937216524647,3.099957167296572,2.598235303873522,2.825863530522452,4.230694885690767,2.499959465566262,1.208960317369085,3.378650659445681,234.2197338052518,5.456259708097471,74.03369132616825,4.304520277783412,152.9999076327416,5.030437317684682,232.030862467107,5.446870390694348,13.09748331403934,2.572420098318845,22.41991729266914,130.8263821127358,4.87387111679437,1.120484026776689,-1.727976899155562,0
1969m7,58.48333231608073,3.5,50.2250010172526,17.88333384195964,24.95833333333333,7.383333206176758,3.241666793823242,82.90000152587891,11.80000019073486,21.47359557116967,24.00335814260258,16.31975035915584,57.67901140553725,19.63599967956543,12.15299987792969,19.32999992370605,,8.609999656677246,3.349999904632568,,6.71999979019165,,42.84166717529297,563.8000106811523,1.002384011721184,1.002385116509737,127,516,18.41985632563577,29.5585,0,,0,0,4.068741795967226,3.916512930954907,2.883869208849956,3.217207767767504,3.757511161145693,1.999225190600925,1.176087640062078,2.941328883869009,3.104407268964072,2.603356116997976,2.830704865934226,4.232394950639717,2.497576042844204,1.208960317369085,3.386371350543483,233.8919015718281,5.454859049526974,74.50346628882414,4.310845651669917,152.9333034149692,5.030001900956981,232.5841549353902,5.449252116248239,12.80072772791655,2.549502023052939,22.52872280164901,131.2036206412751,4.876750472480398,1.127412912098217,-1.732368566499924,0
1969m8,59.00833129882813,3.5,50.82500203450521,18.10833358764648,25.15833282470703,7.558333079020183,3.274999936421712,81.69999694824219,11.5,21.53254852790815,24.05503419539486,16.3777378864226,57.78032737599175,19.69099998474121,12.17099952697754,19.38999938964844,86.40000152587891,9.189999580383301,3.349999904632568,,6.690000057220459,,43.26666641235352,570.600025177002,1.006930987131235,1.006933011387832,128,515,18.47452019603335,29.85966666666667,0,,0,0,4.077678642391458,3.928388399544025,2.896372251518368,3.225189166707782,3.767382509724072,2.022650673686367,1.186317849673997,2.94407049183688,3.106557822496747,2.606903030915301,2.833668131100964,4.234149958030692,2.499056034027703,1.208960317369085,3.396508628842662,236.0380238717743,5.463992910148221,75.27876884545512,4.321198140805653,153.6129897741475,5.034436385979935,234.1964281250632,5.45616019965988,13.08115308837924,2.571172498747405,22.59558039063781,132.1482615203752,4.88392448561284,1.133608150554578,-1.735110174467795,0
1969m9,59.38333129882813,3.700000047683716,51.1000010172526,18,25.38333384195964,7.716666539510091,3.283333460489909,82.80000305175781,11.60000038146973,21.62211213114885,24.17130428747376,16.45626160683747,57.79791504650446,19.77000045776367,12.17399978637695,19.51499938964844,,9.149999618530273,3.349999904632568,,7.159999847412109,,43.38333384195963,573.8000106811523,.9978957495897648,.9978958901331969,129,514,18.56339698575994,29.82783333333333,0,,0,0,4.084013569123193,3.933784517116754,2.890371757896165,3.234092810710867,3.770075354496467,2.043382475385959,1.188859205243778,2.948221317284996,3.111379682128351,2.611686113776444,2.838467372909288,4.234454300271582,2.49930251252425,1.208960317369085,3.39544196207486,236.3321432582799,5.465238202272834,74.4684680062056,4.310375787551846,154.2472673830916,5.038556947121877,233.7036366524897,5.45405380262395,13.35111575097688,2.591599958206108,22.70428268037631,131.3753609979232,4.878058577036714,1.135792251838196,-1.739260999915912,0
1969m10,59.7250010172526,3.700000047683716,51.54166666666666,18.26666641235352,25.65833282470703,7.616666793823242,3.325000127156576,81.5,11.39999961853027,21.6958017052872,24.1928363183718,16.53840983573166,58.04493461353857,19.85499954223633,12.19900035858154,19.51000022888184,,9,3.349999904632568,,7.099999904632568,,43.92499923706055,578.5999984741211,1.009165066667948,1.009173103115986,130,513,18.62440273891855,30.23258333333333,0,,0,0,4.089750710244147,3.942390542044542,2.905077891363607,3.244868385319409,3.782483616704021,2.030338845366622,1.201469712350396,2.951623588479269,3.11227009523405,2.616665608649028,2.841748331091053,4.238719042414214,2.501354010560939,1.208960317369085,3.408920261089052,237.5651629140126,5.47044195600635,75.50444343097544,4.324191507913589,155.1438927899317,5.044353026857835,235.8464851346482,5.46318110664974,13.12201804435612,2.57429158604414,22.77889681839776,132.7218941916251,4.888255917869141,1.138127121764879,-1.742663271110184,0
1969m11,60.08333333333334,3.5,51.70833333333334,18.27500025431315,25.875,7.558333079020183,3.341666539510091,83.69999694824219,11.60000038146973,21.78989981868014,24.32848441689593,16.60726973633579,58.14542007285372,19.93099975585938,12.17000007629395,19.6919994354248,79.69999694824219,8.850000381469727,3.349999904632568,,7.139999866485596,,44.15000025431315,580.4000015258789,1.000356837252931,1.000360112120108,131,512,18.71309603918729,30.336,0,,0,0,4.095732487496949,3.945618954856662,2.905534019551746,3.253277251585533,3.787592932810176,2.022650673686367,1.206469646472679,2.955951367816573,3.117861387880687,2.620820599619754,2.846499236748727,4.240448712396524,2.498973913268454,1.208960317369085,3.412335126072611,237.3041352351909,5.469342589481164,75.11770951757816,4.319056343455092,155.8052612548764,5.048606902153233,235.9310301291575,5.463539517098221,12.99901706712225,2.564873744381575,22.88737468819183,132.5446907445051,4.886919877195026,1.139781119680376,-1.746991050447488,0
1969m12,60.4750010172526,3.5,51.8999989827474,18.39166641235352,25.96666717529297,7.533333460489909,3.358333269755045,85.90000152587891,11.80000019073486,21.88966769154813,24.47597656979922,16.68821056380393,58.13537088806747,20.0049991607666,12.22599983215332,19.86599922180176,,8.970000267028809,3.349999904632568,,7.650000095367432,,44.35833358764648,582.4999885559082,.9993563538029933,.9993558822146379,132,511,18.81351236317226,30.51441666666667,0,,0,0,4.102230073317134,3.9493187705716,2.911897649647061,3.256813683796255,3.792300596123865,2.019337634489322,1.211444800233137,2.960519547038726,3.123905614123315,2.625682580055785,2.851850989434662,4.240275868976243,2.503564817877867,1.208960317369085,3.41819924953213,237.0981584283558,5.468474225973949,75.14170623552114,4.319375747307778,155.5988706878714,5.047281353927923,235.7791183876892,5.462895427725975,12.95826163213858,2.56173354860481,23.01019060422423,132.6126201712767,4.88743224796861,1.141710526278408,-1.751559229669642,0
1970m1,61.00833129882813,3.900000095367432,52.39166768391927,18.70833333333333,26.24166615804036,7.441666920979817,3.416666666666667,86.30000305175781,11.80000019073486,21.96789393821839,24.57609661200085,16.76069382078679,58.12029391661451,20.07099914550781,12.21000003814697,20.00200080871582,,8.979999542236328,3.349999904632568,,7.789999961853027,,44.9499994913737,587.7000122070313,1.009061368190434,1.009061787010681,133,510,18.89325046462027,31.01891666666667,0,,0,0,4.111010433516608,3.95874756501732,2.928969057394309,3.267348458936585,3.80555074960225,2.007094872268672,1.228665416916307,2.964086837454308,3.127987813905854,2.630016555818096,2.856080375058301,4.240016492857879,2.502255291246854,1.208960317369085,3.43459723343341,238.491991227122,5.474335730004088,76.12410395635322,4.332364955272487,156.5667056425502,5.053482153305943,237.9156491655452,5.471916195580721,12.80390448757265,2.549750162502525,23.10771566373035,134.2361881116344,4.89960084624625,1.1469235960623,-1.755126520085223,0
1970m2,61.45000203450521,4.199999809265137,52.83333333333334,18.66666666666667,26.58333333333333,7.583333333333333,3.366666793823242,86.09999847412109,11.69999980926514,22.05518920519314,24.68375471308353,16.83438678339688,58.20570879302392,20.14800071716309,12.25699996948242,20.09799957275391,78.09999847412109,8.979999542236328,3.349999904632568,,7.239999771118164,,45.25,593.5999984741211,1.0022740679387,1.00227400861618,134,509,18.97619319891085,31.23166666666667,0,,0,0,4.118223869120346,3.967142304649226,2.92673940206704,3.280284452996844,3.812202670145935,2.02595285672885,1.213923172948383,2.968052728762169,3.132358849124021,2.63440369104634,2.860460839036389,4.241485036257814,2.50609719986922,1.208960317369085,3.441432537359519,239.5505785137094,5.478764578328133,75.62328699033972,4.32576426472705,157.9109098262579,5.062031012137958,238.4566784585496,5.474187652146317,13.02850440375054,2.567139603562767,23.20916020467623,134.566121269541,4.902055686194271,1.150171140358177,-1.759092411393084,0
1970m3,61.83333333333334,4.400000095367432,52.69166564941406,18.75,26.56666564941406,7.375,3.383333206176758,92.40000152587891,12.39999961853027,22.10960765177937,24.67837273206277,16.91291050381175,58.29865576661257,20.22299957275391,12.14200019836426,20.12299919128418,,7.760000228881836,3.349999904632568,,7.070000171661377,,45.31666564941406,591.6999893188477,.9988260540865826,.9988377967872591,135,508,19.02637455582771,31.23133333333333,0,,0,0,4.12444259337938,3.964457295970808,2.93119375241642,3.279657258837497,3.813674859962721,1.998095902225884,1.218861379236462,2.97051706588128,3.13214078797793,2.639057329615258,2.86310178616433,4.24308063301781,2.496670533045275,1.208960317369085,3.441421864374445,238.3202202377094,5.473615232530604,75.97745687518336,4.330436676222522,157.0792067008609,5.056750179409692,238.1781432739309,5.473018894835163,12.65037744527831,2.537687052299806,23.27053537828262,134.2097756911952,4.899404066081257,1.153925527498101,-1.761556748512195,0
1970m4,62.81666564941406,4.599999904632568,53,18.72499974568685,26.78333282470703,7.5,3.408333460489909,100.3000030517578,13.30000019073486,22.22184380578129,24.84631887693395,16.99747468765861,58.34805840230995,20.30299949645996,12.42099952697754,20.18899917602539,,8.100000381469727,3.349999904632568,,7.389999866485596,,45.50833257039388,595.0999984741211,.9984911931969375,.9984960802408042,136,507,19.13567191570869,31.3075,0,,0,0,4.140220414851043,3.970291913552122,2.929859515821806,3.287779784525009,3.817895442605278,2.014903020542265,1.226223450568308,2.975580576779969,3.138923133640703,2.644044849436476,2.868829867796844,4.2439276802579,2.519388550479578,1.208960317369085,3.443857685456051,238.5040614236133,5.474386339213229,75.3632754953901,4.322320093965136,157.5724236504006,5.059885185275986,237.8193604638234,5.471511395845206,12.85389815079619,2.553647123376097,23.40421339835946,133.7686486920963,4.896111805530348,1.164639838071074,-1.766620259410884,0
1970m5,62.75833129882813,4.800000190734863,53.53333536783854,18.93333307902018,27.00833384195964,7.599999745686849,3.416666666666667,93.19999694824219,12.39999961853027,22.29213411909021,24.89907091524889,17.07237505169476,58.44602677401811,20.375,12.38399982452393,20.27199935913086,75.40000152587891,7.949999809265137,3.349999904632568,,7.909999847412109,,45.94166692097982,601.4000244140625,1.006034154526143,1.006036913636415,137,506,19.20198920866095,31.64125,0,,0,0,4.139291338901216,3.980304550849007,2.940924023626963,3.2961454791917,3.827372481343204,2.028148213830028,1.228665416916307,2.978738702609527,3.141044015929862,2.648441727337433,2.872289513333587,4.245605306218792,2.516405302677792,1.208960317369085,3.454461649072298,240.1445060479627,5.481240850680555,76.04031951017448,4.331263719481133,158.1990423721306,5.063854002041722,239.2547273188659,5.47752878904639,13.00344978979031,2.565214690702967,23.48532390668617,134.7277564734454,4.903256123609852,1.16055263629169,-1.769778385240442,0
1970m6,63.04999796549479,4.900000095367432,53.85833231608073,18.98333358764648,27.21666717529297,7.658333460489909,3.433333396911621,92.69999694824219,12.30000019073486,22.34995398888554,24.92060294614692,17.14365090725157,58.51720796720835,20.44799995422363,12.34799957275391,20.26700019836426,,7.610000133514404,3.349999904632568,,7.840000152587891,,46.20000076293945,605.0999870300293,1.002804446688077,1.002803047596617,138,505,19.25597471858398,31.79033333333333,0,,0,0,4.143928030142805,3.986357123593288,2.943561414621735,3.30382954943641,3.832979814601534,2.035794396177329,1.233531625085428,2.981329078847604,3.141908414693236,2.652607959777156,2.875097022617496,4.246822461372468,2.513494072039483,1.208960317369085,3.459162260345352,240.9773744628918,5.484703047186759,76.17525799303172,4.333036711712532,158.7565409639824,5.067371839846707,239.9255370768209,5.48032861302081,13.08731863075466,2.571643717896592,23.55135181520295,134.9830514306696,4.905149225598999,1.162598951295201,-1.772368761478519,0
1970m7,64.18333435058594,5,54.04166666666666,19.02500025431315,27.39999898274739,7.616666793823242,3.475000063578288,104,13.5,22.43157949638524,25.00349900635612,17.2125108078557,58.69137893022626,20.52599906921387,12.42000007629395,20.3080005645752,,7.210000038146973,3.309999942779541,,7.460000038146973,,46.42499923706055,606.7999992370605,1.001132840107045,1.001132201538043,139,504,19.32786397030987,31.94666666666667,0,,0,0,4.161743587441979,3.989755353968498,2.945753917115064,3.310542976268017,3.837838090804963,2.030338845366622,1.245594497312665,2.984974581426235,3.145229301124863,2.656616556161314,2.878823418816357,4.249794446545708,2.519308082648163,1.196948172101824,3.464067845699029,240.9177948230318,5.484455774983338,76.08935153226685,4.331908327774232,159.1865317536485,5.070076670294156,240.1972577434082,5.481460493025377,12.97748823192265,2.563216181912644,23.63927720375751,135.1423158639921,4.906328414753814,1.176769006015744,-1.788026409324411,0
1970m8,64.5499979654948,5.099999904632568,54.40833536783854,19.09166717529297,27.61666615804036,7.691666920979817,3.458333333333333,103.9000015258789,13.39999961853027,22.49053245312372,25.02503103725415,17.27774619998052,58.85130982147779,20.59700012207031,12.33100032806396,20.35799980163574,77.59999847412109,6.619999885559082,3.309999942779541,,7.53000020980835,,46.70833333333334,611.4000244140625,1.003504216429347,1.003503183963071,140,503,19.37792844078436,32.1495,0,,0,0,4.167440085774367,3.996517365797851,2.949251966312722,3.318419436787095,3.843922592724214,2.04013752478427,1.240786777448652,2.987599257249503,3.146090091246372,2.660399390826901,2.881410344197592,4.252515687511739,2.512116443493207,1.196948172101824,3.47039689846316,241.9166174977852,5.488593110989424,76.29028370383107,4.334545586850382,159.8395174833133,5.074170296147647,241.0388369224607,5.484958069563394,13.06966139634286,2.570293620364263,23.70050941738565,135.6489830400714,4.910070542136709,1.179840828524864,-1.79065108514768,0
1970m9,64.77499898274739,5.400000095367432,54.92499796549479,19.30833307902018,27.91666666666667,7.691666920979817,3.516666730244955,100.3000030517578,12.89999961853027,22.59143341293485,25.14130112933305,17.35747847392202,59.05813903791417,20.6830005645752,12.42599964141846,20.45199966430664,,6.289999961853027,3.309999942779541,,7.389999866485596,,47.22499974568685,616.899974822998,1.006404331994482,1.006404328578926,141,502,19.46760135301819,32.48716666666667,0,,0,0,4.170919710743772,4.005968581229158,2.96053676847917,3.329223882037066,3.854923408002435,2.04013752478427,1.2575135893331,2.99207559834765,3.150725482962179,2.66500351368384,2.886027249771921,4.256023963236457,2.519791022784143,1.196948172101824,3.480845139558423,243.1231208819498,5.493567985322584,76.79925943249063,4.341194997301023,160.8336528177686,5.08037061854068,242.582529246035,5.491341979267285,13.02388975724737,2.566785344639545,23.81018541848024,136.442308598957,4.915901877657643,1.178844112396122,-1.795127426245827,0
1970m10,64.88333129882813,5.5,54.85833231608073,19.375,28.00833384195964,7.474999745686849,3.533333460489909,102.3000030517578,13.10000038146973,22.70366956693676,25.24465118151014,17.44566716624821,59.44583441486115,20.78499984741211,12.57100009918213,20.50099945068359,,6.199999809265137,3.309999942779541,,7.329999923706055,,47.38333384195963,615.8999862670898,.9986748135393798,.9986750778505973,142,501,19.55878800690515,32.581,0,,0,0,4.172590754031994,4.004754086142565,2.963983575239411,3.33250210310288,3.858270560163186,2.011564085254923,1.262241748437621,2.997031382806726,3.154827824681596,2.670071382087798,2.890700334898416,4.262567149069964,2.531392581822451,1.196948172101824,3.48372929637996,241.6276018920335,5.487397705776916,76.74893133081108,4.340539462341846,160.5460747075745,5.078580971202536,242.2610942213349,5.490016046301542,12.57447190247217,2.531668719276691,23.92171282739766,136.198441286716,4.914112949352686,1.175559371225268,-1.800083210704902,0
1970m11,65.04166666666667,5.900000095367432,54.71666463216146,19.45833333333333,28.15833282470703,7.099999745686849,3.524999936421712,105.8000030517578,13.60000038146973,22.79323317017746,25.26510722688551,17.53627181352708,59.88042811699296,20.89200019836426,12.65100002288818,20.44099998474121,72.40000152587891,5.599999904632568,3.309999942779541,,6.840000152587891,,47.61666615804037,614.299976348877,1.001517953106332,1.001521465655558,143,500,19.62527768698845,32.75041666666667,0,,0,0,4.175028090167486,4.002168318096941,2.968275427320952,3.337843325869161,3.863182829326986,1.960094748228515,1.259880418227838,3.000968517580589,3.155637808618893,2.675251475160024,2.89409404827251,4.269851306211891,2.537736265241732,1.196948172101824,3.488915684646639,240.0566177849329,5.480874802957428,77.01662675956119,4.344021330486091,160.571945531697,5.078742100896592,242.6292606784881,5.491534602091248,11.85696223115679,2.472915225108356,24.00303417677661,136.4428197929798,4.915905624245271,1.174059572586897,-1.804020345478765,0
1970m12,65.625,6.099999904632568,55.46666463216146,19.78333282470703,28.4250005086263,7.258333206176758,3.575000127156576,103.6999969482422,13.19999980926514,22.8941341299886,25.32862528064947,17.63170952281191,60.21285617188923,20.99699974060059,12.73700046539307,20.45199966430664,,4.900000095367432,3.559999942779541,,6.389999866485596,,48.20833333333334,622.6999740600586,1.008145358462606,1.008152507995058,144,499,19.70853066697986,33.15216666666667,0,,0,0,4.183956720911787,4.015782203039216,2.984839806677729,3.347269057530225,3.875531896845731,1.982150216551755,1.273965211714243,3.00538554267189,3.158148715958102,2.680679022601988,2.898327205843422,4.275387484290801,2.544511180146294,1.269760528790776,3.501108073973158,242.2745683118311,5.490071662808402,78.10661891634948,4.358074802503658,161.215226872074,5.082740285115691,244.6064303215801,5.499650512039081,12.05445758204269,2.489434515352686,24.10485816907492,137.5331330893243,4.923864856000877,1.178571178239898,-1.735625013881113,0
1971m1,66.77499898274739,5.900000095367432,56.34166463216146,19.69166692097982,28.53333282470703,8.116666793823242,3.633333206176758,106.8000030517578,13.30000019073486,22.94288281709979,25.28340924780809,17.69936086988941,60.53775212960625,21.07999992370605,12.79300022125244,20.29199981689453,,4.139999866485596,3.559999942779541,,6.239999771118164,,48.22499974568685,632.4999771118164,.9988177571304934,.9988139162411016,145,498,19.73871809549522,33.06708333333334,0,,0,0,4.201328743761991,4.031434308198496,2.980195547319622,3.351072976653898,3.875877553518321,2.093919576526597,1.290150465569765,3.007512587961378,3.156361945467954,2.684508594081403,2.899857727507428,4.280768769674304,2.548898163629703,1.269760528790776,3.49853832634978,245.5736059034783,5.503596722678194,77.88374869851445,4.3552173136357,161.2110913747662,5.08271463275995,244.3167763599237,5.498465647047666,13.40761179312727,2.595822589944024,24.14177942389333,136.9703647470433,4.919764586713494,1.193816155800613,-1.737752059170602,0
1971m2,67.05833435058594,5.900000095367432,56.61666870117188,19.70833333333333,28.80833435058594,8.09999974568685,3.633333206176758,106.8000030517578,13.30000019073486,23.00977170719961,25.30386323977598,17.77546863535159,60.73285836188321,21.15999984741211,12.72399997711182,20.32799911499023,78.09999847412109,3.720000028610229,3.559999942779541,,6.110000133514404,,48.51666768391927,635.8000259399414,1.003164432889584,1.003159994340291,146,497,19.79550154321367,33.2195,0,,0,0,4.205562902533754,4.036303441873223,2.981041558143987,3.360664732450632,3.881907402490598,2.091864030281708,1.290150465569765,3.010423798990789,3.157170607096728,2.688799404399156,2.902730352149336,4.283986472625152,2.543489972088078,1.269760528790776,3.503137052897887,246.0548910333469,5.505554645323509,77.88665764820112,4.355254662831292,162.0679316059907,5.088015578238929,245.0893581958869,5.501622871378033,13.33709620156874,2.590549340748287,24.21122939846182,137.206993718834,4.921490688619692,1.195139103542965,-1.740663270200013,0
1971m3,67.5,6,56.83333333333334,19.5500005086263,28.98333231608073,8.299999872843424,3.641666730244955,109.4000015258789,13.5,23.08573177998358,25.3749172990135,17.85036899938773,60.81073475256613,21.22800064086914,12.71000003814697,20.44400024414063,,3.710000038146973,3.559999942779541,,5.699999809265137,,48.53333282470703,638.2999992370605,.9967127790250147,.9967085006712199,147,496,19.86765302771417,33.12575,0,,0,0,4.212127597878484,4.040123008055462,2.972975312448065,3.366720917034335,3.882250836614539,2.116255499482483,1.292441469772113,3.013719571280697,3.159974704000404,2.693004244445949,2.906368568265417,4.28526792892152,2.542389088202698,1.269760528790776,3.500310925559505,246.1838068421575,5.50607843921584,77.04458807984508,4.344384320231693,162.3682530992769,5.089866922775839,244.2831710268242,5.498328089385893,13.648905750959,2.613659353652694,24.29947551533175,136.3229012045931,4.915026345165229,1.198408026597787,-1.743959042489921,0
1971m4,67.90833536783855,5.900000095367432,57.3999989827474,19.84166717529297,29.1999994913737,8.358333587646484,3.666666666666667,107.3000030517578,13.19999980926514,23.17642847016742,25.48149941457353,17.9204363014179,60.99076401339014,21.30699920654297,12.64099979400635,20.62100028991699,,4.159999847412109,3.559999942779541,,5.829999923706055,,49.04166666666666,644.7999877929688,1.00641198574026,1.006411515415193,148,495,19.94784446769668,33.48691666666667,0,,0,0,4.218158786497755,4.05004428560335,2.987784129339069,3.374168691855527,3.892670276912331,2.123259075606188,1.299282984130261,3.01764056441601,3.164166201494308,2.696921818627098,2.910396725815088,4.288224040196803,2.536945483217743,1.269760528790776,3.511154815283895,247.6654203068103,5.512078723628415,77.86695300962158,4.355001639628793,162.942458544178,5.093397123415883,245.8494537897777,5.504719372134015,13.70426116618487,2.617706818501117,24.39755503834717,137.2552151805096,4.921842077339948,1.200518222081744,-1.747880035625234,0
1971m5,68.46666463216145,5.900000095367432,57.59166463216146,19.81666692097982,29.47500101725261,8.299999872843424,3.641666730244955,111.5,13.60000038146973,23.27279275744665,25.57731346127705,18.00983354727073,61.12390772612375,21.39999961853027,12.66399955749512,20.70599937438965,80.19999694824219,4.630000114440918,3.559999942779541,,6.389999866485596,,49.29166793823242,647.399974822998,1.000603462276333,1.000600690497301,149,494,20.03746914497938,33.63591666666667,0,,0,0,4.226346979111081,4.053377845982966,2.986523347301977,3.383542480935821,3.89775505942721,2.116255499482483,1.292441469772113,3.021789801926754,3.167919291461506,2.701897981105247,2.91487961311938,4.290404675227746,2.538763287636758,1.269760528790776,3.515594444463321,247.4634876544145,5.511263046497288,77.47751518540599,4.349987767624503,163.6605965284967,5.097794750018028,245.9974739403805,5.505321267344602,13.57897454795104,2.608522607346468,24.5071720448533,137.2492779056916,4.921798819215083,1.204557177184328,-1.752029273135977,0
1971m6,70.21666463216145,5.900000095367432,58.31666564941406,20.0500005086263,29.6750005086263,8.583333333333334,3.691666603088379,123.8000030517578,14.69999980926514,23.37595989114408,25.6968135633314,18.09802223959692,61.26123593729028,21.48500061035156,12.72700023651123,20.84199905395508,,4.909999847412109,3.559999942779541,,6.519999980926514,,49.7250010172526,655.4999885559082,1.003965734821208,1.003966013689024,150,493,20.1337745936367,33.97016666666666,0,,0,0,4.251585670782239,4.065887912701987,2.998229179120473,3.390304957635624,3.906507845197604,2.149822338441636,1.30607801004098,3.026212955646375,3.172580524147641,2.706782727970345,2.919674367983653,4.292648873578833,2.543725739593333,1.269760528790776,3.52548268845032,249.4728170350223,5.519349959496687,78.02524020813641,4.357032366756864,163.9681956169771,5.099672479852733,246.9730689891017,5.509279298250723,14.01103520359859,2.639845247954534,24.6249600839527,137.9501390087691,4.926892308337808,1.225372715135864,-1.756452426855599,0
1971m7,69.43333435058594,6,58.24166870117188,19.9250005086263,29.89166768391927,8.424999872843424,3.641666730244955,115,13.80000019073486,23.446250204453,25.71511558425398,18.18500353049707,61.40358554657631,21.5669994354248,12.69299983978271,20.86800003051758,,5.309999942779541,3.559999942779541,,6.730000019073486,,49.81666819254557,655.200023651123,.9986922176188213,.9986829620285477,151,492,20.19739812828623,33.93875,0,,0,0,4.240367074249598,4.064601055627208,2.99197525020332,3.397579768781547,3.908349630691724,2.131203461145657,1.292441469772113,3.029215392565471,3.173292499831073,2.71157733678166,2.922829425629311,4.294969827075771,2.541050647783548,1.269760528790776,3.524557429428381,248.4050464074226,5.515060665502813,77.4836124820955,4.350066462156279,164.3753746530189,5.102152682187341,246.6489390174364,5.507966026099186,13.72069692323233,2.618905417161618,24.70277594475209,137.388405561805,4.922811991670212,1.211151681684128,-1.759454863774694,0
1971m8,69.875,6.099999904632568,58.74166870117188,20.02500025431315,30.19166564941406,8.516666412353516,3.700000127156576,114.0999984741211,13.60000038146973,23.51427218149596,25.83138567633288,18.27077511576998,60.951410562479,21.59700012207031,12.99899959564209,20.90800094604492,82.09999847412109,5.570000171661377,3.559999942779541,,6.579999923706055,,50.21666590372721,660.5000228881836,1.003375178565603,1.003374954829881,152,491,20.29108724490671,34.1825,0,,0,0,4.246707931475263,4.073149333626618,2.996981505654206,3.407565914419872,3.916346961715247,2.142024998120959,1.30833285401682,3.032112380126937,3.177803777470713,2.716282859292511,2.927457372709844,4.287578595707819,2.564872400319034,1.269760528790776,3.5317138172011,249.8128296201204,5.520711955940756,77.52197464443563,4.350561439967525,165.2456748994456,5.107433305314816,247.481395637546,5.511335410042175,13.97287828740797,2.637118185504872,24.81736403385333,137.7362235303141,4.925340432362397,1.214595551348326,-1.762351851336161,0
1971m9,70.39166768391927,6,59.41666666666666,20.15000025431315,30.35000101725261,8.916666666666666,3.783333460489909,112.0999984741211,13.30000019073486,23.54941733815042,25.87983171914971,18.33117859798943,60.61311782122941,21.63299942016602,13.04699993133545,20.90200042724609,,5.550000190734863,3.559999942779541,,6.139999866485596,,50.50000127156576,667.5999984741211,1.002898772520789,1.002899602523358,153,490,20.34658621845778,34.36325,0,,0,0,4.254074899396772,4.084574770626295,3.003204301013692,3.412796551022891,3.921973361460834,2.187922184673906,1.330605488868969,3.033605895129524,3.179677493056252,2.719583422837654,2.930188779472372,4.282012932450446,2.56855821702075,1.269760528790776,3.536987679371766,252.3063132029629,5.530643877937848,77.85985810488565,4.354910519741471,165.5649191077185,5.109363378372691,248.1988906117025,5.514230403025233,14.71078701637693,2.688581035315192,24.88524301014958,138.0868572831889,4.927882887770536,1.220469004267249,-1.763845366338747,0
1971m10,70.73333231608073,5.800000190734863,59.6499989827474,20.09999974568685,30.61666615804036,8.933333079020182,3.774999936421712,113.0999984741211,13.30000019073486,23.58569774412769,25.91643576099487,18.37346068991286,60.56706278427837,21.66699981689453,13.0629997253418,20.93499946594238,,5.199999809265137,3.559999942779541,,5.929999828338623,,50.71666590372721,670.4999885559082,1.002335256047733,1.002333044916158,154,489,20.38629629767187,34.40641666666667,0,,0,0,4.258916923130257,4.088494131490235,3.000719802412634,3.421544506380299,3.9262545726317,2.189789570380811,1.328400365859057,3.035145316984281,3.181090878603878,2.721887333811664,2.932138560059526,4.281252824007987,2.569783785478765,1.269760528790776,3.538243077992359,252.9075019525293,5.533023816947029,77.55696011230852,4.351012635592789,166.6352717909538,5.115807422756089,248.7782241716907,5.516561833608946,14.74949034731637,2.691208529464555,24.93381110705709,137.9910055423838,4.927188505803974,1.223771606145975,-1.765384788193505,0
1971m11,71.04166666666667,6,60.07500203450521,20.33333333333333,30.80833435058594,8.941666920979818,3.783333460489909,111.5,13.10000038146973,23.63444643123888,25.94227378739101,18.43023966365299,60.62149320664248,21.71599960327148,13.03499984741211,20.99399948120117,82,4.909999847412109,3.559999942779541,,5.809999942779541,,51.14166768391927,675.5000228881836,1.006105464149639,1.006109182296335,155,488,20.43234496611516,34.71416666666666,0,,0,0,4.263266559369671,4.09559381548862,3.012261575505201,3.427785249173334,3.934599579497928,2.190722028290011,1.330605488868969,3.037210058855834,3.182087356486154,2.724972839792907,2.934394817815912,4.282151100674113,2.567638035679451,1.269760528790776,3.547147864924074,254.1840876590236,5.538058759073862,78.37914864354006,4.361557930803079,167.1618758780673,5.11896265956788,250.2975931971206,5.522650582718788,14.74999451184758,2.69124271070763,24.99013172478634,138.911499342901,4.933837034979303,1.226056500513837,-1.767449530065058,0
1971m12,71.68333435058594,6,60.70000203450521,20.46666717529297,31.28333282470703,8.950000127156576,3.75,111.5999984741211,13,23.72741145768867,26.06177388944536,18.49668360930444,60.84003901869104,21.78400039672852,13.07600021362305,21.17200088500977,,4.139999866485596,3.559999942779541,,5.929999828338623,,51.75,683.4000244140625,1.007860340922344,1.007862688379535,156,487,20.5141165522306,35.079,0,,0,0,4.272258284752557,4.105943731582836,3.018797571336435,3.443085458105709,3.946424432145478,2.191653546494202,1.321755839982319,3.041135797835982,3.186683164609841,2.728571515851943,2.93838889651231,4.285749705827384,2.570778505198997,1.269760528790776,3.557602660826291,255.8222676027978,5.544482936187929,78.53136652214479,4.363498118510625,169.1294152264706,5.13066419244122,252.2653113929636,5.530481356669941,14.71070740833515,2.68857562375855,25.09014387276829,139.8118726536007,4.940297752185123,1.231122486916576,-1.771375269045206,0
1972m1,71.61666870117188,5.800000190734863,60.95833333333334,20.26666641235352,31.47500101725261,9.208333333333334,3.766666730244955,107.5999984741211,12.5,23.82490883191105,26.15435997958092,18.57399992829326,61.15321199224864,21.87700080871582,13.01599979400635,21.31599998474121,,3.509999990463257,3.559999942779541,,5.949999809265137,,51.74166742960612,686.2999992370605,.995923153640395,.9959208800248832,157,486,20.59479869668859,34.92883333333333,0,,0,0,4.271327849961159,4.110190570672179,3.008977487755665,3.449193612249794,3.946263403328012,2.220108871169807,1.326190453929377,3.045236439413465,3.190229432029719,2.732742813692582,2.942314188511125,4.290883984304594,2.566179354090549,1.269760528790776,3.553312658127343,255.8596709158687,5.544629133699789,77.48867274204375,4.350131767509978,169.4573120424514,5.132601048744666,251.2365776992304,5.52639503585366,15.05780814015218,2.711896669956944,25.18882356035126,138.6679820502353,4.932082457487359,1.226091410547694,-1.775475910622689,0
1972m2,72.33333333333333,5.699999809265137,61.3500010172526,20.5500005086263,31.69166564941406,9.108333587646484,3.799999872843424,111.4000015258789,12.80000019073486,23.91900694530399,26.31261609452574,18.64044387394471,61.18838094472686,21.93600082397461,13.00699996948242,21.58499908447266,92.80000305175781,3.299999952316284,3.559999942779541,,6.079999923706055,,52.24166615804037,690.6000137329102,1.005094072198831,1.00509138088926,158,485,20.68845316296068,35.32066666666667,0,,0,0,4.28128506487235,4.116595187738055,3.022860965692915,3.456053733047788,3.955880378755895,2.209189773315424,1.335001033270083,3.049178229009067,3.196262049372303,2.73631368615315,2.946851361467083,4.291458914753066,2.565487671735361,1.269760528790776,3.564468250604815,256.4905857402137,5.547091961170064,78.09941981748317,4.357982628104644,170.0156169226857,5.135890297082092,252.5160568870881,5.531474838325584,14.88572413098214,2.700402641654089,25.3033692697466,139.588788710826,4.938700877008874,1.232106835863283,-1.779417700218291,0
1972m3,72.74166870117188,5.800000190734863,62.43333435058594,20.94166692097982,32.13333384195963,9.358333587646484,3.875,103.0999984741211,11.80000019073486,23.95301901501531,26.30400410352952,18.68997383072619,61.25620815062355,21.97900009155273,13.0310001373291,21.54899978637695,,3.829999923706055,3.559999942779541,,6.070000171661377,,53.07500076293945,702.7000122070313,1.014446944840334,1.014452735746335,159,484,20.71907831127916,36.02833333333334,0,,0,0,4.286914379922215,4.134099337075354,3.041740806905429,3.469893928777009,3.971706021964062,2.236267239131444,1.35454566280531,3.05059918727235,3.19593470067371,2.73896728549069,2.94833056840419,4.292566798953347,2.567331144701415,1.269760528790776,3.584305665941907,260.6491244859308,5.56317515224408,79.61398895223645,4.377189818015752,171.9281906598106,5.147076893473773,256.1648735795656,5.545821274596644,15.2773635035247,2.726372223269829,25.34082588531564,142.17505576332,4.957059085408858,1.236315192649865,-1.780838658481573,0
1972m4,72.8250020345052,5.699999809265137,62.70833333333334,21.01666641235352,32.29166666666666,9.408333460489908,3.875,100.5,11.5,23.98929725861291,26.29108406362771,18.7346730297029,61.4471298844676,22.03000068664551,12.98400020599365,21.54000091552734,,4.170000076293945,3.559999942779541,,6.190000057220459,,53.30833307902018,706,1.003138182904088,1.003139245423705,160,483,20.74505229449351,36.18208333333333,0,,0,0,4.288059330782405,4.138494346835031,3.045315761642272,3.474809199005401,3.976092661897484,2.24159583488293,1.35454566280531,3.052112599778951,3.195443398515582,2.741356043914971,2.949583409654317,4.295678725506879,2.563717846077482,1.269760528790776,3.588564060767423,261.4012934906589,5.566056749497156,79.93837896334193,4.381256074910722,172.3631184567236,5.149603405277884,256.9689018965266,5.548955073279939,15.31126592597471,2.728588892467782,25.37259381322703,142.6030133130149,4.960064638984248,1.235946731003454,-1.782352070988174,0
1972m5,73.51666768391927,5.699999809265137,63.16666666666666,21.28333282470703,32.34166717529297,9.541666666666666,3.891666730244955,103.1999969482422,11.69999980926514,24.042582618256,26.33199410097097,18.78782749496371,61.53170147264319,22.08099937438965,13.04800033569336,21.54500007629395,88.59999847412109,4.269999980926514,3.559999942779541,,6.130000114440918,,53.625,711.2999992370605,1.003599772607868,1.0036035578248,161,482,20.79339306631866,36.45,0,,0,0,4.297512151719872,4.145776735854371,3.05792426991257,3.476356404313517,3.982015377248181,2.255668173206294,1.358837531223885,3.054331350393724,3.196998231376442,2.744189250661523,2.95191093025498,4.297054110206412,2.568634891046285,1.269760528790776,3.595941458454667,262.7282920042998,5.571120387901723,80.82689348590665,4.39230975032016,172.1416017044149,5.148317403839449,257.8944178517083,5.552550268029973,15.50691178417821,2.741285846091614,25.43171782750888,143.3249623451425,4.965114516070829,1.243180801326148,-1.784570821602948,0
1972m6,73.86666870117188,5.699999809265137,63.46666463216146,21.27500025431315,32.61666615804037,9.566666920979818,3.866666793823242,103.5999984741211,11.69999980926514,24.07886086185361,26.33091811544832,18.84219051375115,61.56184263845466,22.12599945068359,12.99499988555908,21.57399940490723,,4.460000038146973,3.559999942779541,,6.110000133514404,,53.89166641235352,715.1999740600586,1.003238312305043,1.003234144526117,162,481,20.82938580596972,36.58175,0,,0,0,4.302261693747959,4.150514801632875,3.057532686413052,3.484823389579914,3.986975853945577,2.258284860680722,1.35239284232953,3.055839129373193,3.196957368253705,2.747078595896213,2.953640403855621,4.297543838024902,2.564564659286919,1.269760528790776,3.599549482168324,263.5783519672523,5.574350674700757,80.79855081783546,4.391959029943379,173.1044282470051,5.153895043871155,258.7290230944213,5.555781271126728,15.53992946111719,2.743412805747551,25.4757393681841,143.5944585211367,4.966993066183845,1.246422564374766,-1.786078600582417,0
1972m7,74.66666666666667,5.599999904632568,64.15833536783855,21.5,32.94166564941406,9.716666539510092,3.933333396911621,104.8000030517578,11.69999980926514,24.16502304188521,26.44072818757631,18.91105041435528,61.68158956765571,22.18899917602539,13.08899974822998,21.69599914550781,,4.550000190734863,3.559999942779541,,6.110000133514404,,54.44166564941406,722.700023651123,1.006323056186343,1.006323044877566,163,480,20.9097497271313,36.97308333333334,0,,0,0,4.31303376318693,4.161354018206696,3.068052935133617,3.494738289634216,3.997129773373519,2.273842611041952,1.369487258967481,3.059411075272656,3.201119081533924,2.750726493415583,2.957491179366005,4.299487097227286,2.571772163574345,1.269760528790776,3.610190170426604,265.5008242973034,5.581617945375116,81.31394811623302,4.398317565383724,174.1926806160287,5.160162046406087,260.3649797815306,5.562084415044286,15.7529444484441,2.757027296906397,25.57402984727883,144.5727699315539,4.97378297893174,1.253622687914274,-1.78965054648188,0
1972m8,75.58333333333333,5.599999904632568,64.69166564941406,21.63333384195964,33.20833333333334,9.858333587646484,4.016666730244954,109.3000030517578,12,24.23531335519413,26.50855223683838,18.97386985152741,61.82226537756858,22.23600006103516,13.2209997177124,21.79000091552734,95.19999694824219,4.809999942779541,3.559999942779541,,6.210000038146973,,54.84166717529297,728.0999870300293,1.004311306537326,1.004311102759444,164,479,20.97296207381953,37.19858333333333,0,,0,0,4.325235800327136,4.169632377899003,3.074235358553166,3.502800848442269,4.004450254948523,2.28831714699311,1.390452387097173,3.062315615528262,3.203680932641739,2.754042825840494,2.960509722911409,4.301765177872031,2.581806453176504,1.269760528790776,3.61627067811667,266.9314182213753,5.586991764811817,81.60888474285007,4.401938137695459,175.0214036102921,5.164908272789229,261.4874664926401,5.566386353073886,15.94625096223577,2.76922375221281,25.65134279755407,145.0161249916333,4.976844943076403,1.262920184798875,-1.792555086737485,0
1972m9,76.21666463216145,5.5,65.09166463216145,21.89166768391927,33.38333384195963,9.825000127156576,4.041666666666667,112,12.19999980926514,24.34414808598694,26.7044904325585,19.03427218164627,61.976337971014,22.30999946594238,13.38500022888184,21.94400024414063,,4.869999885559082,3.559999942779541,,6.550000190734863,,55.27500152587891,732.5999755859375,1.003043415434451,1.003040977818589,165,478,21.07456806946927,37.58066666666667,0,,0,0,4.333580134742249,4.17579650157225,3.086106093371065,3.508056788679653,4.012320754348736,2.28493017069747,1.396657148155437,3.066796312088097,3.211045258056007,2.757221217508032,2.965342643802223,4.304254263674697,2.594134694072191,1.269760528790776,3.626489733760557,267.381156252618,5.588675191925228,81.97747768004076,4.40644454709909,175.3853970531608,5.166985821359074,262.2829627808876,5.569423931583285,15.85282455983714,2.763347690114504,25.77561376202368,145.799308655206,4.982231077829475,1.266783822654152,-1.79703578329732,0
1972m10,78.21666463216145,5.599999904632568,66.24166870117188,22.30833435058594,33.76666768391927,10.16666666666667,4.174999872843425,122,13,24.37135730928006,26.76908447184511,19.0825947370017,61.55765814002175,22.32299995422363,13.42399978637695,22.01499938964844,,5.050000190734863,3.559999942779541,,6.480000019073486,,56.07500203450521,744.8000259399414,1.01195208285454,1.011952301726112,166,477,21.12706758211252,38.20525,0,,0,0,4.359482727561169,4.193309701504442,3.104960346337974,3.519474152712469,4.02669011668813,2.319114394945256,1.429114327846154,3.067913378447226,3.213461182961721,2.759756713478691,2.967830677212068,4.297475863440729,2.597044133811333,1.269760528790776,3.64297294072424,271.8013111069056,5.605071325498292,83.33618721271229,4.422882875160284,176.9500854013565,5.175867689421231,265.4178191865196,5.581305260512834,16.51568135282391,2.804310314596259,25.83982419595174,147.8541406097706,4.996226251383314,1.291569349113943,-1.79815284965645,0
1972m11,79.31666564941406,5.300000190734863,66.70833333333333,22.3249994913737,34.1000010172526,10.28333346048991,4.266666730244954,129.6999969482422,13.60000038146973,24.44391595885493,26.85521054202976,19.15024723617979,61.59701159093289,22.38199996948242,13.47900009155273,22.10899925231934,90.69999694824219,5.059999942779541,3.559999942779541,,6.28000020980835,,56.4250005086263,749.2999992370605,1.002817185563965,1.002816499332328,167,476,21.19921970454459,38.38791666666667,0,,0,0,4.373448266073804,4.200329882648769,3.105707103979749,3.529297414120925,4.0329123317178,2.330524474048594,1.450832897158623,3.070886165370388,3.216673389079055,2.76329569024815,2.971240009659869,4.298114953332107,2.601132925548382,1.269760528790776,3.647742739935756,272.9036274123169,5.609118719719456,83.13097920581909,4.420417426684726,178.0655915127238,5.182151974060229,266.165459366083,5.584118143094703,16.69453305426853,2.815081303808218,25.92807109305487,148.0554281454023,4.997586718147027,1.302562100703415,-1.801125636579612,0
1972m12,79.93333435058594,5.199999809265137,67.1749979654948,22.38333384195964,34.39166768391927,10.40000025431315,4.333333333333333,131.1999969482422,13.69999980926514,24.52214004314553,26.94456662218986,19.21548262830461,61.73099220335308,22.44899940490723,13.48700046539307,22.22299957275391,,5.329999923706055,3.559999942779541,,6.360000133514404,,56.77500152587891,754.0999755859375,1.002818252975161,1.002818142759224,168,475,21.27077199496107,38.56266666666667,0,,0,0,4.381192966651567,4.207301124214912,3.108316657024575,3.537814316548997,4.039096114867516,2.341805830600514,1.466337068793427,3.074081201165457,3.219995193258767,2.766696405168736,2.974609558616803,4.300287706656686,2.601726293041509,1.269760528790776,3.652284623644381,273.9361158826416,5.612894925490531,83.07179015277286,4.41970517554984,178.978942913773,5.187268161567715,266.9155662959886,5.586932377287485,16.84729158419107,2.82418990703556,26.01558435527138,148.2291004501421,4.99875905289872,1.30711176548611,-1.804320672374681,0
1973m1,79.75833129882813,4.900000095367432,68.04166666666667,22.70833333333333,34.55833435058594,10.77500025431315,4.274999936421712,118.8000030517578,12.39999961853027,24.59583177966354,27.1405027645025,19.23722737497934,61.7301553036665,22.46299934387207,13.56900024414063,22.54599952697754,,5.940000057220459,3.559999942779541,,6.460000038146973,,57.26666768391927,765.2000007629395,1.005089449580339,1.005084356975807,169,474,21.34638786378945,39.114,0,,0,0,4.379001203905489,4.22012026262252,3.122731964315298,3.542648746900147,4.047718738645479,2.37722865959196,1.452784087516609,3.077081805183673,3.227240704883789,2.767827391722908,2.978158173701874,4.300274149360265,2.607787797156345,1.269760528790776,3.666480459170457,276.6390145948438,5.622713459879923,83.66953821884952,4.426874971215542,179.6430102787775,5.190971605364693,268.2733399642875,5.592006385980376,17.45500266653819,2.859626293323426,26.10806764711278,149.8157601270254,5.009406273339724,1.301919398721816,-1.807321276392897,0
1973m2,80.77499898274739,5,68.81666564941406,23.01666768391927,34.80833435058594,10.99166615804037,4.350000063578288,121.5,12.5,24.72507504971095,27.38381101751679,19.30487872205684,61.91521235115724,22.53400039672852,13.70800018310547,22.87199974060059,81.90000152587891,6.579999923706055,3.559999942779541,,6.639999866485596,,57.82500203450521,773.5999870300293,1.004049685021222,1.004048560002068,170,473,21.46758442900162,39.55141666666667,0,,0,0,4.391667499116905,4.231445948881922,3.136218635383538,3.549856850939527,4.057421243301336,2.397137363661457,1.470175859716291,3.082322729334745,3.236165525799193,2.771337911692091,2.983819731480802,4.303267503485522,2.617979617369925,1.269760528790776,3.677601513209745,278.3274287784966,5.628798221988253,84.05209804141592,4.431436821368377,180.3084849780257,5.19466918943489,269.3596115843688,5.596047332857307,17.75277147674181,2.876541643267666,26.25629919538913,150.6359154896143,5.014865769600084,1.309344769782161,-1.812562200543968,0
1973m3,81.64166768391927,4.900000095367432,69.39999898274739,23.13333384195964,35.06666564941406,11.19166692097982,4.325000127156575,124.8000030517578,12.69999980926514,24.90080083298324,27.76491934010054,19.38823550447766,62.00648552537272,22.625,13.75899982452393,23.43899917602539,,7.090000152587891,3.559999942779541,,6.710000038146973,,58.1999994913737,780.8999862670898,.9983595436902839,.9983865047286538,171,472,21.64201360900363,39.78725,0,,0,0,4.402339765022565,4.23988685285494,3.141274600831377,3.557250982626395,4.063885345998108,2.41516947646463,1.464412169784207,3.08940478137366,3.249986855392568,2.775646529028343,2.991912135021691,4.304740581925931,2.621693142692131,1.269760528790776,3.683546509208012,278.7058916226547,5.630157073922356,83.31857031022756,4.42267145722284,180.8656885837574,5.197754703785506,268.9213699928597,5.594419032013189,18.04918763925146,2.89310067763043,26.46963781081118,150.3127858581783,5.012718362057462,1.312934983648905,-1.819644252582883,0
1973m4,82.35833231608073,5,69.64166768391927,23.28333282470703,35.3249994913737,11.04166666666667,4.366666793823242,130.3000030517578,13.19999980926514,25.08559563656003,28.0588235535695,19.51387437882192,62.25183129303365,22.75600051879883,13.91800022125244,23.78000068664551,,7.119999885559082,3.559999942779541,,6.670000076293945,,58.60833231608073,783.3000106811523,.9989129149264634,.9989177321929916,172,471,21.8175195314526,40.05275,0,,0,0,4.411079633242593,4.243363061826344,3.14773777518978,3.564590914172111,4.070876876169181,2.401675995638277,1.473999970658822,3.096798618837617,3.260516673489033,2.782105783374492,2.999988930323162,4.308689550377732,2.633182982319514,1.269760528790776,3.69019733532688,277.6161614533191,5.626239445429802,82.9804313792944,4.418604813484778,181.0250430314921,5.198635380985074,268.6296773177616,5.59333376688279,17.73709533891623,2.875658228352276,26.68429335464393,150.0985972072951,5.01129239287486,1.314281014404977,-1.827038090046841,0
1973m5,82.91666666666667,4.900000095367432,70.13333129882813,23.39166768391927,35.63333384195963,11.10833358764648,4.483333269755046,130.8999938964844,13.19999980926514,25.20916914713237,28.24076572386515,19.60448017820139,62.38831621596638,22.8439998626709,13.9980001449585,24.01700019836426,77,7.840000152587891,3.559999942779541,,6.849999904632568,,59.02500152587891,787.799976348877,1.00172552414013,1.00172810521413,173,470,21.93475143100732,40.33858333333333,0,,0,0,4.417836087370593,4.25039816318634,3.152379877067656,3.57328154363678,4.077961108822977,2.40769560029057,1.500366803198708,3.101712599836103,3.266980052921127,2.786738184835766,3.005347837530952,4.310879614818656,2.638914472623005,1.269760528790776,3.697308413747121,278.2056437064528,5.628360565791312,82.82943852387082,4.416783535930561,181.761176619113,5.202693608988468,269.0935509870433,5.595059092328796,17.80515048553858,2.879487768563644,26.8276758502448,150.3618261921308,5.013044564087311,1.31612348753449,-1.831952071045327,0
1973m6,83.64166768391927,4.900000095367432,70.35833231608073,23.6750005086263,36.00833384195963,10.6750005086263,4.458333333333333,136.8000030517578,13.60000038146973,25.35315119695931,28.4700758980475,19.71199651014904,62.47373109237577,22.94300079345703,14.21399974822998,24.23600006103516,,8.489999771118164,3.559999942779541,,6.900000095367432,,59.68333435058594,790.7999877929688,1.004594712794978,1.004595371531729,174,469,22.07795062695938,40.7795,0,,0,0,4.426541813193785,4.253601217429286,3.164419660555829,3.583750407275126,4.089052824820497,2.367904606761179,1.49477500411396,3.10740784633699,3.275067092977925,2.792207474508504,3.011855036341922,4.312247762972146,2.654227376691884,1.269760528790776,3.708179504158932,277.5131650085337,5.625868373533372,83.15748996738697,4.420736279361936,182.6721804836976,5.207693182954076,270.3300471997009,5.599643609515347,17.08718259974242,2.838328626880764,27.00281809533023,151.0194226988932,5.017408455688151,1.319133966856795,-1.837647317546214,0
1973m7,84.14999898274739,4.800000190734863,71.1749979654948,24.15833282470703,36.1750005086263,10.84166717529297,4.491666793823242,132.8999938964844,13.19999980926514,25.4449809740863,28.51421594536622,19.81951514629788,62.60603151687557,23.04100036621094,14.23299980163574,24.26499938964844,,10.39999961853027,3.559999942779541,,7.130000114440918,,60.33333333333334,800.1999740600586,1.006957798950176,1.006976093949962,175,468,22.16398179654478,41.4105,0,,0,0,4.432600908548252,4.265141604579552,3.184629365085744,3.588368286577708,4.099884742597716,2.383396782644491,1.502223856436392,3.111023328766493,3.276616293809203,2.797647129951221,3.015744164746136,4.314363220678152,2.655563198151563,1.269760528790776,3.723534471862751,279.7211679504925,5.633793278254135,84.72381941342823,4.439396783060572,182.5221265081426,5.20687140681394,272.2134221511538,5.606586398888352,17.31728862636913,2.85170534505807,27.10804000030209,152.7609520995931,5.028874294987755,1.321577579781758,-1.841262799975717,0
1973m8,84.84166463216145,4.800000190734863,71.10833231608073,23.95833333333333,36.43333435058594,10.71666717529297,4.549999872843425,141.8999938964844,13.89999961853027,25.7386105084559,29.19461251584717,19.94636142206818,62.69312019265814,23.14800071716309,14.27799987792969,25.50300025939941,72,10.5,4.309999942779541,,7.400000095367432,,60.39166768391927,798.6999893188477,.9877391229556354,.9878720298736988,176,467,22.45928957511706,41.38891666666667,0,,0,0,4.440786750345126,4.264204521448865,3.176316210449405,3.595484134435314,4.10085114317149,2.371800209476759,1.515127205016359,3.122497035363425,3.30019771516548,2.804026806042356,3.028979953187171,4.315753312927273,2.65871988253073,1.460937890839448,3.723013131624109,276.2710609134068,5.621382488526516,82.06422784453287,4.407502207067957,182.6565436154033,5.207607578580411,268.8939357673539,5.594317011021091,17.09384880248467,2.838718679641217,27.46922126941798,150.6737896233912,5.01511716630808,1.318289714981701,-1.661559144523977,0
1973m9,85.61666870117188,4.800000190734863,72.43333435058594,24.35833231608073,36.93333435058594,11.14166641235352,4.666666666666667,135.1000061035156,13.10000038146973,25.84064455521018,29.21614454674521,20.08770573175577,62.73833832992259,23.26499938964844,14.27700042724609,25.51099967956543,,10.77999973297119,4.309999942779541,,7.090000152587891,,61.29166666666666,813.2000122070313,1.010288113561776,1.010302264170375,177,466,22.56171652619156,42.11483333333333,0,,0,0,4.449879992008125,4.282666612638258,3.192873980567204,3.609114513188014,4.115643890253492,2.410691811494483,1.540445040947149,3.126453439143368,3.30093497771629,2.811088036990548,3.033530145937939,4.316474314496672,2.658649880732564,1.460937890839448,3.740400014341316,280.3077693972668,5.635888175935966,83.37284981975606,4.423322714634946,183.8603912451767,5.21417672638492,271.6622496143593,5.604559565352325,17.7589440666451,2.876889280089543,27.59449631757153,152.6204096956667,5.027953856274518,1.323426552864757,-1.66551554830392,0
1973m10,86.85833740234375,4.599999904632568,72.35000101725261,24.4499994913737,37.125,10.77500025431315,4.733333269755046,149.6999969482422,14.39999961853027,25.98689494130307,29.46375674185013,20.1976391707567,62.73247364356928,23.35499954223633,14.7180004119873,25.61499977111816,,10.01000022888184,4.309999942779541,,6.789999961853027,,61.5749994913737,811.4000129699707,.9979703063387961,.9979734424692596,178,465,22.71207545484802,42.30125,0,,0,0,4.464278485803793,4.281515467137654,3.196630195118169,3.614290597122864,4.120255935746329,2.37722865959196,1.554629662507073,3.132097186684129,3.309374448790386,2.816545789041555,3.040172376459694,4.31638083161782,2.689071262496478,1.460937890839448,3.744816636443038,278.4095644388084,5.629093282894599,82.98330625519006,4.418639458111815,183.8086109279133,5.213895058268763,271.1112844521224,5.602529380323406,17.1761125115743,2.843519611065872,27.77839539716098,152.2811141363597,5.025728247854486,1.332181299119664,-1.671159295844681,0
1973m11,87.70833333333333,4.800000190734863,73.0750020345052,24.9250005086263,37.39166768391927,10.75833384195963,4.933333396911621,151.1000061035156,14.39999961853027,26.20003205511612,29.88362107732435,20.31361422529023,62.90999220533353,23.4680004119873,15.27000045776367,25.94899940490723,76.5,10.02999973297119,4.309999942779541,,6.730000019073486,,62.31666819254557,817.700023651123,1.002898119451567,1.002890707940079,179,464,22.91930365789085,42.892,0,,0,0,4.474016915768536,4.29148633883864,3.215871336254173,3.621447890399266,4.1322289372409,2.375680695342021,1.59601490498945,3.140265450697001,3.323524066044751,2.822271376953018,3.04925514501532,4.319206606783704,2.725890149208515,1.460937890839448,3.758685328357899,278.9118802632752,5.630895890582714,83.4068951822554,4.423730981993453,184.0719591758667,5.215326763633702,271.8959926650767,5.605419613262352,17.10115271806939,2.839145871650049,28.03184942310462,153.0116666674417,5.030514171213721,1.333751465071535,-1.679327559857554,0
1973m12,88.10833740234375,4.900000095367432,73.0499979654948,25.0500005086263,37.48333231608073,10.52500025431315,4.758333206176758,156,14.80000019073486,26.41543534281545,30.24965738896097,20.46582975621459,62.99624398142952,23.59799957275391,15.86299991607666,26.17499923706055,,9.949999809265137,4.309999942779541,,6.739999771118164,,62.53333282470703,819.4999771118164,.994136591863273,.9941390135607611,180,463,23.13460989058141,42.98425,0,,0,0,4.478567164132381,4.29114411034585,3.220873847835317,3.623896362598417,4.135699739770332,2.353753403731214,1.559897440151041,3.148453327827472,3.33569838422389,2.829736718458108,3.058605394960801,4.32057670237548,2.76398934813581,1.460937890839448,3.760833769527232,276.5428508652731,5.622365784959453,82.81085695128507,4.416559175395459,183.1508067963804,5.210309894327763,270.3020847140616,5.599540165846302,16.70734569098403,2.815848484447466,28.29518342245847,151.9136644503337,5.023312362437572,1.33011383630491,-1.687515436988024,0
1974m1,88.2999979654948,5.099999904632568,73.70833333333333,25.41666666666667,37.73333231608073,10.55833307902018,4.841666539510091,151.6999969482422,14.30000019073486,26.66825428581487,30.77394981554241,20.58784412207953,63.25582343230961,23.7140007019043,16.70599937438965,26.56100082397461,,9.649999618530273,10.10999965667725,,6.989999771118164,,63.1499989827474,826.4000015258789,.9993515657992504,.9993606234872163,181,462,23.37780260652369,43.53141666666667,0,,0,0,4.480740084569085,4.30011586381184,3.235405126819412,3.630543850141981,4.145512832687987,2.356915413452606,1.577258987806889,3.157978696404633,3.352882072687691,2.835680874661399,3.069062600641579,4.324688790549121,2.815767898885471,2.31352499907365,3.773482899639895,276.3897949350947,5.621812169848281,82.59149969052709,4.413906765915753,183.2796678094791,5.211013225668036,270.1280357509952,5.59889605308318,16.6914799398963,2.814898405995216,28.59262446586219,152.2470129268493,5.025504286869458,1.322761388164452,-.8444536973309829,0
1974m2,88.65833536783855,5.199999809265137,74.14166768391927,25.77499898274739,37.96666717529297,10.40000025431315,4.983333269755046,150.8000030517578,14.19999980926514,26.97889093622996,31.42958639855736,20.73643744872576,63.51456598350311,23.86499977111816,17.41300010681152,27.22200012207031,61.79999923706055,8.970000267028809,10.10999965667725,,6.960000038146973,,63.74166615804037,829.9000129699707,.9965265646163816,.9965467333720237,182,461,23.67884287641944,43.9905,0,,0,0,4.484790053682024,4.305977691183111,3.249404990436384,3.636708595181681,4.154838448560326,2.341805830600514,1.606098998410401,3.16955955950221,3.373963217071085,2.842872480246522,3.081857578854481,4.328770862264418,2.857217059831256,2.31352499907365,3.783973701515629,274.8136232107096,5.616093134121977,82.00871196933882,4.406825485149331,183.0915617457038,5.209986365122613,269.1924875328999,5.595426690742617,16.37419715190116,2.795706751427828,28.96081695730829,151.8966128091181,5.023200110532289,1.315230494179814,-.8560345604285602,0
1974m3,89.0499979654948,5.099999904632568,75.11666870117188,26.02499898274739,38.39166768391927,10.70833333333333,5.200000127156575,143.6000061035156,13.39999961853027,27.29179376053133,32.01309088340465,20.90798061927158,63.95752868250077,24.05100059509277,18.21999931335449,27.64999961853027,,9.350000381469727,10.10999965667725,,7.210000038146973,,64.41666666666667,839.0000228881836,.9981776338288302,.998206043099128,183,460,23.97293995535863,44.467,0,,0,0,4.489197986888897,4.319042487553152,3.259057575413516,3.647840448650574,4.165372398799422,2.371022254547274,1.648658650040569,3.181090878603878,3.392358435047519,2.851110998096843,3.09420132742816,4.33572084583793,2.90251985414545,2.31352499907365,3.794747341037191,275.235366939507,5.617626611390349,81.29486489615584,4.398082852150028,183.6220741879414,5.212879700741185,268.7057440039503,5.593616892408034,16.74288164962073,2.817973191801076,29.32051745936782,151.658305695396,5.021630001480172,1.308107108285019,-.8675658795302277,0
1974m4,89.60833740234375,5.099999904632568,75.89999898274739,26.26666768391927,38.875,10.75,5.450000127156575,140.8000030517578,13.10000038146973,27.48452449746945,32.24347909651713,21.05415683886454,64.39881758212526,24.23100090026855,18.52099990844727,27.65800094604492,,10.51000022888184,10.10999965667725,,7.510000228881836,,65.14166768391927,845.3999862670898,1.004151157340173,1.00415132838008,184,459,24.14253069846505,45.03658333333333,0,,0,0,4.495448367017318,4.329416670999047,3.268300746923614,3.660351370499398,4.176564401054289,2.374905754573672,1.695615632006634,3.188127917178241,3.399529350035229,2.858078079362606,3.101250679459673,4.342596869519386,2.918905218497479,2.31352499907365,3.807475122457882,276.1554015232668,5.620963756261881,81.46350338092559,4.400155108672417,184.6428726522992,5.218423541324245,269.8212068052206,5.597759542631388,16.69285307341389,2.814980668146017,29.52793834113946,152.5219363879077,5.027308430869351,1.307320449839078,-.8746029181045905,0
1974m5,90.40000406901042,5.099999904632568,76.86666870117188,26.5500005086263,39.3249994913737,11,5.633333206176758,138.5,12.80000019073486,27.75548148107784,32.61382140365186,21.23536613342228,65.07540306462444,24.4640007019043,18.87800025939941,27.83699989318848,72.09999847412109,11.3100004196167,10.10999965667725,,7.579999923706055,,65.875,854.8000259399414,1.001475394853709,1.00147788840626,185,458,24.37831719686297,45.56733333333333,0,,0,0,4.504244312409307,4.342072345634826,3.279029766845247,3.671860436010424,4.187759006861526,2.397895272798371,1.728701310688745,3.19793816798843,3.410949693756129,2.866648069794872,3.110969732800881,4.353048241812562,2.937997236643584,2.31352499907365,3.819191085532676,276.9422996807868,5.623809180087472,81.40720518465039,4.399463784873149,185.1863501872011,5.221362616403006,270.2196360316326,5.599235095097417,16.90346810311145,2.82751881407754,29.81632108250673,152.8268132317228,5.029305340602936,1.306306144420877,-.8844131689147798,0
1974m6,90.98333740234375,5.400000095367432,77.33333333333333,26.68333435058594,39.75,10.90000025431315,5.758333206176758,139.6000061035156,12.80000019073486,27.99129330803176,32.80329752601359,21.41174582227586,66.08107539182078,24.71500015258789,18.98699951171875,27.85199928283691,,11.93000030517578,10.10999965667725,,7.539999961853027,,66.43333435058594,858.9000015258789,1.001167282064166,1.001165335940329,186,457,24.55629938358339,45.88675,0,,0,0,4.510676384282247,4.3481250829982,3.284039188897759,3.682609841100341,4.196198953863021,2.38876281256658,1.75064805890344,3.206398324987611,3.416742570462484,2.874919705852821,3.118244050410574,4.368384000273239,2.943754508744669,2.31352499907365,3.826176404369034,276.2763852399184,5.621401760451665,81.34345130828869,4.398680330219307,185.6457681215598,5.223840385434974,270.5347956255925,5.600400724489219,16.49488933054244,2.803050595385072,30.03400526404267,152.7826528516214,5.029016341829601,1.304278059294636,-.892873325913961,0
1974m7,92.00833129882813,5.5,78.15833536783855,27.03333282470703,40.01666768391927,11.11666615804037,5.866666793823242,141.6999969482422,12.80000019073486,28.19762757542662,33.01430773268084,21.54825591785689,66.96365319106977,24.93400001525879,19.13199996948242,27.8430004119873,,12.92000007629395,10.10999965667725,,7.809999942779541,,67.0500005086263,867.5000228881836,1.002865727425569,1.002865641358706,187,456,24.71342189647973,46.3555,0,,0,0,4.521879130544907,4.358736709757452,3.297070653638474,3.689296059419875,4.205438617313463,2.408445437940032,1.769286635050412,3.213742662327078,3.423154560956118,2.881274945587966,3.124622127714745,4.381651579608311,2.951362324222944,2.31352499907365,3.836339947323716,277.1805364077905,5.62466904987145,81.88368825903551,4.405299804466388,185.7072230646646,5.224171364019363,271.3100629669465,5.603262310635491,16.60104493749883,2.809465641423451,30.22617666192777,153.3621023871946,5.032801807480113,1.308136468217829,-.9002176632534273,0
1974m8,92.84166463216145,5.5,79.56666564941406,27.39166768391927,40.43333435058594,11.74166615804037,5.791666666666667,134.6000061035156,12.10000038146973,28.49239235911902,33.48907813092279,21.72463330250927,67.58078685308533,25.17399978637695,19.20299911499023,28.34199905395508,64.40000152587891,12.01000022888184,10.10999965667725,,8.039999961853027,,67.8250020345052,885.2999877929688,1.000866160098226,1.000871055057967,188,455,24.97737795311706,46.93916666666667,0,,0,0,4.530895511363562,4.376595231891765,3.310238868019475,3.699654552440656,4.216930888541386,2.463143725798567,1.756420102782746,3.224141933326409,3.437432885526346,2.889426856152405,3.135246168388816,4.3908253216053,2.955066470740917,2.31352499907365,3.848852437105226,279.255826069476,5.632128301006432,81.79283877816464,4.404189694277161,186.1174538026184,5.226377946475705,271.5457249428416,5.604130541189342,17.3742667180921,2.854990187284998,30.54901266708828,153.6519925478187,5.034690256587552,1.306753578037153,-.9106169342527588,0
1974m9,93.70833333333333,5.900000095367432,79.59166463216145,27.49166615804036,40.875,11.22499974568685,5.900000254313151,144.5,12.89999961853027,28.78829022975457,33.9067904953517,21.90463519564097,68.46252775264772,25.39999961853027,19.26499938964844,28.9330005645752,,11.34000015258789,10.10999965667725,,8.039999961853027,,68.36666615804036,884.2999725341797,.9980291048938109,.9980404142904142,189,454,25.22642831959657,47.21633333333333,0,,0,0,4.54018712161137,4.376909371690904,3.313882909945427,3.710518629217417,4.224885368970543,2.418143410972358,1.774952394015597,3.234473531670433,3.449828829720452,2.897678331395524,3.145167822860607,4.403788152583457,2.958289946396233,2.31352499907365,3.854739877929419,276.4723573263767,5.622110842461548,81.0801192221635,4.395437792009007,186.6043402911095,5.228990548009347,271.0120723072449,5.602163367146708,16.3958301192768,2.797027041480632,30.8536180109561,153.0333762366762,5.030656042939954,1.305713589940938,-.9209485325967823,0
1974m10,94.68332926432292,6,79.93333435058594,27.625,41.39166768391927,10.91666666666667,6.099999745686849,152.1000061035156,13.39999961853027,28.99462665952908,34.12318062963223,22.03993788979595,69.3442686522101,25.59900093078613,19.18000030517578,29.20800018310547,,10.0600004196167,11.15999984741211,,7.900000095367432,,69.01666768391927,886.0000152587891,1.003228036202598,1.00322842541111,190,453,25.38432413966106,47.63725,0,,0,0,4.550537947360087,4.381192966651567,3.318721159837917,3.72307959690157,4.234348036062697,2.390290673413151,1.808288729488584,3.241615341669144,3.456190462997204,2.903836230412772,3.151407458695772,4.416585096645546,2.953868085366438,2.412335943280415,3.863615018219795,275.6832681075956,5.619252627423498,80.95669714918287,4.393914408624745,187.8030141958013,5.235393616676252,271.8869618280914,5.605386398403698,15.74270935269102,2.756377359859337,31.04673521550352,153.4372283247735,5.033291547395165,1.308922605690942,-.8292793983887297,0
1974m11,94.88333129882813,6.599999904632568,79.68333435058594,27.625,41.60833231608073,10.45000012715658,5.833333333333333,157.1999969482422,13.80000019073486,29.21229828349438,34.41816288203133,22.19698763482688,69.78471426360079,25.7859992980957,19.19599914550781,29.54999923706055,59.5,9.449999809265137,11.15999984741211,,7.679999828338623,,69.23333231608073,886.2000122070313,.995440898663819,.9954433202812772,191,452,25.58060697804862,47.589,0,,0,0,4.552648045286804,4.378060459170193,3.318721159837917,3.728300443270273,4.237482427520852,2.346601990578913,1.763588592261359,3.249094611150581,3.464797941593942,2.910936651745672,3.159110159535865,4.422916589531265,2.954701879481923,2.412335943280415,3.862601642094428,272.7732463132107,5.608640850460687,80.26285451284842,4.385306930028007,187.4503558798115,5.233514041712056,270.6477308200374,5.600818089021759,14.97462623072919,2.70635718413938,31.28680232452868,152.1056690497593,5.024575470429705,1.303553434136223,-.8367586678701664,0
1974m12,95.65000406901042,7.199999809265137,80.14999898274739,27.47500101725261,42.25833384195963,10.41666666666667,6.116666793823242,160.3000030517578,14,29.44357560029606,34.71637719781337,22.37094791242598,70.22600316322527,25.9680004119873,19.30400085449219,29.9419994354248,,8.529999732971191,11.15999984741211,,7.429999828338623,,69.73333485921223,888.3999862670898,.9990624199773647,.9990666897959879,192,451,25.7894745442849,47.81366666666667,0,,0,0,4.560695738426882,4.383899866363701,3.313276537314347,3.743801585049091,4.244678465404286,2.343407087514301,1.81101730662101,3.256980556753146,3.473425066762989,2.918743213073908,3.167242080336734,4.429220254979106,2.960312372587762,2.412335943280415,3.867311512160518,272.2155762289328,5.60659431205163,79.14132531946085,4.37123518233539,188.8982711299738,5.241208622162637,270.3945547221921,5.599882206104324,14.83306211013513,2.696858615626927,31.5422614018855,151.5860453296748,5.021153419694925,1.303715181673736,-.8446446134727315,0
1975m1,96.18332926432292,8.100000381469727,81.2999979654948,27.86666615804036,42.63333384195963,10.79166666666667,5.958333333333333,152.3000030517578,13.19999980926514,29.62610206760689,34.87355732723553,22.56303073242169,70.3089009520277,26.11899948120117,19.5620002746582,30.08300018310547,,7.130000114440918,11.15999984741211,,7.5,,70.5,904.0999755859375,1.003979312264651,1.003988357071091,193,450,25.96955186102722,48.48375,0,,0,0,4.56625605018413,4.3981459915291,3.327431213170406,3.752636431846937,4.255612709818223,2.378774231351592,1.784790799911962,3.26316061581068,3.477942398120846,2.927292822782419,3.174200404549314,4.430400001732258,2.973588922908696,2.412335943280415,3.881228690254736,274.4201642861011,5.614660378159496,79.90772463088264,4.380872526833592,188.9521596081423,5.241493859251972,271.4717619205439,5.60385812630568,15.34893380573521,2.731046012711066,31.76250806831071,152.6445893243928,5.028112273576562,1.30309543437345,-.8508246725302651,0
1975m2,96.75833129882813,8.100000381469727,82.4500020345052,28.00833384195964,43.20833333333334,11.23333358764648,6.016666412353516,145.1000061035156,12.5,29.78708907109965,34.93814931311466,22.72732719021006,70.83393092868842,26.30400085449219,19.63400077819824,30.02700042724609,57.59999847412109,6.239999771118164,11.15999984741211,,7.389999866485596,,71.21666717529297,917.2000274658203,1.005004250589014,1.005000461015809,194,449,26.10296879142269,48.94625,0,,0,0,4.572216439818294,4.412192073681232,3.33250210310288,3.766033377881582,4.26572688056388,2.418885571329359,1.794533353842666,3.268579863435635,3.479792861529319,2.93454810562961,3.179324689706456,4.43783973340472,2.977262796905566,2.412335943280415,3.890722757257443,276.7977825483483,5.623287212686673,80.16547639930717,4.384092953357593,190.1162110780259,5.247635522439426,272.8297602634932,5.608848011894196,15.85869009437803,2.76371762101637,31.92568594487987,153.3130723784803,5.032482055422128,1.303636576382659,-.8562439201552201,0
1975m3,97.16666666666667,8.600000381469727,82.5499979654948,28.1750005086263,43.45000203450521,10.91666666666667,6.125,148.6000061035156,12.69999980926514,29.88799003091078,34.91661728221663,22.83001391645354,71.4912549413017,26.44099998474121,19.69099998474121,29.86000061035156,,5.539999961853027,11.15999984741211,,7.730000019073486,,71.62500254313152,917.0999755859375,1.003226748421619,1.003233471031827,195,448,26.16810965135829,49.30733333333333,0,,0,0,4.576427717122438,4.413404145720405,3.338435077978237,3.771610898535455,4.271444210541103,2.390290673413151,1.812378756430791,3.27196154495114,3.479176381577286,2.939056134309586,3.181817115560235,4.447076730810043,2.980161677788121,2.412335943280415,3.89807281914142,276.197890457404,5.62111760321034,80.69223968891197,4.390642408184982,190.3196476073582,5.248705014413323,273.7110303243235,5.612072916017639,15.26993291085722,2.72588572569484,32.00535759652613,154.0596232509683,5.037339691452327,1.304466172171297,-.8596256016707255,0
1975m4,99.28333536783855,8.800000190734863,82.91666666666667,28.01666768391927,43.8999989827474,11,6.391666412353516,169.6000061035156,14.19999980926514,29.98888882834226,34.89724132917888,22.93994735545446,72.06568755365981,26.56999969482422,19.80200004577637,29.71199989318848,,5.489999771118164,11.15999984741211,,8.229999542236328,,71.91666666666667,918.3000030517578,1.001365580649262,1.001352056023227,196,447,26.23901473889724,49.47758333333334,0,,0,0,4.597977735898497,4.417836087370593,3.332799607495352,3.781914296909084,4.275508041295428,2.397895272798371,1.854995018796972,3.275331757121755,3.478621306870899,2.943859881018027,3.184523050359304,4.455079627336409,2.985782945012027,2.412335943280415,3.90151970504884,276.4912936297353,5.622179332689913,80.28333076429594,4.385562012408484,191.3692228779646,5.254204666078512,274.0829538849109,5.613430811972895,15.26385215128829,2.725487428553693,32.09207928610677,154.1738162000399,5.038080642560677,1.322645978776742,-.8629958138413403,0
1975m5,105.4249979654948,9,84.90833536783855,29.06666564941406,44.33333333333334,11.50833384195963,6.241666793823242,219.3000030517578,17.29999923706055,30.10906307808517,34.97906140386542,23.07645745103549,72.1067148039441,26.6830005645752,19.95700073242188,29.73600006103516,72.80000305175781,5.21999979019165,11.15999984741211,,8.060000419616699,,73.39999898274739,944.0000228881836,1.016007040625947,1.016033636152789,197,446,26.35794977711631,50.70375,0,,0,0,4.657999780334495,4.441572267153435,3.369592007249601,3.791736839553644,4.295923921761442,2.443071454823593,1.831247261107388,3.279331041826333,3.480963162661205,2.949793004068671,3.189045563855265,4.455648768874191,2.993579995685846,2.412335943280415,3.92599987235894,282.0025822379008,5.641916227768178,83.09732875280068,4.420012556372427,192.1149874386114,5.258094085672427,278.4738555290537,5.629324178942949,15.96014167785959,2.770094469041134,32.23754483480987,157.2816734643218,5.058038296374816,1.378668738508162,-.8669950985459178,0
1975m6,102.5166625976563,8.800000190734863,85.56667073567708,29.125,44.7749989827474,11.66666666666667,6.316666920979817,176.3999938964844,14.30000019073486,30.29725930487106,35.22990155553831,23.22988268758709,72.28507026539495,26.8129997253418,20.27499961853027,29.98999977111816,,5.550000190734863,11.15999984741211,,7.860000133514404,,73.89999898274739,951.0000457763672,.9999567767065968,.9999578219298942,198,445,26.5386330639346,50.99008333333333,0,,0,0,4.630025347295058,4.44929584676267,3.371596911885865,3.801649925227566,4.302712814188897,2.456735772821304,1.843191683120982,3.285562072892827,3.488108723809058,2.95641956092963,3.195877157876311,4.458119207924097,3.009388581186693,2.412335943280415,3.931631169373109,282.4237990461403,5.64340877631092,82.67125002914297,4.414871899860839,192.7474175608857,5.26138061448539,278.4619645055337,5.629281477349358,16.13980123949862,2.781288347988939,32.45853264338223,157.0930019959771,5.056837999367939,1.344463274402232,-.8732261296124118,0
1975m7,101.7999979654948,8.600000381469727,86.65000406901042,29.46666717529297,45.1000010172526,12.08333333333333,6.491666793823242,154.3999938964844,12.60000038146973,30.55687676952934,35.67129792191056,23.3953865468015,72.61415711009211,26.97800064086914,20.71699905395508,30.42200088500977,,6.099999904632568,11.15999984741211,,8.060000419616699,,74.56666819254558,961.9000473022461,.9997688094098862,.999769987190178,199,444,26.78422077916481,51.41441666666667,0,,0,0,4.623010084131105,4.461877063120765,3.383259698236562,3.808882269064123,4.311693600291258,2.491827092632574,1.870519322676365,3.294094575578577,3.500559911438045,2.963518911005602,3.205088572271474,4.462661501440486,3.0309545735986,2.412335943280415,3.939918613030225,283.5695700269209,5.647457489983264,82.60609759644746,4.414083498582548,192.7730534694604,5.261513608245974,278.3977507030941,5.629050849056556,16.64046490963669,2.811837374283819,32.75890293195021,156.9479196952028,5.055914028629893,1.328915508552528,-.8817586322981623,0
1975m8,102.9249979654948,8.399999618530273,87.25,29.78333282470703,45.34166463216146,12.11666615804037,6.633333206176758,160.5,13,30.68952146278583,35.86400610765523,23.47995303484957,72.92733008364972,27.07099914550781,20.90999984741211,30.61300086975098,75.69999694824219,6.139999866485596,11.15999984741211,,8.399999618530273,,75.12499745686848,967.4000015258789,1.003152926795674,1.00315140456181,200,443,26.89997851517717,51.86791666666667,0,,0,0,4.634000547889097,4.468777561082536,3.393948935859779,3.814226358833335,4.319153359003371,2.494581873334007,1.892107423893004,3.298426092352631,3.505947702949511,2.967127058937904,3.209401122963857,4.466965064128257,3.040227506143178,2.412335943280415,3.948700423042844,284.2989914515269,5.650026471170982,83.04519226130104,4.4193849446943,193.1079869063799,5.263249550082885,279.2753065378189,5.632198057076287,16.61471240499577,2.810288592297482,32.90048242641888,157.6509304465914,5.060383287950129,1.335574455536466,-.8860901490722162,0
1975m9,103.6833292643229,8.399999618530273,87.90000406901042,29.73333231608073,45.67499796549479,12.49166615804037,6.608333587646484,161.6999969482422,13,30.84143944597411,35.91245420387955,23.65270591102263,73.28906879321812,27.2180004119873,21.1609992980957,30.5890007019043,,6.239999771118164,11.15999984741211,,8.430000305175781,,75.40833028157552,975.5000457763672,.9988012981074864,.9987969794590181,201,442,27.03389534564552,52.09116666666667,0,,0,0,4.641341343048324,4.476199850982489,3.392268716705322,3.821551057720989,4.322917750099317,2.525061714603302,1.888331517336506,3.303364038701367,3.5072976748866,2.97445758743482,3.21436709689048,4.471913065178419,3.052159831682921,2.412335943280415,3.952995388639455,285.0061658859585,5.652510814722198,82.79393033759497,4.416354753602754,193.1068611655521,5.263243720473622,278.9399356527505,5.63099647424561,17.04437832780363,2.835820432516615,33.06427171438948,157.545180842428,5.059712279620117,1.337977304346957,-.891028095420952,0
1975m10,104.7249959309896,8.399999618530273,88.40833536783855,29.64166768391927,46.42499796549479,12.33333333333333,6.625,168,13.39999961853027,31.02056449007585,36.14391840251469,23.78680120375157,73.63741071925395,27.35400009155273,21.34600067138672,30.85600090026855,,5.820000171661377,11.15999984741211,,8.140000343322754,,76.06666564941406,981.4000244140625,1.002738634575967,1.002742347658914,202,441,27.19537995590384,52.35666666666667,0,,0,0,4.651337827978857,4.48196625668982,3.389181063484742,3.837838063415285,4.331610135386693,2.512305623976115,1.890850371872286,3.30915517165269,3.513722227952492,2.980110919774326,3.220322739361353,4.476654791514846,3.06086439994435,2.412335943280415,3.958079277186831,284.9991185560866,5.652486087478207,82.01011122761103,4.406842547316282,195.171253031588,5.273877393828414,279.7043680682269,5.633733217062113,16.74873303239129,2.818322615553001,33.26177825064725,157.4079000591252,5.05884052569662,1.342182656326167,-.8968192283722751,0
1975m11,105.3166707356771,8.300000190734863,89.65000406901042,30.03333282470703,46.84166463216146,12.76666641235352,6.491666793823242,160.1999969482422,12.69999980926514,31.22009807343216,36.28710250651238,23.98975524498405,73.96900187446364,27.53499984741211,21.48100090026855,31.02400016784668,75.59999847412109,5.21999979019165,11.15999984741211,,8.050000190734863,,76.87499745686848,997.9000473022461,1.003849538429755,1.003859014664343,203,440,27.378849359643,52.91483333333333,0,,0,0,4.656971723187313,4.495913245438875,3.40230785901079,3.846773076786364,4.342180693045296,2.5468375875984,1.870519322676365,3.315566872900876,3.517675901080834,2.988606938622266,3.22704642917723,4.481147708959052,3.067168865401832,2.412335943280415,3.968683702835225,287.1547804178784,5.660021374979075,82.76586100892735,4.416015669713987,195.2569509518253,5.274316388351552,280.7824260510518,5.637580084904839,17.25948179484758,2.848361661731079,33.48617366754694,158.019945362153,5.062721261529137,1.341404850286437,-.9032309296204617,0
1975m12,106,8.199999809265137,91.00833129882813,30.24166615804036,47.5249989827474,13.24166615804037,6.775000254313151,152.1999969482422,12,31.39242243349537,36.39798651075554,24.14197077590842,74.58948952377278,27.70199966430664,21.55100059509277,31.14299964904785,,5.199999809265137,11.15999984741211,,8,,77.76666514078777,1010.79997253418,1.006506035014707,1.006502667884117,204,439,27.51743165958261,53.587,0,,0,0,4.663439094112067,4.510951055060529,3.409220647612298,3.861255866969914,4.353712870738028,2.583368385343621,1.91323940430276,3.321071356469892,3.520726983270085,2.994931915969257,3.232095317435345,4.48950120328503,3.070422246798667,2.412335943280415,3.981306501346393,289.9054110641785,5.669554701031713,83.08609639465634,4.419877376126245,196.8563354826575,5.282474201188111,282.6087336305112,5.644063374339455,17.75272393280028,2.876538965150322,33.65566913837802,159.2213180480016,5.070295171782189,1.342367737642175,-.9087354131894769,0
1976m1,107.0999959309896,7.900000095367432,92.25833129882813,30.77499898274739,48.05833435058594,13.43333307902018,6.974999745686849,150.6000061035156,11.69999980926514,31.51146143391547,36.45935464688168,24.26157033892127,74.92359137804222,27.8439998626709,21.5359992980957,31.12199974060059,,4.869999885559082,11.15999984741211,,7.739999771118164,,78.83333333333333,1023.399978637695,1.009996278921862,1.010003773487533,205,438,27.61868051750098,54.46416666666666,0,,0,0,4.673762939461075,4.524592591025155,3.426702639016005,3.872415572000405,4.367335919263878,2.597739161353027,1.942332291246762,3.324856151150313,3.52241159458486,2.999873695171977,3.235768009169665,4.493970409703106,3.069725920870178,2.412335943280415,3.99754299307157,292.7770630134323,5.679411442315918,84.40906121573258,4.435674756215177,198.0841869641433,5.288692127015882,285.4348283705279,5.654013731130985,17.92937689177174,2.886440534741652,33.77950329938892,161.234362103992,5.082858971773046,1.348906788310762,-.9125202078698984,0
1976m2,107.9083353678385,7.699999809265137,92.30832926432292,30.5,48.125,13.68333307902018,6.683333079020183,159.8000030517578,12.30000019073486,31.55227418766532,36.30001843959923,24.3715037779222,75.11953451000576,27.95499992370605,21.51499938964844,30.75900077819824,84.59999847412109,4.769999980926514,12.02999973297119,,7.789999961853027,,78.625,1027.499954223633,.9963049612398083,.9963018805871289,206,437,27.64789509198164,54.08058333333334,0,,0,0,4.681282120140808,4.525134378654246,3.417726683613366,3.873801792607948,4.364689715020605,2.616178528644713,1.899616827032625,3.326150484860341,3.518031775044557,3.004394636043616,3.236825233246953,4.496582235365782,3.06875033792191,2.487403507789679,3.990475218165687,292.5568176648543,5.678658896234981,84.02199588617272,4.431078620352841,197.4642206674,5.285557406751787,284.3796959530659,5.650310302810423,18.21541249992383,2.902268076370663,33.81523468831006,159.9296406836088,5.074733972789875,1.355131635280467,-.8387469770706621,0
1976m3,108.3916625976563,7.599999904632568,92.90833536783855,30.58333333333333,48.60833231608073,13.70833333333333,6.733333587646484,158.5,12.19999980926514,31.59988978783336,36.20743440287116,24.4778127084438,75.15386656279742,28.04700088500977,21.45499992370605,30.57699966430664,,4.840000152587891,12.10000038146973,,7.730000019073486,,79.19166564941406,1034.100021362305,1.005517398837029,1.005516808461442,207,436,27.69436615447048,54.6205,0,,0,0,4.685751172741812,4.531613365883509,3.42045519826657,3.883794963044056,4.371871061583819,2.618003920417426,1.907070353508328,3.327658449312976,3.515477993787143,3.008747167706256,3.238504639630591,4.497039163247148,3.06595771488749,2.493205484129119,4.000409270159647,294.0147449615798,5.683629919011609,84.46699921634921,4.436360916263459,198.5811922619742,5.291198045525254,285.9486482113647,5.65581224299,18.24035669792034,2.903636540262009,33.87207192235799,161.2552669503118,5.082988618400197,1.358092723428836,-.8344529651838575,0
1976m4,108.7833353678385,7.699999809265137,93.78333536783855,30.94166564941406,48.875,13.96666717529297,6.799999872843425,152.5,11.69999980926514,31.67131535046509,36.16006639898447,24.5635865979179,75.6077153462679,28.1569995880127,21.35400009155273,30.49300003051758,,4.820000171661377,12.17000007629395,,7.559999942779541,,79.81666564941406,1043.800025939941,1.00623634812033,1.006248952152599,208,435,27.73976720675563,55.13458333333333,0,,0,0,4.689358155115478,4.540987178904854,3.432103678518569,3.88926601830553,4.379732325375644,2.636673574677139,1.916922593482564,3.329916209152273,3.514168897573332,3.012245190933539,3.240142657930277,4.5030599299267,3.061239080043491,2.498973913268454,4.009777165974021,296.1144314028667,5.690745972193656,85.56860849758571,4.449318492729269,198.9733860939624,5.293171077559445,287.7337255735002,5.662035488482139,18.47254226811177,2.916285427842171,33.92760046198138,162.5065804318112,5.090718495914885,1.359441945963205,-.8309422958838195,0
1976m5,109.3083292643229,7.400000095367432,93.55832926432292,30.86666615804036,49.17499796549479,13.51666641235352,6.875,161.3999938964844,12.30000019073486,31.82209808433056,36.3247825338802,24.68318385672956,75.98034014030911,28.29000091552734,21.50799942016602,30.61000061035156,83.30000305175781,5.289999961853027,12.17000007629395,,7.900000095367432,,80.04166412353516,1040.199951171875,.9980807726499893,.9980801641574567,209,434,27.8714641308868,55.241,0,,0,0,4.694172597808029,4.538585084185039,3.42967683650585,3.895385322902367,4.382547300648015,2.603923473078529,1.927891643552635,3.334665773214414,3.518713748555226,3.017102260456146,3.244879009460715,4.507976221561563,3.06842493198844,2.498973913268454,4.011705431201277,294.004276576571,5.6835943134117,84.97412511486053,4.442346799734656,199.2246958533586,5.294433312633675,287.181411595934,5.660114112224072,17.78968926355549,2.878619034608697,34.08867465523943,162.0508880403465,5.087910409611704,1.359506824593615,-.8356918599459604,0
1976m6,109.8916625976563,7.599999904632568,95.04166666666667,31.46666717529297,49.58333333333334,13.99166615804037,6.974999745686849,150.5,11.39999961853027,31.96154346162559,36.47550264335145,24.81244723955314,76.11012986574916,28.40500068664551,21.73800086975098,30.69899940490723,,5.480000019073486,12.17000007629395,,7.860000133514404,,81.0500005086263,1056.800003051758,1.007742880902379,1.007746003287848,210,433,28.00569046402976,56.06975,0,,0,0,4.699494994998182,4.554315391936442,3.448928800647316,3.903654755757629,4.395066254457149,2.638461877943406,1.942332291246762,3.339038229727691,3.522854400599256,3.022325496278895,3.249683355433497,4.509682965671711,3.07906192115162,2.498973913268454,4.026596451413317,297.3625688032801,5.694952164649828,86.2679466900466,4.457458111832093,199.832498804444,5.297479509666188,289.4054714084844,5.667828720060423,18.38344801502809,2.911450695363426,34.25284248579145,163.6937139545674,5.097997083850962,1.360456765270492,-.840064316459237,0
1976m7,111.0750020345052,7.800000190734863,95.7999979654948,31.49166615804036,50.16666666666666,14.14166641235352,7.033333460489909,155.5,11.69999980926514,32.12366355206149,36.61330271292091,24.95499895066678,76.52211449924874,28.56100082397461,21.80200004577637,30.8129997253418,,5.309999942779541,12.17000007629395,,7.829999923706055,,81.65833282470703,1065.199974060059,1.002511737005277,1.002507572438223,211,432,28.14525628507713,56.40566666666667,0,,0,0,4.710205667138472,4.562262663739808,3.449722944416303,3.915350795520821,4.40254386962506,2.649125504468929,1.950660769893045,3.344097757310753,3.526625162268576,3.028054225071917,3.254654459806216,4.515081374582566,3.082001710805808,2.498973913268454,4.032569626270197,298.2225169001528,5.697839908870131,86.01154177475198,4.454481493931759,201.0285264521169,5.303446820636357,290.1317792156791,5.670335230855616,18.48049613486877,2.916715912978094,34.42354086906737,163.8578288073561,5.098999154335123,1.366107909827719,-.8451238440422992,0
1976m8,111.9166666666667,7.800000190734863,96.5,31.75,50.69166564941406,14.05833307902018,7.150000254313151,157,11.69999980926514,32.30052242227694,36.77155882786573,25.13741795085176,76.65776252249488,28.72599983215332,21.88999938964844,30.96699905395508,89.69999694824219,5.289999961853027,12.17000007629395,,7.769999980926514,,82.44166564941406,1072.199996948242,1.003414022552859,1.0034145374349,212,431,28.3185608689931,56.98841666666667,0,,0,0,4.717754546735237,4.56954300834494,3.457892725338701,3.925761511471207,4.412090960202117,2.643215321674071,1.967112392274189,3.349588220615098,3.53093821422373,3.035337555278953,3.260793085810141,4.5168524696029,3.086029883652105,2.498973913268454,4.042848030809036,298.7567777957861,5.699629790170918,86.34390548583337,4.458338222899003,201.658204309311,5.306574206379708,291.1223703450343,5.673743695428748,18.33908611002679,2.909034635162903,34.63550402786053,164.5375699479517,5.103138932870036,1.368166326120139,-.8506143073466443,0
1976m9,112.5666707356771,7.599999904632568,97.40000406901042,31.90833282470703,51.2250010172526,14.26666641235352,7.308333079020183,153.8000030517578,11.39999961853027,32.48191580264462,36.92873895728789,25.28359417044471,77.27405928482386,28.89399909973145,22.05599975585938,31.07299995422363,,5.25,13.89999961853027,,7.590000152587891,,83.13333384195964,1081.100051879883,1.003151557756291,1.003150117132479,213,430,28.46645445331891,57.34691666666667,0,,0,0,4.723545674870972,4.578826252424776,3.462867192755014,3.936227713983482,4.420445750696025,2.657925796093953,1.989015214792442,3.355188314078541,3.535203607239808,3.041135797835982,3.266001992345864,4.524859911444666,3.09358466265237,2.631888812692781,4.049119078689214,299.8591729034661,5.703312940787312,86.40515145023635,4.459047297299238,202.6017372052749,5.311242166334954,292.0396496103402,5.676889579386933,18.46242651724574,2.915737667741019,34.81638782556863,164.7124249476333,5.104201074214491,1.368357360792432,-.7232995013857599,0
1976m10,112.9583333333333,7.699999809265137,98.06667073567708,32.2749989827474,51.54166666666666,14.24166615804037,7.466666539510091,150.3999938964844,11.10000038146973,32.65197398882154,37.10207118999481,25.40077432220309,77.94060197108404,29.0359992980957,22.31100082397461,31.19300079345703,,5.019999980926514,13.89999961853027,,7.409999847412109,,83.81666564941406,1087.200050354004,1.003545893136423,1.003545820479451,214,429,28.59903234994164,57.889,0,,0,0,4.72701901915072,4.585647560991515,3.474292905214422,3.942390542044542,4.428631861813225,2.656171904619585,2.010448653162986,3.360410129423546,3.539886321074628,3.045759722885297,3.270648518383983,4.533448620503546,3.105079867320589,2.631888812692781,4.058527383801102,300.3391793992313,5.704912434009045,86.98975002627586,4.465790295923826,202.913761654949,5.312781069346698,293.0751803900984,5.680429164466014,18.27246107660809,2.90539506720777,34.97853950741874,165.498619482732,5.10896285328826,1.366608889727174,-.7285213167307654,0
1976m11,114.5,7.800000190734863,99.08333333333333,32.3500010172526,52.29166666666666,14.43333307902018,7.783333460489909,156.3000030517578,11.39999961853027,32.80048838642105,37.25171531394341,25.54332603331672,78.08044088131031,29.16799926757813,22.57600021362305,31.21199989318848,87,4.949999809265137,13.89999961853027,,7.289999961853027,,84.64166768391927,1095.599998474121,1.004814681077585,1.004810741073979,215,428,28.74220286295556,58.42183333333333,0,,0,0,4.740574822994295,4.595961246902782,3.476614052392121,3.956837021217939,4.438426671175798,2.669540328720486,2.05198471178383,3.36494822156214,3.543911518257768,3.051356134724019,3.275642160742613,4.53524118572571,3.116887404572854,2.631888812692781,4.067689678414014,302.0788354308543,5.710688027781717,86.84164137038788,4.464086245918385,204.7175320804405,5.321631136681374,294.4856665562326,5.685230331469956,18.48520950459312,2.916970926086506,35.15364667134224,166.1899656656663,5.113131505542541,1.375626601432155,-.7330594088693592,0
1976m12,115.5750020345052,7.800000190734863,100.9583333333333,32.76666768391927,53,15.18333307902018,7.858333587646484,146.3999938964844,10.60000038146973,32.98415010305469,37.39166735455817,25.73299405046034,78.33080804709076,29.32600021362305,22.85199928283691,31.30699920654297,,4.650000095367432,13.89999961853027,,6.869999885559082,,85.76666768391927,1117.199996948242,1.007224532198826,1.007227126877449,216,427,28.91528791025701,59.13433333333333,0,,0,0,4.749919687477622,4.61470789046858,3.48941176953036,3.970291913552122,4.451630442480288,2.720198318288364,2.061574572213636,3.370531962631084,3.547661407386798,3.058754047907463,3.281646083733862,4.53844258436333,3.129038609479269,2.631888812692781,4.07981169200012,306.0813542804715,5.723850930278572,87.63093491717454,4.473134073927594,205.9612647330164,5.327688115832113,296.6135697839467,5.692430179783197,19.38360328147298,2.964427517016765,35.36534132209463,167.2098476153797,5.119249596137398,1.379387724846538,-.7386431499383033,0
1977m1,116.0166625976563,7.5,101.25,32.875,53.55833435058594,14.81666692097982,8.008333206176758,147.6000061035156,10.60000038146973,33.17574775304967,37.56822754383306,25.88762668843799,78.89770217372237,29.5049991607666,23.04800033569336,31.38800048828125,,4.610000133514404,13.89999961853027,,7.210000038146973,,86.43333435058594,1118.900001525879,1.002243300922631,1.002241515517407,217,426,29.07484955678287,59.37783333333334,0,,0,0,4.753733823873929,4.617592705986649,3.492712490497929,3.980771421582598,4.459373415645725,2.695752690455796,2.080482650310214,3.376323936072092,3.552372206835685,3.064745184716449,3.287149159124729,4.545653701257897,3.137579012347194,2.631888812692781,4.083920980514521,305.1928196273817,5.720943772355632,87.50745549984438,4.471723995446276,206.8877730476017,5.332176487053603,297.2786984908815,5.694670077557769,18.7795924504309,2.932770772289631,35.56049594441124,166.9769550631514,5.117855809260933,1.377409887801837,-.7444351233793114,0
1977m2,115.8916625976563,7.599999904632568,102.6083374023438,33.14166768391927,54.125,15.34166717529297,7.849999745686849,129.3999938964844,9.300000190734863,33.43536738008762,38.04837992309578,26.07246049147505,78.86839151905023,29.68600082397461,23.25,31.90800094604492,87.09999847412109,4.679999828338623,13.89999961853027,,7.389999866485596,,87.26666768391927,1137.100051879883,1.000352672054325,1.00036324488759,218,425,29.34466595248927,60.01883333333333,0,,0,0,4.752655811586099,4.630919190666575,3.500791333119713,3.991296186322654,4.468968576464519,2.730572471604294,2.060513499397737,3.384119059788125,3.565072031617573,3.071859667878242,3.296386425538377,4.545282130227351,3.146305132033365,2.631888812692781,4.094658401858179,306.8856287293316,5.726475133319525,87.10401796582651,4.467103013286172,207.5945230320603,5.335586768631866,297.3851119150891,5.695027971962913,19.45223793690185,2.967962124468675,35.89049953829105,167.2276343473573,5.119355964190943,1.368536751797974,-.7522302470953441,0
1977m3,118.0999959309896,7.400000095367432,103.1916707356771,33.09166717529297,54.2749989827474,15.8249994913737,7.575000127156575,148.6000061035156,10.5,33.60315506761891,38.17434004510104,26.25608458888488,78.98981224762444,29.8120002746582,23.49600028991699,32.11000061035156,,4.690000057220459,13.89999961853027,,7.460000038146973,,87.36666615804036,1147.400047302246,.9955455536359601,.9955450625963097,219,424,29.5097487086396,59.99725,0,,0,0,4.771531688749375,4.636588139864632,3.499281503719429,3.994063697021792,4.470113815839508,2.761590935889557,2.024853368181779,3.389124779835728,3.568377089131061,3.07887782023923,3.30199630850267,4.546820482363919,3.156830206235313,2.631888812692781,4.094298727838388,307.089231734421,5.727138362469979,86.68563002319581,4.4622881263724,206.7139858534882,5.331336126970016,296.0603528706496,5.69056332837361,20.03422851767776,2.997442236617369,36.09240684890709,166.232333164051,5.11338640720686,1.382406908913647,-.7572359671429472,0
1977m4,118.9749959309896,7.199999809265137,103.9416707356771,33.50833384195963,54.70000203450521,15.74166615804037,7.75,149.6999969482422,10.5,33.79815414082298,38.41656820577771,26.43608648201658,79.07354693611343,29.95899963378906,23.54899978637695,32.51200103759766,,4.730000019073486,13.89999961853027,,7.369999885559082,,88.20833587646484,1154.300048828125,1.002951760834902,1.00295238567645,220,423,29.70634331960509,60.63341666666667,0,,0,0,4.778913352806624,4.64382988349072,3.511794179294327,4.001863746621814,4.479701469617885,2.756311092408634,2.047692843365255,3.394911006232455,3.574702356028056,3.085710053175216,3.308636237837102,4.547879990358112,3.159083347644416,2.631888812692781,4.10484617123655,307.5365308489776,5.72859387969934,87.22365220774743,4.468475535050302,206.9141439362269,5.332303943634052,296.9343447204106,5.693511052817555,19.90762621380658,2.991102885142254,36.33285527675805,166.8831590713257,5.11729392127059,1.384002346574169,-.7630221935396748,0
1977m5,119.5999959309896,7,104.7583312988281,33.71666717529297,55.32500203450521,15.71666717529297,7.666666666666667,147.1000061035156,10.30000019073486,33.96934325156338,38.62865645137511,26.57622339027813,79.33480657491393,30.11199951171875,23.63699913024902,32.69499969482422,90.19999694824219,5.349999904632568,13.89999961853027,,7.460000038146973,,89.04166920979817,1165.099975585938,1.004041112313851,1.004041390388567,221,422,29.86629178146738,61.21875,0,,0,0,4.784152807494705,4.651656090711846,3.517992290030953,4.013224922710817,4.489104453532342,2.754721752773581,2.03688192726104,3.399963265249403,3.580207921941133,3.090997022749834,3.314006114322881,4.551178552206604,3.162813244135494,2.631888812692781,4.114453515144814,308.3908055655648,5.731367827903519,87.28407941843579,4.469168079873851,208.1748080682664,5.338378150148437,298.1343310422296,5.697544160246232,19.81055712343876,2.986214983658709,36.52848300023984,167.5918214276734,5.121531388693074,1.384189542245302,-.7680744525566223,0
1977m6,120.7666625976563,7.199999809265137,105.2999979654948,33.6999994913737,55.74166870117188,15.84999974568685,7.841666539510091,154.3000030517578,10.60000038146973,34.15980781461521,38.83212859916131,26.75139106930328,79.5525154872759,30.29199981689453,23.62100028991699,32.91699981689453,,5.389999866485596,13.89999961853027,,7.28000020980835,,89.44166819254558,1169.499977111816,.998412050028665,.9984099866320951,222,421,30.04820519596781,61.45241666666666,0,,0,0,4.793860275539763,4.656813399818892,3.517497822265547,4.020727958835184,4.493586660759524,2.763169484278296,2.05945138058783,3.405554559321673,3.585461486454794,3.097566538780067,3.320078566990507,4.553918972849159,3.162136159149267,2.631888812692781,4.118263162605166,308.2569976299527,5.730933842938295,86.78380688124714,4.463420047594785,208.3692341709078,5.339311670242571,297.6606010549602,5.695953914805789,19.92394539456391,2.991922294520868,36.75097533767886,167.213022517154,5.1192685834858,1.38830571621809,-.7736657466288923,0
1977m7,122.1749979654948,6.900000095367432,106.7083333333333,34.1499989827474,56.57500203450521,15.97499974568685,8.02500025431315,154.1000061035156,10.5,34.33666668483066,38.93763267579119,26.93381006948826,79.92849426861068,30.47900009155273,23.67300033569336,32.96099853515625,,5.420000076293945,13.89999961853027,,7.329999923706055,,90.72500101725261,1184.199996948242,1.009027218359511,1.009029644082919,223,420,30.20662638086747,62.34916666666667,0,,0,0,4.805454426503833,4.670099255851579,3.530762556229021,4.035567227480806,4.507832964311618,2.771024984344152,2.082561700706191,3.410718599209473,3.588174729741754,3.10436244150146,3.325336951946221,4.558634010438402,3.164335172387439,2.631888812692781,4.132750306626409,310.7707987871613,5.739055659083181,87.7043534389793,4.473971538271298,210.0519825770797,5.3473550361668,300.3480093186334,5.704941833402168,19.98661415039381,2.995062756997482,36.9447350987442,168.7633339365478,5.128497342551329,1.39473582729436,-.7788297865166927,0
1977m8,123.2416687011719,7,107.1416625976563,34.08333333333334,56.875,16.18333307902018,8.066666920979818,161.3999938964844,10.89999961853027,34.49651843900061,39.04529283028135,27.1005236343299,80.1914213182371,30.62899971008301,23.79599952697754,33.06000137329102,89,5.900000095367432,14.85000038146973,,7.400000095367432,,90.95833333333333,1188.899948120117,.9976826107157442,.9976795528696463,224,419,30.354703775155,62.38641666666667,0,,0,0,4.814147213892981,4.674151908324349,3.528808506254801,4.040855877271114,4.510401526201998,2.783981890354714,2.087740376020954,3.415363220586479,3.590935852697575,3.110533114198341,3.330227124899719,4.561918140148058,3.169517479447425,2.697999890936905,4.133347570055367,310.5868865784597,5.738463690178945,87.29178567435459,4.469256365341258,209.8667935993419,5.346473013260227,299.6515268509448,5.702620222339051,20.18087821987484,3.004735533298388,37.1258437083945,168.0404010658498,5.124204433026789,1.398783993306501,-.7173633296495741,0
1977m9,124.3833312988281,6.800000190734863,107.875,34.24166615804037,57.29999796549479,16.34166717529297,8.116666793823242,165.8000030517578,11.10000038146973,34.62689479599116,39.09696888307364,27.25998818221291,80.31200514712474,30.75799942016602,23.90200042724609,33.08700180053711,,6.139999866485596,14.85000038146973,,7.340000152587891,,91.54166412353516,1197.099998474121,1.002228628527559,1.002230478612966,225,418,30.4814135513937,62.68941666666667,0,,0,0,4.823368178552552,4.680973149403592,3.533443211247347,4.048300588214494,4.516794214255528,2.793718114538806,2.093919576526597,3.419135502813144,3.592258467610232,3.116400056946485,3.334392741149837,4.563420710581975,3.173962155319599,2.697999890936905,4.138192640196592,311.5352983152534,5.741512649031524,87.58138325363812,4.472568455421146,210.198176105164,5.348050781455463,300.3196159823421,5.704847294142462,20.34772652650924,3.012969187048562,37.28081828445391,168.1546155675669,5.124883886917896,1.404232675739408,-.7211356118762384,0
1977m10,125.8666687011719,6.800000190734863,109.2833353678385,34.8999989827474,57.95833333333334,16.4250005086263,8.283333460489908,166.3999938964844,11,34.78788179948392,39.25199293463552,27.38925156503649,80.77338602777446,30.9069995880127,24.09700012207031,33.13899993896484,,6.46999979019165,14.85000038146973,,7.519999980926514,,92.85833231608073,1212.000022888184,1.009887929950402,1.009889466284516,226,417,30.61707286882204,63.73691666666667,0,,0,0,4.835223161767208,4.693943916658312,3.552486800060742,4.059724361575498,4.53107502331012,2.798804595337268,2.114245479225422,3.423773918436543,3.596215744140058,3.121130721983687,3.338833425307708,4.569149127528529,3.182087356486154,2.697999890936905,4.154763934218062,314.1419647155975,5.749845000662845,88.9126802831762,4.487654767704717,211.6097739863748,5.354743889779264,303.2893860034549,5.714687419039184,20.33466877688953,3.012327250900469,37.44673875113804,170.2068559033853,5.137014496781496,1.411449243330665,-.7257740274996372,0
1977m11,127.5999959309896,6.800000190734863,110.5833333333333,35.54166666666666,58.30833435058594,16.73333358764648,8.049999872843424,171.3000030517578,11.19999980926514,34.98741538284024,39.52006117511582,27.54146709596085,81.11251566871064,31.0669994354248,24.31800079345703,33.38000106811523,84.40000152587891,6.510000228881836,14.85000038146973,,7.579999923706055,,93.85000101725261,1230.400001525879,1.004615978647695,1.004612716398928,227,416,30.80191325635743,64.40158333333333,0,,0,0,4.848900339021893,4.705769384544207,3.570705717143734,4.065745039409943,4.54169777387165,2.817402753227571,2.085672075634624,3.429493252794747,3.603021946627745,3.126672827539271,3.344852441811826,4.573338870223485,3.191216849502609,2.697999890936905,4.165138218729404,316.0660258075808,5.755951134190536,89.93322785908492,4.499067482300021,211.7110687946513,5.355222462058126,304.688868630205,5.719291153096597,20.62978006500347,3.026735666095817,37.67281097340281,170.949768996004,5.14136976478872,1.419407086227146,-.7314933618578414,0
1977m12,128.75,6.400000095367432,111.3333333333333,35.46666717529297,58.85833231608073,17.01666641235352,8.366666793823242,175.6999969482422,11.39999961853027,35.15747140663748,39.67831729006065,27.66348146182579,81.76482467175165,31.22699928283691,24.39399909973145,33.50699996948242,,6.559999942779541,14.85000038146973,,7.690000057220459,,94.3249994913737,1235.599998474121,1.000788914755791,1.000787810474703,228,415,30.93342273713816,64.60708333333334,0,,0,0,4.857872539543846,4.712528704308591,3.568593302580402,4.075133409343808,4.546746260458099,2.83419324099762,2.124255572667626,3.434341969921525,3.60701840030889,3.131093248814313,3.349112876377756,4.58134873199109,3.194337163515719,2.697999890936905,4.168324053900338,316.6704796418163,5.757861736828142,89.38551228375128,4.492958614055543,212.7654554156615,5.36019041071695,304.9290739434685,5.720079205117115,20.81172005280711,3.035516292098261,37.83365591083993,170.7661651456274,5.140295165393722,1.423530569622321,-.7363420789846193,0
1978m1,128.9500020345052,6.400000095367432,110.7916666666667,35.3500010172526,59.5,15.93333307902018,8.291666666666666,184,11.89999961853027,35.36494092335514,39.8516454159526,27.86643550305827,82.09725272664792,31.41399955749512,24.36000061035156,33.81999969482422,83.69999694824219,6.699999809265137,14.85000038146973,,7.960000038146973,,94.85000101725261,1230,.9993494504082272,.9993417237792285,229,414,31.12596365510527,64.67341666666667,0,,0,0,4.859424748104828,4.707651560895075,3.565298421119175,4.085976312551584,4.55229670710588,2.768413334868224,2.115250994376547,3.440225776456159,3.611377220416951,3.138403000242703,3.355317950160871,4.585406150476536,3.192942467897179,2.697999890936905,4.169350246391153,313.2810737808965,5.747100786879991,88.70399364514573,4.485304912486257,213.5185176212078,5.363723562496334,304.7295244197053,5.71942457798178,19.4078760857833,2.96567896748342,38.06914639959142,169.8840735429802,5.135116284101424,1.419198971648669,-.7422258855192534,0
1978m2,130.3166707356771,6.300000190734863,112.9249979654948,35.93333435058594,60.45000203450521,16.54166666666667,8.541666666666666,174.3000030517578,11.10000038146973,35.529329350057,39.93238950511648,28.0561035202019,82.30575574245748,31.53499984741211,24.41300010681152,34.17599868774414,84.30000305175781,6.78000020980835,14.85000038146973,,8.029999732971191,,96.38333638509114,1252.599975585938,1.011085424120839,1.011091371158202,230,413,31.2822725079531,65.90258333333334,0,,0,0,4.869967417126435,4.726723863524239,3.581665398116229,4.101816610716801,4.56833332759883,2.805882450339245,2.144956148790463,3.444863350711292,3.613401287432616,3.145186266800959,3.36032719859688,4.587942638458593,3.195115781679053,2.697999890936905,4.188177641549437,317.8359964323774,5.761535515254023,89.98543487106339,4.499647822467644,215.461145525707,5.372780594103296,308.1084865576404,5.730451950038722,20.09782489383502,3.000611594972384,38.26032263652828,172.2478504935925,5.148934430823698,1.425104066415143,-.7468634597743864,0
1978m3,132.2583312988281,6.300000190734863,114.7916666666667,36.48333231608073,61.25,17.05833307902018,8.508333206176758,174.6000061035156,11,35.75947141753588,40.24352180739284,28.22643928932168,82.74034305604206,31.70599937438965,24.55500030517578,34.6150016784668,78.80000305175781,6.789999961853027,14.85000038146973,,8.039999961853027,,97.73333231608073,1275.400001525879,1.007245310478229,1.007245175859534,231,412,31.49225946608941,66.87666666666667,0,,0,0,4.8847570653427,4.743118891239069,3.596855507418096,4.114963849424837,4.582242670935936,2.836638827970803,2.141046060437674,3.451319985260234,3.621162567822201,3.151239166356462,3.367017419448144,4.593208904321711,3.200915511919462,2.697999890936905,4.202850127024,321.0105242505757,5.771473908419911,90.65641046698514,4.507076651379927,216.9951348527742,5.379874933255828,310.340807465146,5.737671072524564,20.61670576766422,3.026101706740822,38.51715080544457,173.6282805664155,5.156916695446997,1.433437080082466,-.7533200943233287,0
1978m4,133.7166646321615,6.099999904632568,116.3666687011719,36.56666564941406,62.00833129882813,17.79166666666667,8.491666793823242,172.6999969482422,10.80000019073486,36.03042840114426,40.61709412450302,28.43181043760744,83.15149078985506,31.9109992980957,24.61800003051758,35.18500137329102,81.59999847412109,6.889999866485596,14.85000038146973,,8.149999618530273,,98.57499694824219,1294.500022888184,1.000582149307542,1.000587739817422,232,411,31.74489702258912,67.26316666666666,0,,0,0,4.89572311831651,4.756746142926454,3.599137050793952,4.127268751805024,4.590817648804951,2.878730182880679,2.139085305414957,3.458868631265648,3.630402541341526,3.15848866836966,3.375007623771963,4.598165731503745,3.203477883927749,2.697999890936905,4.208612786183133,322.9677632627767,5.777552514101882,90.02777386616276,4.500118221236457,218.0949096959658,5.384930333622818,310.5223396317775,5.738255846069759,21.39668994225338,3.063236234468666,38.82614352390279,173.2419461779845,5.154689150282311,1.436854487050862,-.7608687403287426,0
1978m5,134.5916646321615,6,117.6666666666667,37.14166768391927,62.44166564941406,18.08333333333333,8.674999872843424,167,10.30000019073486,36.28777969191626,40.98635839270761,28.61422943779242,83.63297004007727,32.0989990234375,24.74399948120117,35.73300170898438,82.90000152587891,7.360000133514404,14.85000038146973,,8.350000381469727,,99.58333333333333,1307.900001525879,1.002799945985706,1.002796224757856,233,410,31.98013652527495,68.07774999999999,0,,0,0,4.902245488340337,4.767855768265187,3.614739457552957,4.134232771291018,4.600994814577611,2.894990703752459,2.160445311175104,3.46598585343965,3.639452815006877,3.164884191086713,3.382390611528395,4.603939417917371,3.208583014416117,2.697999890936905,4.220650434365275,324.2597581490471,5.781544917266612,90.61958451650978,4.506670354330113,218.2189311970213,5.385498830391758,311.3912076473762,5.741050024085987,21.62225414769764,3.073723068926819,39.11385725273524,174.0502082423469,5.159343810708021,1.436259634900686,-.767985962502745,0
1978m6,135.4749959309896,5.900000095367432,118.8166707356771,37.49166615804037,63.1499989827474,18.1750005086263,8.52500025431315,163.3000030517578,10,36.52472460581333,41.30717867150285,28.78335780548615,84.12868936206587,32.27799987792969,24.79599952697754,36.24200057983398,80,7.599999904632568,14.85000038146973,,8.460000038146973,,100.6416651407878,1323.500045776367,1.003975690799026,1.003977391029527,234,409,32.19199582739197,68.82166666666667,0,,0,0,4.908787091417039,4.777581723141652,3.624118672492743,4.145512832687987,4.611566338331826,2.900047051404524,2.143003053001034,3.472494234179415,3.647249828370313,3.170777430343133,3.388993479909643,4.609849239822392,3.21068233076311,2.697999890936905,4.231518617842243,325.3047682576258,5.784762491403313,90.76307645262942,4.508252555906463,219.3976095822667,5.390885652532308,312.6294675248199,5.745018679458955,21.60380798327463,3.072869594673864,39.37297542423273,174.7941727165208,5.163609125803741,1.436292857237624,-.7744943432425093,0
1978m7,136.9000040690104,6.199999809265137,118.9000040690104,37.55833435058594,63.3999989827474,17.94166692097982,8.533333460489908,178.8000030517578,10.89999961853027,36.7242603515493,41.4912748662513,28.9645671000439,84.52141252567957,32.46799850463867,24.89500045776367,36.38299942016602,82.40000152587891,7.809999942779541,14.85000038146973,,8.640000343322754,,100.9583333333333,1324.400047302246,.9975496389466674,.9975494917018302,235,408,32.37261466169925,68.98166666666667,0,,0,0,4.919250762016904,4.778282837918859,3.625895306993206,4.149463845398186,4.61470789046858,2.887125768756761,2.143980077718568,3.477942398120846,3.65169668674147,3.17705332301375,3.394588473950884,4.614506502036498,3.214666998481921,2.697999890936905,4.23384076880954,323.7641900226707,5.780015442239089,90.52104200619685,4.505582332035768,218.8881289465269,5.388560772571891,311.8633894369346,5.742565237554468,21.22736284788038,3.055291049811994,39.59388440305047,174.2230339525668,5.160336282729799,1.441308363896058,-.7799425071839403,0
1978m8,138.1749979654948,5.900000095367432,120.5833333333333,37.85833231608073,64.23333231608073,18.48333358764648,8.625,173.5,10.5,36.91018607968957,41.62477099373012,29.13611257479091,85.01126716131483,32.64199829101563,25.08399963378906,36.44699859619141,78.40000152587891,8.039999961853027,14.85000038146973,,8.409999847412109,,102.0916646321615,1343.5,1.006278632074465,1.006277107545634,236,407,32.53179064556021,69.78725,0,,0,0,4.928520982995207,4.792341076843483,3.633851096107378,4.162522270915377,4.625871082583904,2.916869438887319,2.154664962917423,3.482992374925954,3.654908972429285,3.182958450946745,3.399493419993766,4.620285399648338,3.222230178081391,2.697999890936905,4.245451328326642,326.6939187816402,5.789023704358605,90.95144889033328,4.510325835462125,220.459514464042,5.395714070156086,313.8212271942506,5.748823483626911,21.7422163024262,3.079255822330712,39.7885673339967,175.3952320378507,5.167041896204017,1.445528608069253,-.7849924839890488,0
1978m9,139,6,121.0750020345052,38.48333231608073,64.8250020345052,17.75833384195964,8.674999872843424,177.1000061035156,10.60000038146973,37.11992393267318,41.81424711609186,29.32698568915939,85.44418067552625,32.83000183105469,25.31500053405762,36.57799911499023,80.40000152587891,8.449999809265137,14.85000038146973,,8.420000076293945,,103.3083343505859,1348.800025939941,1.006072374255873,1.006076668241276,237,406,32.72072308105047,70.73366666666666,0,,0,0,4.934473933130691,4.79641020509297,3.650225220698806,4.171691362809304,4.637718053902863,2.876854917958127,2.160445311175104,3.48865867514133,3.659450647351751,3.189488169631784,3.405284245593156,4.625364902245851,3.231397126518361,2.697999890936905,4.258921650036013,326.1725488826615,5.787426532392716,92.03401943179014,4.522158285131086,221.0421579687527,5.398353443364975,315.7275409063769,5.754879629346479,20.78354980006982,3.034161798804008,40.01964440605165,176.7473642418735,5.174721392313998,1.445815257989362,-.7906587842044246,0
1978m10,140.4833374023438,5.800000190734863,122.2416687011719,38.49166615804037,65.39166768391927,18.35833358764648,8.808333079020182,180.3999938964844,10.69999980926514,37.41581964092907,42.11999538393997,29.58309765195446,86.00604701549113,33.07099914550781,25.72800064086914,36.83399963378906,79.30000305175781,8.960000038146973,14.85000038146973,,8.640000343322754,,103.8833338419596,1361.20002746582,.9973836480744221,.9973813247845756,238,405,32.98919162734652,70.89908333333334,0,,0,0,4.945088886739745,4.80599997634902,3.650441754434627,4.180394844901731,4.64326847948288,2.910083617873033,2.17569821421631,3.496598416492092,3.666736103468641,3.198183237160547,3.413455616422616,4.631919205018843,3.247579917905959,2.697999890936905,4.261257504446509,326.7111876053946,5.789076562298005,91.38573213784572,4.515089362750017,221.0440179498885,5.398361857928638,314.90111978326,5.752258684097036,21.34539863730726,3.060836195945922,40.34799948947582,175.7189556617951,5.168885875895035,1.448490470247653,-.7985985255551862,0
1978m11,141.4166666666667,5.900000095367432,123.3833312988281,39.125,65.73333231608073,18.52500025431315,8.916666666666666,177.3999938964844,10.5,37.62782366779898,42.36545560799958,29.74739410974284,86.50595083591266,33.24900054931641,25.98999977111816,37.02000045776367,75,9.760000228881836,14.85000038146973,,8.810000419616699,,104.8583323160807,1373.599975585938,1.003709316830304,1.003708624913198,239,404,33.17576420096446,71.71516666666666,0,,0,0,4.951710615446226,4.815296023731694,3.666761648860317,4.18560613802498,4.652610223108713,2.919121184910256,2.187922184673906,3.502248584355232,3.67254682973764,3.203721599404694,3.419095250448948,4.637714804466049,3.257711839846864,2.697999890936905,4.272702254757513,327.9045112683908,5.792722441817538,92.35118432813996,4.52559853090671,220.9717330989736,5.39803478880774,316.0690788639991,5.755960793696537,21.41471202305144,3.064078163535938,40.57619029178836,176.7419911799361,5.174690992179706,1.449462031090993,-.8042486934183271,0
1978m12,142.7833353678385,6,124.7083333333333,39.73333231608073,66.29166666666667,18.68333307902018,9.09999974568685,177.6999969482422,10.39999961853027,37.80355161345094,42.58076770334997,29.87786489399246,86.92630446627808,33.37799835205078,26.32099914550781,37.20199966430664,66.09999847412109,10.02999973297119,14.85000038146973,,9.010000228881836,,106.0249989827474,1387.300003051758,1.006450393970549,1.006449368896706,240,403,33.32990786866988,72.62391666666667,0,,0,0,4.961328343990841,4.825977677504754,3.682190440361144,4.194064197989841,4.663674905766195,2.927631847238294,2.208274385576304,3.50690787269255,3.677616214768773,3.208097965886527,3.423730763148183,4.642562281687128,3.270367067192063,2.697999890936905,4.285294298250721,329.885230383911,5.798744807253279,93.31286038075535,4.535957937376403,221.8755152079021,5.402116482290769,318.1076869474665,5.762389963654783,21.49330193401715,3.067741348642897,40.76471836171321,178.153853590403,5.18264752297368,1.454420471298291,-.8089079817556444,0
1979m1,144.5499979654948,5.900000095367432,125.2000020345052,39.90833282470703,66.90833536783855,18.375,9.308333079020182,192.8999938964844,11.10000038146973,38.0892452144592,43.1136762277426,30.04941036873948,87.22022235849704,33.54899978637695,26.59600067138672,37.93899917602539,72.09999847412109,10.06999969482422,14.85000038146973,,9.100000381469727,,106.8166681925456,1390.70002746582,.999193470030747,.999211652952989,241,402,33.60557455468029,73.136,0,,0,0,4.973625454387604,4.829912474916039,3.686585144815699,4.203323553809989,4.671113983567152,2.9109910450989,2.230910028966135,3.514436780902035,3.690053786440982,3.213823103315508,3.431967597621887,4.64593780891305,3.280760853784106,2.697999890936905,4.292320721589388,328.7017144329696,5.79515069645508,92.56536745763979,4.527915070158748,222.6610590583952,5.405650700681934,317.8540156150048,5.761592206982037,21.06736202124564,3.047725019277581,41.10187725399698,177.9383446357984,5.181437111838643,1.459188673485569,-.81643688996513,0
1979m2,145.9083353678385,5.900000095367432,126.4833374023438,40.35833231608073,67.45833333333333,18.66666666666667,9.908333460489908,193.5,11,38.29218022102461,43.50232055579991,30.11706171581697,87.97133024438557,33.65900039672852,26.83399963378906,38.51399993896484,73.90000152587891,10.0600004196167,15.85000038146973,,9.100000381469727,,107.8166656494141,1398.900047302246,1.004561889980389,1.004567740658842,242,401,33.76604781922833,74.133,0,,0,0,4.982978584587992,4.840110579352141,3.697797874415667,4.211510123329689,4.680432244386862,2.92673940206704,2.293376166742032,3.519750520018876,3.699027808578069,3.216071909776773,3.436731430297323,4.654512565822446,3.289669726521006,2.76316952439078,4.305860777295331,330.3111410013085,5.800035061774341,92.77282636983369,4.530153777621631,223.9871006337426,5.41158846374037,319.3049604935317,5.766146635126312,21.21903421809175,3.054898619336325,41.29814684645016,179.5068439163444,5.190213334869149,1.463228064569116,-.756580995628096,0
1979m3,147.4333292643229,5.800000190734863,127.5999959309896,40.875,67.9500020345052,18.77500025431315,9.533333460489908,198.1999969482422,11.19999980926514,38.59147951486926,43.99754494600976,30.30793483018544,88.46034798033426,33.85200119018555,27.63800048828125,38.79600143432617,68.40000152587891,10.09000015258789,15.85000038146973,,9.119999885559082,,108.8250020345052,1416.799949645996,1.001116536459133,1.001116000298819,243,400,34.04383677867943,74.72208333333333,0,,0,0,4.993376068607185,4.848900339021893,3.710518629217417,4.218772170538362,4.689741106133561,2.932526211195506,2.2547944424958,3.527536330600806,3.710347361475912,3.222389618014939,3.444924646229373,4.660056003295232,3.319191655048318,2.76316952439078,4.313775675401988,330.6429230883087,5.801039010862162,92.90291094686874,4.531554979525537,224.198720286378,5.412532802710877,319.6613905241692,5.767262280940961,21.22419895803151,3.055141990992006,41.63790142184944,179.4568909136304,5.189935017043757,1.465839738006379,-.7643668062100257,0
1979m4,147.7583312988281,5.800000190734863,128.2000020345052,40.75833384195963,68.89166768391927,18.55833307902018,9.941666920979818,194.3999938964844,11,38.99394594241134,44.47985340313276,30.63532034433614,89.152847333973,34.16500091552734,28.5359992980957,38.99599838256836,66,10.01000022888184,15.85000038146973,,9.180000305175781,,109.6500015258789,1419.100021362305,.996754088417211,.9967547087202842,244,399,34.41361509242761,74.85175,0,,0,0,4.995578042505803,4.853591560356345,3.707660330236386,4.232535237236604,4.697293488779802,2.920918910771874,2.296734704896405,3.537911218286995,3.721249879939958,3.233133667131061,3.455727908695363,4.667853879590063,3.351166423459439,2.76316952439078,4.315509490685848,328.7689894832364,5.795355344510425,91.63324679278053,4.51779416208046,224.8766029197274,5.415551820292997,318.6238970575525,5.76401140112121,20.816310004659,3.035736814273542,42.09016516273976,177.8366744596725,5.180865569861626,1.457666824218807,-.7747416938962153,0
1979m5,148.5999959309896,5.599999904632568,129.9000040690104,41.61666615804037,69.58333333333333,18.6999994913737,10.02500025431315,183.8000030517578,10.30000019073486,39.39754545689655,45.02567786061223,30.97720389240413,89.43922035191824,34.46200180053711,29.48999977111816,39.26699829101563,68.09999847412109,10.23999977111816,18.10000038146973,,9.25,,111.1999994913737,1438.500045776367,1.002533607854171,1.002531095951565,245,398,34.81192537290683,75.81375,0,,0,0,5.001258104901354,4.866764955000729,3.728500715835975,4.242525075062855,4.711330377242504,2.928523496661273,2.305081998560528,3.548208332767957,3.73344647194979,3.244231639866421,3.467235646256162,4.671060889476888,3.384051215065848,2.895911959347455,4.328279674614509,329.7159824617231,5.798231624673847,92.4287387451994,4.526437955670217,224.6275473248757,5.414443685383888,319.4307648893147,5.766540552023113,20.908052885294,3.040134390276116,42.57732541737619,178.061325498524,5.182128016229488,1.453049772133397,-.6522963734205023,0
1979m6,149.4416707356771,5.699999809265137,131.3083292643229,42.64166768391927,70.39166768391927,18.27500025431315,10.34166653951009,176.6000061035156,9.800000190734863,39.72291872471151,45.53812623281452,31.21760811565468,89.69880619134555,34.65499877929688,30.80400085449219,39.38000106811523,65.80000305175781,10.28999996185303,19.10000038146973,,8.909999847412109,,113.0333353678385,1451.599952697754,1.007304566804234,1.007296775469138,246,397,35.12939562580505,77.25991666666667,0,,0,0,5.006906154394463,4.877548216191787,3.752831889878882,4.254074899396772,4.727682778462644,2.905534019551746,2.336181030127002,3.556433135425504,3.744763440060539,3.251962362503313,3.476313897244611,4.67395905717621,3.427644579416654,2.949688355024821,4.347175278628527,330.5606271641776,5.800790083207358,93.63948675866229,4.539452161602374,225.4870630162725,5.418262787080913,321.7628238523053,5.773814702254805,20.37373854823542,3.014246745467269,42.96561288275448,179.8180253531941,5.191945369255058,1.450473018968959,-.6067447804006831,0
1979m7,151.6749979654948,5.699999809265137,132.1749979654948,42.60833231608073,70.73333231608073,18.83333333333333,10.52500025431315,192.3000030517578,10.60000038146973,40.02562160414492,46.06026668835065,31.41210804270367,90.07143098538677,34.82899856567383,31.98500061035156,39.57099914550781,60.40000152587891,10.47000026702881,21.75,,8.949999809265137,,113.3416646321615,1459.79997253418,.9945667953415057,.9945798989363337,247,396,35.41741867487729,77.46275,0,,0,0,5.021740060414778,4.884126786729002,3.752049828423454,4.258916923130257,4.73040683770051,2.935628349484285,2.353753403731214,3.564024605612292,3.756164210192357,3.258173489242039,3.484479387132682,4.678104630253788,3.465267061984532,3.079613757534693,4.3497971756511,330.2259719354544,5.799777183557786,92.50561357877901,4.527269330015129,225.17855923557,5.416893684075672,320.0167286967142,5.768373271604601,20.90933065822932,3.040195502322229,43.31788443788076,178.8239453639156,5.186401776389558,1.457715454802486,-.4844108480775993,0
1979m8,153.0583292643229,6,134.6333312988281,43.68333435058594,71.66666666666667,19.27500025431315,11.15000025431315,179.1000061035156,9.699999809265137,40.33172374440776,46.4187669945137,31.6815060295876,90.43065899589541,35.06000137329102,33.14099884033203,39.44499969482422,64.5,10.9399995803833,26.5,,9.029999732971191,,115.3500010172526,1481.79997253418,1.009363647908026,1.009365997077929,248,395,35.71056785841616,79.18474999999999,0,,0,0,5.030819085761785,4.902555018789805,3.776966664388278,4.272025739459553,4.747970993438598,2.958808932643331,2.411439520714482,3.57164316542186,3.76391736434447,3.266713168828394,3.492722298472489,4.682084955188709,3.500771151566305,3.277144732992177,4.371783729775101,333.8149694568804,5.810586855809021,94.10705449317284,4.544433011827841,226.2097849759308,5.421462820818613,323.0136285555237,5.777694516002881,21.3146741031579,3.059395760546353,43.67642560013106,181.2986042515402,5.200145419173754,1.459175920339926,-.2944984324296831,0
1979m9,154.2833353678385,5.900000095367432,136.1583353678385,44.29166666666666,72.25,19.61666615804036,11.4499994913737,174.8999938964844,9.399999618530273,40.68770765872494,46.94090745004983,31.94969661504549,90.86859390822634,35.29899978637695,34.17599868774414,39.71599960327148,66.69999694824219,11.43000030517578,28.5,,9.329999923706055,,116.5416666666667,1496.500030517578,1.000803974849099,1.000802047820436,249,394,36.05054003358802,80.0565,0,,0,0,5.038790752031922,4.913818439190979,3.790796547994002,4.280132326992542,4.758248862854014,2.976379519109902,2.437989685578736,3.580430840156212,3.775103048159135,3.275142749361093,3.502197478794706,4.686916037027992,3.531523604940729,3.349904087274605,4.382732635396711,334.642434294627,5.813062601475842,94.35622162566362,4.547077211618899,226.1367325972561,5.421139827818902,323.2730121603884,5.77849720509608,21.58794949314657,3.072135265173642,44.0922344294356,181.5659855662814,5.201619144473147,1.45835991187571,-.2305267528816071,0
1979m10,155.4583333333333,6,136.7999979654948,44.48333231608073,73.2999979654948,19.02500025431315,11.68333307902018,181.1000061035156,9.699999809265137,41.0198837729581,47.31770772372798,32.22755102031412,91.44218962089786,35.55699920654297,34.78099822998047,40.00500106811523,62.09999847412109,13.77000045776367,29,,10.30000019073486,,117.7833302815755,1501.399978637695,1.002193550930262,1.002192071770302,250,393,36.35491190106181,80.89700000000001,0,,0,0,5.046377742873212,4.918519990316335,3.795114564314249,4.294560581136737,4.768846752558824,2.945753917115064,2.458163303045315,3.588561735669463,3.783098121715192,3.283801772662985,3.510604957851431,4.693208562288817,3.549071209778797,3.367295829986474,4.393176740558567,333.4967956581064,5.809633257087949,94.00990550050265,4.54340015438309,227.4451382275101,5.426909058661205,323.9818888906053,5.780687615744164,20.80549507091555,3.035217137917978,44.4645016887298,181.9361444019164,5.203655770578277,1.45781600720375,-.2212659056829884,0
1979m11,156.9833374023438,5.900000095367432,138.1083374023438,45.09166463216146,73.93333435058594,19.08333333333333,11.625,182.8000030517578,9.699999809265137,41.30444428702321,47.70958411516823,32.42204864316191,92.10286123225748,35.78400039672852,35.21200180053711,40.26900100708008,63.29999923706055,13.18000030517578,31,,10.64999961853027,,119.0249989827474,1517.800048828125,1.003633322894056,1.003631875533025,251,392,36.60519241174818,82.03658333333334,0,,0,0,5.056139668520731,4.928038430803952,3.808697409741371,4.303163800007209,4.779333546534037,2.948815353766239,2.45315795147342,3.59547492048573,3.791345828353837,3.289818769231045,3.517465734566969,4.700407606464945,3.561386984732849,3.433987204485146,4.407165285985573,334.3667728407953,5.812238512759297,94.51280171152348,4.548735293171566,228.0341232113324,5.429495280963619,325.1587852453061,5.78431363300384,20.7195879454934,3.031079530393026,44.77061158167511,183.2375758005312,5.210783539289745,1.460664748035001,-.1614877160005834,0
1979m12,158.6500040690104,6,138.8583374023438,45.2749989827474,74.4249979654948,19.15833282470703,11.85833358764648,192.3999938964844,10.10000038146973,41.65135918103589,48.17035643457823,32.68540731871444,92.71413659646697,36.04100036621094,35.92100143432617,40.59400177001953,61,13.77999973297119,32.5,,10.39000034332275,,119.6999969482422,1524.000045776367,.9969928752620648,.9969943355108789,252,391,36.92379015491153,82.2505,0,,0,0,5.066700543676922,4.933454258059899,3.81275498130117,4.309791879565525,4.784988587068875,2.952737755432568,2.47303087675375,3.603838817931599,3.800957345924462,3.297908783132695,3.526131697998036,4.707022556392523,3.581322122620153,3.481240089335692,4.40976946865436,333.3824877089888,5.809290442569376,93.98933770447991,4.54318134716074,227.7009958596472,5.428033346620285,324.1812296247164,5.78130271010761,20.66387449423446,3.028386982131776,45.16027804345791,182.1301895458882,5.204721758527465,1.462861725745323,-.1225987285959071,0
1980m1,161.4416707356771,6.300000190734863,141.4416707356771,46.18333435058594,75.29166666666667,19.96666717529297,12.03333282470703,192,9.899999618530273,42.08783984066894,48.94656910517019,32.91373291930218,93.68631377055826,36.31499862670898,37.54899978637695,40.79999923706055,67,13.81999969482422,32.5,,10.80000019073486,,121.4750010172526,1552.900054931641,1.004345180883846,1.004346754955918,253,390,37.30918015309946,83.85541666666667,0,,0,0,5.084143905509114,4.951887411147602,3.832619004667278,4.321369460244283,4.799708488666139,2.994064241927065,2.487680534402611,3.614263675529946,3.816942802534038,3.304870048838269,3.536515048121782,4.717453711331217,3.625646741007892,3.481240089335692,4.429094085665965,336.0630321516378,5.817298738058732,94.35458949401139,4.547059913917272,228.754565309461,5.432649661593468,325.5901108487935,5.785639261581129,21.31225615749188,3.05928231368758,45.6316359241174,183.7659662391089,5.213663025415324,1.469880229979168,-.1330235861942546,0
1980m2,162.3416646321615,6.300000190734863,141.7833353678385,46.68333435058594,75.69166564941406,19.40833282470703,12.78333282470703,197.5,10.10000038146973,42.54359162785411,49.4536375497592,33.26769509003297,94.83935710516015,36.67699813842773,38.95000076293945,40.7599983215332,66.90000152587891,14.13000011444092,37,,12.40999984741211,,122.375,1548.000030517578,.9968382368979335,.9968387747685481,254,389,37.70480453215492,84.4075,0,,0,0,5.089703155266915,4.95430008510318,3.843387234828495,4.326668057280741,4.807090100850674,2.965702500895701,2.548142199356917,3.625034052088806,3.827249141316156,3.315566872900876,3.547063162553927,4.729686079546956,3.66227879190442,3.610917912644224,4.43565626021311,333.2660218443104,5.808941035455449,94.39818113200299,4.547521805296372,227.5230232950263,5.427251434567318,324.5607596125786,5.782472759333519,20.46442892183106,3.018688204440477,46.11551114071778,183.0349440179407,5.209677085530323,1.464669103178109,-.0141161394445817,0
1980m3,163.3083292643229,6.300000190734863,142.3499959309896,47.11666870117188,76.59166463216145,18.63333384195964,13.61666615804037,201.6999969482422,10.30000019073486,43.06623014275944,50.30521027508679,33.59024869427831,95.83246315996328,37.01699829101563,40.52500152587891,41.18099975585938,56.5,17.19000053405762,38,,12.75,,123.7083333333333,1544.799957275391,.9983502945598908,.9983677857242476,255,388,38.17826516000887,85.50308333333334,0,,0,0,5.095640004580885,4.958288785139498,3.852626838651649,4.338488254013053,4.817926644415814,2.924952118789525,2.611294495284685,3.637243983077969,3.844322181534932,3.325215871615099,3.559542013864707,4.740103088561763,3.701919105274519,3.637586159726386,4.44855243767065,330.5373966077742,5.800719804502605,93.66160770131199,4.539688368900749,228.0175575038476,5.429422632585408,324.0281684221625,5.780830451587879,19.44365534136061,2.967520813319493,46.69458532315704,183.1113452268526,5.210094411677085,1.458396021502917,.0003421766484171,0
1980m4,163.9749959309896,6.900000095367432,141.2666625976563,47.1000010172526,76.47500101725261,17.6999994913737,13.1750005086263,223.5,11.39999961853027,43.29070677552259,50.52805837591073,33.77145798883605,96.46718449249157,37.20700073242188,40.68000030517578,41.46599960327148,52.70000076293945,17.61000061035156,39.5,,11.47000026702881,,123.5750020345052,1537.099945068359,.9939255052746819,.9939259847579247,256,387,38.37018740402817,85.30733333333333,0,,0,0,5.099713952364977,4.950649328362334,3.852273022620091,4.336963903338733,4.816848275656751,2.873564610843834,2.578321133032837,3.642442804304495,3.848742319186561,3.330596071749439,3.564556423424573,4.746704490543436,3.705736578682222,3.676300671907076,4.446260421884785,326.3209892371893,5.787881526498914,93.21553713155846,4.534914415217563,226.4486213255383,5.422518081776749,322.0599387052566,5.774737673268949,18.34820782268333,2.909531903392129,46.92931913207192,181.7783315655086,5.202787986331353,1.457271148060482,.0338578676025807,0
1980m5,164.6416625976563,7.5,141.6749979654948,47.20000203450521,77.09166463216145,17.375,12.98333358764648,226.6999969482422,11.5,43.62741523752833,50.7972026019137,34.10488511851935,96.97629420946552,37.50699996948242,40.92599868774414,41.77999877929688,51.70000076293945,10.97999954223633,39.5,,10.18000030517578,,124.2916666666667,1544.29997253418,.997678129806259,.9976766461992094,257,386,38.68255720947902,85.63208333333333,0,,0,0,5.103771370417017,4.953535687695314,3.854393935695433,4.344995163598544,4.822630954166803,2.855032391450856,2.56366650323631,3.650190559054032,3.854054811972677,3.340420696835905,3.572664415379165,4.751968156145881,3.711765525836524,3.676300671907076,4.450060018221687,324.7384636338159,5.783020131082358,92.91850656501907,4.531722835506788,226.0428802626278,5.420724716950093,321.3119184276924,5.772412359824409,17.91674980121491,2.885736018396706,47.31136840727789,180.9968432875862,5.198479590713664,1.453580811362985,.0261101128530443,0
1980m6,166.0333353678385,7.599999904632568,143.2333374023438,47.17499796549479,78.14999898274739,17.90833282470703,13.28333282470703,224.6999969482422,11.30000019073486,43.90290673128895,51.015750867462,34.359785071486,97.62775992427272,37.75600051879883,41.06399917602539,42.05300140380859,58.70000076293945,9.470000267028809,39.5,,9.779999732971191,,125.3249969482422,1559.400054931641,1.002031449822911,1.002023269187272,258,385,38.92523900278586,86.0385,0,,0,0,5.112188583664723,4.964475030521104,3.853864048127846,4.358630043850818,4.830910338798816,2.885266125458809,2.586510078277551,3.65648534689999,3.858347951377315,3.347866906100452,3.578918492834307,4.75866347553505,3.715131805192382,3.676300671907076,4.454794870495816,326.2502373225859,5.78766468606219,92.47143708235244,4.526899808534564,227.4461229025596,5.42691338793782,321.9633331969336,5.774437667001281,18.34348431081288,2.909274433015491,47.60818455794502,180.7220770942873,5.19696036553265,1.455703236764732,.019815325007086,0
1980m7,168.7750040690104,7.800000190734863,145.5916646321615,47.5249989827474,79.1749979654948,18.89166641235352,13.28333282470703,229.8999938964844,11.39999961853027,44.24415619058591,51.41515915756083,34.66542583896196,97.87311208048088,38.02099990844727,41.27000045776367,42.62599945068359,62.29999923706055,9.029999732971191,39.5,,10.25,,126.6999969482422,1587.699981689453,1.002456638643388,1.002455499604297,259,384,39.25589108533779,87.02916666666667,0,,0,0,5.128566491037017,4.980805885718349,3.861255866969914,4.371660566728395,4.841822063240607,2.938720894263825,2.586510078277551,3.664228115696189,3.866146580019533,3.356722880925171,3.587377159360704,4.761173462140253,3.720135854856414,3.676300671907076,4.466243311513326,329.0641683955086,5.796252772463236,92.43382644621967,4.526492998734413,228.3975922675862,5.431087935990679,322.754097398556,5.776890724916674,19.30220262825497,2.960219215215304,48.01259428731044,181.2632038707981,5.199950140023763,1.464338375340828,.0120725562108874,0
1980m8,170.3416646321615,7.699999809265137,146.9833374023438,48.28333536783854,80.03333536783855,18.66666666666667,13.31666692097982,232,11.39999961853027,44.61261271079634,51.88239560373671,34.92999191594053,98.80509251542723,38.29600143432617,41.42100143432617,43.38399887084961,67.30000305175781,9.609999656677246,38,,11.10000038146973,,128.3166707356771,1604.000045776367,1.004544733335612,1.004543507456057,260,383,39.57694820724472,88.184,0,,0,0,5.137806212074258,4.990319229349561,3.87708647768405,4.38244323997982,4.854501198766641,2.92673940206704,2.589016402641532,3.672521431705889,3.875193060040423,3.364325891582077,3.59552246783516,4.770650744207546,3.723788033230119,3.637586159726386,4.479425540661015,329.4658807704698,5.797472800084749,93.06304153072115,4.533277129427659,229.1249753519548,5.434267598585198,324.2207308753236,5.781424551968254,18.89241352995251,2.938760440951226,48.4052687346605,182.1785154905173,5.204987060696996,1.46528478036837,-.0349352719795029,0
1980m9,172.6416625976563,7.5,148.375,48.31666564941406,81.26666768391927,18.78333282470703,13.22499974568685,242.3999938964844,11.69999980926514,45.02528124558604,52.26995983945639,35.29120310362998,99.69855639914901,38.65700149536133,41.51100158691406,43.94599914550781,73.69999694824219,10.86999988555908,36,,11.51000022888184,,129.5833333333333,1621.800003051758,1.000605061599691,1.000597219274931,261,382,39.94361557399404,88.91175,0,,0,0,5.151218131894733,4.999742852929832,3.877776545645689,4.397735940896526,4.864324174825335,2.932969924739079,2.582108958514635,3.681728953927168,3.882635350191729,3.374613793218998,3.604744484076754,4.779652794519754,3.725958490584116,3.58351893845611,4.487644304764673,329.537086488595,5.79768890144374,92.43677591835807,4.526524907237992,230.2745742197731,5.439272397864982,324.4156330647763,5.782025511785352,18.84012517644374,2.935988913311056,48.85372757819717,181.9958361574035,5.20398380855906,1.469489177967565,-.0982100154710577,0
1980m10,175.375,7.5,151.4249979654948,49,82.73333231608073,19.69166692097982,13.40833282470703,237,11.30000019073486,45.38580183243512,52.61123616362701,35.65120688989338,99.9346898817103,38.97499847412109,41.76300048828125,44.29999923706055,75,12.8100004196167,36,,11.75,,131.7333323160807,1656.199981689453,1.007691837554694,1.007691664749367,262,381,40.29639549869449,90.29300000000001,0,,0,0,5.166926538422625,5.020090439431282,3.891820298110626,4.415622571806838,4.880779669483544,2.980195547319622,2.59587636627674,3.689704137620119,3.88914323800519,3.384763064340591,3.613537658281429,4.782018468545354,3.732010791766259,3.58351893845611,4.503059938038312,333.6395785725182,5.810061304252239,93.13599826395327,4.534060771889469,232.0632021563749,5.447009757653701,326.9109573841377,5.789687832238887,19.70453597673466,2.980848861866,49.2852011463434,183.2050958499519,5.210606267628025,1.477222400802506,-.1061851991640093,0
1980m11,177.0583292643229,7.5,152.2333374023438,49.05833435058594,83.4500020345052,19.72499974568685,13.40000025431315,246.6999969482422,11.60000038146973,45.75539143958869,52.97942444630894,35.97738500261804,100.624672147742,39.28200149536133,41.98600006103516,44.81399917602539,76.69999694824219,15.85000038146973,36,,12.68000030517578,,132.5083363850912,1666.000045776367,.9975544429615893,.9975518094200824,263,380,40.63288790460761,90.54883333333333,0,,0,0,5.176479222152407,5.025414458251618,3.893010086981787,4.424247674487774,4.886645559561036,2.981886853839002,2.595254725935459,3.697814446905328,3.896117145977777,3.393870610886994,3.621853420656956,4.788899074677975,3.737336230835833,3.58351893845611,4.505889300020394,332.7112556852212,5.807275013787365,92.59884353840657,4.528276652788042,231.9512716903484,5.446527313788235,326.1110475243016,5.787237959940852,19.60254808753627,2.975659562252759,49.69675398387158,182.2027115950465,5.205119867234579,1.478664775247079,-.1142955084492185,0
1980m12,179.0166625976563,7.199999809265137,154.3083292643229,49.75,84.91666666666667,19.64166641235352,13.89166641235352,244.6999969482422,11.39999961853027,46.05242023478772,53.34008083033228,36.2359117682652,100.8968178710154,39.51800155639648,42.43299865722656,45.10499954223633,64.5,18.89999961853027,37,,12.84000015258789,,134.6666666666667,1684.999954223633,1.009177851971086,1.009177582760148,264,379,40.91918227184432,92.218,0,,0,0,5.187478888646161,5.03895273888642,3.907010463604602,4.441670383434724,4.90280258929304,2.977653147206449,2.631289121661862,3.704285134446161,3.902901559927968,3.401030729084166,3.628874592350915,4.791599986513116,3.747926329760296,3.610917912644224,4.524155339273815,335.0710526778337,5.814342606881334,93.26944996249283,4.535492615460665,234.3439492007905,5.456789904538013,329.1040025482819,5.796373817978897,19.46708214075003,2.968724943785064,50.04691124487978,184.2631197533388,5.216364734794041,1.483193754199999,-.093367221801937,0
1981m1,180.0083414713542,7.5,155.8333333333333,50.81666564941406,85.03333536783855,19.99166615804036,14.26666641235352,235,10.89999961853027,46.49457065389583,53.844993197061,36.62973892386615,101.3674110367647,39.86100006103516,43.71500015258789,45.16899871826172,71.40000152587891,19.07999992370605,38,,12.56999969482422,,135.8500010172526,1698.800003051758,.9984528593001039,.9984597324561474,265,378,41.34256539123788,93.28166666666667,0,,0,0,5.193003191323999,5.048787060060632,3.928224364748064,4.443043360405628,4.911551343360414,2.995315494615732,2.657925796093953,3.713840362098027,3.912322948233774,3.411840513579104,3.639168243284943,4.796253246433861,3.77769129612337,3.637586159726386,4.535623589795336,335.1645818892532,5.81462170040368,94.37584189756713,4.547285128298322,232.1428922673401,5.447353097013978,328.5959633410764,5.794828921112243,19.72198555094756,2.981734031273603,50.56473726735749,184.4796823000314,5.217539334381535,1.479162829225972,-.0762542023716417,0
1981m2,181.25,7.400000095367432,157.0166625976563,51.19166564941406,85.21666463216145,20.60833358764648,14.02500025431315,235.1000061035156,10.80000019073486,46.9650568961012,54.64596585511896,36.94142130687471,101.8706624559326,40.15200042724609,45.71599960327148,45.29100036621094,66.90000152587891,15.93000030517578,38,,13.1899995803833,,136.4083302815755,1715.899948120117,.9932924528472626,.9932940553821347,266,377,41.79277250650649,93.75624999999999,0,,0,0,5.199877293734784,5.056351930912054,3.935576738510432,4.445197008983399,4.915652815990084,3.025695537079677,2.640841469541605,3.723908671356223,3.927088919855189,3.420313514323252,3.649999053086424,4.801205590638555,3.82244833735724,3.637586159726386,4.540698329295063,334.326567398859,5.812118261996907,93.67876447666207,4.539871530439274,230.6805250514355,5.441033744847602,326.3921537159059,5.788099583940432,20.22990043533022,3.007161729532853,51.11537084038383,183.420854546413,5.21178326407978,1.475968622378561,-.0863225116298376,0
1981m3,183.0083414713542,7.400000095367432,158.5750020345052,51.50833129882813,86.16666666666667,20.90833282470703,14.58333333333333,236.8000030517578,10.80000019073486,47.29270066256178,55.13796228876083,37.19994576832068,102.0490243059307,40.375,46.73400115966797,45.51599884033203,66.5,14.69999980926514,38,,13.11999988555908,,137.6749979654948,1727.900024414063,1.001523333333427,1.001526558231498,267,376,42.11662846772881,94.72291666666666,0,,0,0,5.20953173361328,5.066227680349884,3.941743567378662,4.456283405280375,4.924895820370951,3.040147779257889,2.679879324135514,3.730860780011904,3.936051975481324,3.427287367636559,3.657718273235229,4.802954925372393,3.84447197598009,3.637586159726386,4.550955963172878,335.3054484368612,5.815041902779057,93.41718329936802,4.53707530368137,231.6311620541282,5.445146287831269,326.8898840537202,5.789623368172495,20.48851810873407,3.019864636977228,51.51146845640513,183.8870440023118,5.21432167780879,1.478670953601376,-.0932746202855186,0
1981m4,183.2666625976563,7.199999809265137,158.7000020345052,51.79166666666666,86.76666259765625,20.14166641235352,14.35833358764648,237.6000061035156,10.80000019073486,47.49903492995663,55.10459031029862,37.43431068023983,102.9399711020455,40.63299942016602,46.49300003051758,45.47100067138672,72.40000152587891,15.72000026702881,38,,13.68000030517578,,138.5583292643229,1732.100021362305,1.002689436339459,1.002698217335594,268,375,42.27297528495811,95.29691666666666,0,,0,0,5.21094226486036,5.067015640352182,3.947229261162765,4.4632224764364,4.931291386891565,3.002790625295215,2.664330511457769,3.73521421002311,3.935446547201684,3.43356774593499,3.661423634776454,4.811647610602014,3.839301764283366,3.637586159726386,4.556997456166836,334.1120556839282,5.811476432770148,93.98793526097083,4.543166425745113,231.7837861068379,5.445804980688863,327.7704687931577,5.792313573151882,19.5664193381081,2.973814797784933,51.70269112633318,184.3171304832334,5.216657809261523,1.475728054837249,-.0976280502967248,0
1981m5,184.4333292643229,7.5,159.4833374023438,51.71666463216146,87.78333536783855,19.98333358764648,14.79166666666667,241.3000030517578,10.89999961853027,47.71217204376968,55.04753022307808,37.69163004446094,103.7991029329757,40.91299819946289,46.22299957275391,45.3650016784668,76.30000305175781,18.52000045776367,38,,14.10000038146973,,139.5,1736.300048828125,1.002867523687824,1.002857890955119,269,374,42.43878125890394,95.99850000000001,0,,0,0,5.217288039173726,5.071939449070865,3.945780062886829,4.474871680437729,4.93806460126142,2.994898605531676,2.69406395912747,3.739691360909295,3.934410523708936,3.440418119268624,3.665338231579676,4.81995892553388,3.8334775004634,3.637586159726386,4.564332566345764,334.2613227837094,5.811923090602645,93.94910983759233,4.542753250961924,232.8987503705453,5.450603811356559,328.708779710143,5.795172190718517,19.25193284237723,2.957611463089528,51.90548298094087,184.9486691709421,5.220078322637231,1.47759667826443,-.1021052011829098,0
1981m6,186.1666666666667,7.5,161.2083333333333,52.20833333333334,88.88333129882813,20.11666615804036,15.39166641235352,240.5,10.80000019073486,47.90263444444185,55.09705430482506,37.90304050407811,104.3023543521435,41.11700057983398,46.125,45.47600173950195,73.09999847412109,19.10000038146973,36,,13.47000026702881,,141.0916646321615,1749.800003051758,1.007517660317698,1.007519538657357,270,373,42.60268598157459,97.18375,0,,0,0,5.226642329841146,5.082697524352567,3.955242124548123,4.487324625488887,4.949409782926446,3.001548633591604,2.733826220894412,3.743675318197595,3.935309779633258,3.446011397451948,3.669192937547032,4.824795531742885,3.831355102360691,3.58351893845611,4.576603516420122,336.5333351765967,5.818697208596048,94.75703191769593,4.551316056698897,234.5018502915746,5.457463478224393,331.1802093726738,5.802662666416185,19.2868763921885,2.959424884940451,52.10594947740258,186.5118109826342,5.228494566744231,1.48296701164355,-.1601563797414851,0
1981m7,190.25,7.199999809265137,161.8416646321615,52.20833333333334,89.2000020345052,20.43333307902018,14.86666615804037,280.2999877929688,12.30000019073486,48.19173163103886,55.30267842365657,38.1978077461161,104.7721170067535,41.3650016784668,46.26699829101563,45.84700012207031,74.09999847412109,19.04000091552734,36,,14.27999973297119,,141.4083353678385,1763.699981689453,.995989461428833,.9959898956624681,271,372,42.87022823609257,97.20825000000001,0,,0,0,5.248338996741795,5.086618478472444,3.955242124548123,4.490881062394318,4.951651700578229,3.017167541828062,2.699121536145376,3.749692279869864,3.93903486757549,3.453758189319961,3.675453239556048,4.829289274494718,3.834428927052155,3.58351893845611,4.576855584407793,335.8286974853671,5.816601201043657,94.40471026264149,4.547590968756665,233.5212602445095,5.453273123261811,329.8520702737627,5.798644282058953,19.5026440839246,2.970550050425075,52.43317164370011,185.3945640758881,5.222486332722887,1.498646716871932,-.1661733414137538,0
1981m8,191.9916585286458,7.400000095367432,163.8833312988281,52.48333231608073,89.70833333333333,21.6999994913737,14.66666666666667,275.7000122070313,12,48.49329709876981,55.50938263482571,38.51069753055071,105.1958182358653,41.64199829101563,46.47600173950195,46.05699920654297,77.19999694824219,17.81999969482422,36,,14.9399995803833,,142.1916656494141,1790.599975585938,.9989990286250225,.9990031465922103,272,371,43.15081138425484,97.49633333333334,0,,0,0,5.25745192592071,5.099154780143705,3.960495639496531,4.496563667016417,4.957175905591124,3.077312237107414,2.685577345250151,3.755930400696272,3.942765588743239,3.461916124834116,3.681976856207929,4.833325146007527,3.838936087748577,3.58351893845611,4.57981477045904,337.9504820326716,5.822899381888508,94.54857868145972,4.549113762537324,232.9439326882285,5.450797792369755,329.5225769527428,5.797644870419967,20.62819592573437,3.026658874191617,52.77634369976899,184.7349143547436,5.218921902122252,1.501521525224438,-.1724114622401625,0
1981m9,192.8000081380208,7.599999904632568,163.7916666666667,52.59166463216146,90.35833740234375,20.84999974568685,14.88333384195963,285.6000061035156,12.30000019073486,48.78693095789873,55.7397708479382,38.80184026410938,105.672276087968,41.91500091552734,46.74800109863281,46.20399856567383,73.09999847412109,15.86999988555908,36,15.60999965667725,15.31999969482422,,142.9500020345052,1786.899993896484,.9990377108923754,.9990363177016143,273,370,43.42275872481663,98.06791666666666,0,-.2899999618530273,0,0,5.261653424386096,5.098595295073915,3.962557640117258,4.503783291722068,4.962494933000606,3.037353936047537,2.700242052828617,3.761967285205275,3.946907436752993,3.469447739191203,3.688259333289278,4.837844166909806,3.844771497572083,3.58351893845611,4.585660265848992,335.7285720801185,5.816303012309715,94.35213642272592,4.547033915148297,232.871267927781,5.450485802718319,329.2052514222399,5.7966814207481,19.73081352797781,2.982181552229463,53.10895358248754,184.6542062146827,5.218484920430854,1.499686139180821,-.1784483467491653,0
1981m10,193.8833414713542,7.900000095367432,163.6583353678385,52.78333536783854,91.09999593098958,19.77500025431315,15.04166666666667,299.2999877929688,12.89999961853027,49.00800400507311,55.80867088272292,39.0470763972653,106.2014905630616,42.16500091552734,46.84700012207031,46.10300064086914,70.30000305175781,15.07999992370605,35,14.22999954223633,15.14999961853027,,143.8833312988281,1783.400024414063,1.002070089840061,1.002070713145768,274,369,43.61596599845895,98.64533333333334,0,.9200000762939453,0,0,5.267256645568468,5.097780933764596,3.966195522861001,4.511957759600594,4.969002771873457,2.984418526514054,2.710824127984935,3.766488448266244,3.948142775274587,3.475748069494466,3.692698910996719,4.842839741246708,3.846886975088333,3.555348061489414,4.591530926061639,333.9420543446276,5.810967487939427,94.57909413173114,4.549436459370446,233.308109944359,5.452359940293582,329.8868384662438,5.79874968191351,18.62026620292199,2.924250568359077,53.34525906903427,184.9186507945834,5.219916002936061,1.500768197302224,-.2111403867768304,0
1981m11,195.0166625976563,8.300000190734863,164.2166646321615,52.80833435058594,91.66666666666667,19.75,14.84166717529297,305.2999877929688,13,49.27102289294049,55.87649493198499,39.36238328875319,106.6302195788401,42.4109992980957,47.30300140380859,46.08000183105469,62.5,13.3100004196167,36,11.35000038146973,13.39000034332275,,144.4750010172526,1792.499969482422,.9985615861138299,.9985633276356082,275,368,43.85836965374158,98.67733333333334,0,2.039999961853027,0,0,5.273085004131921,5.101186681711222,3.966669025804578,4.518158808998462,4.97310648924487,2.983153491347131,2.697438574777776,3.771840953762307,3.949357333306621,3.483790685585671,3.698241205750223,4.846868554391104,3.856573748110702,3.58351893845611,4.591855267920798,333.2925825164679,5.809020730389991,94.50903177600219,4.54869540428199,232.878852873876,5.450518373600245,329.4126119093607,5.79731110453142,18.52195379321832,2.918956720047758,53.64173503819634,183.9562670056604,5.214698050041717,1.501244050369614,-.1883220153061966,0
1981m12,195.3499959309896,8.5,165.7333374023438,53.33333333333334,92.70833333333333,19.69166692097982,15.36666615804037,290.1000061035156,12.39999961853027,49.42294303850844,55.96585101214509,39.52064043521015,106.9182663961585,42.56800079345703,47.33499908447266,46.13100051879883,64.30000305175781,12.36999988555908,35,11.31999969482422,13.72000026702881,,146.0416666666667,1804.400054931641,1.007684289241887,1.007684857647027,276,367,43.99587383611895,99.91333333333333,0,2.40000057220459,0,0,5.274792800671745,5.110380095519997,3.976561526565717,4.529458364252395,4.983891969120744,2.980195547319622,2.732200628235167,3.774919566808686,3.95095522717085,3.487803142292111,3.701371488117813,4.849566274215212,3.857249960239408,3.555348061489414,4.604303143548741,335.3368440103026,5.815135531152388,95.29620718491269,4.556990011178899,234.5820622146007,5.457805472147738,331.9440073190954,5.804966302039704,18.41749551757352,2.913301056196142,53.80991189875826,185.6783068541671,5.224015643302068,1.49987323386306,-.2195715053192724,0
1982m1,196.7666625976563,8.600000381469727,166.4249979654948,53.10833231608073,93.23333740234375,20.08333333333333,15.5500005086263,297.1000061035156,12.60000038146973,49.71657257287803,56.10365108171453,39.85285555506501,107.3210387445585,42.82899856567383,47.50600051879883,46.42599868774414,71,13.22000026702881,33.84999847412109,12.92000007629395,14.59000015258789,,146.3416697184245,1810.499969482422,.9958446906994074,.9958392893178757,277,366,44.2703279094599,99.70383333333334,0,1.670000076293945,0,0,5.282018572899165,5.11454474526201,3.972333833377955,4.535105355183104,4.985944091247458,2.999890283702654,2.74406067133433,3.780843146143332,3.953414417877362,3.496174124460902,3.70759028880076,4.85332630156091,3.860856029773603,3.521938954280619,4.602204124908033,334.7475285460143,5.813376601559754,94.66109832803726,4.550303127284624,233.9439322573072,5.455081480909657,330.5637808188754,5.80079962348347,18.71332365794085,2.929235765233476,54.14558768421357,184.1402736541033,5.215697823978414,1.501175426755833,-.2589041918627126,0
1982m2,197.9000040690104,8.899999618530273,168.4333292643229,53.61666870117188,94.04166666666667,20.77500025431315,15.3249994913737,285.6000061035156,12,49.86622221980036,56.22422716929154,40.00265628313729,107.5194925755818,42.99399948120117,47.09600067138672,46.70800018310547,66.5,14.77999973297119,31.55999946594238,14.27999973297119,14.43000030517578,,147.6583353678385,1837.299957275391,1.005804093762269,1.00580502638333,278,365,44.41085156249171,100.72775,0,.1500005722045898,0,0,5.287761873169462,5.126539999471765,3.981860002962313,4.54373794646959,4.994901060154488,3.033750352982819,2.729485448632956,3.783848680580995,3.955561278225225,3.499925923186879,3.710759479185554,4.855173754518216,3.852188085981666,3.451890479055696,4.612421332764781,337.7703819669804,5.822366321331846,95.36221554407803,4.557682436521119,235.0885551225481,5.459962273470166,332.4825581424947,5.806587402005706,19.32207803130133,2.961248381556335,54.31745756040921,185.4426818265114,5.222745841450368,1.503913192588467,-.3319582015252989,0
1982m3,198.3833414713542,9,168.6749979654948,53.24166870117188,94.68332926432292,20.75,15.19166692097982,287.5,12.10000038146973,49.99433024052495,56.10042312514656,40.2297721780978,107.5973689662647,43.18199920654297,46.83599853515625,46.58000183105469,62,14.68000030517578,28.47999954223633,13.3100004196167,13.85999965667725,,147.9249979654948,1841.79997253418,.9989924064942307,.9989816094441404,279,364,44.53616983296703,100.5078333333333,0,.5499992370605469,0,0,5.290201226967475,5.127973774451801,3.974841336032947,4.550537947360087,4.996705374809131,3.032546246676707,2.720747048636923,3.786414420261909,3.953356880633876,3.505587387159636,3.713577299308799,4.855897792545982,3.846652106710456,3.349202070470612,4.610235668076942,337.3882541360027,5.821234356630968,94.90421949653125,4.552868167183103,235.3563645480229,5.461100810387905,332.1457559558617,5.805573896537104,19.28485817018984,2.959320237222457,54.47073023135787,184.5171395838433,5.217742356639285,1.503786806705566,-.4372123497912961,0
1982m4,200.4583333333333,9.300000190734863,168.8583374023438,53.125,95.33333333333333,20.40833282470703,14.95833333333333,308.7999877929688,12.80000019073486,50.01927112755211,55.71500675365723,40.39890515419392,107.8695083009908,43.35300064086914,45.41799926757813,46.63600158691406,65.5,14.9399995803833,33.45000076293945,13.34000015258789,13.86999988555908,,148.4583333333333,1846.800048828125,1.003386426948552,1.003391685158821,280,363,44.54577439456846,100.9995833333333,0,.5299997329711914,0,0,5.300606411351509,5.129060123180468,3.972647627244581,4.557379522151743,5.000304335257891,3.01594328924764,2.705268558140333,3.786913170175981,3.946463057512885,3.509782748655537,3.713792933615435,4.858423837225196,3.81590848611623,3.510051809382591,4.615116391420209,337.5865613310218,5.821821955445563,95.35133009117473,4.557568281515728,235.9799924514452,5.46374702368366,333.2714165396462,5.808957222679227,18.91946403219081,2.940191235114176,54.48247725598851,185.3799394230589,5.222407445675915,1.513693241175528,-.2768613607933892,0
1982m5,200.8166707356771,9.399999618530273,170.375,53.21666463216146,95.75833129882813,21.39999898274739,14.5,294,12.19999980926514,50.31630424751048,56.02613905593359,40.65501250858661,108.3978794878506,43.5890007019043,45.70600128173828,47.02299880981445,67.5,14.44999980926514,35.93000030517578,12.71000003814697,13.61999988555908,,148.9749959309896,1870.5,.9974265536785499,.997426214275736,281,362,44.81614151017045,100.9881666666667,0,.9099998474121094,0,0,5.30239240596349,5.138001890016697,3.974371592262079,4.56182763522934,5.003778479319664,3.063390874492636,2.674148649426529,3.792833981146174,3.952031876484351,3.516102201535579,3.719844011142902,4.863310123997652,3.8222296083538,3.581572609619048,4.615003348261117,338.6079374230465,5.824842911311598,94.98542203494105,4.553723427561759,235.5388066320317,5.461875683881215,332.4137038820747,5.806380289213534,19.74208267159501,2.982752533586716,54.81315441732995,184.2407497619546,5.216243324989357,1.509558424817316,-.2112613715271263,0
1982m6,201.1750081380208,9.600000381469727,170.6750081380208,53.33333333333334,96.83333333333333,20.5,15.05833307902018,293.8999938964844,12.19999980926514,50.68135718213214,56.6785435755656,40.89299962478388,108.6800743959102,43.80799865722656,47.01800155639648,47.33000183105469,65.69999694824219,14.14999961853027,35.06999969482422,13.07999992370605,14.30000019073486,,150.1666666666667,1867.400100708008,1.000076118130269,1.000095490092785,282,361,45.1707559310029,101.9380833333333,0,1.220000267028809,0,0,5.304175216484642,5.13976121098573,3.976561526565717,4.572991287623856,5.011745788380283,3.020424886144363,2.71193153092165,3.800062950989588,3.963609244726632,3.521938954280619,3.727725519819856,4.8659100662025,3.850530540217971,3.557346055450183,4.624365602825518,336.7609267539363,5.819373262437218,94.0979248385726,4.544335993623117,236.79684596834,5.467202583530691,332.442226329004,5.806466089597198,18.86270331884448,2.937186603033594,55.24687169759358,184.5137655781033,5.217724070876803,1.504112265495054,-.2427168955394055,0
1982m7,204.2166748046875,9.800000190734863,172.6833292643229,54.38333129882813,97.65833536783855,20.65000025431315,15.10833358764648,305.5,12.5,50.98179388767925,56.93261579062143,41.20468431199363,108.8843929132868,44.09199905395508,47.44699859619141,47.35499954223633,65.40000152587891,12.59000015258789,34.15999984741211,11.85999965667725,13.94999980926514,,152.0416666666667,1890.899948120117,1.005940460623515,1.005950636616287,283,360,45.46445259205794,103.1791666666667,0,2.090000152587891,0,0,5.31918156157728,5.151459450466228,3.996057696960765,4.581475013309445,5.024154606088502,3.027715331722449,2.715246484805446,3.805973402849331,3.968081915193654,3.529532010984891,3.734206393948595,4.867788301007744,3.859613269023523,3.53105536445351,4.636466959283275,338.7156788652257,5.825161050057972,95.52227759713571,4.559359493551143,237.0078475262404,5.468093252512008,334.4187777446734,5.812394033176679,18.96506900741815,2.942598813806436,55.60608246165748,185.553741783217,5.223344553205822,1.513208158727949,-.2749180383958207,0
1982m8,205.1833292643229,9.800000190734863,173.3416748046875,53.91666666666666,98.70833333333333,20.71666717529297,14.99166615804037,308.3999938964844,12.5,51.13937946796292,56.83787567603308,41.49340993849903,108.5728873505551,44.29499816894531,47.51800155639648,47.11999893188477,65.40000152587891,10.11999988555908,33.95000076293945,9,13.0600004196167,,152.625,1900.200103759766,.9999313977021701,.9999102693715172,284,359,45.64249794104627,103.0621666666667,0,4.060000419616699,0,0,5.323903868594418,5.155264645622644,3.9874396447129,4.59216937381084,5.027983932430868,3.030938553840161,2.707494457241218,3.809059652256543,3.966416454576127,3.536514682163816,3.738114889943757,4.864923317361973,3.861108619380426,3.524888876477148,4.635332366031183,338.9592846219031,5.825879995807176,94.86045357145851,4.552406901920805,237.8891816306191,5.471804941834478,334.392302974164,5.812314863523883,19.08088444622823,2.948687019569919,55.82384389489399,184.6203333126141,5.218301463958567,1.514844216337875,-.284170775779395,0
1982m9,205.6833292643229,10.10000038146973,175.3833414713542,54.13333129882813,99.59166463216145,21.66666666666667,15.06666692097982,289.2000122070313,11.69999980926514,51.28109318152391,56.8217276795633,41.69757138115755,108.6490899418649,44.45899963378906,47.51300048828125,47.07600021362305,69.30000305175781,10.3100004196167,35.63000106811523,8.189999580383301,12.34000015258789,,153.7249959309896,1923.800094604492,1.004112704714609,1.004113054399637,285,358,45.78315107819507,103.6610833333333,0,4.15000057220459,0,0,5.326337749448194,5.166974100920045,3.991450101476243,4.601078472656367,5.035165265370121,3.075774981227528,2.712484815049267,3.811826946730608,3.96613230794704,3.541422951048078,3.741191778095475,4.865624927718214,3.861003368083223,3.573188009595719,4.641126763539802,342.0039055145242,5.834822156630513,95.26871763580309,4.556701505313235,238.842842240844,5.475805771795742,335.7676182411208,5.816419308311418,19.94187588525583,2.992821836601045,55.99587213887097,185.1227231111815,5.221018973315468,1.514510802717586,-.2386389371348887,0
1982m10,206.6333414713542,10.39999961853027,177.1500040690104,54.70833333333334,101.2666625976563,21.1750005086263,15.19166692097982,278.5,11.19999980926514,51.56905295641845,56.92723175619317,42.02979110941481,109.1071232237683,44.74100112915039,47.95000076293945,47.01699829101563,73.40000152587891,9.710000038146973,35.68000030517578,7.96999979019165,10.90999984741211,,155.9749959309896,1943.500045776367,1.008769974282062,1.0087699294177,286,357,46.04940631307565,104.88825,0,2.940000057220459,0,0,5.330945925423635,5.176996854280775,4.002016043954851,4.617757261312419,5.049695711909269,3.05282126455825,2.720747048636923,3.817426560112565,3.967987342180458,3.549358743168701,3.746990505442692,4.869831778588293,3.870158817240593,3.574590316264942,4.652895497689036,343.5199871107227,5.839245296609286,96.10221970328209,4.565412413558425,240.9401996170573,5.484548768331172,338.7122840858445,5.825151027503349,19.40753260004702,2.965661269061689,56.32152019361526,186.2312125798948,5.226988980117484,1.513519365311071,-.242836243847623,0
1982m11,208.0833333333333,10.80000019073486,179.1083374023438,54.58333333333334,102.1833292643229,22.34166717529297,15.5,271.6000061035156,10.89999961853027,51.72437236281582,56.94983977261386,42.25690700437531,108.9220725648248,44.90599822998047,48.06600189208984,46.97499847412109,72.09999847412109,9.199999809265137,34.15000152587891,8.350000381469727,10.55000019073486,,156.7666625976563,1963.300048828125,1.001422772262812,1.001415604706344,287,356,46.21754326816684,105.3125,0,2.199999809265137,0,0,5.337938640491773,5.187990859643382,3.999728585847252,4.626768545719901,5.054758474327053,3.106453418219731,2.740840023925201,3.820433905894313,3.96838440221044,3.554747884034744,3.750635085478498,4.868134293050094,3.872575105825447,3.530762630698464,4.65693212054668,346.2745495411813,5.847231956190145,95.84457752870003,4.562727895420845,241.814502073573,5.488170911872611,339.1929806568323,5.826569209885327,20.51160673792391,3.020990908261368,56.52716299489439,186.3042375035025,5.227381022939324,1.517504734597459,-.289671275195849,0
1982m12,209.4166666666667,10.80000019073486,180.1333414713542,54.8999989827474,102.6666666666667,22.56666564941406,14.75,274.2999877929688,10.89999961853027,51.80259860948608,56.81096371752177,42.41637155225831,109.0233949238265,45.04899978637695,47.61899948120117,46.89799880981445,71.90000152587891,8.949999809265137,31.71999931335449,8.199999809265137,10.53999996185303,,157.5666656494141,1984.60009765625,1.003486834328165,1.003497120329954,288,355,46.2917483699801,105.7435,0,2.340000152587891,0,0,5.344325887755592,5.193697362595695,4.005513329986293,4.631487494305465,5.059848642675067,3.116473846172455,2.691243082785829,3.821945130666434,3.965942856092272,3.558514473427072,3.752239359306874,4.869064088631244,3.863231830363428,3.456947375119563,4.661016350316252,347.7303191472873,5.851427234370336,96.63627474394528,4.570954185678054,242.044906033931,5.489123271065847,340.3774348509918,5.830055104404964,20.69892032364353,3.030081540632942,56.61792082381906,186.7668371804885,5.229860978880519,1.522380757089158,-.3649977555468715,0
1983m1,211.125,10.39999961853027,181.1666666666667,54.59166463216146,104.2166646321615,22.35833231608073,14.875,281.7999877929688,11.10000038146973,52.04407587115574,56.83141976289714,42.7135535971484,109.523298744248,45.35699844360352,47.32899856567383,46.81399917602539,70.40000152587891,8.680000305175781,31.19000053405762,8.119999885559082,10.46000003814697,,158.8083292643229,1995.5,1.003174753039476,1.003153714125425,289,354,46.5093720818176,106.0124166666667,0,2.340000152587891,0,0,5.352450375127964,5.199417417893154,3.999881208682142,4.646472045823318,5.067697998724183,3.107199062145883,2.699681951431693,3.826595788920292,3.966302863423512,3.565496348521755,3.756929477480104,4.873638897647108,3.857123185141043,3.440097547742431,4.663556225616684,348.1023798273921,5.852496631413938,96.05894918677023,4.564962057042661,243.9896844338399,5.497125947489016,341.4544685422823,5.833214342280851,20.41422471057096,3.016231947590506,56.88408925599242,186.3656745730509,5.227710736007722,1.525854586207672,-.3864982411778612,0
1983m2,211.5749918619792,10.39999961853027,181.4166666666667,54.40833536783854,104.7750040690104,22.23333231608073,14.51666641235352,283.2999877929688,11.19999980926514,52.13250854983295,56.65701154466757,42.88268657324452,109.8247487336462,45.52500152587891,46.52999877929688,46.86600112915039,74.59999847412109,8.510000228881836,28.95000076293945,8.390000343322754,10.72000026702881,,159.183339436849,2002.800003051758,1.000816567324686,1.000813903748437,290,353,46.58122469721208,106.2131666666667,0,2.329999923706055,0,0,5.354579507092168,5.200796411446547,3.996517365797851,4.651815232646834,5.070056616155316,3.101592618499977,2.6752973971117,3.828293535115559,3.963229275155137,3.569448232293222,3.758473191499557,4.876387499083478,3.840097239621802,3.365570230372698,4.66544808103508,347.9914389564666,5.852177878772063,96.03107167935215,4.564671802426746,244.3293842843837,5.498517250541066,341.7328343588532,5.83402924569253,20.2443734881674,3.00787690250823,56.9719698358503,186.430567475009,5.228058877406664,1.526285971976609,-.4627233047428612,0
1983m3,212.8666585286458,10.30000019073486,183.5666707356771,55.25833129882813,105.6749979654948,22.63333384195964,15.21666717529297,272.2999877929688,10.69999980926514,52.19939527755311,56.72483559392963,42.93463248497868,110.0374362478887,45.58300018310547,46.13199996948242,47.24800109863281,80.80000305175781,8.770000457763672,28.81999969482422,8.659999847412109,10.51000022888184,,160.9333292643229,2020.200042724609,1.009775276676832,1.009775299215107,291,352,46.63742342607801,107.8905,0,1.850000381469727,0,0,5.360665953381969,5.212577929766717,4.01201912176875,4.660368327200379,5.08099017527144,3.119423768368984,2.722391351798473,3.829575726553269,3.964425658157595,3.570658848486982,3.759678931698667,4.87832223452336,3.831506851702165,3.361069579982348,4.681116823902311,351.6643626992645,5.862677205654523,97.41470507627449,4.578977175395187,246.1299697917917,5.505859728900852,345.0733712153032,5.843757064609545,20.5687578825192,3.023773316937356,57.0407046599468,189.1465062418123,5.242521880074785,1.5310902268287,-.4685061465709208,0
1983m4,214.3000081380208,10.19999980926514,185.5333251953125,55.44166564941406,106.6166687011719,23.47500101725261,15.41666666666667,264.7999877929688,10.30000019073486,52.43747327839332,57.16838803816216,43.08926281875513,110.1638783745824,45.72100067138672,47.12300109863281,47.4010009765625,89.09999847412109,8.800000190734863,30.61000061035156,8.510000228881836,10.39999961853027,,162.0583343505859,2041.39990234375,1.001930979283202,1.001940211400182,292,351,46.87271591226218,108.6664166666667,0,1.889999389648438,0,0,5.367376940454429,5.223234516560829,4.01533139861168,4.669239866310468,5.087956358999913,3.15593606842777,2.735449175290324,3.834126291090641,3.972214614735217,3.574253907738208,3.764711390946973,4.879470657645241,3.852761227863409,3.421326772896934,4.688282792082455,353.818202128669,5.868783227911265,96.97958531278607,4.574500495660496,247.4321019359971,5.511136208759714,345.7412936215,5.845690789089712,21.30916355126154,3.059137193874261,57.32848319116025,189.5504827928579,5.244655389006623,1.533250649363788,-.4127995181937067,0
1983m5,215.3416748046875,10.10000038146973,187.1583251953125,56.05833435058594,107.0250040690104,24.06666564941406,15.3249994913737,257,9.899999618530273,52.58598983837251,57.53550033532144,43.16295578136523,110.1169864379447,45.7869987487793,47.82400131225586,47.58399963378906,93.30000305175781,8.630000114440918,30,8.5,10.38000011444092,,163.0833384195963,2061.999908447266,1.002992926941786,1.002990226447871,293,350,47.02849219086539,109.3775,0,1.880000114440918,0,0,5.372225951847284,5.231954917439664,4.026392833389882,4.673062490050261,5.094261348796199,3.180827714962556,2.729485448632956,3.836954547835767,3.978615680224069,3.575962686520658,3.768029269910469,4.8790449108389,3.867527632980856,3.401197381662155,4.694805201559415,355.9091038707448,5.874675372044972,97.43260078364408,4.579160864949846,247.9556882321215,5.513250053717057,346.7756052176236,5.8486778999225,21.85554329801477,3.084454587215388,57.51900805398667,190.1588773876969,5.247859919520088,1.535271404011517,-.4357571661736119,0
1983m6,216.3166707356771,10.10000038146973,189.6666666666667,56.75833129882813,108.0583292643229,24.85000101725261,15.59166717529297,237.8000030517578,9.199999809265137,52.78212199851973,57.64100441195132,43.38403006079312,110.3296739521872,46.00099945068359,47.90200042724609,47.54100036621094,92.19999694824219,8.979999542236328,31,9.140000343322754,10.85000038146973,,164.816660563151,2088.899993896484,1.006610469073742,1.006614993232204,294,349,47.21610448557454,110.4520833333333,0,1.710000038146973,0,0,5.376743402276093,5.245268145458221,4.038802452614223,4.682671167111154,5.104833708015739,3.212857793478356,2.746736616113719,3.840677351314896,3.980447722381811,3.581071466638332,3.772010666174098,4.880974516666079,3.869157266117825,3.433987204485146,4.704581791918507,359.3388433151397,5.8842657965844,98.468671526237,4.589738442016444,249.0739774818132,5.517749950660276,349.0687390644559,5.855268862878413,22.52340655698998,3.114555059904008,57.7484705051026,191.2640843424137,5.253655113615551,1.536066050961197,-.4066901468297499,0
1983m7,220.2666625976563,9.399999618530273,192.0333251953125,57.19166564941406,109.5583292643229,25.28333282470703,15.86666615804037,255.6000061035156,9.699999809265137,53.08028820542122,57.83801653978662,43.70779337066569,110.6235854558589,46.31100082397461,48.05400085449219,47.54299926757813,92.80000305175781,9.369999885559082,31.65999984741211,9.449999809265137,11.38000011444092,,166.749994913737,2113.999908447266,1.005626254250347,1.005624285687403,295,348,47.50274363837001,111.52275,0,1.930000305175781,0,0,5.394838915065548,5.257668925692059,4.046408182339861,4.696457094774431,5.116495654293406,3.230145397009373,2.764220440512985,3.8463104555447,3.983859810869431,3.588506488402079,3.778063105228974,4.883634913510289,3.872325396351516,3.455054049633286,4.714228605962125,361.7789798957792,5.891033472588434,98.88248088533959,4.593932083254462,250.6608566010394,5.524100856559805,351.0323449592201,5.860878370101203,22.85528237086078,3.129182266590816,58.09904946203189,191.9527961862455,5.257249488604292,1.548528459520848,-.3912564059114136,0
1983m8,220.7833251953125,9.5,193.3666585286458,57.3500010172526,110.9249979654948,25.10000101725261,16.3249994913737,244.8999938964844,9.199999809265137,53.30703101207066,57.91660865790519,43.99289679289296,110.7575660682791,46.54999923706055,48.13000106811523,47.56499862670898,90.90000152587891,9.560000419616699,31.90999984741211,9.739999771118164,11.85000038146973,,168.2749989827474,2124.499908447266,1.004372909573169,1.004367691797099,296,347,47.72858941177872,112.3543333333333,0,2.110000610351563,0,0,5.397181791602399,5.264588171717953,4.049172861313001,4.708854278923704,5.125599539851597,3.22286788666573,2.792697644006212,3.850573052847433,3.985217719982105,3.595008248560185,3.782806212136764,4.884845320339013,3.873905705507315,3.462919435508331,4.721657567832649,362.7413773707648,5.893690121311596,99.02168366936097,4.595338853114929,252.1429731888324,5.529996280550973,352.5664618557103,5.865239148751605,22.66210960412322,3.120694349418448,58.3752740283423,192.4690465329262,5.259935343567026,1.546608738754966,-.3876536173391019,0
1983m9,223.1416625976563,9.199999809265137,194.5749918619792,57.56666564941406,111.7916666666667,25.21666717529297,15.89166641235352,258,9.600000381469727,53.49409415191339,57.8896925925789,44.24658934443356,111.0372438887317,46.73799896240234,48.08700180053711,47.70199966430664,89.90000152587891,9.449999809265137,31.11000061035156,9.359999656677246,11.64999961853027,,169.3583323160807,2144.199905395508,1.002784792837174,1.002787875402579,297,346,47.90238802473469,112.6625,0,2.289999961853027,0,0,5.407806828054441,5.270817651020854,4.052943678813661,4.716637020077679,5.13201677980175,3.227505171736498,2.765794846815448,3.854076074577694,3.984752873673738,3.600758355720766,3.786440992601456,4.887367272667309,3.873011907755177,3.437529330528689,4.724396623882528,363.7317258040148,5.896416578884237,99.441995753133,4.599574516923956,252.6560087975021,5.532028914544367,353.5488298174853,5.868021608237066,22.71009824465934,3.122809682160921,58.58784141786894,192.2967244968998,5.259039619152213,1.553730753476747,-.4165467440490045,0
1983m10,225.5,8.800000190734863,196.4666748046875,57.81666564941406,112.5083312988281,26.14166768391927,15.81666692097982,262.6000061035156,9.699999809265137,53.58478867971758,57.89722859805246,44.36014959611501,111.2005223787296,46.82099914550781,48.13999938964844,47.7869987487793,89.30000305175781,9.479999542236328,30.40999984741211,8.989999771118164,11.53999996185303,,170.3249969482422,2167.800094604492,1.003962528788368,1.003962734909864,298,345,47.98565610918779,113.3141666666667,0,2.550000190734863,0,0,5.418320158942733,5.280492823057375,4.057277067153196,4.723027274892049,5.137708358742469,3.263530504321705,2.761064252466635,3.855770050963954,3.984883043910699,3.603321598995838,3.788177770239086,4.888836676559534,3.874113419676248,3.414771496671585,4.730164196993036,366.6463555151656,5.904397774534496,99.86085180484595,4.603777735026529,253.6247788232919,5.535855926083665,354.9498136707359,5.871976409540155,23.50858352525118,3.157365610853903,58.6896838839395,193.0733975169275,5.263070414625092,1.56255010797878,-.4409985542923684,0
1983m11,227.7416585286458,8.5,197.1916707356771,58.04166666666666,112.8250020345052,26.3249994913737,15.60833358764648,280.1000061035156,10.30000019073486,53.66074875250155,57.82617659222243,44.4604192153052,111.6066423258758,46.93000030517578,47.97000122070313,47.71900177001953,91.09999847412109,9.340000152587891,29.84000015258789,9.109999656677246,11.6899995803833,,170.8666687011719,2179.000045776367,1.002101458879953,1.00210503037741,299,344,48.0372272352629,113.9188333333333,0,2.579999923706055,0,0,5.428211909909054,5.284176203627804,4.06116114343186,4.725837963745462,5.140883537168836,3.270519038699002,2.747804975955464,3.85718661499645,3.983655081172453,3.605579401735162,3.789251912760897,4.892482164328729,3.870575840961192,3.395849780449095,4.735486206506356,367.4784182479087,5.90666459107243,100.3726514307938,4.608889774043439,253.7650432132362,5.536408812197754,355.6963599592256,5.874077445444711,23.58730532767787,3.160708657462004,58.7527588386718,193.8952920426105,5.267318281616601,1.571025294912604,-.4613368345473545,0
1983m12,229.875,8.300000190734863,199.4666748046875,58.26666768391927,113.8416646321615,27.35833231608073,16.90000025431315,277.8999938964844,10.10000038146973,53.69022631206062,57.8401726176469,44.48941067473739,111.6794973184392,46.96500015258789,47.75699996948242,47.84500122070313,94.19999694824219,9.470000267028809,29.23999977111816,9.359999656677246,11.82999992370605,,172.1083323160807,2190.800094604492,1.006750607213784,1.006750173346617,300,343,48.06187050359583,115.0206666666667,0,2.470000267028809,0,0,5.437535682924485,5.295647178791058,4.065030192011894,4.734808576234083,5.148124117595067,3.309021137536996,2.827313636977143,3.857735796040818,3.983897088041148,3.606231262688569,3.789764784774328,4.893134735019099,3.866125652402091,3.375537627053882,4.745111822362244,371.5139393254534,5.917586385191316,100.7373682459278,4.612516815754779,255.884856431251,5.544727563732968,358.0974492101886,5.880805153857511,24.49718432925256,3.198558185609628,58.78289921280852,195.6702854179812,5.276431025459058,1.579799886883668,-.4821981689869359,0
1984m1,231.8916625976563,8,201.6166585286458,59.20833333333334,114.3333333333333,28.06666564941406,16.25833384195964,276.1000061035156,9.899999618530273,53.92376764036892,58.3074049570078,44.65853904243113,111.5245878253072,47.12099838256836,47.83300018310547,48.47700119018555,100.0999984741211,9.560000419616699,29.69000053405762,9.260000228881836,11.67000007629395,,173.5416666666667,2224.299896240234,1.003062698366255,1.003055550580333,301,342,48.31433471020938,116.4639166666667,0,2.409999847412109,0,0,5.446270291039308,5.306368164373917,4.081062297749155,4.73911815849783,5.156417724252997,3.334582596336016,2.788605629125102,3.862076155251839,3.991942625786665,3.610025597188502,3.795003936565747,4.891746682305779,3.867715781694185,3.390810306763463,4.757581496846957,373.8920096853723,5.923967011563153,101.5451354368966,4.620503383746521,256.0167345033444,5.545242811496782,359.1929138786119,5.883859608724022,25.16634779532012,3.225507697121968,59.09167991270024,197.090211073244,5.283661548152351,1.584194135787469,-.4712658484883767,0
1984m2,234.7916666666667,7.800000190734863,200.2916666666667,58.45833333333334,114.4416707356771,27.39166768391927,14.875,326.2000122070313,11.60000038146973,54.2865544011043,58.61961324480684,45.06565913472452,111.4768526004358,47.41799926757813,48.29600143432617,48.84299850463867,97.40000152587891,9.590000152587891,30.14500045776367,9.460000038146973,11.84000015258789,,172.9000040690104,2225,.9885592960911156,.9885510483009432,302,341,48.69297734686209,115.08375,0,2.380000114440918,0,0,5.458698596125931,5.299774637546015,4.068314249754516,4.740065267303558,5.152713416223139,3.310238868019475,2.699681951431693,3.86878139580817,3.997282863390713,3.619100582412201,3.80281045241591,4.89131856645586,3.877348771192778,3.406019087126762,4.745660124179546,368.952623492701,5.910668244178921,99.72487039312257,4.602415098147834,253.9442957963887,5.537114935078812,355.082012827775,5.872348784844002,24.57161917021345,3.201592084655347,59.55478531652266,193.2401391229121,5.263933659634778,1.589917200317761,-.4627623086814077,0
1984m3,237.0749918619792,7.800000190734863,202.6333414713542,58.95000203450521,116.2916666666667,27.39999898274739,16.36666615804036,324.8999938964844,11.39999961853027,54.46454852064255,58.6583692576973,45.29881664521763,111.5815225581838,47.59799957275391,48.36000061035156,48.89899826049805,101,9.909999847412109,30.76099967956543,9.890000343322754,12.31999969482422,,175.2416687011719,2235.200103759766,1.009859492412838,1.009856281846967,303,340,48.87068711695515,116.8896666666667,0,2.429999351501465,0,0,5.468376512443013,5.31139814624788,4.076689661495767,4.756101403188376,5.166165985276369,3.310542976268017,2.795246715055401,3.872054820604694,3.997943789055945,3.624260973725022,3.806453406329203,4.892257064867823,3.878673038367592,3.426247643445028,4.761230469931694,372.0463071396879,5.919018328084261,100.4971716406344,4.610129584223853,256.7212021838633,5.547990679650809,358.582371231637,5.882158399983938,24.55603612010201,3.200957694491926,59.77213631420658,195.5587902232707,5.275861051473631,1.596321691838318,-.4458071771596659,0
1984m4,239.5833333333333,7.699999809265137,204.7916666666667,59.71666463216146,117.0750020345052,28,16.36666615804036,327.7999877929688,11.39999961853027,54.67201587498055,58.65406120879171,45.54526017979958,112.1651674556416,47.82199859619141,48.50699996948242,48.80500030517578,96.09999847412109,10.28999996185303,30.61800003051758,10.06999969482422,12.63000011444092,,176.7916666666667,2261.100006103516,1.00524054452167,1.005255006039089,304,339,49.04556417652003,117.8583333333333,0,2.560000419616699,0,0,5.47890130344345,5.321993202233322,4.08961112101355,4.762814772447399,5.174972014854379,3.332204510175204,2.795246715055401,3.875856802193535,3.997870343319796,3.62968662496736,3.810025382241127,4.89747409150803,3.88170811679665,3.421588072306609,4.769483338238454,374.5822490521793,5.925811402480861,101.8116450957883,4.623124489477785,257.0519996423926,5.549278397667493,360.464130926041,5.887392453650024,24.96318655350224,3.217402201758905,59.98602271644857,196.4763256441334,5.280541943868468,1.603044501249915,-.4542687298869259,0
1984m5,240.2249959309896,7.400000095367432,206.2083333333333,59.9750010172526,117.7583312988281,28.47500101725261,16.33333333333333,317.6000061035156,11,54.74117310134632,58.51626113922226,45.69747571072394,112.1978257090601,47.93299865722656,48.46699905395508,48.58599853515625,98.09999847412109,10.31999969482422,30.52000045776367,10.22000026702881,13.40999984741211,,177.7333323160807,2278.5,1.003901258412303,1.00390660393745,305,338,49.11505935635881,118.4575833333333,0,3.189999580383301,0,0,5.481575967225001,5.32888698460394,4.093927825687035,4.768634484523747,5.180284293912967,3.349026545057656,2.793208009442517,3.87712095025873,3.995518209599585,3.633023124484761,3.811441330692727,4.897765211297337,3.880883134467389,3.418382221415066,4.774554949942877,376.6969570629494,5.931441036786286,102.4928794998705,4.629793327871482,257.6911075882327,5.55176161022644,361.8713580829054,5.891288784257012,25.37928060307609,3.233933116852051,60.07101999411245,197.1958913714855,5.284197607121292,1.604455016966271,-.4587387288436644,0
1984m6,242.2416585286458,7.199999809265137,207.9666748046875,60.90833536783854,118.2166646321615,28.84166717529297,16.20833333333333,319.6000061035156,11,54.8386704755687,58.52379714469582,45.82794879917477,112.2991352909673,48.04600143432617,48.10300064086914,48.78900146484375,95.5,11.0600004196167,29.96699905395508,10.26000022888184,13.5600004196167,,179.125,2301.10009765625,1.005883548451862,1.005892307307919,306,337,49.2098903227065,119.5775833333333,0,3.300000190734863,0,0,5.489935816859752,5.337377849580001,4.109370035101085,4.772519081770016,5.188083886148336,3.36182111848842,2.785525513270501,3.878900427154613,3.995646986115839,3.635874204991198,3.813370261163801,4.898667758827006,3.873344558552006,3.400096744648565,4.783965393625973,379.233619271166,5.938152424866463,104.0744762634713,4.645106760769278,257.9575733363179,5.552795126966273,364.0020305376456,5.897159446021306,25.68289337274427,3.245825142753145,60.18700464220584,198.6767476537288,5.291679120333313,1.611035389705139,-.4788036825060487,0
1984m7,243.4083251953125,7.5,207.8833414713542,60.01666768391927,119.4083353678385,28.45833333333333,15.90833282470703,333.3999938964844,11.39999961853027,55.03480263571592,58.58623715952965,46.09371997337819,112.2556037301705,48.25299835205078,48.00400161743164,48.9010009765625,96.59999847412109,11.22999954223633,28.75200080871582,10.52999973297119,13.35999965667725,,179.4250030517578,2303.700103759766,.9974951686833827,.9974740743153006,307,336,49.41660976429081,118.8215833333333,0,2.829999923706055,0,0,5.494740383729019,5.336977064050665,4.094622318376277,4.782549008972775,5.189757310324678,3.348441029222844,2.766843048971383,3.882470576762482,3.99671333403592,3.641656778748328,3.817562232776275,4.898280044352291,3.871284374462879,3.358707358168492,4.777623068317126,377.7306931531434,5.93418148972926,102.4415811524037,4.629292696124388,259.0555404007397,5.557042480411901,363.0864276355377,5.894640898585175,25.35136989841399,3.232832767962284,60.43983641867756,196.5948129148381,5.281144823411993,1.612269806966538,-.5237632185939898,0
1984m8,245.8166707356771,7.5,209.3499959309896,60.15833536783854,120.8833312988281,28.30833435058594,15.99166615804037,343.8999938964844,11.69999980926514,55.20372773494968,58.72834527800468,46.26768255517847,112.4172084207952,48.4119987487793,47.87300109863281,49.15900039672852,99.09999847412109,11.64000034332275,29.25,10.89999961853027,12.72000026702881,,181.0416666666667,2320.299957275391,1.005668365032013,1.005665788666547,308,335,49.58088693305869,119.4760833333333,0,1.820000648498535,0,0,5.50458601719043,5.344007473028752,4.096980009176289,4.794825876310991,5.198727207351546,3.343156261313278,2.772067721419944,3.885535298886138,3.999136019861159,3.645423780607392,3.82088105042389,4.899718622673787,3.868551694120175,3.375879573677866,4.783116211870975,379.2316289511176,5.93814717658369,102.4349231756227,4.629227701099163,261.2694749832426,5.565552345891053,365.1440663235792,5.900291977964428,25.18149556304886,3.226109421731222,60.64075844175873,197.0227391665655,5.283319149318226,1.619050718304293,-.5096557252082721,0
1984m9,247.9083251953125,7.300000190734863,211.1500040690104,60.9750010172526,121.4333292643229,28.75,16.20833333333333,346.7999877929688,11.69999980926514,55.27855039603119,58.77786935975166,46.33291909940389,112.6566895021028,48.48600006103516,48.14300155639648,49.03200149536133,100.9000015258789,11.30000019073486,29.31100082397461,10.80000019073486,12.52000045776367,,182.4083302815755,2339.300048828125,1.006319499818591,1.006320703644907,309,334,49.64142871172611,120.5255833333333,0,1.720000267028809,0,0,5.513059021354673,5.352568800650662,4.110463960785093,4.799365381838224,5.206247747000744,3.358637767243359,2.785525513270501,3.886889772631364,3.999978938422222,3.646832768321345,3.82210137643195,4.901846645282285,3.87417578098031,3.377962900300687,4.791862040216363,381.9745679947683,5.945354030460374,103.7380253510949,4.641868734146903,262.0886653046759,5.568682863704334,367.451813969423,5.906592191605566,25.52001139662759,3.239462905052806,60.7148051077807,198.5110272846578,5.290844651655554,1.626169248723309,-.5089268723306768,0
1984m10,247.5666707356771,7.400000095367432,210.9416707356771,60.7250010172526,121.625,28.58333333333333,16.02500025431315,344.8999938964844,11.60000038146973,55.40892891540139,58.94043352360207,46.46942919498492,112.5486719456084,48.59500122070313,48.3849983215332,49.09700012207031,96.30000305175781,9.989999771118164,28.76499938964844,10.11999988555908,12.15999984741211,,182.3500010172526,2339.000045776367,.9968035181410466,.9968032984753887,310,333,49.78469606752147,120.2958333333333,0,2.039999961853027,0,0,5.51167992244316,5.351581653247921,4.106355491640029,4.800942540506169,5.205927922833261,3.35282379737794,2.774150018676509,3.889245568977598,4.002740858416105,3.64977472391943,3.82498326396945,4.900887364703143,3.879189813643088,3.359159349096708,4.789953986747666,380.6997804591094,5.942011086711399,103.0277474849857,4.634998345007955,261.7312114802693,5.567318066774193,366.2772205537557,5.903390479900583,25.39641991257511,3.234608215766528,60.89003071693744,197.5624448155703,5.286054710649358,1.622434353465562,-.5300862198808902,0
1984m11,249,7.199999809265137,214.2833251953125,61.39166768391927,123.0250040690104,29.86666615804036,16.625,320.6000061035156,10.69999980926514,55.48715516207166,58.87906949429092,46.58540424951845,112.7638765474579,48.69800186157227,48.27999877929688,49.0359992980957,95.69999694824219,9.430000305175781,28.09799957275391,8.920000076293945,11.56999969482422,,184.4166717529297,2371.89990234375,1.010002445792519,1.010004830404866,311,332,49.85024898138645,122.0445833333333,0,2.649999618530273,0,0,5.517452896464707,5.367299088884295,4.117274120470649,4.812387619826705,5.217197717843328,3.396743014282877,2.810907586541918,3.890656371898114,4.00169919666592,3.652267342739713,3.826299126055619,4.902797641505138,3.877017370945504,3.33569838422389,4.804386415135831,386.1854596246921,5.956317719427257,104.2673877342304,4.64695863558876,264.0848696086653,5.576270527274445,369.9413253117129,5.913344412824481,26.48602289357325,3.276617155869469,60.97020633824503,200.1708550177202,5.299171276951354,1.626796524566593,-.5549579876742241,0
1984m12,251.2416585286458,7.300000190734863,215.2166748046875,61.07500203450521,124.1416625976563,30.00833384195964,15.9250005086263,333.7999877929688,11.10000038146973,55.64360765541218,58.91244147275313,46.81252014447895,112.6366039096248,48.89099884033203,47.93000030517578,49.10599899291992,92.90000152587891,8.380000114440918,25.42900085449219,8.340000152587891,11.5,,185.2166646321615,2391.500091552734,1.000893904132307,1.000884461621341,312,331,50.02201884375977,121.7951666666667,0,3.159999847412109,0,0,5.52641525893617,5.371645310437704,4.112102650455391,4.821423353820394,5.221526299979085,3.401475137816331,2.767890233397084,3.893472020648025,4.002265824584708,3.657130755799356,3.829738920414584,4.90166833910879,3.869741619538654,3.235890288630388,4.802340671948741,386.7769971664561,5.957848292230754,103.6708045154643,4.641220537654714,265.189018268006,5.580442848208492,370.2702707994905,5.914233200601273,26.64172462624774,3.282478581799273,61.18029242939984,199.0758164603651,5.293685739405299,1.632943238288145,-.6575817320176367,0
1985m1,252.4250081380208,7.300000190734863,218.2333374023438,61.41666666666666,126.3499959309896,30.45833333333333,16.89166641235352,308,10.19999980926514,55.92136532305909,59.0696216021753,47.14594727416225,112.742947666746,49.16500091552734,48.01699829101563,49.24200057983398,96,8.350000381469727,25.64100074768066,8.020000457763672,11.38000011444092,,187.7666625976563,2416.100051879883,1.008068318770294,1.00806080754508,313,330,50.30501644279789,123.11475,0,3.359999656677246,0,0,5.531114207129746,5.385564845424165,4.117681242401336,4.839055801629925,5.23520003556199,3.416359629401833,2.826820388614415,3.898451329728892,4.004930301172361,3.664228115696189,3.83538043765474,4.90261202511996,3.871555079281111,3.244192662011565,4.81311684729592,390.2503741487791,5.966788518136348,103.9733538167865,4.644134653013007,267.9975761145309,5.590977936121191,373.2563387811765,5.922265418944021,27.01573265883054,3.296419387373605,61.52641752123288,200.1006315011156,5.298820397512322,1.632662877400854,-.6542586677173268,0
1985m2,251.2666625976563,7.199999809265137,220.0666707356771,62.14166768391927,127.5166625976563,30.40833282470703,16.89166641235352,269.6000061035156,8.899999618530273,56.18098495009703,59.32476980275379,47.36097993805754,113.3801669212396,49.41999816894531,48.05500030517578,49.40700149536133,93.69999694824219,8.5,27.27099990844727,8.560000419616699,11.51000022888184,,189.6583302815755,2438.100051879883,1.005567621357483,1.005567769642287,314,329,50.53047934176607,124.2266666666667,0,2.949999809265137,0,0,5.526514775970933,5.393930549240881,4.129416741131644,4.848247043100114,5.245224191671049,3.414716676927858,2.826820388614415,3.903083170016997,4.009240447836389,3.668778745820713,3.839852340588249,4.908248078226969,3.8723461946258,3.305823863161711,4.822107853914114,391.7102395608623,5.970522381664961,104.748266011872,4.651560005079288,269.2441388764183,5.595618547466856,375.3345164189112,5.927817672119572,26.81979895639985,3.28914038179262,61.80217380635879,201.0069533409925,5.303339501197008,1.623431605953937,-.5972593068552858,0
1985m3,251.1166585286458,7.199999809265137,220.7083333333333,62.03333536783854,127.5333353678385,31.13333384195964,16.19166692097982,258.6000061035156,8.600000381469727,56.40092491032828,59.57130601233606,47.56756079197054,113.5468057870783,49.59299850463867,48.56900024414063,49.52099990844727,93.69999694824219,8.579999923706055,28.23800086975098,8.829999923706055,11.85999965667725,,189.5666707356771,2454.199996948242,.995242843654736,.9952427685108973,315,328,50.7474741559485,123.7638333333333,0,3.029999732971191,0,0,5.525917606171856,5.396842071196581,4.127671907777062,4.848377784290776,5.244740787109444,3.43827907290372,2.784496722301816,3.906990373941829,4.013387541190435,3.673131097145797,3.844137481405856,4.909716734806683,3.882985472331528,3.340668619388062,4.818375179713161,391.3204148411344,5.969526699695828,104.1329114976809,4.645668078370658,268.1098909519159,5.591396937332433,373.5489773404939,5.923049126740359,27.41894289861445,3.311234121188768,62.06757305441414,199.4017604407225,5.295321686178447,1.618927232230027,-.5663217545537673,0
1985m4,255.6999918619792,7.300000190734863,221.625,62.83333333333334,128.3166707356771,30.47500101725261,16.30833307902018,301.7000122070313,9.800000190734863,56.48255041782797,59.66173807801881,47.63279733619595,113.7260045367629,49.65200042724609,49.09099960327148,49.38600158691406,94.59999847412109,8.270000457763672,28.80500030517578,8.220000267028809,11.43000030517578,,191.1500040690104,2463.800003051758,1.006923133241072,1.006922920640596,316,327,50.81951162028988,124.9124166666667,0,3.210000038146973,0,0,5.5440048504707,5.400986764394372,4.140485718219955,4.854501198766641,5.253058481429424,3.41690670874724,2.791676209019969,3.90843656474148,4.014904437512471,3.674501607839648,3.845556002904162,4.911293683554445,3.893675710528595,3.360548993778888,4.827612825054025,392.377819982518,5.972225202093967,105.3159618835896,4.656964992491516,269.3872245839524,5.596149841114447,376.1350669743411,5.929948299562033,26.79686246024874,3.288284808284527,62.15567971696295,200.9670190004804,5.303140810021005,1.63556828572922,-.5478875709625921,0
1985m5,262.5999959309896,7.199999809265137,224.6999918619792,62.82500203450521,129.8499959309896,32.0249989827474,16.52500025431315,347,11,56.61632819802762,59.61544605965477,47.88044827220395,113.3927395821801,49.82300186157227,48.99700164794922,49.25699996948242,91.80000305175781,7.96999979019165,27.62299919128418,7.730000019073486,10.85000038146973,,192.6749979654948,2498.099899291992,1.004727613305879,1.004719633882073,317,326,50.98411967154705,125.5576666666667,0,3.12000036239624,0,0,5.570631946373607,5.414766142974011,4.140353115813344,4.86637990677252,5.261004821104798,3.46651681601847,2.804874401127351,3.910802244122687,4.014128228365299,3.679687307255583,3.848789840295229,4.908358961499113,3.89175910538021,3.318648729750096,4.832765148388103,396.8819579327774,5.9836389012924,105.383765763723,4.657608599232076,271.1962828601407,5.602842849704391,377.9117874482431,5.93466080184634,28.24254806855395,3.340829637611088,62.35700643157642,201.3529414764956,5.305059295964014,1.659829702250919,-.5921535143725918,0
1985m6,257.8083292643229,7.400000095367432,224.1166585286458,62.53333536783854,130.7750040690104,30.80833435058594,16.51666641235352,295.6000061035156,9.600000381469727,56.77051451748184,59.78231416559582,48.04595443561956,113.3408134703285,49.98799896240234,48.99399948120117,49.27399826049805,96.5,7.53000020980835,27.14299964904785,7.179999828338623,10.15999984741211,,193.308339436849,2491.199905395508,1.00004471302608,1.000043117815303,318,325,51.14946318500992,125.6054166666667,0,2.980000019073486,0,0,5.552216398999155,5.41216671329023,4.135699780438745,4.873478320371263,5.264286527740215,3.427785249173334,2.804369956710522,3.913521896787817,4.016923393270747,3.683138001182825,3.852027632474527,4.907900925076534,3.891697831044519,3.301119173319469,4.833145379431149,394.7765145930316,5.978319818943489,104.6017308641189,4.65016009895203,272.1873373214925,5.606490569375892,377.9283836032531,5.93470471630246,27.18203038012538,3.302556107188531,62.55923266591851,200.7783844431566,5.302201734827763,1.638694502211338,-.6124027234683478,0
1985m7,259.0166625976563,7.400000095367432,226.3083292643229,62.93333435058594,132.0083312988281,31.35833231608073,16.56666692097982,282.7000122070313,9.100000381469727,56.90996205715654,59.81245818749007,48.25011587827808,113.2277745157146,50.13399887084961,48.98899841308594,49.30300140380859,94,7.880000114440918,27.32900047302246,7.320000171661377,10.3100004196167,,194.9416656494141,2516.899948120117,1.005395138411014,1.005395734638109,319,324,51.30482999418534,126.4401666666667,0,2.990000247955322,0,0,5.556892393984057,5.421898358256116,4.142075981207262,4.882865036494859,5.27270036329348,3.445480015371765,2.807392659785368,3.915975222351164,4.017427495949142,3.687378293603818,3.855060534726827,4.906903090690066,3.891595750719829,3.307948426750968,4.839769205494814,397.660306005887,5.985598138346027,105.2177694374524,4.656032197042152,273.5917394102208,5.611636993078496,379.9674722077978,5.940085649603425,27.69491182724659,3.321248707773431,62.74925672010283,201.5006603674388,5.305792658639128,1.640917171632894,-.6080267956001952,0
1985m8,259.7166748046875,7.099999904632568,229.3416748046875,63.43333435058594,133.3833312988281,32.5249989827474,16.58333333333333,253.3999938964844,8.100000381469727,57.09815395918309,59.77155020355428,48.52797028354671,113.350869043662,50.38000106811523,48.54700088500977,49.29299926757813,92.40000152587891,7.900000095367432,27.7549991607666,7.369999885559082,10.32999992370605,,196.8166656494141,2553.10009765625,1.005917728767324,1.005923347461754,320,323,51.49342450477828,127.543,0,2.960000038146973,0,0,5.55959132455774,5.435212921298622,4.149989501670556,4.893227172891876,5.282272664210653,3.482008993122547,2.808398174936492,3.919276602630557,4.016743324443572,3.693120402788549,3.858729755047779,4.907989640932612,3.882532419091045,3.323415973904927,4.84845356264279,401.6621535061074,5.99561132110914,106.1262994427304,4.664629889011016,274.8586650533196,5.616257020290782,382.2170841077984,5.945988730199645,28.69408876805258,3.356691135281666,62.97992048728693,202.513752023148,5.310807795466153,1.640314721927183,-.5958606287256298,0
1985m9,261.3000081380208,7.099999904632568,232.8916625976563,63.75,133.9083353678385,35.2250010172526,16.59999974568685,228.8999938964844,7.300000190734863,57.19452257122165,59.83614629624838,48.65119435503888,113.3031338187905,50.48400115966797,48.54700088500977,49.29299926757813,92.09999847412109,7.920000076293945,28.28899955749512,7.329999923706055,10.36999988555908,,197.6583353678385,2595.499954223633,1.002202695582126,1.002203494782765,321,322,51.59995214578174,128.4900833333333,0,3.039999961853027,0,0,5.565669203670924,5.45057337804281,4.154969184038536,4.897155501452975,5.28653996121794,3.561756086663455,2.809402680042428,3.92096295100915,4.017823457258846,3.695656422479443,3.860796380128437,4.907568424232494,3.882532419091045,3.34247302086685,4.855851728854081,407.1922487116615,6.009285429474735,106.5409521602112,4.668529438563722,275.2416197444687,5.617649329160986,383.0591447244142,5.948189402126276,31.08916746609068,3.436859445522692,63.11021095494602,203.5963458037901,5.316139336596786,1.644706252661774,-.5784899301422999,0
1985m10,263.0666707356771,7.099999904632568,229.6500040690104,63.83333333333334,134.2166646321615,31.60000101725261,16.34166717529297,288,9.100000381469727,57.28975377155774,60.00193841666677,48.70072546392096,113.5451319877051,50.56499862670898,48.57500076293945,49.43399810791016,88.40000152587891,7.989999771118164,29.53800010681152,7.400000095367432,10.23999977111816,,198.0499979654948,2559.700042724609,1.000397511491603,1.00039856018657,322,321,51.68162699154608,128.7644166666667,0,2.839999675750732,0,0,5.572407500947952,5.436556428490115,4.156275519952591,4.899455394415079,5.288519513795241,3.453157152784404,2.793718114538806,3.922626606933666,4.020590394440629,3.696673990766707,3.862377976062038,4.909701993645992,3.883109010969926,3.38567757362019,4.857984507385245,400.8570275668093,5.993604823997524,106.3854519000045,4.667068837295994,275.5947952594534,5.618931653835827,383.2116159924516,5.948587358769974,27.83034416717602,3.326126942230143,63.21010478297396,203.7085954987218,5.316690519194348,1.649780894014286,-.5369490333134759,0
1985m11,264.2750040690104,7,230.9250081380208,64.60000101725261,134.5916646321615,31.73333231608073,16.4250005086263,286.2000122070313,9,57.45640837214589,60.27969463366595,48.82636433826521,113.6397591492142,50.68899917602539,48.81399917602539,49.68500137329102,90.90000152587891,8.050000190734863,30.8129997253418,7.480000019073486,9.779999732971191,,199.1916656494141,2574.000091552734,1.002516064672704,1.002512881786724,323,320,51.84917457937765,129.6155833333333,0,2.299999713897705,0,0,5.576990243051607,5.442093017719642,4.1682144265355,4.902245488340337,5.294267505165851,3.45736762107293,2.798804595337268,3.92553136147456,4.025208833742896,3.699250484007746,3.865614650202664,4.910535034668287,3.888017140081417,3.427936669938065,4.864573018459259,401.9134064947406,5.996236658686159,107.1671006461499,4.674389304576636,275.6536687837763,5.619145254520045,384.1751913416959,5.951098675999959,27.92449803982198,3.329504369496374,63.41502674846665,204.3925390861203,5.320042356127737,1.651458881577047,-.497594691536495,0
1985m12,266.7833251953125,7,234.2750040690104,64.90833536783855,136.7666625976563,32.6000010172526,17.6999994913737,275.3999938964844,8.600000381469727,57.64913694670435,60.55422289409715,49.00878333845019,113.5761164417504,50.82699966430664,49.08599853515625,50.02000045776367,93.90000152587891,8.270000457763672,27.22800064086914,7.329999923706055,9.260000228881836,,201.6749979654948,2598.900054931641,1.008431894161197,1.008434065589226,324,319,52.05658863083049,131.3045833333333,0,1.930000305175781,0,0,5.586436812820364,5.456495656378409,4.172976049482186,4.918276281028553,5.306657480734999,3.484312319576729,2.873564610843834,3.928880092487117,4.02975273562736,3.70297959805141,3.869607004823631,4.909974838696394,3.893573831917222,3.304245879122841,4.877519688036391,406.3807655708596,6.007290566332367,107.1904357213142,4.674607025638857,279.0656149391796,5.631446933164597,387.4149329986116,5.95949629694814,28.70321863309361,3.357009263972066,63.66870807951182,206.2309528400598,5.328996671083902,1.657556720333247,-.6246342133642764,0
1986m1,268.5333251953125,6.699999809265137,235.5916748046875,65.36666870117188,136.7750040690104,33.4499994913737,16.54166666666667,279.5,8.699999809265137,57.91442633321734,60.68987099262129,49.33254203992038,113.6933462833445,51.10100173950195,49.14699935913086,50.08000183105469,95.59999847412109,8.140000343322754,22.94499969482422,7.300000190734863,9.189999580383301,,202.1416727701823,2628.60009765625,.997127984429468,.9971387087663631,325,318,52.32705080146351,131.1375833333333,0,1.889999389648438,0,0,5.592975022430802,5.462100115010004,4.180012475658696,4.918337269699554,5.308968801917422,3.510051771368668,2.805882450339245,3.933471329465216,4.03199033996376,3.709564009435387,3.874789096142817,4.911006476212368,3.894815794050583,3.133100034546479,4.876247026522721,406.7927280314987,6.008303787985863,107.7060597296692,4.679405847478969,277.251076902404,5.624923510451621,386.3043486573271,5.956625526811377,29.42124634805824,3.381717078248032,63.99950149954753,204.9040699703895,5.322541918251046,1.659503692965586,-.8003712949187372,0
1986m2,269.9499918619792,7.199999809265137,235.0166625976563,64.72500101725261,137.8499959309896,32.4499994913737,16.3249994913737,302.7000122070313,9.300000190734863,57.91442633321734,60.14297054961916,49.56086994470931,113.5375935019786,51.23300170898438,47.85599899291992,49.97100067138672,95.90000152587891,7.860000133514404,15.44200038909912,7.289999961853027,8.699999809265137,,202.5749969482422,2624.299957275391,1.001925594044664,1.001913573412688,326,317,52.33875388801751,131.1215,0,1.409999847412109,0,0,5.598236726517895,5.459656416301419,4.170147541354134,4.926166107952138,5.31111017328196,3.479700427475945,2.792697644006212,3.933471329465216,4.022938096044352,3.714181674170034,3.875012723843144,4.90963559946552,3.868196480843625,2.73709109508408,4.876124374272519,405.7998627931851,6.005860089277278,107.6185636089478,4.678593157093814,278.1428092056832,5.628134683969559,387.0458921923625,5.958543270475587,28.58084136758472,3.352736611102157,64.01381516129591,204.8331280827624,5.322195638300516,1.664765397052678,-1.196380234381136,0
1986m3,272.1166585286458,7.199999809265137,235.3000081380208,64.72500101725261,138.5666707356771,32.00833384195963,15.5,324.7000122070313,9.899999618530273,57.78745139943589,59.0943815896413,49.77711001003065,113.6071008957957,51.38899993896484,44.62900161743164,49.99100112915039,95.09999847412109,7.480000019073486,12.61800003051758,6.760000228881836,7.78000020980835,,203.2916717529297,2637.60009765625,1.006155443915776,1.006235806554743,327,316,52.20050449724073,131.4000833333333,0,1.019999980926514,0,0,5.606230865997697,5.46086133031904,4.170147541354134,4.931351586955484,5.314641754487426,3.465996301454292,2.740840023925201,3.931276464744883,4.005349379523797,3.718535304211084,3.872367794588669,4.91024760932268,3.798383908178809,2.535124368367192,4.878246740246149,407.1818404165126,6.009259868015232,109.528180642808,4.696181873614369,278.3742782731949,5.628966532931853,389.4438831787066,5.964719780935529,28.17458907900375,3.338420475223344,63.84472686075514,205.8119594119588,5.326962933528621,1.674954401252814,-1.396152096377691,0
1986m4,272.5749918619792,7.099999904632568,236.2666625976563,63.45000203450521,139.1500040690104,33.66666666666666,14.49166615804037,318,9.699999809265137,57.66954548595893,58.39353308059994,49.86771580941011,113.7159489634295,51.48199844360352,42.09000015258789,50.07199859619141,96.19999694824219,6.989999771118164,12.84700012207031,6.239999771118164,7.300000190734863,,202.6000061035156,2661.299957275391,.999130754945289,.999100044617826,328,315,52.06896129948853,130.52975,0,1.060000419616699,0,0,5.607913775736366,5.464961093400651,4.150252226225096,4.935552517213799,5.311233621940524,3.51650822817315,2.673573736474389,3.929234042758437,3.993418674577324,3.720353879809073,3.869844653867973,4.911205260348565,3.739810186407756,2.553110330551326,4.871601170130344,409.6905231465388,6.015402053083291,108.6592961363134,4.688217263431804,279.0382551324972,5.63134888759218,389.0993809886232,5.963834789109322,29.60593212610283,3.387974750916317,63.68384068519484,204.9652605678122,5.322840504133512,1.678679732977929,-1.376123712207111,0
1986m5,273.3000081380208,7.199999809265137,238.125,64.0499979654948,139.5583292643229,34.51666768391927,14.65833282470703,304.2000122070313,9.300000190734863,57.77497879354265,58.51948909579022,49.93053755078344,114.1203951112026,51.56999969482422,42.18000030517578,50.20100021362305,94.80000305175781,6.849999904632568,15.44400024414063,6.329999923706055,7.710000038146973,,203.6083272298177,2681.600006103516,1.003430851537823,1.00342977031323,329,314,52.14921558608216,131.6150833333333,0,1.380000114440918,0,0,5.6105701227109,5.472795745880966,4.159663996578415,4.93848264479609,5.316198183789976,3.541442328644829,2.68500896725673,3.931060605560876,3.995573371489217,3.721612854742119,3.871384774888227,4.914755585686221,3.741946182285711,2.737220594210111,4.879881627318354,412.1593897090527,6.021410142761165,109.4507128397032,4.695474336873229,279.5049605111514,5.633020040241425,390.4341128462873,5.967259229938521,30.24583611920124,3.409358526050339,63.78199707384135,206.3514618097653,5.329580840301269,1.679509517150025,-1.193840011350765,0
1986m6,274.0583292643229,7.199999809265137,238.4749959309896,64.35833231608073,140.4749959309896,33.64166768391927,15.11666615804037,308.8999938964844,9.399999618530273,57.99038640600131,58.72080927253111,50.11899355809864,114.5717331956133,51.72499847412109,42.99900054931641,50.20399856567383,99.30000305175781,6.920000076293945,13.4689998626709,6.400000095367432,7.800000190734863,,204.8333282470703,2680.299957275391,1.002338625350719,1.002338523818048,330,313,52.34056684944519,132.493,0,1.400000095367432,0,0,5.613340964258952,5.474264465968643,4.164466409981143,4.945029508032179,5.322196615506752,3.515765408308772,2.715797854246312,3.934782061640419,3.999007691896385,3.725380113381131,3.87504736223046,4.918702714725886,3.761176872384286,2.600390738420739,4.886529813842034,411.2319484498387,6.0191574067693,109.6005540682948,4.696842429868791,280.2829545412739,5.635799644838502,391.3471721394656,5.969595074313064,29.36297352374114,3.379734476674617,64.01603253502198,206.968465169277,5.332566439482715,1.678558902618533,-1.33439132321968,0
1986m7,275.4916585286458,7,240.0999959309896,64.2999979654948,141.1416625976563,34.65833282470703,14.80833307902018,306.1000061035156,9.300000190734863,58.00512518578085,58.62176521585214,50.14798962593321,114.8547586148122,51.81900024414063,41.50500106811523,50.63899993896484,97.69999694824219,6.559999942779541,11.57499980926514,6,7.300000190734863,,205.441660563151,2703.499954223633,1.00310349292108,1.003101841314264,331,312,52.33363868061618,132.9201666666667,0,1.300000190734863,0,0,5.618557350561621,5.481055486280058,4.163559599602745,4.949764085279811,5.325162103428193,3.545538182285425,2.695190068198954,3.935036188367507,3.997319573485286,3.725958490584116,3.874914986373313,4.921169958683087,3.725813927641615,2.448847583494124,4.889748697372657,413.9289332830313,6.025694300353628,109.6862193226948,4.697623737901492,281.4502907304328,5.639955844883149,392.5613921419235,5.972692938091652,30.17579179365176,3.40704000669407,64.00755891870746,207.6632337056962,5.335917698870486,1.683521162194114,-1.486188604873383,0
1986m8,276.1583251953125,6.900000095367432,241.5500081380208,64.04166666666667,141.3083292643229,36.1999994913737,13.99166615804037,296.6000061035156,8.899999618530273,58.07768167297606,58.64329724675017,50.21805577586279,115.1235503507919,51.92499923706055,40.54100036621094,51.08399963378906,94.90000152587891,6.170000076293945,15.09200000762939,5.690000057220459,7.170000076293945,,205.3499959309896,2730.700103759766,.9984805994459461,.9984796775962919,332,311,52.38991369823057,132.6718333333333,0,1.480000019073486,0,0,5.620974343259467,5.487076524691249,4.15953391319065,4.950944235329819,5.324715820587566,3.589059104781275,2.638461877943406,3.936286270073959,3.997686810421639,3.727354703038864,3.87598972117275,4.923507499641455,3.702313816748289,2.71416480260759,4.88787866058162,415.9084887343493,6.030465257058365,109.2054329707998,4.693230814553043,281.3894864727966,5.63973978247841,391.9647532038693,5.971171920451589,31.44447802475602,3.448223388231551,64.07638704907285,207.0526124260513,5.332972927280011,1.684688073185508,-1.222121467466369,0
1986m9,277.2083333333333,7,247.6500040690104,64.4249979654948,142.6583353678385,40.56666564941406,14.39166641235352,235.6999969482422,7.099999904632568,58.26814407364823,58.82308539259304,50.4101385958585,115.2893587054912,52.09600067138672,40.94800186157227,51.05899810791016,91.90000152587891,5.889999866485596,14.91300010681152,5.349999904632568,7.449999809265137,,207.0833333333333,2799.100051879883,1.004835331269067,1.004834877379356,333,310,52.57791168099918,133.9286666666667,0,2.099999904632568,0,0,5.624769329393942,5.512016475464735,4.165501724958991,4.960452508254115,5.333121288742729,3.702946686249301,2.666649317693771,3.939560346639914,4.000747912367454,3.73117238166244,3.879571736578016,4.924946727886082,3.712303014519384,2.702233322942955,4.89730731990011,425.0178343693121,6.052131131265896,109.5233232590808,4.696137524375569,282.9953246340783,5.64543037677913,393.8599436770136,5.975995373201485,35.1868256575547,3.56067174145495,64.30632122261841,208.2667210942243,5.338819571193237,1.685208982754028,-1.237327023696959,0
1986m10,277.4166666666667,7,244.4083251953125,64.85833231608073,143.3083292643229,36.24166615804037,14.1750005086263,275.6000061035156,8.300000190734863,58.3724442942888,58.71758131596315,50.59134558621506,115.4183051426975,52.27299880981445,40.12099838256836,51.14199829101563,95.59999847412109,5.849999904632568,14.85200023651123,5.320000171661377,7.429999828338623,,208.1666615804037,2762.799896240234,1.003306682858455,1.003315415903446,334,309,52.67854460120248,135.0976666666667,0,2.109999656677246,0,0,5.625520587787025,5.498840290527889,4.172205388493119,4.964998457808756,5.338339016463913,3.590209455781296,2.651479885495741,3.941348750657749,3.998952719130621,3.734760590018932,3.881483884381958,4.92606456201853,3.691899847693591,2.698134552239371,4.905997973659837,418.7049696995909,6.037166542311216,110.4581129918717,4.704636381146529,283.2664907481153,5.646388117977278,395.1640333959642,5.979300953118726,31.40027581693646,3.446816676854497,64.42940205038934,209.6832538675567,5.34559807714902,1.684171837129276,-1.243214198418378,0
1986m11,277.9416707356771,6.900000095367432,244.0333251953125,64.60000101725261,144.4333292643229,35,14.39166641235352,286.3999938964844,8.600000381469727,58.4767488396887,58.76494931984983,50.69040780397921,115.7473919873946,52.38399887084961,39.89500045776367,51.30400085449219,91.40000152587891,6.039999961853027,15.20699977874756,5.5,7.25,,209.0333302815755,2755.699905395508,1.002559893864363,1.002557263845525,335,308,52.76286536989691,135.0885833333333,0,1.75,0,0,5.627411274178302,5.497304794636498,4.1682144265355,4.972818011905514,5.342493714281482,3.555348061489414,2.666649317693771,3.943134035952514,3.999759102959725,3.736716761709046,3.883083270935916,4.928911758389751,3.686251014234456,2.72175583360894,4.905930736090666,417.3168482131566,6.03384576112506,109.9294762693376,4.699839035359807,284.9322692822859,5.652251500383922,396.1750917357048,5.981856264382338,30.23826230470198,3.409108086191394,64.53253202006749,209.3340817486058,5.343931453025891,1.684277238225788,-1.221378202343573,0
1986m12,278.625,6.599999904632568,249.7583414713542,65.29166666666667,145.4249979654948,39.04166666666666,14.19166692097982,226.1999969482422,6.800000190734863,58.55724126024525,58.99102948405672,50.68557819827504,116.0563804625193,52.45199966430664,40.04499816894531,51.32799911499023,89.09999847412109,6.909999847412109,16.07600021362305,5.679999828338623,7.110000133514404,,210.7166646321615,2826.800094604492,1.006922061841599,1.00692216985823,336,307,52.82212109185133,136.3889166666667,0,1.430000305175781,0,0,5.629866791706033,5.520493816255621,4.178864412008076,4.97966047580676,5.350514409434627,3.664629451890476,2.652654955800535,3.944509575369387,4.003598915498899,3.736621480648939,3.884205698094572,4.93157770860156,3.690003776050718,2.777327489875276,4.915510485998423,426.5199932513148,6.055659243327309,110.6806699895156,4.706649208293208,286.9159298067236,5.659189245345274,398.9174616175493,5.988754532376827,33.64025873551628,3.515723526380647,64.60500575225751,211.1119952371505,5.352388775774992,1.685357216336646,-1.167182085494112,0
1987m1,280.8166707356771,6.599999904632568,244.625,65.24166870117188,146.0750020345052,33.30833435058594,14.39166641235352,315.2000122070313,9.399999618530273,58.83273275400588,59.70372615429221,50.76530816801534,116.5269736282687,52.57799911499023,41.45500183105469,51.64899826049805,90.40000152587891,6.429999828338623,18.6560001373291,5.579999923706055,7.079999923706055,,211.3166707356771,2762.800003051758,.9980278611056044,.9980627170765625,337,306,53.07627846398666,136.2224166666667,0,1.5,0,0,5.637702039106202,5.49972642571624,4.178098355310007,4.984120202368313,5.353357817561358,3.505807646469761,2.666649317693771,3.949203195958914,4.015607958891545,3.738193275416057,3.889005730223289,4.93562437659956,3.724608545737876,2.926167817529204,4.914288966565118,415.7974456546787,6.030198232198402,109.2757067332246,4.693874108202494,287.7457210562935,5.662077177139711,398.137693242867,5.986797908374841,28.58422673607096,3.352855052961932,64.91585730742754,209.8445931654982,5.346367224212971,1.688498843147288,-1.023035378429709,0
1987m2,283.1333414713542,6.599999904632568,250.1416625976563,67.14999898274739,147.4166666666667,35.58333333333334,14.90000025431315,277.2000122070313,8.199999809265137,59.03906702140073,60.26354663719616,50.83900113062544,116.6609542406889,52.68500137329102,42.53400039672852,51.79000091552734,90.19999694824219,6.099999904632568,17.72599983215332,5.75,7.25,,214.5666656494141,2822.899948120117,1.011436756097301,1.011416594338124,338,305,53.28372190936589,139.0244166666667,0,1.5,0,0,5.645917957953777,5.522027407767162,4.206928907820287,4.993263044371785,5.368620485649497,3.571877363440624,2.70136123001941,3.952704194137291,4.024940913345267,3.739643863014966,3.892906514497288,4.936773498068993,3.750303765428262,2.875032478847252,4.934649577176796,423.6883731698942,6.048998216070947,111.4272271212474,4.713371706259052,289.9676692858208,5.669769431544273,402.6870833354808,5.998159792188981,30.50149346448824,3.417775648463363,65.16957458922107,213.3271814999097,5.362827050550648,1.693213763816486,-1.077671715290039,0
1987m3,284.125,6.599999904632568,251.1083374023438,66.95833333333333,148.4166666666667,35.73333231608073,15.15833282470703,277.7000122070313,8.100000381469727,59.19551951474125,60.44010271965607,50.96826220924783,116.9607176536195,52.84099960327148,42.63399887084961,51.80799865722656,90.80000305175781,6.130000114440918,18.30500030517578,5.769999980926514,7.25,,215.375,2831.400054931641,1.001100629515433,1.001101459564,339,304,53.42563301559712,139.4423333333333,0,1.480000019073486,0,0,5.649414282172708,5.525884469126229,4.204070535389567,5.000023633501661,5.372380694848093,3.576083931500702,2.718550402181839,3.955350671606161,4.027866362730076,3.742183193586092,3.895566284861228,4.939339728975644,3.752652030526263,2.907174263243916,4.937651134672831,424.201594074719,6.050208799961143,110.7846120710801,4.707587884443523,291.1942849009624,5.673990690103023,403.1304597497671,5.999260231023637,30.55156725517486,3.419415985616789,65.34314141396928,213.400106447167,5.363168837682744,1.694063610566546,-1.048176408362245,0
1987m4,274.3499959309896,6.300000190734863,253.2333374023438,67.41666666666667,149.3499959309896,36.46666717529297,15.23333358764648,134.1000061035156,4.099999904632568,59.41659256191564,60.61773889445362,51.17846526743895,117.3660070896264,53.06499862670898,42.67399978637695,51.87300109863281,92.80000305175781,6.369999885559082,18.64299964904785,5.820000171661377,8.020000457763672,,216.7666625976563,2856.000045776367,1.002695713129759,1.002696153035525,340,303,53.62627412254087,140.43775,0,2.200000286102295,0,0,5.614404648673527,5.534311345909292,4.210892267270491,5.006292517417322,5.378821487435612,3.596398615267476,2.723486025926567,3.959078339873716,4.030801097067355,3.746298907522399,3.899314771875503,4.94279891478205,3.753589830476762,2.925470721688449,4.944764330095277,426.1996968918396,6.054908008476652,111.2160695799809,4.711474881987169,291.8219511869768,5.676143860082377,404.2172724928174,6.001952536596881,31.07089359140015,3.436271483577157,65.58853897848017,214.1193449149372,5.366533546090915,1.655326308799811,-1.033607618185267,0
1987m5,286.1916707356771,6.300000190734863,254.0333251953125,67.7000020345052,150.1666666666667,36.16666666666666,15.65833282470703,266.6000061035156,7.800000190734863,59.5673752957811,60.74262303093623,51.32585119265914,117.5962758858344,53.2140007019043,42.37799835205078,52.17599868774414,91.09999847412109,6.849999904632568,19.41500091552734,5.849999904632568,8.609999656677246,,217.8666687011719,2860.499908447266,1.002443273215132,1.002443195657315,341,302,53.76704102121064,141.3248333333333,0,2.759999752044678,0,0,5.656661763748736,5.537465459968714,4.215086209970004,5.011745788380283,5.383883264215988,3.588137884312404,2.751003224148632,3.961612846283207,4.032859169053659,3.749174611334286,3.901936294064259,4.944758964429274,3.746629320767935,2.9660460103393,4.951061023245841,426.4638553132701,6.055527616126582,111.4538665872654,4.713610752700378,292.5751121067509,5.678721427233451,405.2048700526877,6.004392791188501,30.75494219032773,3.426050702974862,65.76070636044642,214.907717929163,5.370208717052724,1.695048917465529,-.9955668359439072,0
1987m6,286.8666585286458,6.199999809265137,256.0666707356771,67.9500020345052,150.9666646321615,37.14166768391927,15.66666666666667,250.1000061035156,7.300000190734863,59.7929850154874,61.03114320997693,51.51068499569621,117.930384128651,53.36000061035156,43.06999969482422,52.43000030517578,91.5,6.730000019073486,20.03400039672852,5.849999904632568,8.399999618530273,,218.9166666666667,2884.800048828125,1.000857926256736,1.000858605595102,342,301,53.97983964082693,142.3343333333333,0,2.549999713897705,0,0,5.659017503367736,5.545437843134128,4.218772170538362,5.017059048417539,5.388691139897539,3.614739457552957,2.751535313041949,3.965393163095194,4.037597804111639,3.752769325993545,3.905886271919546,4.947596082460038,3.762826691980443,2.997430849992333,4.958178750296958,428.255372548053,6.05971968248001,111.3366036758053,4.712558078210755,293.0783480063893,5.680439972611448,405.552643585647,6.005250689014765,31.49457025714526,3.449815158184651,66.0209733804034,215.5895710795163,5.373376466248554,1.693624340272542,-.9679623131028605,0
1987m7,288.3249918619792,6.099999904632568,257.8916625976563,68.10833231608073,152.0833333333333,37.6999994913737,15.77500025431315,244.1999969482422,7.099999904632568,59.93129514345961,61.13664728660682,51.64236548557307,118.1924806671381,53.49800109863281,43.4370002746582,52.24800109863281,93.69999694824219,6.579999923706055,21.35499954223633,5.880000114440918,8.449999809265137,,220.1916656494141,2905.399948120117,1.003516576053231,1.003515828774648,343,300,54.10398464757473,143.0555,0,2.569999694824219,0,0,5.664088287886837,5.552539584321527,4.221099559798281,5.024428616228592,5.394498374568719,3.629660080962551,2.758426424548554,3.967703641626652,4.039325004095032,3.755322436362865,3.908183471563604,4.949816084714856,3.771311618790534,3.061285882857528,4.963232666852082,430.3121799392655,6.06451094513595,111.4034467686637,4.713158267487282,294.4933523152027,5.68525643005318,406.9786487699744,6.008760724041887,31.89712177845481,3.462515779339427,66.17281107092532,216.1847104344264,5.376133183159619,1.696384646260185,-.9064177587691238,0
1987m8,290.7083333333333,6,260.9000040690104,68.54166666666667,153.2833353678385,39.0749994913737,15.78333282470703,236.5,6.800000190734863,60.16824005735669,61.43701562684165,51.85014913250973,118.4411740335454,53.67900085449219,44.10800170898438,52.35599899291992,94.40000152587891,6.730000019073486,20.27400016784668,6.230000019073486,8.760000228881836,,221.8250020345052,2941.400054931641,1.003105780403609,1.003106236284677,344,299,54.33654708396683,143.94,0,2.53000020980835,0,0,5.672320473591291,5.564137207738736,4.227441832851527,5.032288073953437,5.401888791893069,3.665482863290872,2.758954498738446,3.971649455753675,4.044226039673739,3.759337875100458,3.912472694222779,4.951918012762956,3.786641210641883,3.009339285239121,4.969396546079659,433.6174762969663,6.072162754426137,111.5641213482398,4.71459950496182,295.6275689315825,5.689100449040432,408.2427278489315,6.011861918707063,32.99106059207647,3.496236633619648,66.45725056767981,216.5903626323091,5.378007839728021,1.700671017837616,-.9623101705145545,0
1987m9,291.75,5.900000095367432,260.5416666666667,68.51666768391927,153.6666666666667,38.35833231608073,15.52500025431315,252.8000030517578,7.199999809265137,60.3711750639221,61.55328366551306,52.06518640480741,118.7828207620885,53.89199829101563,44.04000091552734,52.43099975585938,93.59999847412109,7.21999979019165,19.52599906921387,6.619999885559082,9.420000076293945,,222.1833343505859,2940.199996948242,.99817112276853,.9981708285398508,345,298,54.52404722302027,144.0183333333333,0,2.800000190734863,0,0,5.675897271166665,5.562762797219352,4.227077039522568,5.034785754328539,5.403502871470014,3.646971774515466,2.742451644200421,3.975016573440321,4.04611672656491,3.763476582407357,3.915917472852938,4.954798387195948,3.78509833264302,2.971746863134415,4.969940606286972,431.5663334212071,6.067421226220108,111.3127742400324,4.71234402474169,295.1428339695292,5.687459422108636,407.4960419606915,6.010031219653848,32.29282826420587,3.47484517041125,66.68657584488767,215.9630053105719,5.375107121305176,1.700880697726344,-1.003269710305906,0
1987m10,294.6416625976563,6,261.2083333333333,68.68333435058594,155.6083374023438,36.9250005086263,16.03333282470703,279.3999938964844,7.900000095367432,60.56277055153743,61.68677979299189,52.27055985729437,118.9921606775846,54.12200164794922,43.70399856567383,52.4630012512207,89.30000305175781,7.289999961853027,19.84799957275391,6.349999904632568,9.520000457763672,,224.2916717529297,2942.100006103516,1.006071614799475,1.006068446542929,346,297,54.70934823828225,145.2061666666667,0,3.170000553131104,0,0,5.685759914931289,5.565318300926023,4.22950658392748,5.047342192586086,5.412947310890015,3.608888842192022,2.774669856720551,3.978185173405238,4.048283167833209,3.767413367739118,3.919310230026261,4.956559211386255,3.777439598274311,2.988103224863598,4.97815457164497,431.3018228105193,6.06680812996186,111.3420648331345,4.712607127878303,297.6978586553795,5.696079075034422,409.969555433278,6.016082901900526,31.0314564407957,3.435001413897499,66.91321144583378,217.0067218851258,5.379928329489851,1.70757474152605,-.9900819485416403,0
1987m11,296.4749959309896,5.800000190734863,262.0166625976563,68.85000101725261,155.8833312988281,37.28333282470703,15.55833307902018,291.5,8.199999809265137,60.67727720418495,61.78259589310289,52.39740613306467,119.0449173005756,54.23500061035156,43.92399978637695,52.38999938964844,83.09999847412109,6.690000057220459,18.92000007629395,5.889999866485596,8.859999656677246,,224.7333323160807,2957.499954223633,.9998102924118444,.9998105756951865,347,296,54.82747174793355,145.4299166666667,0,2.96999979019165,0,0,5.691962884126227,5.568408099439827,4.231930239949574,5.049107851160989,5.414914509605363,3.618546385625839,2.744596384413893,3.98007409853871,4.049835230744565,3.769837153023738,3.921467012657998,4.957002475303816,3.782460862871997,2.940219567656182,4.979694298176092,431.8200728024506,6.068009003342192,111.4391521139349,4.713478720989042,297.5020002000825,5.695420948324704,409.8918391664685,6.015893317984137,31.31871034071168,3.444215693413755,67.05768444053288,216.8728578685634,5.379311273389235,1.711888785587517,-1.039854530882528,0
1987m12,299.8499959309896,5.699999809265137,264.5083414713542,69.16666666666667,157.0583292643229,38.28333282470703,15.65833282470703,301.7999877929688,8.399999618530273,60.78951335818687,61.81058794395183,52.572576116291,118.8263650999798,54.3489990234375,43.65999984741211,52.6150016784668,86.80000305175781,6.769999980926514,17.24099922180176,5.960000038146973,8.989999771118164,,226.2249959309896,2986.200103759766,1.004169529939602,1.004169507767823,348,295,54.96222212408618,146.4324166666667,0,3.029999732971191,0,0,5.703282336044365,5.577872787554783,4.236519051002643,5.056617260326943,5.421530061250633,3.645014627181156,2.751003224148632,3.981922112887723,4.050288201538883,3.77317468137376,3.923921713806394,4.955164907860717,3.776432347626885,2.847290223057222,4.986564002335005,435.1216630289595,6.075625677108135,111.9010010540349,4.717614561247792,298.7457356415415,5.699592829140638,411.6008909178558,6.020054168481011,32.21787756656164,3.47252150241217,67.22249321092137,217.8324689731626,5.383726276399752,1.721360223156643,-1.134631889830501,0
1988m1,301.8583374023438,5.699999809265137,267.8083292643229,69.35000101725261,159.2750040690104,39.19166564941406,16.23333358764648,285.2999877929688,7.900000095367432,61.02532518514079,62.02698013163984,52.85526012726379,118.6379540651955,54.60599899291992,43.31700134277344,52.82500076293945,90.80000305175781,6.829999923706055,17.15999984741211,6,8.670000076293945,,228.625005086263,3018.899948120117,1.00577778445603,1.005774004535074,349,294,55.22633199839231,147.78925,0,2.670000076293945,0,0,5.709957825872556,5.590271535328749,4.239166161429227,5.070632293549627,5.432083128958216,3.668464113207162,2.787066757086542,3.985793761437856,4.05378297959844,3.778537300934012,3.928715503545971,4.95357804988573,3.768545198655955,2.842581085167748,4.995787272445352,438.847852841155,6.084152776331968,111.806186388683,4.71676689361482,301.3418223380443,5.708245242803069,413.978254237342,6.025813446449018,33.03467761073909,3.497557846413164,67.54551734543323,218.7994937461118,5.388155756770523,1.7241640644347,-1.143212676270108,0
1988m2,304.2416585286458,5.699999809265137,268.4499918619792,69.39166768391927,160.0083312988281,39.05833435058594,15.71666717529297,305.8999938964844,8.399999618530273,61.11602403770429,61.8676439243574,53.0497577501116,118.5977573260506,54.71799850463867,43.22900009155273,52.76200103759766,91.59999847412109,6.579999923706055,16.76499938964844,5.840000152587891,8.210000038146973,,229.3999989827474,3032.799896240234,1.001602559527855,1.001605534343441,350,293,55.32479485735499,148.09225,0,2.369999885559082,0,0,5.717822314987758,5.592664646553731,4.239766798113352,5.075225884495875,5.435467200260865,3.665056281185104,2.754721752773581,3.987278907456162,4.051210853546294,3.782210362804284,3.930496813023293,4.953239173927352,3.766511568445643,2.819293343511895,4.997835390397427,439.2464923705843,6.085060741538644,112.1614842303695,4.71993965635109,301.6193439610788,5.709165771879046,414.642294787019,6.027416208274343,32.93345104596391,3.494488890349484,67.66594404239615,218.8578790938211,5.388422565245275,1.730543407531596,-1.167985563944267,0
1988m3,306.6750081380208,5.699999809265137,271.7083333333333,70.85833231608073,161.4916687011719,39.36666615804037,15.875,295.5,8,61.32575756592858,61.98499205536644,53.2684218350898,119.0063943608038,54.95199966430664,43.07400131225586,52.79899978637695,94.59999847412109,6.579999923706055,16.21699905395508,5.869999885559082,8.369999885559082,,232.3500010172526,3070,1.009378507539343,1.009385092934239,351,292,55.51541739881569,150.8676666666667,0,2.5,0,0,5.725788581455118,5.604729187045256,4.2606825642476,5.084453554342409,5.448244859909092,3.672919421614979,2.764745544778755,3.990704759818074,4.053105817915783,3.786323758916747,3.933936408193954,4.956678822895945,3.76291959728755,2.786060016400618,5.016403072878781,443.0574429369777,6.093699429668258,114.3153043446201,4.73896045811585,303.1658591296797,5.714280045613116,418.5323859642084,6.03675427275191,33.07945457005314,3.498912381810766,67.89908822769239,222.193950765212,5.403550652555968,1.735083821637045,-1.204644743417456,0
1988m4,309.3416748046875,5.400000095367432,271.9166666666667,70.76666768391927,162.1749979654948,38.98333231608073,15.80833307902018,324,8.699999809265137,61.62392377283008,62.44361240373112,53.51123855699124,119.1939621073543,55.21900177001953,43.29700088500977,53.04800033569336,91.19999694824219,6.869999885559082,17.875,6.079999923706055,8.720000267028809,,232.9416656494141,3073.300003051758,.9971373449875209,.9971423171979453,352,291,55.81642832296446,150.8898333333333,0,2.640000343322754,0,0,5.734446409717945,5.605495646805321,4.259388094415843,5.088675986553997,5.450788060200216,3.663134178267526,2.760537211065684,3.995554984530764,4.060477473769232,3.790871762526266,3.939343875494578,4.958253696990167,3.768083368983968,2.883403088580071,5.016549989967547,441.2517899201908,6.089615664715632,113.3289138148754,4.730294332430644,303.0671730626699,5.713954474215185,417.3353126458922,6.03389000574241,32.70579451077366,3.487552264369091,68.26724482731677,221.0281573762232,5.398290102344109,1.738891425187181,-1.112151895950693,0
1988m5,310.7583414713542,5.599999904632568,274.4666748046875,71.2000020345052,163.7166646321615,39.55833435058594,15.875,309.7999877929688,8.300000190734863,61.80305097931148,62.55557650031191,53.71298980520006,119.3547362868396,55.40700149536133,43.10400009155273,53.20399856567383,94.80000305175781,7.090000152587891,17.4379997253418,6.449999809265137,9.090000152587891,,234.9166666666667,3103.10009765625,1.005292158267052,1.005291578088633,353,290,55.99335965561858,152.2148333333333,0,2.640000343322754,0,0,5.73901557305985,5.614829850318001,4.265492846992441,5.09813727902578,5.459230841326113,3.677776401484526,2.764745544778755,3.998457548295313,4.062268911417841,3.794634932275888,3.942508741174713,4.959601633113152,3.76361580235195,2.858651717255067,5.025292900161855,444.0989084771316,6.096047304463763,113.8187928523849,4.734607647358632,304.7990164500426,5.719652596937346,419.5437961063554,6.039167921188171,33.14349776243253,3.500846551463106,68.48364374367223,222.2645072786416,5.403868146858283,1.740558024764537,-1.139805831040246,0
1988m6,313.3083292643229,5.400000095367432,276.5416666666667,71.4249979654948,165.3499959309896,39.7749989827474,16.34999974568685,314.7999877929688,8.399999618530273,62.06606986717885,62.75043665710189,53.98963680904264,119.6662290724769,55.64099884033203,43.30500030517578,53.44100189208984,94.69999694824219,7.510000228881836,16.53000068664551,6.659999847412109,8.920000076293945,,236.7749938964844,3122.300003051758,1.003361796701599,1.00335976092639,354,289,56.24726502455042,153.3653333333333,0,2.260000228881836,0,0,5.747187783191487,5.622361502797979,4.26864791963234,5.108064414819332,5.467110297334462,3.683238548648675,2.794227881788941,4.002704277122625,4.065379062462537,3.799772181402721,3.947033053165362,4.962208040141164,3.768268108830134,2.805176953372285,5.032822874693297,445.5601381857507,6.09933222811643,113.8239058889659,4.734652568953834,306.2624712883703,5.724442483604065,420.9537900076359,6.042523065205871,33.23828225476825,3.503702291599243,68.79418708198018,222.9335643585293,5.406873809399076,1.744483506068862,-1.19752732375034,0
1988m7,316.1999918619792,5.400000095367432,278.5583292643229,72.05833435058594,167.1416625976563,39.36666615804037,16.44166692097982,324.6000061035156,8.600000381469727,62.36763965966912,63.26827317054741,54.21191848989658,119.8856245613064,55.86800003051758,43.56100082397461,54.00799942016602,93.40000152587891,7.75,15.4980001449585,6.949999809265137,9.060000419616699,,239.1999969482422,3145.399948120117,1.004851246860468,1.004856516006133,355,288,56.54885703481609,155.00475,0,2.110000610351563,0,0,5.75637489903843,5.629627478243144,4.277475990295455,5.11884173185932,5.477300009318292,3.672919421614979,2.799818778708171,4.007551362113758,4.073597515561052,3.803880846808443,3.952380625820631,4.964039756713958,3.774162273557814,2.740710992695127,5.043455761610984,446.6392038954401,6.101751118570461,113.8933160959583,4.735262186518435,308.3116540670042,5.731111135238331,422.9970497917776,6.047365204534433,32.83685287714313,3.491551447992753,69.16305438899666,224.1149575728687,5.412159123661494,1.748823536924673,-1.266840369418631,0
1988m8,318.0666707356771,5.599999904632568,280.6666666666667,72.63333129882813,168.8499959309896,39.1750005086263,16.64166641235352,321.1000061035156,8.399999618530273,62.55243230086624,63.31564117443409,54.43541218057896,120.1334746394799,56.00699996948242,43.9010009765625,54.23199844360352,97.40000152587891,8.010000228881836,15.52400016784668,7.300000190734863,9.260000228881836,,241.4833272298177,3168.300003051758,1.006419542046366,1.006420357852309,356,287,56.72448682611822,156.5964166666667,0,1.960000038146973,0,0,5.762261017206845,5.637167725574217,4.285423925271837,5.129010722733202,5.486800432323521,3.668038801225526,2.811909575352058,4.01050993831517,4.074345920385515,3.80799496548104,3.955481618976762,4.966105010413305,3.78193712110962,2.742387224318736,5.053671901217424,448.6902528693196,6.106332789700122,114.7162532852252,4.742461716670354,310.1841047347311,5.737166007439616,425.7126696801233,6.05376463438353,32.60956251052451,3.484605573903953,69.37786143276551,225.7152547407723,5.419274270111804,1.751751078891675,-1.268122713996434,0
1988m9,320.2583414713542,5.400000095367432,281.25,73,169.1916707356771,39.05833435058594,15.97499974568685,339.7000122070313,8.800000190734863,62.85740135418594,63.64507344422555,54.6903121335456,120.745586903376,56.30699920654297,43.74800109863281,54.53499984741211,97.30000305175781,8.189999580383301,14.46700000762939,7.480000019073486,8.979999542236328,,242.1916707356771,3183.300003051758,.9981033406676108,.9981030691660104,357,286,56.99899228017606,156.68525,0,1.499999523162842,0,0,5.769127987186592,5.63924395351863,4.290459441148391,5.131032218629905,5.489729440501535,3.665056281185104,2.771024984344152,4.01537350675448,4.079535447084607,3.812666648865685,3.960309223431793,4.9711873415844,3.778445922585734,2.671870194174819,5.054239016022828,447.4413417367124,6.103545449205225,114.698587101125,4.742307705847816,309.363147027825,5.734515819951674,424.9051799814188,6.051866038106514,32.347628888368,3.476540722692436,69.71360006029234,224.755642893911,5.415013780462177,1.753754480432113,-1.343503312579661,0
1988m10,323.0416666666667,5.400000095367432,284.4749959309896,73.65833536783855,170.9916585286458,39.8249994913737,16.70833333333333,333.2999877929688,8.600000381469727,63.06260253463765,63.7624215752346,54.91380582422798,121.0244342126892,56.52099990844727,43.70600128173828,54.60100173950195,94.09999847412109,8.300000190734863,13.79800033569336,7.599999904632568,8.800000190734863,,244.6499938964844,3213.199951171875,1.006716875227339,1.006717174432566,358,285,57.19338097877827,158.6281666666667,0,1.200000286102295,0,0,5.777781313871014,5.650645361939494,4.299437311899744,5.141614774778616,5.499828592787184,3.684494843024579,2.815907596958624,4.018632740486404,4.081377539092998,3.816744853309172,3.96371380958446,4.973494057956183,3.777485421774329,2.624523678453048,5.066562889060926,451.0993592037996,6.111687623894166,115.5199779872343,4.749443484590778,311.3819120021805,5.741020171656898,427.7592786257247,6.058560604239496,32.90657770924585,3.493672568160127,69.95135050900173,226.7692696601383,5.423933067347607,1.75914857338461,-1.394109062033356,0
1988m11,323.8833414713542,5.300000190734863,285.8499959309896,74,171.6999918619792,40.1499989827474,16.27500025431315,325.7999877929688,8.399999618530273,63.20885292073053,63.82593757559106,55.08897580745431,121.1525501387561,56.67599868774414,43.69900131225586,54.61600112915039,93,8.350000381469727,13.97700023651123,8.029999732971191,8.960000038146973,,245.6999918619792,3234.899948120117,1.001757975845698,1.001759214131429,359,284,57.33801132434011,159.2784166666667,0,.9300003051757813,0,0,5.780383393768998,5.655467183475205,4.30406509320417,5.145748720506686,5.504111246405355,3.692622415056467,2.789630203720633,4.020949185655469,4.082373178601588,3.819929684250582,3.966239412731904,4.97455209357721,3.777325248573948,2.637413138424228,5.070653719140653,452.2309498156384,6.114193000260812,115.9403258469325,4.753075626386614,311.6775894728937,5.741969286443557,428.5115339493454,6.060317654710222,33.14003620787477,3.500742104570988,70.12824314628764,227.1244929584385,5.42549829427989,1.75943420811353,-1.383536047231241,0
1988m12,326.4499918619792,5.300000190734863,288.3083292643229,73.9249979654948,172.8166707356771,41.5749994913737,16.1750005086263,325.5,8.300000190734863,63.4061181678209,64.0391018067111,55.28347343030211,121.2697799803501,56.86399841308594,43.64099884033203,54.83300018310547,91.90000152587891,8.760000228881836,16.26600074768066,8.350000381469727,9.109999656677246,,246.7416687011719,3265.599945068359,1.000763842956085,1.000763550709161,360,283,57.53716227799032,159.8735,0,.7599992752075195,0,0,5.788276772703799,5.664030495188945,4.303051038217334,5.15223132588142,5.50834191361458,3.727499012845045,2.783466871832176,4.024065174309966,4.085707388321898,3.823454075083939,3.969706674576558,4.975519247474909,3.775997048886533,2.789077085710442,5.074382877525047,454.7011196951679,6.119640323320055,115.4372810983862,4.748727361679468,312.6009637465225,5.744927500984935,428.8387868505603,6.061081060074795,34.28306664538378,3.534651548461868,70.37181815312553,227.1839838671261,5.425760190819631,1.764211598393834,-1.234988088599524,0
1989m1,329.4499918619792,5.400000095367432,290.3083292643229,75.21666463216145,173.75,41.3500010172526,15.66666666666667,335.1000061035156,8.5,63.73149143563586,64.43420615471933,55.55045661433395,121.8232709349019,57.15200042724609,43.95399856567383,55.08399963378906,97.90000152587891,9.119999885559082,17.98299980163574,8.560000419616699,9.090000152587891,,248.9666646321615,3295.699951171875,1.003766872249081,1.003763888116001,361,282,57.83822143018078,161.1300833333333,0,.5299997329711914,0,0,5.79742457265799,5.670943562538796,4.320372810556305,5.157617484444901,5.517319010523114,3.72207244607073,2.751535313041949,4.029183627916085,4.091858169366033,3.828271800131218,3.974925462602421,4.980072992708904,3.783143599871581,2.889426856152405,5.082212009766089,455.5178652260368,6.121434937063786,116.734059625956,4.759898352974303,312.778707124374,5.745495934501138,430.4535279195968,6.064839368957465,33.94261268797207,3.524671236453557,70.74003373888766,227.7777869432311,5.428370535034809,1.768240944741905,-1.13975677176368,0
1989m2,331.4583333333333,5.199999809265137,290.6666666666667,75.04166666666667,175.5250040690104,40.10833231608073,17.625,353.2000122070313,8.899999618530273,63.94349546250576,64.70119430286199,55.74616163860779,121.9438483752423,57.29700088500977,44.24399948120117,55.52799987792969,95.40000152587891,9.359999656677246,17.82600021362305,8.840000152587891,9.170000076293945,,250.5666707356771,3276.5,1.002706051163269,1.002707760510212,362,281,58.05278042221104,162.34,0,.3299999237060547,0,0,5.803502110423942,5.67217713524087,4.318043514828011,5.167781506085254,5.523725035754546,3.691584101158438,2.869318348698332,4.032504626443211,4.095993186218394,3.831788622637654,3.978628239069001,4.981062276665785,3.78971975731415,2.880658077692316,5.08969290133303,454.5679972048189,6.119347511238734,115.9818879314679,4.753434040393648,314.864734915575,5.752143133635054,431.6187250866112,6.067542617722317,32.89082052967564,3.493193607584385,71.00245381267095,228.6399853564345,5.43214865013517,1.770997483980731,-1.151846548750895,0
1989m3,334.3166707356771,5,291.5666707356771,75.375,176.0250040690104,40.15833282470703,16.9499994913737,375.2999877929688,9.399999618530273,64.18157346334597,65.11567871072293,55.98173395195298,121.5201471461306,57.46799850463867,44.7859992980957,55.79700088500977,94.30000305175781,9.850000381469727,19.44499969482422,9.140000343322754,9.359999656677246,,251.4000040690104,3295.400054931641,.9984545494661323,.9984548135928925,363,280,58.33599975601913,162.7261666666667,0,.2199993133544922,0,0,5.812088659773723,5.675268695713377,4.32247565504735,5.17062605352129,5.52704531234155,3.692829961192763,2.830267803819007,4.036220968246544,4.102378886423558,3.83600552229702,3.983495029362595,4.977581666270367,3.801895574910235,2.967589951913404,5.092068828992846,454.2840803087985,6.118722729907909,115.755531528519,4.751480480407823,314.4329259613253,5.750770781411724,430.9517366985228,6.065996104015728,33.04664598242774,3.497920078014129,71.34885010103667,228.0711832583582,5.429657787501393,1.775867691527179,-1.068631016333139,0
1989m4,334.7833251953125,5.199999809265137,295.25,76.71666463216145,176.8333333333333,41.6999994913737,17.625,335.2000122070313,8.300000190734863,64.60898077791522,66.17718360378764,56.18106578890733,121.795634079603,57.6609992980957,47.25699996948242,56.17100143432617,91.5,9.840000152587891,21.04000091552734,8.960000038146973,9.180000305175781,,253.5499979654948,3331.5,1.001162771648338,1.001161586948468,364,279,58.76659679096424,164.2343333333333,0,.2200002670288086,0,0,5.813483532104126,5.687822455077471,4.340118955075411,5.175207669385928,5.535561034216949,3.730501116607482,2.869318348698332,4.042858238908928,4.118549270777436,3.83955985666218,3.990849246747346,4.97984610674194,3.855600790469268,3.046425431383165,5.10129426976118,456.9798137117851,6.124639218609619,115.9261552916413,4.752953396082007,314.7561030574969,5.751798062911202,431.4525798854492,6.067157608506376,34.23768003385038,3.533326792957274,71.87549922728363,228.4983549317605,5.431529010884976,1.770625293195198,-.9964328075257627,0
1989m5,334.4416707356771,5.199999809265137,295.9833374023438,77.51666768391927,177.8333333333333,40.63333384195963,17.84166717529297,321.2999877929688,8,64.84479260486914,66.58951193378829,56.3658995919444,121.8333137311409,57.83300018310547,47.65599822998047,56.52099990844727,90.69999694824219,9.810000419616699,20.0319995880127,8.739999771118164,8.859999656677246,,255.3500010172526,3337.700042724609,1.002907315756091,1.002906194736277,365,278,59.01225863257743,165.633,0,.119999885559082,0,0,5.812462486890946,5.690303160179925,4.350492980125014,5.180846782073698,5.542635157077411,3.704588760336581,2.881536574315416,4.046501424914488,4.124760612469601,3.842844422684604,3.995020830806005,4.980155426731843,3.864008503184797,2.997330974351229,5.109774497460781,456.4488920581706,6.123476737706513,116.4097249443668,4.757116079439446,315.4980841621281,5.754152609576549,432.7067069354432,6.070060147308178,33.35157897094417,3.50710511669647,72.17596017740209,229.4849969337281,5.435837654525916,1.765961061976459,-1.049170450563259,0
1989m6,336.1083374023438,5.300000190734863,297.2166748046875,77.70833333333333,178.5083414713542,41,17.53333282470703,325.7999877929688,8.100000381469727,64.98650631843013,66.60781190130338,56.55194079640751,121.9547344597151,57.98699951171875,47.37699890136719,56.70100021362305,90.59999847412109,9.529999732971191,20.0049991607666,8.430000305175781,8.279999732971191,,256.2166748046875,3356.200103759766,1.001009595897994,1.001010683123872,366,277,59.15279733146105,165.942,0,-.1500005722045898,0,0,5.817433540738008,5.694461417611181,4.35296250172997,5.184635331059794,5.54602347245276,3.713572066704308,2.864103802066449,4.048684469696701,4.125035392279034,3.84613958617978,3.997399516518168,4.981151543969871,3.858136855681184,2.995982200358015,5.111638329712622,457.3513666796349,6.125451950355556,116.665494804841,4.759310821234968,315.6537847463124,5.754645995067468,433.1438010767005,6.071069776971363,33.61903101313658,3.515092305826168,72.34784845568616,229.3668761990085,5.435322801065595,1.768749071041308,-1.052702269338686,0
1989m7,338.0916748046875,5.199999809265137,298.8083292643229,77.71666463216145,179.6416625976563,41.4499994913737,17.35833358764648,329.7000122070313,8.100000381469727,65.1418257248275,66.65302793414476,56.74160881355114,122.1347637205391,58.13600158691406,47.22499847412109,56.93000030517578,92,9.239999771118164,19.64399909973145,8.149999618530273,8.020000457763672,,257.3583272298177,3377.399948120117,1.001908398134405,1.001906393092492,367,276,59.30325609525865,166.62675,0,-.1299991607666016,0,0,5.823317085940365,5.69980232858742,4.353069708407727,5.190964103340682,5.550469383180932,3.724487869310464,2.854072713129708,4.051071643615203,4.125714001758494,3.849487847311885,3.999939848402574,4.982626652852561,3.854923381076743,2.97777190234781,5.115756281069377,458.7042594208994,6.128405687413292,116.59885085633,4.758739418433264,316.5959978116692,5.757626506216251,433.9699776626493,6.07297535581513,33.93792089058027,3.524532999549634,72.53186964036594,229.7290154330555,5.436900420537945,1.772245442325162,-1.073299741267393,0
1989m8,339.0333251953125,5.199999809265137,301.7166748046875,77.91666666666667,180.5749918619792,43.2250010172526,17.43333307902018,305.5,7.5,65.14976165818884,66.2568476006139,56.90469556571227,122.0878717839015,58.21699905395508,46.2869987487793,56.99200057983398,89.59999847412109,8.989999771118164,18.52199935913086,8.170000076293945,8.109999656677246,,258.4916585286458,3411.400100708008,1.004191505842312,1.004203127400788,368,275,59.31544470383788,167.57675,0,-.0600004196166992,0,0,5.82609840695984,5.709488414126237,4.355639879500687,5.196146158869648,5.554863424679851,3.766419055103249,2.858384067815015,4.051193461662409,4.11975234533026,3.852357925050041,4.000145357458735,4.982242643097552,3.834861117097203,2.918959180147648,5.121441455274678,463.112476738837,6.137969954904904,117.597907972224,4.767271245954458,317.3288075207347,5.75993848400706,435.7914870558504,6.077163888257888,35.4048280027044,3.566848195097428,72.54677712819674,230.9913088266853,5.442380085687085,1.774904945297431,-1.132234281514761,0
1989m9,340.8083292643229,5.300000190734863,301.8249918619792,78.43333435058594,181.6500040690104,41.73333231608073,17.25833384195964,324.7999877929688,7.900000095367432,65.29487895733858,66.29560772031932,57.08952936874934,122.1841727447837,58.41899871826172,45.73600006103516,56.99200057983398,95.80000305175781,9.020000457763672,19.5939998626709,8.010000228881836,8.189999580383301,,260.0833384195964,3414.799896240234,1.003703125714962,1.003704997547834,369,274,59.46043844250561,168.81525,0,.1799993515014648,0,0,5.831320234986086,5.709847352255738,4.362249020034853,5.202081781067488,5.561002112039061,3.731300145622826,2.848295148084883,4.053418426342161,4.120337172230922,3.855600790469268,4.002586826330188,4.983031116179334,3.82288573529618,2.975223389913718,5.128804921683015,462.2491023517805,6.136103928354652,118.3084928966515,4.773295559587964,318.1844483174968,5.762631240785675,437.4056855821541,6.080861106745645,34.15608697801852,3.530940812535223,72.72411421968499,232.1310500806416,5.447302083223968,1.777901808643925,-1.078195036428443,0
1989m10,343.8500162760417,5.300000190734863,302.8000081380208,78.58333333333333,183.0583292643229,41.15833282470703,17.47499974568685,347.5,8.399999618530273,65.54996191184462,66.66379600300127,57.29731762408837,122.4261709136983,58.63100051879883,46.0989990234375,57.22200012207031,93.90000152587891,8.840000152587891,20.09099960327148,7.900000095367432,8.010000228881836,,261.6416625976563,3423.900100708008,1.001767272008915,1.001770371046261,370,273,59.71108537504348,169.79975,0,.1100001335144043,0,0,5.840205563100559,5.713072548439188,4.364159632845457,5.209804841204195,5.566975867596811,3.717426405400782,2.860771273566904,4.057317445607523,4.12587554279378,3.859233873981166,4.006793322884067,4.985009758981168,3.830791236609331,3.000271933849444,5.134619801555786,461.9377331526809,6.135430105272741,117.8800759107619,4.769667801835709,319.4884801856123,5.766721217410483,438.1793781745769,6.082628365749516,33.61890069544093,3.515088429511345,73.03067227119219,232.5047061999722,5.448910466542861,1.782888117493036,-1.057045511758079,0
1989m11,344.9499918619792,5.400000095367432,303.6083374023438,79.0499979654948,183.7166748046875,40.84166717529297,17.47499974568685,350.2999877929688,8.5,65.69280871234875,66.66379600300127,57.47248760731472,122.7234300161164,58.7869987487793,45.82600021362305,57.38899993896484,90.90000152587891,8.550000190734863,19.81999969482422,7.940000057220459,7.869999885559082,,262.7666727701823,3433.600051879883,1.00215621445318,1.002159676826642,371,272,59.83870319628068,170.9004166666667,0,-.070000171661377,0,0,5.843399455400232,5.715738506943958,4.37008053791854,5.213394760037798,5.571266462625644,3.709702814581114,2.860771273566904,4.059494279519709,4.12587554279378,3.862286421101783,4.00892829729493,4.987434884267754,3.824851620298763,2.986691513504476,5.14108102819152,462.1637335248726,6.135919229865324,118.5801030021391,4.775588706908791,319.6602103948346,5.767258589123468,439.1249454525525,6.084783986367486,33.27943748795933,3.504939713405092,73.18675744733996,233.5127591759132,5.453236718767732,1.783905175880523,-1.072802766015232,0
1989m12,345.9916585286458,5.400000095367432,307.0166625976563,80.2000020345052,185.8416748046875,40.96666717529297,19.09166717529297,321.2999877929688,7.699999809265137,65.88327111302092,66.80374804361603,57.72376535600323,122.457985878883,58.95399856567383,45.95199966430664,57.5880012512207,90.5,8.449999809265137,21.08799934387207,7.880000114440918,7.840000152587891,,266.0416768391927,3455.099945068359,1.008742890665389,1.008745395487713,372,271,60.05933807975744,173.4179166666667,0,-.0399999618530273,0,0,5.846414666468403,5.726902021676731,4.384523540240364,5.224895100500148,5.583652976355283,3.712758740319493,2.949251966312722,4.06238937312572,4.127972713201887,3.866649030835323,4.012608676560074,4.985269595842649,3.827597366120454,3.048704127206291,5.155704384652698,466.0009398607086,6.144187650992086,120.0531472906921,4.787934538822509,321.9500212062312,5.774396319852279,442.9647168037306,6.093490120831981,33.45365096549197,3.510160927568575,73.45660874489346,236.0821165443773,5.464179695963765,1.784025293342683,-1.013685245919429,0
1990m1,350.6999918619792,5.400000095367432,310.8916625976563,80.44166564941406,185.75,44.70000203450521,16.91666666666667,331.5,7.900000095367432,66.38210615260155,68.04934913142917,57.94604703685717,122.8364817478247,59.18099975585938,48.35100173950195,58.36800003051758,93,8.229999542236328,22.64100074768066,7.900000095367432,8.210000038146973,23.34727278622714,266.1916656494141,3527.699951171875,.9923168324223599,.9923508789011251,373,270,60.55744038340382,173.018,0,.309999942779541,0,0,5.859931133941054,5.739444499714635,4.387532271420727,5.224401683597868,5.584216596866131,3.79997354713418,2.828299329253787,4.069932350963998,4.146446690283812,3.870492418316938,4.020867977488808,4.988355651333383,3.878486940185236,3.119762454994146,5.153395635328119,468.3365452174226,6.149187151191713,118.2107789070115,4.772469292920946,320.5568101683482,5.770059515468385,439.5688852832785,6.085794440414095,36.38984233224083,3.594289678892529,74.06582135368534,233.6003258153175,5.453611645710452,1.789998782977056,-.9501698959698519,0
1990m2,353.0249837239583,5.300000190734863,310.6833292643229,81.30833435058594,187.2166748046875,42.15833282470703,17.88333384195964,361.5,8.5,66.67460260002801,68.50796947979386,58.13812985685288,123.4192833570487,59.46799850463867,47.88399887084961,58.86899948120117,89.5,8.239999771118164,22.10799980163574,8,8.470000267028809,23.2626317676745,268.5250091552734,3513.599945068359,1.004396754391368,1.004397156066403,374,269,60.82083932420576,175.0775,0,.4700002670288086,0,0,5.866538829850813,5.738774159550174,4.398248524836954,5.232266634887931,5.592944053578789,3.741432359445222,2.883869208849956,4.074328926248752,4.153163607067538,3.873801792607948,4.025208117337597,4.993088963441449,3.86878139580817,3.095939524998506,5.165228733034088,465.9695253499605,6.144120235742498,118.6844902395881,4.776468629553448,322.020462759381,5.774615092467437,441.5016499918715,6.090181757277963,34.15862714317024,3.531015179095504,74.38797596871977,235.3572572987068,5.461104603567633,1.792209903602061,-.9783894012502459,0
1990m3,354.5,5.199999809265137,312.9083251953125,81.79166666666667,189.1333414713542,41.98333231608073,17.69166692097982,352.2999877929688,8.300000190734863,66.92628629370462,68.63285361627646,58.46793017385566,123.3079054247135,59.75400161743164,47.63299942016602,58.89400100708008,91.30000305175781,8.279999732971191,20.41799926757813,8.170000076293945,8.590000152587891,20.06227259202437,270.9250081380208,3542.599899291992,1.004410830127698,1.004410486092136,375,268,61.09496939898622,176.5478333333333,0,.4200000762939453,0,0,5.870708345972182,5.74591025688948,4.404175363928515,5.242452276734597,5.601842059846969,3.737272689900594,2.873093733295952,4.078096625603047,4.154984861573424,3.879458465963119,4.02970516394113,4.992186120585331,3.86352578616965,3.016416828875441,5.173591850043827,467.5417426003899,6.147488633727509,119.1727610860545,4.780574214139123,323.4821908505433,5.779144060958932,443.4489628249431,6.094582716942611,34.04755937705384,3.527758352406994,74.72325548215058,236.2689261785522,5.46497067397384,1.792611720369135,-1.061679796727606,0
1990m4,357.566650390625,5.400000095367432,314.1666666666667,81.375,190.6500040690104,42.14166768391927,17.83333333333333,374.1000061035156,8.699999809265137,67.06686692032245,68.6360856796594,58.67451102776866,123.265204375056,59.93199920654297,47.63600158691406,58.65000152587891,93.90000152587891,8.260000228881836,18.58200073242188,8.039999961853027,8.789999961853027,21.40349998474121,272.0250040690104,3556,1.00157546564584,1.001568421634343,376,267,61.24674764962458,177.0524166666667,0,.75,0,0,5.879321779416372,5.749923630654056,4.399068100528734,5.250439307646402,5.605893988795298,3.741036982436816,2.881069365233851,4.080194951895501,4.155031952538068,3.882985472331528,4.032186383465717,4.991839764487385,3.863588811219084,2.922193409634784,5.176445828092922,468.4379651130961,6.149403681199631,118.5600827818126,4.775419859774697,324.9281514741251,5.783604085502327,444.1460395990151,6.096153426366353,34.18780498322613,3.531869001041162,74.90889048795634,236.357013851557,5.465343432498347,1.799126827520872,-1.158001542260716,0
1990m5,358,5.400000095367432,314.6500040690104,81.4500020345052,191.9250081380208,41.2749989827474,17.70833333333333,373.1000061035156,8.699999809265137,67.21764965418792,68.65115769060652,58.88109188168167,123.3246561955396,60.1150016784668,47.24700164794922,58.73500061035156,90.59999847412109,8.180000305175781,18.23699951171875,8.010000228881836,8.760000228881836,18.09772725538774,273.3750101725261,3563.300048828125,1.002423407274882,1.002421713220612,377,266,61.40195317105582,177.8915,0,.75,0,0,5.8805329864007,5.751460922904805,4.399989360026632,5.25710471311605,5.610844516207818,3.720256965160459,2.874035338576471,4.08244067316079,4.155251521532793,3.886500082634212,4.034717280299346,4.992321956427459,3.855389194739999,2.903452470660486,5.181173813878816,468.106227587216,6.148695252185091,118.6433044604722,4.776121550277871,325.9535480824364,5.786754880669292,445.2220101385829,6.098573056945244,33.46857007839785,3.510606791824732,75.09871727638485,236.8768821247748,5.467540521450611,1.79809231323991,-1.178988202500304,0
1990m6,360.1583251953125,5.199999809265137,317.0416666666667,82.38333129882813,193.4666748046875,41.19166564941406,17.78333282470703,369.7000122070313,8.600000381469727,67.51467844938695,69.07748204603165,59.18310814067831,123.0114896105293,60.3489990234375,47.49700164794922,59.22499847412109,88.30000305175781,8.289999961853027,16.87100028991699,7.989999771118164,8.479999542236328,16.82238083794003,275.8500061035156,3591.100006103516,1.003582693419782,1.00358217000963,378,265,61.73668722685422,179.49375,0,.4899997711181641,0,0,5.886543726979109,5.759033205828577,4.411383126389266,5.265105274406124,5.619857261844651,3.718235945829321,2.878261660478361,4.08684984920023,4.161442328584277,3.891616229911899,4.040153995845638,4.989779359581195,3.860666585847173,2.825596188808177,5.190140388380636,469.5892418481118,6.151858359069423,119.2622094185914,4.78132450958902,326.8950903099192,5.789639294681678,446.8169875877733,6.102149087035786,33.48603108525257,3.511128369339857,75.50811953349465,237.7145015780434,5.47107038040614,1.799693877778878,-1.261253660392053,0
1990m7,362.3583170572917,5.5,318.4749959309896,82.59166463216145,194.5250040690104,41.35833231608073,17.80833307902018,377,8.699999809265137,67.68133737473443,69.32832630451951,59.31357662072673,123.1948664700996,60.50099945068359,47.38399887084961,59.51200103759766,88.19999694824219,8.149999618530273,18.63800048828125,7.869999885559082,8.470000267028809,18.39285727909633,277.1166687011719,3607.999954223633,1.001956083663082,1.001957382476528,379,264,61.89905307717577,180.4428333333333,0,.6000003814697266,0,0,5.89263354839603,5.763543966219305,4.413908762991364,5.270560710420667,5.624438604159971,3.722273908209321,2.879666498256531,4.089315291820709,4.165067097459655,3.893818292071396,4.042780516999859,4.991268979072735,3.858284595144882,2.92520253356162,5.195414014774116,470.5506839613322,6.153903676839671,119.131196488696,4.78022537731574,327.9603341286874,5.792892668536726,447.6912891634427,6.104103908196884,33.5714737968556,3.513676712228318,75.70670388560262,238.3445904684918,5.473717485645398,1.803318256575321,-1.164112758259089,0
1990m8,362.5333251953125,5.699999809265137,320.6916707356771,83.68333435058594,196.2333374023438,40.7749989827474,19.125,351.7000122070313,8.100000381469727,68.13141940244455,70.18097501536975,59.64700375041004,123.2124477520651,60.75299835205078,49.72600173950195,59.72299957275391,76.40000152587891,8.130000114440918,27.17399978637695,7.690000057220459,8.75,28.1752172553021,279.9166717529297,3618.800048828125,1.002473708897536,1.002476807771725,380,263,62.37010261873777,182.37575,0,1.059999942779541,0,0,5.893116401642557,5.770480134224868,4.427039845968581,5.279304448101678,5.634491957994925,3.708069123559129,2.9509963797126,4.095943294757701,4.177290788920471,3.899423980977252,4.050361670907432,4.991411680047751,3.906527970127905,3.302260625940829,5.206069119240251,470.6957135905063,6.154211841908242,119.239344184459,4.781132768832141,328.991106114018,5.79603071731188,448.7994407577497,6.106576108124265,33.09324644275968,3.49932922660311,76.28282914739007,239.0783771897372,5.47679143620396,1.797173106884856,-.7936826688168721,0
1990m9,364.6499837239583,5.900000095367432,322.5083414713542,84.50833129882813,196.75,41.25833384195963,19.6999994913737,354.6000061035156,8.100000381469727,68.54975769670931,71.19187573434985,59.86566322698584,123.3547973613511,60.96500015258789,52.23199844360352,59.86700057983398,72.80000305175781,8.199999809265137,33.6870002746582,7.599999904632568,8.890000343322754,29.10736836885151,281.2583312988281,3633.700103759766,.9979310988260152,.997938814414274,381,262,62.79872884005595,183.4326666666667,0,1.290000438690186,0,0,5.898937944795546,5.776129000928788,4.436850124755339,5.281933887297512,5.639273575475729,3.719853124907221,2.980618609925349,4.102064687760812,4.191592232848779,3.903083170016997,4.05721046691759,4.992566331591478,3.955695304086574,3.517112014411751,5.211847661009752,470.4733500273715,6.153739315609051,118.7050213625052,4.776641603690592,328.6525019425666,5.795000967467971,447.8726504403836,6.10450892959491,33.44688226522634,3.509958576407475,76.8070678360576,238.8226394193283,5.475721181963303,1.796873257034734,-.5849526733490609,0
1990m10,363.7916666666667,5.900000095367432,322.5500081380208,84.69166564941406,197.3416748046875,40.50833384195963,20.29166666666667,343.5,7.900000095367432,68.94202201700375,71.99392848474544,60.100028138905,123.7156991712329,61.17200088500977,54.42100143432617,60.07199859619141,63.90000152587891,8.109999656677246,35.92200088500977,7.400000095367432,8.720000267028809,29.62565247908882,282.0333404541016,3627.10009765625,.9966523722890217,.9966647981615332,382,261,63.18289139252703,184.141,0,1.320000171661377,0,0,5.896581359462862,5.776258188208511,4.439017198344472,5.284936616292204,5.642025292510312,3.7015077268195,3.010210292734644,4.107770707210276,4.202795314655551,3.906990373941829,4.063309193739613,4.995487781717124,3.996750135139593,3.581349945808254,5.215701768495546,467.8569016418862,6.148162483439312,117.6372333499749,4.767605595472954,328.3553783844918,5.794096492537829,446.3761221403348,6.10116191980747,32.74308282079276,3.488691728194107,77.27692446807431,238.2871746870242,5.473476562627074,1.788810652252587,-.5264207614020213,0
1990m11,364.4166666666667,6.199999809265137,322.6583251953125,85.29166666666667,197.1416625976563,40.2250010172526,19.99166615804036,349.2000122070313,8,69.02931728397849,72.00253636892668,60.2329160302079,123.5959650191264,61.24599838256836,54.56600189208984,60.13800048828125,66,7.809999942779541,32.29999923706055,7.289999961853027,8.390000343322754,24.88571439470564,282.4333292643229,3631.999908447266,.9998354508779997,.9998399183142829,383,260,63.28277118246062,184.4965,0,1.100000381469727,0,0,5.89829790162492,5.776593946606887,4.446076755313344,5.283922569790328,5.643442520129332,3.694488718167511,2.995315494615732,4.109036118984425,4.202914871537732,3.909199044995994,4.064888749939558,4.994519496118031,3.999411012838614,3.475067206608194,5.217630493110944,467.4221590051864,6.147232830063538,118.4564752408847,4.774545595559644,327.2988850461534,5.790873774981789,446.3036684186831,6.100999591226546,32.54556167025989,3.482641005141211,77.39908416688635,238.3703915697405,5.473825731042527,1.789261782640495,-.6339689123762304,0
1990m12,366.9250081380208,6.300000190734863,321.7750040690104,84.70833333333333,197.5666707356771,39.5,20.22499974568685,389.5,8.800000190734863,69.09393783781236,72.1629485617318,60.30539698298956,123.1982140688459,61.33100128173828,54.52899932861328,60.0260009765625,65.5,7.309999942779541,27.33699989318848,6.949999809265137,8.079999923706055,23.36300010681152,282.2750040690104,3618.600051879883,.9979298169409238,.9979319729334003,384,259,63.37843305021832,184.0155833333333,0,1.130000114440918,0,0,5.905157489676238,5.773852556180956,4.439213983280401,5.286076100721315,5.642881787481643,3.676300671907076,3.006919450370357,4.109971813100403,4.205140262158571,3.910401666132884,4.066399265910509,4.991296151903557,3.998732657928096,3.308241092033577,5.215020446051803,465.7065643361201,6.143555745521629,117.3848006790764,4.765457432905862,327.6102647850988,5.791824684775885,445.3802192385349,6.098928342607906,32.06215309089344,3.467676303095252,77.51608506327237,237.3901922202739,5.469705168012435,1.795185676575835,-.8017307210668263,0
1991m1,367.3500162760417,6.400000095367432,320.0833333333333,84.41666666666667,197.9416707356771,37.7250010172526,19.75,412.8999938964844,9.399999618530273,69.35695672567974,72.06498459739045,60.62070387447744,124.1511297730513,61.63700103759766,53.21500015258789,60.70199966430664,66.80000305175781,6.909999847412109,24.95899963378906,6.409999847412109,8.090000152587891,27.42909110676159,282.3583374023438,3604,.9970527179599391,.9970544064720521,385,258,63.58449140313486,183.9159166666667,0,1.680000305175781,0,0,5.906315116372919,5.768581378557904,4.435764854460683,5.287972395049661,5.643176964290442,3.630323031618858,2.983153491347131,4.113771271458628,4.203781801598804,3.915616547019898,4.069645229796861,4.999001209081262,3.974340314360393,3.217234463923575,5.214478678526574,461.5014101603754,6.134485109540353,117.1396443616578,4.763366764645911,326.5248637586582,5.788506098217217,444.067934132163,6.095977555530353,30.38635337931602,3.413993605629328,77.76810828385311,236.4927226921539,5.465917436600855,1.792543844914291,-.8965368075350533,0
1991m2,368.1000162760417,6.599999904632568,322.2249959309896,84.24166870117188,199.0666707356771,38.91666666666666,18.43333307902018,395.7999877929688,9,69.39210404471386,71.65157617505217,60.75721397005848,124.7891923157787,61.80699920654297,51.16999816894531,61.02000045776367,70.40000152587891,6.25,20.52300071716309,6.119999885559082,7.849999904632568,21.59842109680176,283.3083394368489,3645.499954223633,1.003501446748644,1.003501883473571,386,257,63.57580192523411,184.0010833333333,0,1.730000019073486,0,0,5.908354684601333,5.775250046662989,4.43368967652283,5.293639797437367,5.646535843172892,3.661422607880897,2.914160606063806,4.114277902921079,4.1980286780843,3.917865887848307,4.069508560122912,5.004127449255144,3.935153387033246,3.021546243391329,5.214941645272813,464.3539785497194,6.140647146182985,117.5712708613148,4.767044710222562,327.642855437345,5.791924159776514,445.6229113240646,6.099473104086753,31.18592719807668,3.439966941717485,77.75748046811685,236.6345748674044,5.466517073021043,1.794076781680254,-1.09273165952975,0
1991m3,368.8000081380208,6.800000190734863,326.0833333333333,84.88333129882813,199.9166666666667,41.28333282470703,18.40000025431315,357.5,8.100000381469727,69.4068428244934,71.3716638801927,60.88406024582878,124.7397960686286,61.93600082397461,49.79399871826172,61.03499984741211,87.69999694824219,6.119999885559082,19.86000061035156,6.090000152587891,8.109999656677246,17.74421039380525,284.7999979654948,3692.199996948242,1.004958284288194,1.004970042226064,387,256,63.59484234720789,185.3221666666667,0,2.019999504089355,0,0,5.910254513748655,5.787152972422412,4.44127774069425,5.297900613051694,5.651787172394193,3.72045885494688,2.912350678436307,4.114490278881666,4.194114451946881,3.919951468134538,4.069808006936679,5.003731533348818,3.907894469103548,2.988707689349733,5.222095751968699,469.8143872613376,6.152337695981822,118.9314171536153,4.778547000531401,328.3563314592889,5.79409939510461,447.8350561993316,6.104424986494286,33.09555901630144,3.499399104689794,77.78076818443182,238.2621964175455,5.473371732903161,1.795764234866989,-1.125782589531933,0
1991m4,370.9499918619792,6.699999809265137,325.5916748046875,84.76666768391927,201.2833251953125,39.53333282470703,18.48333358764648,388.3999938964844,8.699999809265137,69.53268467133171,71.60098021459751,60.95775320843887,124.98012043817,62.06000137329102,49.50099945068359,61.33200073242188,81.80000305175781,5.909999847412109,20.82299995422363,5.829999923706055,8.039999961853027,17.37272735075517,286.0499928792318,3685.300094604492,1.002577120043552,1.002581382378819,388,255,63.70963867214912,186.21475,0,2.210000038146973,0,0,5.916067260697212,5.785644065019826,4.439902395760584,5.3047134936226,5.656166595821098,3.677144185029757,2.916869438887319,4.116301741516064,4.197322289816841,3.921161118081577,4.071611499714583,5.005656285263657,3.901992860293712,3.0360581428272,5.226900577602438,468.2570166011852,6.149017325944838,118.3875799323731,4.773963817727775,330.2013519216244,5.799702625728477,448.9901353094307,6.107000917143287,31.63169685395279,3.454159682857832,77.92117180851707,238.9783747831755,5.476373065758997,1.799765519181149,-1.080243598688863,0
1991m5,372.558349609375,6.900000095367432,327.7666625976563,85.55832926432292,202.7416585286458,39.45833333333334,19.51666641235352,381.1000061035156,8.5,69.82064444622624,71.8765803537364,61.26097686886155,125.0353813716735,62.30699920654297,49.96500015258789,61.48899841308594,78.30000305175781,5.78000020980835,21.23999977111816,5.630000114440918,8.069999694824219,16.93227273767645,288.2999877929688,3698.999954223633,1.003209958662009,1.003210708235594,389,254,64.00528383137946,188.2951666666667,0,2.439999580383301,0,0,5.920393668798986,5.79230196070365,4.4491983569586,5.311932550490221,5.664001562302936,3.675245262838132,2.971268788345054,4.120434548196505,4.201164012201978,3.92612311175275,4.076241274865779,5.00609834532796,3.911322763367648,3.055886185597757,5.238010767073802,469.4409013226629,6.151542414948222,119.0350582112457,4.779418056540654,330.947478951642,5.801959688924925,450.4315433589652,6.110206108473929,31.55773421927799,3.451818700601904,78.2827657168626,240.5320825629781,5.482853480079165,1.799959120602481,-1.064548362598747,0
1991m6,375.1000162760417,6.900000095367432,328.375,85.10833231608073,203.4499918619792,39.81666564941406,18.91666666666667,404,9,69.93855035970321,71.96486044837384,61.43856165493997,124.6041416568352,62.44200134277344,49.48799896240234,61.75600051879883,82.09999847412109,5.900000095367432,20.19499969482422,5.75,8.279999732971191,17.13499994277954,288.5583241780599,3713.5,.9984966398024839,.9984941797023102,390,253,64.15917017798606,187.98625,0,2.529999732971191,0,0,5.927192700479048,5.794156248005704,4.443924942843609,5.315420234447596,5.664897229044666,3.684285559555296,2.940043367693403,4.122121820960386,4.202391476349018,3.92901774220062,4.078642664888418,5.00264344252604,3.901730194976062,3.005435033903924,5.236368821857341,469.5193113256194,6.151709429486393,118.2637356423914,4.772917178278623,331.1438067261797,5.80255274243443,449.7538284512733,6.108700385193019,31.95452825241616,3.464313900120989,78.4709790657818,239.5614942466974,5.478810144840064,1.805070879518662,-1.116686787056462,0
1991m7,374.933349609375,6.800000190734863,330.5,85.43332926432292,204.625,40.4499994913737,18.97499974568685,376,8.399999618530273,70.04852033981884,71.69571622237089,61.61615104942079,125.3820494983361,62.63199996948242,49.23600006103516,61.34600067138672,82.90000152587891,5.820000171661377,21.42000007629395,5.75,8.270000457763672,17.29409096457741,290.0583292643229,3738.300003051758,1.00425938064574,1.004265869298115,391,252,64.21894580958022,188.8509166666667,0,2.520000457763672,0,0,5.926748275798785,5.800606659291741,4.447736297074012,5.321179035691299,5.670082038149725,3.700066630930303,2.943122309879156,4.123692966098116,4.198644525764093,3.931904092733154,4.079573908277593,5.008867069109819,3.896625064487694,3.064325068581411,5.240957903087203,471.8158190875139,6.1565886956347,119.1609956156147,4.780475483093952,332.0963684276146,5.8054251931456,451.6709603492928,6.112953950908905,32.26139599186444,3.473871344912216,78.54408868241894,240.4393759411438,5.482467982680752,1.803055309700668,-1.059367897516705,0
1991m8,376.6416829427083,6.900000095367432,330.7583414713542,85.53333536783855,205.25,39.98333231608073,18.61666615804036,393.2999877929688,8.699999809265137,70.21177567957754,71.91749244448715,61.79010902281868,125.1568021002477,62.80400085449219,49.48300170898438,61.17699813842773,82,5.659999847412109,21.6879997253418,5.5,7.900000095367432,15.68136371265758,290.7833353678386,3745.700103759766,.9995978939871424,.9995980141242962,392,251,64.4053561523906,189.0933333333333,0,2.400000095367432,0,0,5.931294292367761,5.80138802254509,4.448906187299535,5.324228748332538,5.672578437854438,3.688462675175677,2.924057209526081,4.126020858140504,4.201733049451686,3.934723367679477,4.082472434768727,5.007068965084515,3.901629210780928,3.076759099532301,5.242240720327632,471.0867062824644,6.155042166845662,118.9325885268614,4.778556849631881,332.1729047673351,5.805655630840515,451.4893678715342,6.112551824122482,31.94659151170626,3.464065493182894,78.77208106554576,240.0512094837128,5.480852273430046,1.805273434227257,-1.049261758608203,0
1991m9,378.941650390625,6.900000095367432,332.0583292643229,85.13333129882813,206.2666625976563,40.65833282470703,18.875,405.3999938964844,8.899999618530273,70.45325726600652,72.02622447768501,62.06434122380918,125.4682948858849,63.05500030517578,49.65599822998047,61.10699844360352,83,5.449999809265137,21.85700035095215,5.369999885559082,7.650000095367432,16.95649976730347,291.3999938964844,3758.199951171875,.9985484916490938,.9985444403488686,393,250,64.6358897943966,189.1754166666667,0,2.28000020980835,0,0,5.937382236476901,5.8053106440399,4.44421863103246,5.32916981030386,5.674696872815614,3.705203804524023,2.937838295135089,4.129454288874448,4.203243807353504,3.939151672816399,4.086045461138301,5.009554693367691,3.905119193465719,3.08452125242479,5.242674715124303,471.3172139232519,6.155531357606527,118.1976869066682,4.772358535462988,332.3432723693006,5.806168387674915,450.8331127233068,6.111097232714086,32.40526450262701,3.478320894248065,79.05403921035386,239.2988625961189,5.477713241857144,1.807927947602453,-1.044933036449658,0
1991m10,380.183349609375,7,331.3333333333333,84.86666870117188,206.9583333333333,39.50833384195963,18.46666717529297,427.8999938964844,9.399999618530273,70.58476454756054,71.96916439046447,62.24917502684625,125.6935422839734,63.19400024414063,49.70100021362305,61.08300018310547,78.30000305175781,5.210000038146973,23.22800064086914,5.139999866485596,7.53000020980835,16.36391299703847,291.8250020345052,3754.399993896484,.9995826950168143,.9995805813158555,394,249,64.75725347958866,189.1739166666667,0,2.390000343322754,0,0,5.940653635327271,5.803124917988464,4.441081421428156,5.332517484759405,5.676154314510389,3.676511632993972,2.915967332628068,4.13131913805447,4.202451280722538,3.94212534687558,4.087921352205027,5.011348337346526,3.906025057922674,3.145358475100174,5.242666785944215,469.4119693635565,6.15148078237507,117.9208754470634,4.77001385248965,332.4675921312664,5.806542388071279,450.644501355339,6.110678783342134,31.43227020581563,3.447835078739177,79.20247515760244,238.8484908965731,5.47582942161033,1.8093344972728,-.9859606629542963,0
1991m11,381.5500081380208,7,333.6333414713542,85.21666463216145,208.6333414713542,39.7749989827474,19.05833307902018,416.8999938964844,9.100000381469727,70.74008395395792,72.30074863130123,62.33373921069312,125.857664062205,63.3120002746582,50.0890007019043,61.1879997253418,69.09999847412109,4.809999942779541,22.46500015258789,4.690000057220459,7.420000076293945,17.77350010871887,293.8500061035156,3774.900100708008,1.004625168103249,1.004629985911139,395,248,64.90625212315481,190.69625,0,2.730000019073486,0,0,5.944241925064487,5.810042609948973,4.445197008983399,5.340578364268876,5.683069453829514,3.683238548648675,2.947504437896801,4.13351718702574,4.207048009420209,3.943482903766134,4.090219588836166,5.012653215219331,3.9138014371187,3.111958549314373,5.25068184801869,471.6326625912738,6.156200425364308,117.8641525092985,4.769532711347223,334.7037160183131,5.813245710690196,452.7298934869278,6.11529568603012,31.6031600293238,3.453257116521075,79.38471051706351,240.2178565090445,5.481546247053666,1.810724738038747,-1.021558637711367,0
1991m12,385.9083251953125,7.300000190734863,335.0416666666667,85.08333333333333,209.8833414713542,40.0749994913737,18.5749994913737,452.2000122070313,9.800000190734863,70.91694498655302,72.45793286753837,62.58501695938163,125.2639763685083,63.46799850463867,50.45299911499023,61.20000076293945,68.19999694824219,4.429999828338623,19.51700019836426,4.179999828338623,7.090000152587891,18.34761910211472,294.9666748046875,3797.600006103516,1.000306463656274,1.000304298177664,396,247,65.13301404498607,190.7376666666667,0,2.910000324249268,0,0,5.955599841763351,5.814254902200203,4.443631168376665,5.346551859557766,5.686862383194823,3.690752685803756,2.921816563221518,4.1360142198354,4.209219682944521,3.947505967960884,4.093707183904352,5.007924918615683,3.921042192307035,2.97128589081273,5.250899011018726,472.4423291643428,6.15791568480588,117.4244557719797,4.765795197216176,335.3571696043012,5.815196141784337,452.868148556675,6.115601020327243,31.9924376130923,3.465499550279804,79.66205559449475,239.4335235806394,5.478275814985515,1.819585621927951,-1.16472832902267,0
1992m1,390.1499837239583,7.300000190734863,340.3916625976563,86.66666666666667,212.4250081380208,41.3000005086263,18.40833282470703,442.5,9.5,71.01330927383226,72.2447727432333,62.77709977937734,125.4708119734919,63.64099884033203,49.67699813842773,61.14899826049805,67.5,4.03000020980835,18.81999969482422,3.910000085830688,7.03000020980835,17.68318167599765,299.0916748046875,3863.799957275391,1.012632488603565,1.012648014888523,397,246,65.21948448851965,193.7363333333333,0,3.120000123977661,0,0,5.966531238845374,5.830096903442906,4.462069342347418,5.358589023199694,5.700750131095023,3.720862512282394,2.912803433007851,4.137372130487907,4.2062735005965,3.950570417976744,4.095033901185418,5.009574754709572,3.905542011854932,2.93492011794173,5.266498128111152,479.3350233617227,6.172399775396074,119.9625431374676,4.78717955353495,338.3797736508429,5.824168855410404,458.5925159487201,6.128162050946377,32.91602234737409,3.493959540664553,79.76781476104115,242.875317461943,5.492548214796876,1.829159108357468,-1.202452012546177,0
1992m2,392.8249918619792,7.400000095367432,341.625,86.5499979654948,213.3083292643229,41.7749989827474,17.875,459.6000061035156,9.800000190734863,71.1935695672568,72.33628079443871,62.97522421490566,125.7035978573068,63.81399917602539,49.51599884033203,61.39599990844727,68.80000305175781,4.059999942779541,18.9950008392334,3.950000047683716,7.340000152587891,17.47736850537752,299.8583272298177,3885,.9999548607974944,.9999534612910702,398,245,65.38965696642562,193.8460833333333,0,3.390000104904175,0,0,5.973364199359538,5.833713644248232,4.460722258115514,5.362738674242895,5.703310120547288,3.732298050130707,2.883403088580071,4.139907315725645,4.207539338148313,3.953721446811304,4.097639730644282,5.011428334862275,3.902295826249498,2.944175830821393,5.267064459287252,479.8537312801345,6.173481330963662,119.6494995525798,4.784566631751233,338.7178559879343,5.825167477619044,458.5714945465767,6.128116210939777,33.23293819335906,3.503541498360163,79.97594714358735,242.3804784522347,5.490508716514111,1.833456883633893,-1.195731484904251,0
1992m3,394.125,7.400000095367432,343.0833333333333,86.2000020345052,215.9083251953125,40.9750010172526,19.23333358764648,457.7000122070313,9.699999809265137,71.36589392732,72.52144886789486,63.16247282079481,125.6240476672507,63.97299957275391,49.53400039672852,61.57600021362305,76,3.980000019073486,18.91600036621094,4.139999866485596,7.539999961853027,17.52045462348244,302.1083272298177,3886.199996948242,1.004636306546896,1.00463497087525,399,244,65.57632296021254,195.2524166666667,0,3.400000095367432,0,0,5.976668117865225,5.837973371981905,4.456670201271796,5.374853897200267,5.710785652494089,3.71296214945607,2.956644898068465,4.142324895587001,4.210095890356359,3.956690404511258,4.100490335363074,5.010795295130043,3.902659310484396,2.94000814414148,5.274293165937265,480.7385075043467,6.175323478835979,118.8613898096923,4.777958022699469,341.8300702188936,5.834313742876462,460.6972663183897,6.132741138167787,32.61716349546862,3.484838637417758,80.20425220504795,243.4439712342056,5.494886818445332,1.834343222278224,-1.202316751445522,0
1992m4,396.3000081380208,7.400000095367432,344.2916666666667,86.94167073567708,216.5166625976563,40.83333333333334,19.3249994913737,468.2000122070313,9.800000190734863,71.55862250187846,72.55051690426644,63.40045993699208,125.8719105225186,64.18299865722656,49.59799957275391,61.48400115966797,77.19999694824219,3.730000019073486,20.24300003051758,3.839999914169312,7.480000019073486,16.56285694667271,303.4583333333333,3899.600006103516,1.001656819009601,1.00166308145504,400,243,65.76019970747654,196.2395833333333,0,3.640000104904175,0,0,5.98217152073139,5.841489166353239,4.465237442487537,5.377667507980573,5.715244313869969,3.709498741316672,2.961399568153884,4.145021825353706,4.210496629901121,3.960451180142918,4.103290422706174,5.012766403829389,3.90395050172308,3.007809056287002,5.279336276697538,481.1323284732442,6.176142343440608,119.8360458966824,4.786124524370448,341.5064540743591,5.833366578025109,461.4620008503896,6.134399712200567,32.44038575709725,3.479404120579015,80.42914583046752,243.9906346226488,5.497129841862505,1.837149695377684,-1.137212769066704,0
1992m5,398.6750081380208,7.599999904632568,346.5333251953125,87.36666870117188,217.3333333333333,41.8249994913737,19.13333384195964,470.2000122070313,9.800000190734863,71.65385370221455,72.64956506776039,63.47536030102822,126.1147392025726,64.27300262451172,49.87599945068359,61.36899948120117,79.19999694824219,3.819999933242798,20.94000053405762,3.720000028610229,7.389999866485596,15.07699995040894,304.7000020345052,3928.799896240234,1.002854147639524,1.002854112699636,401,242,65.84135271078317,196.79,0,3.669999837875366,0,0,5.988146569046704,5.847978990615132,4.470113844948224,5.381432273258543,5.71932769266874,3.733494234712067,2.951432041240667,4.146351754378001,4.211860929115171,3.961631868040686,4.104523736631458,5.014693718276288,3.909539914120698,3.041661230946575,5.282137170318999,483.621336872496,6.181302238678207,120.25766240952,4.789636627617084,342.3900743574241,5.835950655405312,462.7790734691314,6.137249777074054,33.16424373220328,3.501472299527511,80.52840141008198,244.3734093240827,5.498697421558681,1.841794814668703,-1.104690523431426,0
1992m6,401.0500081380208,7.800000190734863,348.0916748046875,87.49166870117188,218.0083414713542,42.58333333333334,19.06666692097982,480.3999938964844,10,71.780828635996,72.98330127964248,63.56717350183373,125.8400827802395,64.322998046875,50.51200103759766,61.63899993896484,80.40000152587891,3.759999990463257,22.375,3.75,7.260000228881836,15.20318187366832,305.5000101725261,3948.300094604492,1.000276035197913,1.000279121224291,402,241,65.99590410802939,196.9805,0,3.510000228881836,0,0,5.994086128104719,5.852465878428806,4.471543573986597,5.38453332568712,5.721949811909607,3.751462940415704,2.947941623055745,4.14812224621275,4.216444191183214,3.963077261391111,4.106868316180117,5.012513513674802,3.922210952357243,3.107944264160919,5.283104739067099,484.936829818275,6.184018634657131,119.879023238397,4.786483094587416,342.9574251324314,5.837606314483463,462.9075308559299,6.137527316766263,33.8392445336345,3.521621209832633,80.71742816065016,244.037136079155,5.497320410758124,1.845963881891969,-1.040177982051831,0
1992m7,402.066650390625,7.699999809265137,350.3999837239583,88.01666259765625,220.1083374023438,42.26666768391927,19.36666615804036,458.6000061035156,9.5,72.01777354989306,73.14478945797023,63.82690766890693,126.0201120410635,64.56600189208984,50.72499847412109,61.55099868774414,76.59999847412109,3.25,21.75900077819824,3.279999971389771,6.840000152587891,13.60181821476329,308.125,3972.399810791016,1.005025115023588,1.00502444946063,403,240,66.230177587212,198.8724166666667,0,3.56000018119812,0,0,5.996617871867823,5.859075312612345,4.477526144254832,5.394119867880153,5.730505544796954,3.743998777402506,2.96355334892678,4.151417759865017,4.218654419801863,3.967154915934796,4.110411848913134,5.013943110690821,3.92641885563048,3.080027500813815,5.292663496839664,486.5465376837919,6.187332555188402,120.3321019171592,4.790255436237001,344.8519526343414,5.843115202132812,465.2335403966878,6.142539516920592,33.53962077906002,3.512727449803416,81.00396037778464,245.509498225975,5.50333563579767,1.845200112002805,-1.071390259051203,0
1992m8,404.0166829427083,7.599999904632568,351.7416585286458,88.44167073567708,220.6416625976563,42.65833282470703,19,466.3999938964844,9.600000381469727,72.11414216193161,73.28474149858499,63.9054302372212,126.1138959143388,64.625,50.61899948120117,61.97900009155273,76.09999847412109,3.299999952316284,21.35000038146973,3.200000047683716,6.590000152587891,14.42190474555606,309.0833333333333,3992.89990234375,1.001682435945114,1.001682196740004,404,239,66.32458838247624,199.47625,0,3.390000104904175,0,0,6.001456171521204,5.862896981509036,4.48234324698762,5.396539949357683,5.733610927701591,3.753222631752279,2.94443897916644,4.152754987999717,4.220565947924848,3.96838440221044,4.111836328984266,5.014687031579248,3.924326989635217,3.061051757542068,5.29569518162414,487.7568365700216,6.189816995950395,120.6822442532389,4.793161010846804,345.2627762282794,5.844305797334697,466.0162103848004,6.144220419754096,33.82524385233657,3.521207383264763,81.11943112839147,245.9043995072891,5.504942840511015,1.848701183521487,-1.091703230457649,0
1992m9,402.7833251953125,7.599999904632568,354.6083170572917,88.7999979654948,222.7083333333333,43.09166463216146,19.9499994913737,417.5,8.600000381469727,72.23204807540858,73.32565358933574,64.06852159778472,126.0033740473319,64.73000335693359,50.66600036621094,62.11299896240234,75.59999847412109,3.220000028610229,21.90200042724609,2.970000028610229,6.420000076293945,13.69666658129011,311.5083312988281,4015.899810791016,1.005852615930571,1.005851272229701,405,238,66.45605896948756,201.3028333333333,0,3.450000047683716,0,0,5.998398762756417,5.871013848123344,4.48638662708703,5.4058629931112,5.741426083612473,3.763329582400749,2.993229117840819,4.154388643027336,4.221124054214489,3.970933224787511,4.113816596931385,5.013810281850017,3.925255081424806,3.08657797636074,5.304810407724701,490.9293402384061,6.196300207537084,121.1035887423847,4.796646284656572,347.6096026243156,5.851080018511143,468.7433111883043,6.15005530771786,34.19881805385189,3.532191083642463,81.28022849613347,247.665191225329,5.512077798664458,1.844010119729081,-1.067810666666596,0
1992m10,401.6000162760417,7.300000190734863,357.058349609375,89.49166870117188,224.0083414713542,43.55833435058594,19.5749994913737,379.1000061035156,7.900000095367432,72.48713102991462,73.38163769103363,64.38624329212469,126.2487198149928,64.97899627685547,51.01300048828125,62.03900146484375,73.30000305175781,3.099999904632568,21.6879997253418,2.930000066757202,6.590000152587891,17.63681827891957,313.5000101725261,4049.800201416016,1.002620722552092,1.002625958457915,406,237,66.70596406836604,202.4371666666667,0,3.660000085830688,0,0,5.995456608905511,5.877899212708041,4.494145533810189,5.411683289873099,5.747799392521224,3.774101059284676,2.974253215893403,4.157913859522425,4.221887262422163,3.975880061014738,4.11757000029019,5.015755525128434,3.932080511774827,3.076759099532301,5.310429550331448,492.5817100721244,6.199660355626691,121.9537632533741,4.803641983172058,347.9133585337684,5.851953479045815,469.972984501392,6.152675213267806,34.50200082378429,3.541017317247974,81.58587923519579,248.1277012203065,5.513943537912399,1.837542749383086,-1.081154759990123,0
1992m11,403,7.400000095367432,358.375,89.29166666666667,226.2416585286458,42.84166463216146,20.41666666666667,380.2999877929688,7.900000095367432,72.62998215517807,73.42038959710912,64.55295685696633,126.4697763261011,65.12100219726563,51.35100173950195,61.87699890136719,85.30000305175781,3.089999914169312,20.34199905395508,3.210000038146973,6.869999885559082,14.42449994087219,315.5333251953125,4055.5,1.004476009899809,1.004471762451483,407,236,66.8395764971996,203.6184166666667,0,3.659999847412109,0,0,5.998936561946683,5.881579924203534,4.491908165125632,5.421603713518704,5.754264303012719,3.75751110178452,3.016351560756727,4.159882630376113,4.222415210267182,3.978465987677075,4.119571002687572,5.017504954401418,3.93868444425638,3.012687667696427,5.316247735726347,493.4257029477324,6.201372296268497,121.6169883552109,4.800876666642481,350.4745089058312,5.859287976029083,472.0755901386247,6.157139121361919,33.87502206194675,3.522677930474834,81.74929621949968,249.0766600851757,5.517760720909917,1.83905393157057,-1.147194962679686,0
1992m12,418.1000162760417,7.400000095367432,361.3666585286458,89.91666666666667,227.0833333333333,44.36666870117188,20.03333282470703,525.4000244140625,10.5,72.75695708895952,73.59049387324809,64.71725101055353,126.0108997559639,65.24199676513672,51.47200012207031,61.9010009765625,91,2.920000076293945,19.4069995880127,3.289999961853027,6.769999980926514,12.19136363809759,317,4095.999908447266,1.00216236281873,1.002162524501843,408,235,67.00536759627325,204.1878333333333,0,3.480000019073486,0,0,6.035720677291105,5.889893117479016,4.498883315470135,5.425317057309345,5.75890177387728,3.792488482589571,2.997397527484052,4.161629348021111,4.224729383858118,3.981007860932449,4.122048364607954,5.013870006313403,3.941037972868257,2.965633804501159,5.319040321846438,496.6764320377017,6.20793877189898,122.1851654121777,4.805537643396049,350.8853200459682,5.86045944656435,473.0964270056943,6.159299230306098,35.20859607152521,3.5612902593679,81.95206988113853,249.1551874522302,5.518075945109625,1.874091329269993,-1.195995543519953,0
1993m1,409.9833170572917,7.300000190734863,361.7250162760417,89.875,227.0083414713542,44.84166463216146,18.95833333333333,420.5,8.5,72.93381379679531,73.56895773553508,64.94920111962058,126.2805347801774,65.43199920654297,51.37300109863281,61.94599914550781,89.30000305175781,3.019999980926514,19.07500076293945,3.069999933242798,6.599999904632568,12.40899996757507,316.8833414713542,4113.2001953125,.9971546292381178,.9971575597584895,409,234,67.17173916515196,203.5975,0,3.529999971389771,0,0,6.016116468766322,5.890884299618767,4.498419816041211,5.424986763376106,5.758533698168927,3.803137721336507,2.942243588603005,4.164057186018433,4.224436692663209,3.984585507311467,4.124528245984996,5.01600749566075,3.939112764003652,2.948378617167346,5.316145005622591,495.9633912520502,6.20650211604141,122.1642969621531,4.805366835162033,349.5167570317919,5.856551506252093,471.7509854735906,6.156451273220703,35.50956187366445,3.569802008767489,82.15555349637866,247.8195220350799,5.512700747508736,1.852059282747889,-1.215678568851088,0
1993m2,412.558349609375,7.099999904632568,362.941650390625,90.11666870117188,229.1416625976563,43.68333435058594,20.69166692097982,436.5,8.800000190734863,73.04378377691091,73.7842780445154,65.04463652470422,126.1465541677572,65.55699920654297,51.03200149536133,62.11299896240234,86.59999847412109,3.029999971389771,20.05299949645996,2.990000009536743,6.260000228881836,13.72157894937616,319.2583312988281,4106.999801635742,1.005601558649318,1.005603968533051,410,233,67.29812509325032,205.634,0,3.270000219345093,0,0,6.022377649369604,5.894242078618803,4.501105149736252,5.43434042625506,5.766000591044587,3.776966664388278,3.029731055016728,4.165563855572482,4.227359200080105,3.9860538141783,4.126408012369992,5.014945956460975,3.932452916242078,2.998378743384437,5.326097889558763,496.8823240306324,6.208353225487397,122.135326236848,4.805129661440178,352.2837159842185,5.864436862264214,474.3940947187668,6.162038399711366,34.62903496554748,3.544692491019035,82.31013198438751,249.8282957910995,5.520773865059911,1.856813793797122,-1.167185112188045,0
1993m3,412.125,7,362.7083333333333,89.79166666666667,229.4833374023438,43.43333435058594,20.43333307902018,434.1000061035156,8.800000190734863,73.19342909907392,73.69599794987796,65.28987265786014,126.1097178044531,65.69999694824219,51.25500106811523,62.0880012512207,85.90000152587891,3.069999933242798,20.34700012207031,3.009999990463257,5.980000019073486,13.60608685534933,319.2750040690104,4107.300003051758,.9976893760862958,.9976892332616214,411,232,67.4575133941495,204.9981666666667,0,2.970000028610229,0,0,6.021326701391895,5.893599021854344,4.497492172189903,5.435830422953452,5.766052813126858,3.771227218883701,3.017167541828062,4.167610466984911,4.226162021615581,3.989816998987979,4.1287736035544,5.014653901375264,3.936813195074604,3.012933486873191,5.323001036008987,495.5476711473304,6.205663557310508,121.8406279371312,4.802713862358353,351.4838183326072,5.862163674152927,473.2979145013974,6.159725030609229,34.44090995266048,3.539245100600168,82.50507459334727,248.4673429811025,5.515311420325729,1.853716234406984,-1.15467698011172,0
1993m4,415.3666585286458,7.099999904632568,366.1166585286458,90.2000020345052,230.6666666666667,45.25,19.84999974568685,431.5,8.699999809265137,73.38843249703733,73.69599794987796,65.49886831462521,126.7745739142456,65.89099884033203,51.26200103759766,62.20100021362305,85.59999847412109,2.960000038146973,20.27000045776367,2.930000066757202,5.96999979019165,12.84095241909935,320.8666687011719,4155.199905395508,1.002678290727657,1.002679968189281,412,231,67.61266265794703,205.7460833333333,0,3.039999723434448,0,0,6.029161644688334,5.902952021764141,4.502029449624068,5.44097366694956,5.771025674541556,3.812202670145935,2.988203994321454,4.170271144245782,4.226162021615581,3.993012929051999,4.131070917981132,5.019912097818677,3.936949757193073,3.009141983047217,5.326642803329009,498.8751579391287,6.212355879959434,122.3947087274019,4.807251139792519,352.1689345206003,5.864110988085015,474.565940886604,6.162400577597195,35.69327713190229,3.574962355418989,82.69483257490708,248.8016202789495,5.516655873219018,1.858890500442552,-1.161129161198565,0
1993m5,416.0500081380208,7.099999904632568,368.5333251953125,90.97499593098958,231.5583292643229,46,19.60833358764648,410.7999877929688,8.199999809265137,73.61517097892744,73.66800589902903,65.83108804288248,126.767878716753,66.11399841308594,50.81499862670898,62.65399932861328,80.30000305175781,3,19.94000053405762,3.029999971389771,6.039999961853027,13.6060001373291,322.5333251953125,4187.099899291992,1.001648877880045,1.001660049703592,413,230,67.85160061988472,206.8165833333333,0,3.009999990463257,0,0,6.030805464906638,5.909531142263112,4.510584698771535,5.444831804054022,5.776206464836197,3.828641396489095,2.975954658914963,4.173355948377554,4.225782118105164,3.998072253613083,4.134598611617035,5.019859284592137,3.928191559564421,2.992727791316923,5.331832329619083,500.6214348137645,6.215850196326633,123.4932245290878,4.816186292450402,351.7461675758502,5.862909800628393,475.3510930452395,6.164053674255934,36.28679478243954,3.591453894988689,82.9870697680818,249.2154306825259,5.51831770587319,1.857449516529083,-1.180628157060632,0
1993m6,415.4166666666667,7,370,90.40833536783855,233.875,45.71666463216146,20.09999974568685,385.7999877929688,7.699999809265137,73.64011619071394,73.40208962959403,65.93860667903132,126.9906218043289,66.177001953125,50.54399871826172,62.53200149536133,81.5,3.039999961853027,19.06999969482422,3.140000104904175,5.960000038146973,12.52409081025557,324.2833353678386,4198.800003051758,1.005270598216949,1.005258935683093,414,229,67.86247160123028,207.9025,0,2.819999933242798,0,0,6.029282032607939,5.91350300563827,4.504336468543919,5.454786784594254,5.781617625523126,3.822462884213018,3.000719802412634,4.173694750637284,4.222165930079213,3.999704171486723,4.134758815805014,5.021614836775222,3.922844218700868,2.948116403609403,5.337069219803692,502.443530971312,6.219483257442062,123.1686125341423,4.813554250248738,354.6859901642007,5.871232863294984,477.8537057615208,6.169304630754883,36.00003211465735,3.583519830529527,83.00036570921111,250.4838360934206,5.523394391869819,1.855587281970655,-1.225578347027882,0
1993m7,417.125,6.900000095367432,372.4083251953125,90.99166870117188,234.875,46.54999796549479,19.9499994913737,377.6000061035156,7.5,73.75801777943155,73.35149366913937,66.1004860297664,127.210004516064,66.31400299072266,50.42699813842773,62.50199890136719,77,3.059999942779541,17.86599922180176,3.109999895095825,5.809999942779541,11.50047620137533,325.8666687011719,4229.499908447266,1.003298966125257,1.003302330603153,415,228,67.96947097032813,208.81775,0,2.700000047683716,0,0,6.033385937071538,5.91999090067213,4.510767949591267,5.45905345773363,5.786488305992588,3.84052696001727,2.993229117840819,4.175294521417104,4.221476393765045,4.002156163976513,4.136334283095021,5.023340896772616,3.920526709003185,2.882899421722149,5.341461861973918,504.90554980609,6.224371381696102,124.0488286599869,4.820675267610254,355.3302163228134,5.873047543944571,479.4309328130977,6.172599843934339,36.59303224033489,3.599857846336386,83.13123313204773,251.1904877776908,5.526211566750039,1.858091415654433,-1.292395099694955,0
1993m8,418.441650390625,6.800000190734863,373.4250081380208,90.86666870117188,236.5999959309896,45.95833333333334,20.4250005086263,381.2999877929688,7.599999904632568,73.88385962626987,73.41823762606381,66.23820813517587,127.3758000936689,66.43800354003906,50.36000061035156,62.625,77.30000305175781,3.029999971389771,18.00900077819824,3.089999914169312,5.679999828338623,11.92863642085682,327.4666646321614,4236.000091552734,1.003148622278433,1.003146846463715,416,227,68.08887342242946,209.399,0,2.589999914169312,0,0,6.036537454618975,5.922717202989275,4.509393252984328,5.46637093434644,5.791386262511907,3.827735188905557,3.016759665648211,4.1769992122477,4.222385899573039,4.004237522811081,4.138089448987813,5.024643370029501,3.919197221295915,2.890871676149445,5.344241522875845,505.4216306875869,6.225392993182651,123.7657993971157,4.818391065195321,357.1956467302788,5.878283661722813,480.9400540386812,6.175742634560865,36.08089864757416,3.585763601967788,83.27727035935683,251.4479630473052,5.527236061759173,1.859538242371275,-1.286127536098255,0
1993m9,417.7333170572917,6.699999809265137,375.9583333333333,91.27500406901042,238.0333251953125,46.6499989827474,20.5,342.2999877929688,6.800000190734863,73.96095278599698,73.08019747209111,66.42304193821293,127.7995013227806,66.53800201416016,50.19400024414063,62.59299850463867,77.90000152587891,3.089999914169312,17.51399993896484,3.009999990463257,5.360000133514404,12.93142840975807,329.3083292643229,4265.5,1.004881852040115,1.004890565479737,417,226,68.13886289793652,210.5898333333333,0,2.350000143051147,0,0,6.034843231447171,5.929478321646555,4.513876972121381,5.472410685698377,5.796994482910971,3.842672905487295,3.020424886144363,4.178042105338863,4.217770959437989,4.00702407762699,4.138823359410186,5.027964237026791,3.91589550250596,2.863000557615098,5.349912323764114,508.320024515035,6.231111218748768,124.8970408213084,4.827489724467424,358.3595665744011,5.881536858258842,483.2900275391821,6.180616944537556,36.50248905504289,3.597380451552235,83.3384108490973,252.6924034040593,5.53217295222507,1.856801126108309,-1.315041547723765,0
1993m10,417.0083414713542,6.800000190734863,377.7333170572917,91.68332926432292,238.6416625976563,47.40833536783854,20.63333384195964,310.7000122070313,6.199999809265137,74.19336535212148,73.57326167762569,66.5341827786399,128.262568779898,66.64700317382813,51.37300109863281,62.91600036621094,82.69999694824219,2.990000009536743,18.14500045776367,3.089999914169312,5.329999923706055,11.87523810068766,330.3249918619792,4285.199798583984,1.000007738383098,1.000010919437821,418,225,68.34858811401655,210.9066666666667,0,2.240000009536743,0,0,6.033106225127161,5.934188436199542,4.518340566272221,5.474963107151954,5.800076993663875,3.858798064883107,3.02690791567315,4.181179546888891,4.224495193100528,4.008695906541143,4.141896541297409,5.031581078535059,3.939112764003652,2.898395065893122,5.351415697543052,509.1200746381709,6.232683891751726,124.6150125381823,4.825229084955725,358.6752743196985,5.882417450798265,483.2945361079638,6.180626273403237,36.96194128872665,3.609888769439778,83.59491888987975,252.296036012064,5.530603144116785,1.85192667823827,-1.282784480995768,0
1993m11,418.9499918619792,6.599999904632568,379.5083414713542,92.26666259765625,239.3916625976563,47.8500010172526,20.13333384195964,312.3999938964844,6.199999809265137,74.33394597873931,73.6820019244535,66.67190027564698,128.4852990903795,66.81900024414063,50.87300109863281,63.06000137329102,81.19999694824219,3.019999980926514,16.69899940490723,3.180000066757202,5.71999979019165,14.08380953470866,331.6583251953125,4312.500091552734,1.002126782207473,1.002127233132143,419,224,68.47881735850227,211.3635833333333,0,2.539999723434448,0,0,6.037751561634494,5.938876576755796,4.524682890974858,5.478100966275388,5.804105298009326,3.868071139158161,3.002376841535555,4.183072541077477,4.225972087901208,4.010763643132706,4.143800096851357,5.033316090928364,3.929332352546306,2.815348801753863,5.353579794326997,510.5451304574893,6.235479038119394,125.2227955101677,4.830094514857682,359.0593062563391,5.883487573330136,484.3225072930295,6.182751022194741,37.24161546574587,3.617426831321529,83.75419801224749,252.3617780954996,5.530863685346782,1.854679020557017,-1.367723739323614,0
1993m12,433.3249918619792,6.5,380.9250081380208,92.375,240.3583374023438,48.19166564941406,20.66666666666667,467.3999938964844,9,74.35095093240514,73.62816979380092,66.7492154425352,128.1637635085033,66.8489990234375,50.54999923706055,63.19499969482422,88.19999694824219,2.960000038146973,14.51000022888184,3.130000114440918,5.769999980926514,11.35636355660179,332.7333374023438,4323.10009765625,1.002605896449014,1.002605528917283,420,223,68.52223017277798,212.4365833333333,0,2.639999866485596,0,0,6.071488005046965,5.942602526719258,4.525856379268366,5.482130882327241,5.807341380596442,3.875186094267697,3.028522096376982,4.183301279222282,4.225241220067426,4.011922607740762,4.144433855738768,5.030810445695578,3.922962930373712,2.674838082670172,5.358643512452419,512.3337406731113,6.238976249938052,125.4614915170382,4.831998870984972,360.0916292555823,5.886358524773933,485.5845125930091,6.185353345894447,37.60163117105773,3.62704743166385,83.80729480310006,253.4822103880571,5.535293644584793,1.888186725824683,-1.50846319655211,0
1994m1,425.3249918619792,6.599999904632568,382.0916748046875,92.49166870117188,241.3000081380208,48.29999796549479,20.78333282470703,356.7999877929688,7,74.37588749467298,73.42900569492032,66.83740643906259,128.3144821146551,66.90200042724609,50.19699859619141,63.2140007019043,94.30000305175781,3.049999952316284,15,3.039999961853027,5.75,11.29047616322835,333.7916768391927,4335.700103759766,1.002976689360024,1.002977807967033,421,222,68.53613270905716,212.1504166666667,0,2.710000038146973,0,0,6.052853563434549,5.945660566214151,4.527118572366565,5.486041006356724,5.810517076342845,3.877431518536265,3.034151358985138,4.183636612949069,4.22253255631146,4.013242964646229,4.144636726049408,5.031985739320461,3.915955235989765,2.70805020110221,5.357295535665574,513.7305754261474,6.241698955706157,125.9606715709216,4.835969727839138,361.0253913099102,5.88894829189795,487.030218434081,6.188326171330209,37.64189136681893,3.628117562307535,83.82429853974905,253.0894029087115,5.533742797487307,1.869216950485479,-1.475586411846859,0
1994m2,427.1083170572917,6.599999904632568,386.0500081380208,93.15000406901042,243.4583333333333,49.44166564941406,20.73333358764648,330.1000061035156,6.400000095367432,74.54821185473618,73.41608565501851,67.06331493259705,128.5447509108631,67.0469970703125,50.80099868774414,63.0890007019043,93.19999694824219,3.25,14.77999973297119,3.329999923706055,5.96999979019165,13.64421046407599,336.6083374023438,4383.800094604492,1.006029294785388,1.006030537731751,422,221,68.70021003538925,214.3285833333333,0,2.639999866485596,0,0,6.05703765098325,5.95596691583505,4.534211140729941,5.494945812206492,5.818920050916209,3.900793502901793,3.031742723342932,4.185950871524104,4.222356588019753,4.016617236353868,4.147027891555997,5.033778696927495,3.927916013598758,2.693274897453154,5.367510273582099,517.8528076438287,6.249691046752021,126.8795567591569,4.84323826449422,363.027586062551,5.894478826040078,489.9669698665377,6.194337980396984,38.46260955742833,3.649686589066029,84.02497614209425,255.0772320016887,5.541566369897244,1.871086779459146,-1.49267597407095,0
1994m3,429.683349609375,6.5,387.1666666666667,93.56667073567708,244.1333414713542,49.46666463216146,20,346.7999877929688,6.699999809265137,74.75341303518789,73.41070572740523,67.31700748413765,128.9399847735365,67.27500152587891,50.7760009765625,63,91.5,3.339999914169312,14.65999984741211,3.589999914169312,6.480000019073486,15.22347831726074,337.7000122070313,4406,1.000525970549638,1.000530244964128,423,220,68.88663626404681,215.0593333333333,0,2.890000104904175,0,0,6.063048541157432,5.958855263542354,4.538674238187546,5.497714557466574,5.822157963539082,3.901299000936358,2.995732273553991,4.188699687015042,4.222283305377465,4.02039298042666,4.149737835824093,5.036848658896582,3.927423821236927,2.685122686050054,5.370913959047473,517.9250698351656,6.249830578968388,127.4564381428462,4.847774644594114,362.6622017160833,5.893471827227368,490.2257252228223,6.194865948751761,38.36409994854748,3.647122125131508,84.25298795468031,255.2542509815958,5.542260111094522,1.87434885414239,-1.503577000964988,0
1994m4,430.191650390625,6.400000095367432,389.2583414713542,93.84166463216145,244.8333333333333,50.58333333333334,19.98333358764648,325.7000122070313,6.300000190734863,74.8418457138651,73.51297363383719,67.40277906941056,128.9801815126815,67.37599945068359,50.51399993896484,63.11800003051758,92.59999847412109,3.559999942779541,16.3799991607666,3.779999971389771,6.96999979019165,16.47105267173366,338.6749979654948,4431.300094604492,1.001577971747444,1.001577972873119,424,219,68.97667804230714,215.2813333333333,0,3.18999981880188,0,0,6.064230807976346,5.964243240083352,4.541608943234789,5.500577706945823,5.825040939459551,3.923622141271498,2.994898605531676,4.189881979685515,4.223675428463313,4.021666313751425,4.151044083124419,5.037160357978117,3.9222505243753,2.796061027189672,5.371945699883925,520.1078858471294,6.254036262838913,127.653201868258,4.849317226555508,363.2392265031194,5.895061643381852,490.9992878430112,6.196442677371903,39.21791141870886,3.669133566385113,84.36311510372714,255.1841916560787,5.541985604630647,1.874348828290831,-1.393820952495843,0
1994m5,435.7833251953125,6.099999904632568,389.125,93.66666666666667,246.3916625976563,49.07500203450521,20.23333358764648,393,7.5,74.95068260703758,73.48282961194295,67.5223809366246,129.4105907163804,67.5260009765625,49.90399932861328,63.2400016784668,92.80000305175781,4.010000228881836,17.8799991607666,4.269999980926514,7.179999828338623,13.89714281899588,340.0583292643229,4426.699996948242,1.002911986957987,1.002909348134715,425,218,69.05741281609001,216.1568333333333,0,2.909999847412109,0,0,6.077145159261998,5.963900628761772,4.539742380665636,5.506922394226724,5.829117159555819,3.893349781619584,3.007331421966362,4.191335148458951,4.223265294001632,4.023439176552326,4.152213863466176,5.040491820615622,3.910101146411882,2.883682722808376,5.376004224462341,519.1747245854472,6.252240482743896,127.4674194792348,4.847860798448036,364.9036944193592,5.899633467861852,492.4284235349911,6.199349117126415,37.92193649904532,3.635529744095693,84.46185916051311,255.9224192810441,5.544874348867307,1.885810010803047,-1.307652425650575,0
1994m6,436.1583251953125,6.099999904632568,392.4083251953125,94.51666259765625,247.8666585286458,50.0249989827474,21.15833282470703,356.5,6.800000190734863,75.13321339910773,73.73690182699877,67.66251323648376,129.7120407057786,67.67600250244141,50.04999923706055,63.51900100708008,91.19999694824219,4.25,19.06999969482422,4.25,7.099999904632568,13.40863635323264,342.3833211263021,4454.999908447266,1.004370234302093,1.004369767919888,426,217,69.2270387643414,218.3109166666667,0,2.849999904632568,0,0,6.078005308614773,5.972302943560218,4.548776142741207,5.512890934346927,5.835930931417298,3.912522860134912,3.052033814883579,4.193767533104109,4.226716902896926,4.025512371947547,4.154667154944563,5.04281851916554,3.913022490517684,2.948116403609403,5.385920269940311,522.2834315775087,6.258210412897185,128.1809518108191,4.853442951628313,366.3278921702773,5.903528812586835,494.5803362929088,6.203709597509507,38.56619532817111,3.652376124061103,84.66932310054418,257.8394496049344,5.55233710286689,1.884237775510664,-1.245651129494706,0
1994m7,437.9083251953125,6.099999904632568,393.3833414713542,94.94167073567708,248.2750040690104,50.17499796549479,20.5,362.7999877929688,6.900000095367432,75.37015831300479,74.11693827087483,67.81472876740813,130.2144488367126,67.81800079345703,50.90000152587891,63.83599853515625,89,4.260000228881836,19.64999961853027,4.460000038146973,7.300000190734863,12.48449993133545,343.2166748046875,4474.60009765625,.9993844748839128,.9993845056090712,427,216,69.43827583163362,218.41525,0,2.840000152587891,0,0,6.082009585262424,5.974784560044032,4.553262710774074,5.514537019178548,5.838361952694277,3.915516854134216,3.020424886144363,4.196916234783864,4.231857618627516,4.027759474010202,4.157713875478944,5.046684294889231,3.929862953534451,2.978077318902053,5.386398067440354,521.9351402151395,6.257543327701244,128.0971299552259,4.85278880393059,366.1077889444155,5.9029277953558,494.2759172720274,6.203093898252106,38.53258867486637,3.651504342336716,84.92768023701306,257.1779299640055,5.549768179832551,1.885093350478559,-1.218838915881812,0
1994m8,439.441650390625,6,396.8833414713542,96.25,249.6416625976563,51,21.02500025431315,337.6000061035156,6.400000095367432,75.54361576001115,74.44206659857568,67.93916024032634,130.2889776286492,67.89399719238281,52.02899932861328,63.96599960327148,91.69999694824219,4.46999979019165,18.3799991607666,4.610000133514404,7.239999771118164,11.88913046795389,345.8916625976563,4510.300094604492,1.005239795376667,1.005236897477125,428,215,69.61480260742265,220.2064166666667,0,2.62999963760376,0,0,6.085504944695037,5.983642387306661,4.566948973167894,5.520026540024662,5.846125612147732,3.931825632724326,3.045712217954762,4.199214998093647,4.236234719121439,4.029592666542287,4.160252860916756,5.047256485397289,3.951801242532472,2.911263071267399,5.394565364039611,525.3697979352526,6.26410239165409,129.2951746208529,4.862097965830487,367.4488494037604,5.90658412366983,496.8651057566537,6.208318572267747,39.14375638541016,3.667240930418768,85.14358435312091,258.6294884572769,5.555396490993996,1.88628994660139,-1.287951926826249,0
1994m9,441.8500162760417,5.900000095367432,397.9166666666667,96.20833333333333,250.5583292643229,51.1499989827474,20.56666692097982,352.7999877929688,6.699999809265137,75.62750744139713,74.45821459504546,68.04788627790123,130.335026277053,67.99700164794922,51.79199981689453,64.00499725341797,91.5,4.730000019073486,17.45999908447266,4.75,7.460000038146973,13.23333336058117,346.7666625976563,4528.199996948242,1.00131271447462,1.001311960237842,429,214,69.69943756748187,220.4765833333333,0,2.710000038146973,0,0,6.090970494800137,5.98624260312683,4.566515979006549,5.523691744773833,5.848652111674594,3.934762472509999,3.02367165460854,4.200324888504213,4.236451615911743,4.031191731505112,4.161467883449486,5.047609857674538,3.947235693648488,2.859912497975754,5.39579149121272,526.153353626004,6.265592717063694,129.2111741553029,4.861448074878839,368.2088349387753,5.908650263456175,497.5171603959104,6.209630049261881,39.24501374942596,3.669824397927192,85.24709859996382,258.6323604606843,5.555407595634376,1.890645606295925,-1.340412390528459,0
1994m10,446.8000081380208,5.800000190734863,401.0749918619792,96.75833129882813,251.8499959309896,52.46666463216146,20.65000025431315,373.7000122070313,7,75.75561546212172,74.36239438811948,68.26050874734683,130.3827615019244,68.15699768066406,51.67900085449219,63.86000061035156,92.69999694824219,4.760000228881836,17.70999908447266,5.099999904632568,7.739999771118164,15.24523803165981,348.6083272298177,4565.099899291992,1.003403836185413,1.003408239429588,430,213,69.83175903347235,221.74,0,2.639999866485596,0,0,6.102111085409058,5.994148421946618,4.572216439818294,5.528833656035176,5.853949020436352,3.960178008538092,3.027715331722449,4.202017389608016,4.235163888078591,4.034311460731703,4.163364541815223,5.047976040786258,3.945051525976546,2.874129400099239,5.401505524344206,529.4326888051212,6.271806034779678,130.1172885770966,4.868436263523734,368.9541735810438,5.910672445490927,499.2117226528974,6.2130302996579,40.24049193910274,3.694873750843565,85.4089366499088,259.6215439479269,5.559224970400123,1.900093695801043,-1.327887989508777,0
1994m11,447.6333414713542,5.599999904632568,402.1333414713542,96.59166463216145,252.6166585286458,52.92499796549479,20.1750005086263,369.8999938964844,6.900000095367432,75.899595349569,74.42699458762854,68.41634648254932,130.6389933540582,68.28199768066406,51.92800140380859,63.92399978637695,91.59999847412109,5.289999961853027,18.10000038146973,5.449999809265137,7.960000038146973,16.38380949837821,349.2083231608073,4583.500091552734,.999830989285001,.9998300415214671,431,212,69.9638054910522,221.7508333333333,0,2.510000228881836,0,0,6.103974463099124,5.996783728822702,4.570492450043751,5.531873155994655,5.855668658620711,3.968875778579639,3.004444239366733,4.20391616947763,4.236032232306804,4.036591843938822,4.165253678960598,5.049939340240588,3.949858170764918,2.895911959347455,5.401554379168347,529.8227739150097,6.272542561786149,129.7804179348352,4.865843929520979,369.234359208409,5.911431562243287,499.1271139553268,6.212860800696884,40.51240491577986,3.701608221430783,85.57043834607653,259.144206363062,5.557384688078891,1.900058293621495,-1.308004210130175,0
1994m12,449.9499918619792,5.5,403.4666748046875,97.40000406901042,253.5083414713542,52.55833435058594,20.5749994913737,380.5,7,75.94834403668018,74.45929058056812,68.49366164943754,130.482410061553,68.30500030517578,51.86600112915039,64.21800231933594,95.09999847412109,5.449999809265137,17.15999984741211,5.760000228881836,7.809999942779541,14.17714282444545,350.9083455403646,4594.700103759766,1.003927021760423,1.003927791919814,432,211,70.02937074566809,222.7715833333333,0,2.049999713897705,0,0,6.109136447393457,6.000093893976279,4.578826252424776,5.535396727702316,5.860525065550481,3.96192368323634,3.024076721842536,4.20455824192172,4.236466066671193,4.037721274521171,4.166190371179066,5.048740025981202,3.948663491293669,2.842581085167748,5.406146956531586,531.2382777033667,6.275210654495635,130.8097395362899,4.873743897537614,370.1194174270517,5.913825703368599,501.0873891967267,6.216780515408187,40.28001500416214,3.69585544034687,85.65062906095226,260.0933417252552,5.561040573223663,1.904578205471736,-1.361977156753972,0
1995m1,452.2916666666667,5.599999904632568,404.2666829427083,97.75,254.5583292643229,51.96666463216146,20.48333358764648,398.7000122070313,7.300000190734863,76.10253035613441,74.40438246439288,68.68212226515512,130.9446342304366,68.47499847412109,51.81700134277344,64.17600250244141,97.59999847412109,5.53000020980835,17.98999977111816,5.900000095367432,7.78000020980835,12.27428567977179,352.3083292643229,4605.400192260742,1.002202573421772,1.002204631851686,433,210,70.15416797152237,223.7923333333333,0,1.880000114440918,0,0,6.114327251964447,6.002074766480654,4.582413198865475,5.539530001338535,5.864506727600562,3.950602448245424,3.019611559759547,4.206586331176966,4.235728369991511,4.040469000525172,4.16797085496432,5.052276191505245,3.94771830666636,2.889816035239716,5.410718538514164,531.2131949501223,6.275163437744762,131.3766699787871,4.878068540657996,370.6325909405822,5.915211251000817,502.1915866885275,6.218981693673013,39.68598250517882,3.68099803983191,85.80326445929533,260.8203018190518,5.563831671420985,1.90774092078748,-1.316770295937251,0
1995m2,453.9916585286458,5.400000095367432,404.2333170572917,96.75,256.3916625976563,51.08333333333334,21.10833358764648,417.2999877929688,7.699999809265137,76.23744554803653,74.4173025042947,68.87178567389635,130.9312310583568,68.58699798583984,51.76399993896484,64.47599792480469,95.09999847412109,5.920000076293945,18.53000068664551,5.940000057220459,7.46999979019165,11.47000001606188,353.1416625976563,4597.499801635742,1.00032123493468,1.000313556777642,434,209,70.29779506901957,223.25725,0,1.529999732971191,0,0,6.118078824587636,6.001992228730659,4.572130331909891,5.546706207347993,5.866869286904732,3.933458286148211,3.049667919267627,4.208357569834104,4.235902001138571,4.043226661601869,4.170016068779105,5.052173828715328,3.946694925780319,2.919391077353151,5.408324694033345,530.2293566520246,6.27330966133763,130.0100873643148,4.867612042555352,372.2738710618814,5.919629795933577,502.3509802134416,6.2192990391624,39.01539221804553,3.663956240524615,85.97893005674176,259.6650712595068,5.559392613125381,1.909721254753532,-1.288966492480953,0
1995m3,456.0833333333333,5.400000095367432,407.1166585286458,97.21666463216145,257.6333414713542,52.26666768391927,20.16666666666667,404.7000122070313,7.400000095367432,76.37802617465437,74.35701446050619,69.06628790514654,131.1941581079832,68.75499725341797,51.53499984741211,64.45400238037109,90.30000305175781,5.980000019073486,18.54999923706055,5.909999847412109,7.199999809265137,12.16652173581331,354.8500061035156,4643.39990234375,1.003003620732908,1.003006236439526,435,208,70.42623895728491,223.9254166666667,0,1.289999961853027,0,0,6.122675541355918,6.009099774663494,4.576942143604001,5.551537417032324,5.871695182171261,3.956358838710939,3.004031076368686,4.210199855741189,4.235091538038239,4.0460468019027,4.171841541234075,5.054179946006307,3.942261185527897,2.920469747924632,5.411313035101592,533.0285147690099,6.27857492136338,130.743098465575,4.873234317349794,373.0232929633915,5.921640865317078,503.8605090337709,6.222299461973958,39.83917305288827,3.684850675796362,86.13602556840807,259.9672032567002,5.560555481738659,1.912475685614728,-1.289730107816558,0
1995m4,453.8916829427083,5.800000190734863,407.5166829427083,97.36666870117188,259.0583292643229,51.1000010172526,20.875,368.7999877929688,6.800000190734863,76.57868635781485,74.61431463213,69.25715871531382,131.2494318185811,68.91500091552734,51.49399948120117,64.94100189208984,92.5,6.050000190734863,19.8700008392334,5.840000152587891,7.059999942779541,12.44263157091643,356.4249979654948,4639.7001953125,1.0014796275075,1.001480272891544,436,207,70.6342886264877,225.18325,0,1.21999979019165,0,0,6.117858585749065,6.010081871579617,4.57848394162088,5.557053245858442,5.876123833331937,3.933784517116754,3.038552270736919,4.212823608500405,4.238545899747251,4.048806578874369,4.174791336242286,5.054601169564716,3.941465285953166,2.98921109879993,5.416914515168958,532.1541832652779,6.276933265520287,130.4932829326618,4.871321753657662,374.0527825133565,5.924396917171528,504.6061974946206,6.223778318126422,38.93350265156601,3.66185513064377,86.39048430269914,260.6574691849071,5.563207166797812,1.90503497724866,-1.223612509700475,0
1995m5,459.191650390625,5.599999904632568,411.0916748046875,98.20833333333333,260.8166707356771,52.06666564941406,21.1999994913737,386.3999938964844,7,76.69659659605114,74.70259472676743,69.4395777154988,130.8223702136285,69.03199768066406,51.6349983215332,64.89900207519531,89.80000305175781,6.010000228881836,19.73999977111816,5.849999904632568,6.630000114440918,12.26590919494629,359.0250040690104,4678.700103759766,1.005045771073838,1.005046722325745,437,206,70.79230767033913,226.8451666666667,0,.7800002098083496,0,0,6.129467661892799,6.018816242676369,4.587091072588185,5.563817749542108,5.883392035280184,3.952524929199974,3.05400115768616,4.214362150908847,4.239728352629547,4.051437053246946,4.177025981121631,5.05134204760152,3.944199704616989,2.982647022410511,5.424267699586613,535.9972841687388,6.284129094208597,131.465759245098,4.878746431742671,375.6023284073964,5.928530946482615,507.1525648533652,6.228811875195325,39.79951254849682,3.683854664690185,86.5837522182233,261.9950751209446,5.568325706336124,1.915105510983953,-1.231715128498336,0
1995m6,461.0083414713542,5.599999904632568,414.7916666666667,98.6749979654948,262.5500081380208,53.56666564941406,21.28333282470703,361.7999877929688,6.5,76.77142358189195,74.69397862895624,69.57608781107983,130.5694859602411,69.09200286865234,51.8129997253418,64.93699645996094,92.69999694824219,6,18.42000007629395,5.639999866485596,6.170000076293945,11.89681811766191,361.2250061035156,4722.100006103516,1.004724532326269,1.004724613661936,438,205,70.89117206765275,227.5118333333333,0,.5300002098083496,0,0,6.133416137130897,6.027776386150351,4.591831600930667,5.570441571079948,5.889501049776389,3.980926965084954,3.05792426991257,4.215337298586957,4.239613007309006,4.053401006574679,4.17842154838949,5.049407141625596,3.947641077728941,2.913437034969069,5.427202251690304,540.2943534376552,6.29211409000447,132.1056928238683,4.883602305405693,377.3566700831522,5.933190814692723,509.5486441651606,6.233525322423671,41.02540900385048,3.714191606551089,86.70467002358809,262.3985919921482,5.569864691171956,1.91807883854394,-1.301900263617888,0
1995m7,462.6000162760417,5.699999809265137,414.183349609375,98.5750020345052,263.0250040690104,52.58333333333334,21.48333231608073,385.7000122070313,6.900000095367432,76.8677878691712,74.7747268249351,69.69568967829389,130.4690068894732,69.20099639892578,51.61199951171875,65.00199890136719,94.40000152587891,5.849999904632568,17.29999923706055,5.590000152587891,6.28000020980835,12.51400012969971,361.6000061035156,4712.400207519531,.9994941758323523,.9994938998550289,439,204,71.00069027378171,228.3165833333333,0,.690000057220459,0,0,6.136862784981172,6.026308749238408,4.590817700402851,5.572249100164403,5.890538645397212,3.962399212753213,3.067277393366305,4.216591721842654,4.240693477011198,4.055118538996127,4.179965234208676,5.048637300560139,3.943754194128985,2.850706457403186,5.430733189239077,538.8256395700032,6.28939202983683,131.829304124764,4.881507935175684,377.3906324524503,5.93328081135573,509.2908318344096,6.233019232225309,40.30331385742769,3.696433695284806,86.83861815347549,262.9205625195632,5.571851942901542,1.920271063138518,-1.365885264439469,0
1995m8,463.8916829427083,5.699999809265137,417.1083170572917,98.21666463216145,265.1166585286458,53.7749989827474,21.75,364.7999877929688,6.599999904632568,77.03330505805687,74.84470695205745,69.89622891667427,130.5753506465944,69.36699676513672,51.58499908447266,65.09700012207031,96.19999694824219,5.739999771118164,18.03000068664551,5.570000171661377,6.489999771118164,12.79826085463814,363.3333231608073,4744.2998046875,1.002439643247675,1.002435945656637,440,203,71.16753778541968,229.2444166666667,0,.9199995994567871,0,0,6.139651083040627,6.033345941203788,4.587175901901352,5.58016994998026,5.895320658557301,3.984808656236962,3.079613757534693,4.218742678012656,4.241628918757752,4.057991762293866,4.182312419518874,5.049452056826145,3.943230914804402,2.892037075298725,5.434788756059912,541.4649114989084,6.294278265632208,131.2272686097564,4.876930694927633,379.3003751957786,5.938328437873849,510.5323781979212,6.235454060075199,41.18311665751587,3.718028382502549,87.04268387871164,263.3701150416088,5.573560324412179,1.920908405027971,-1.326705602713931,0
1995m9,465.7083333333333,5.599999904632568,418.375,99.125,264.9666748046875,54.2749989827474,20.59999974568685,369.6000061035156,6.599999904632568,77.08659474245928,74.8716148037538,69.99045692033188,130.3325219665405,69.45800018310547,50.92300033569336,65.25099945068359,88.90000152587891,5.800000190734863,18.22999954223633,5.429999828338623,6.199999809265137,12.05700001716614,364.0916748046875,4773.300003051758,1.001005245686753,1.001007348779146,441,202,71.2443860984655,229.4319166666667,0,.7699999809265137,0,0,6.143559544037666,6.03637815953149,4.596381679955012,5.579604062624333,5.897405689785913,3.994063697021792,3.025291063450237,4.219434213454804,4.241988369907372,4.059338967245438,4.183391659492735,5.047590643080857,3.930314694492488,2.903068563580112,5.435606326083992,542.7337935963581,6.296618948517763,132.3932978603665,4.885777021831672,378.57543222827,5.936415345566349,511.0461255171508,6.236459851329951,41.64348096991563,3.729144837032666,87.13667453269812,263.3012080126745,5.573298654462398,1.924125330582863,-1.316365649874692,0
1995m10,467.4250081380208,5.5,417.8249918619792,98.45833333333333,266.1916707356771,53.17499796549479,20.40000025431315,391,7,77.28612183867661,75.00942308695319,70.23207084920966,130.2914947162562,69.62699890136719,51.1870002746582,65.42800140380859,90.19999694824219,5.760000228881836,17.44000053405762,5.440000057220459,6.039999961853027,14.35727271166715,364.6500040690104,4769.099899291992,.9985245697009407,.9985214763446133,442,201,71.45918189029194,229.1656666666667,0,.5999999046325684,0,0,6.147238925461662,6.035062665097885,4.589633446838962,5.584216615973652,5.898938000588916,3.973588322825742,3.015534913316502,4.222019219558781,4.243827272599438,4.062785120610916,4.186402039079836,5.047275804478143,3.935485598921593,2.858766449103403,5.434445177226732,540.6209833301344,6.29271844798018,131.2612859576289,4.877189886023556,379.0172602302991,5.93758174555019,510.2913221548508,6.234981782545852,40.81233244065336,3.70898430143933,87.39938422855411,262.2051272894396,5.569127126018038,1.92521970590288,-1.363252770455378,0
1995m11,468.6666666666667,5.599999904632568,421.3000081380208,99.29166666666667,267.7833251953125,54.21666463216146,21.11666615804036,362.3999938964844,6.400000095367432,77.28385566479032,74.8350148687236,70.32388405001517,129.9808324417583,69.6719970703125,50.6609992980957,65.37599945068359,88.19999694824219,5.800000190734863,17.98999977111816,5.519999980926514,5.929999828338623,12.46904754638672,367.0749918619792,4802.200103759766,1.006321617232206,1.006326017653123,443,200,71.48235686478138,230.9206666666667,0,.4099998474121094,0,0,6.1498917837025,6.043345188301422,4.598061646750796,5.590178165430915,5.905566164679088,3.992988326725793,3.050062594012552,4.221989897255408,4.241499414463791,4.064091549981765,4.186726297163166,5.044888593932765,3.925156369963185,2.889816035239716,5.442074217191279,545.1332681502852,6.30103029348709,132.6807602575415,4.887945944071038,380.7857441503969,5.942236865636604,513.5183113175067,6.241285688552694,41.71127666569977,3.730771515884759,87.427728780595,264.1274912289848,5.576431907899254,1.927901886447093,-1.332173862015692,0
1995m12,470.183349609375,5.599999904632568,424.7916666666667,100.1583353678385,268.9583333333333,55.66666666666666,21.21666717529297,337.1000061035156,6,77.43237654952883,74.99973100361935,70.45193772721152,130.2337166951457,69.76999664306641,51.23199844360352,65.48899841308594,91,5.599999904632568,19.04000091552734,5.289999961853027,5.710000038146973,11.74849991798401,369.1166687011719,4842.899993896484,1.003631290174873,1.00363099438415,444,199,71.61988087287251,232.3465833333333,0,.4200000762939453,0,0,6.153122724184579,6.05159885266061,4.606752287483633,5.594556472932797,5.911112769409566,4.019381523748645,3.054787060308266,4.22390981125841,4.24369805270741,4.06591080716525,4.188648336295502,5.046832254145761,3.936364306434922,2.946542077447638,5.448230150595383,548.596963693802,6.307364043843276,133.5449261318085,4.894437946560254,381.761441927594,5.944795915955001,515.3829693690294,6.244910254150836,42.74366736915952,3.755221052694616,87.59592988933791,265.2481498020085,5.580665802171023,1.929212912926169,-1.277367733810772,0
1996m1,471.8416748046875,5.599999904632568,423.808349609375,100.0083312988281,269.9833374023438,53.81666564941406,21.8000005086263,370.1000061035156,6.5,77.60470090959203,75.4185193535709,70.54254352659099,130.3207925938339,69.8489990234375,52.25400161743164,65.66600036621094,89.30000305175781,5.559999942779541,18.8799991607666,5.150000095367432,5.650000095367432,13.47363623705777,369.9916687011719,4824.100189208984,.9999184680585539,.9999265751118132,445,198,71.79522011493745,232.1845833333333,0,.5,0,0,6.156643494578909,6.04928134740835,4.605253495506038,5.598360243769377,5.913480488360898,3.985583189633989,3.081909993126525,4.226132820539196,4.249266385420326,4.067196046290157,4.191093536671475,5.047500643283738,3.956116473891917,2.938103116266432,5.447532673146324,546.1116976703556,6.302823529310229,132.6044745455387,4.887370821869744,382.7241319992575,5.947314447666674,515.3430383093049,6.244832772726196,41.29553279893143,3.720754329441983,87.81038157185372,264.41586880401,5.577523124345992,1.930510674039713,-1.288029704272764,0
1996m2,476.2166748046875,5.5,427.7333170572917,100.7750040690104,271.6916707356771,55.26666768391927,22.11666615804036,374.6000061035156,6.599999904632568,77.72713484608225,75.59076738712521,70.67301200663941,130.1792862727816,69.94000244140625,52.38100051879883,65.91500091552734,88.5,5.21999979019165,19.06999969482422,4.960000038146973,5.809999942779541,15.03299980163574,372.4666748046875,4867.399810791016,1.004713168749621,1.004713091777499,446,197,71.93643812005422,233.4685,0,.8499999046325684,0,0,6.165872949829219,6.058499910392297,4.61289034938041,5.604667859855206,5.92014757020593,4.012169972439344,3.096331449112685,4.227709238679748,4.251547677014697,4.06904383871894,4.19305856027576,5.046414222614797,3.958543940057867,2.948116403609403,5.453047164368381,550.3011501765797,6.310465674153624,133.3165511508944,4.892726384149745,384.4348259985762,5.95177427132372,517.771917179275,6.249534830966941,42.45427154064419,3.748427532916279,87.98310068733616,265.3560719912253,5.581072591963762,1.938163711149471,-1.279592835070345,0
1996m3,479.183349609375,5.5,431.1083170572917,102.0083312988281,273.2333374023438,55.86666870117188,22.64166768391927,369,6.400000095367432,77.96181358609303,76.05477176991815,70.83368395594847,130.3015375124952,70.10199737548828,53.01499938964844,66.21700286865234,93.69999694824219,5.309999942779541,21.36000061035156,5.099999904632568,6.269999980926514,17.76238078162784,375.2416687011719,4901.599792480469,1.004117495818797,1.004115466199115,447,196,72.1752790480669,236.0745833333333,0,1.170000076293945,0,0,6.1720832999734,6.066359374207424,4.625054489348966,5.610326145882947,5.927570268271559,4.02296793579703,3.119791911572646,4.230723953855282,4.257667287699423,4.071314713849805,4.196373226860616,5.047352880953734,3.970574880864953,3.061520042666505,5.464147786171756,552.9736895887111,6.315310422793218,134.1248273118549,4.898770913433575,385.7392728186604,5.955161682220596,519.9033154430487,6.253642862447714,42.87491135383922,3.758286837935027,88.27521920149621,267.430186488092,5.588858547182281,1.941359346118118,-1.169203911188777,0
1996m4,477.7166748046875,5.599999904632568,434,103.125,274.2416585286458,56.625,22.85833231608073,313.7999877929688,5.5,78.19535923916065,76.53708433385613,71.05234343252428,129.830101058512,70.19699859619141,54.53499984741211,66.47599792480469,92.69999694824219,5.21999979019165,23.56999969482422,5.090000152587891,6.510000228881836,16.57523800077892,377.3666585286458,4933.700012207031,1.001684575286582,1.00168202472883,448,195,72.46203159520988,237.5633333333333,0,1.420000076293945,0,0,6.169017826223141,6.073044534100405,4.635941844654845,5.614009683118104,5.933217283850666,4.036450583803198,3.129315703653073,4.233715117475513,4.263988911703099,4.074396901063071,4.200338357594414,5.043728277866564,3.998842694582725,3.159974704000404,5.470434254592127,555.0201498181116,6.319004419065968,134.7386053408657,4.903336644735778,385.9713068986707,5.955763032242486,520.7784686975182,6.255324747293024,43.61469300134039,3.775394089028365,88.62593684733692,268.0517033546842,5.591179884868854,1.935302708747628,-1.073740413475109,0
1996m5,484.5833333333333,5.599999904632568,435.316650390625,103.1666666666667,275.4749959309896,56.67499796549479,23.09166717529297,379.3999938964844,6.5,78.33027443106278,76.60490427630322,71.28670834444343,129.2665545306267,70.31900024414063,54.79899978637695,66.46299743652344,89.40000152587891,5.239999771118164,21.25,5.150000095367432,6.739999771118164,16.14636369185014,378.6416625976563,4946.699798583984,1.00073750179483,1.000736700727343,449,194,72.65330532354531,238.5208333333333,0,1.589999675750732,0,0,6.183289415164764,6.076073698207209,4.636345803456541,5.618496865602952,5.9365902765604,4.037333160495838,3.139471824107333,4.23543899135035,4.264874624987826,4.077689955509973,4.202974520568857,5.039378183765315,4.003671941713986,3.056356895370426,5.474456658015922,555.7450852208366,6.320309709297935,134.67371004676,4.902854890252748,386.4324813539549,5.956957160280433,521.1623351635001,6.256061577028316,43.8435124779836,3.780626759822255,88.85987747796548,268.4235451399077,5.592566125318206,1.947850423814415,-1.179082095979924,0
1996m6,487.4666748046875,5.300000190734863,435.816650390625,103.5916646321615,276.4416707356771,55.78333536783854,22.52499898274739,406.5,6.900000095367432,78.32914134411962,76.29593215870212,71.40872501450956,129.1292390965546,70.37300109863281,53.55699920654297,66.85900115966797,92.40000152587891,5.269999980926514,20.45000076293945,5.230000019073486,6.909999847412109,16.39500017166138,380.0333353678386,4959.499816894531,1.003528585358866,1.003535862939757,450,193,72.6636734337963,238.92,0,1.679999828338623,0,0,6.189221928726293,6.077221628275908,4.640456869370008,5.621999842960093,5.940258973525056,4.021475175460785,3.114625758333353,4.235424525741148,4.260833148886643,4.079400125161968,4.203117217043244,5.038315353406736,3.98074649248984,3.017982919796363,5.476128767864105,556.3914565027246,6.321472104975836,135.7761307859531,4.911007432267397,387.1259018831478,5.958749967985578,523.0031973460384,6.259587577518585,43.19961594920211,3.765831605145782,88.87255837393407,268.8343897952579,5.594095538692003,1.953797402985145,-1.217441605944786,0
1996m7,487.1666666666667,5.5,437.6583251953125,103.6916707356771,277.8916625976563,56.07500203450521,21.95833333333333,378.2999877929688,6.5,78.49465853300531,76.36160013010389,71.62617708965932,129.1191835232212,70.50499725341797,53.71599960327148,67.12000274658203,94.69999694824219,5.400000095367432,21.31999969482422,5.300000190734863,6.869999885559082,17.97863635149869,381.5833333333333,4988.39990234375,1.001624885090945,1.001623982573616,451,192,72.84171180473218,238.7904166666667,0,1.569999694824219,0,0,6.188606295883191,6.08143852649338,4.641421791235025,5.627231334850605,5.944329262869095,4.02669011668813,3.089146718193417,4.2375353947607,4.261693479516488,4.08244067316079,4.205564390520636,5.038237478210159,3.983710901333261,3.059645584983583,5.475586249501554,557.5644679201791,6.323578134173756,135.7903325218547,4.91111202350257,387.9750028398144,5.96094091187727,523.8527814341448,6.261210693385231,43.4288697499551,3.771124421569702,89.09031127254323,268.0318580728313,5.59110584685206,1.951070901122491,-1.177889809777117,0
1996m8,488.8249918619792,5.099999904632568,439.5833333333333,103.8499959309896,278.9250081380208,56.80833435058594,22.40833282470703,373.3999938964844,6.400000095367432,78.56948551884614,76.2302559736704,71.78443423611628,129.0764824735637,70.56600189208984,53.61000061035156,67.35600280761719,95.30000305175781,5.21999979019165,21.95999908447266,5.190000057220459,6.639999866485596,15.76045469804244,382.7750040690104,5006.100006103516,1.001979025325629,1.001980382163648,452,191,72.92482424783383,239.8195833333333,0,1.449999809265137,0,0,6.192004535564211,6.085827308556267,4.642947511140508,5.63094295765562,5.947447359821452,4.039683046487489,3.109432890788731,4.238488215558262,4.259971969702992,4.084647723381608,4.206704740759573,5.037906713168988,3.981735629224478,3.089222574950648,5.479886904535606,559.483532863267,6.327014095439081,136.2319916213569,4.914359253221548,388.5591787497681,5.962445484461465,524.8898547470692,6.263188440098651,44.01137469966375,3.784448116410232,89.19196337877594,268.8802603378957,5.594266151647175,1.953516320005949,-1.149265640607614,0
1996m9,491.3249918619792,5.199999809265137,441.3833414713542,104.0833333333333,280.3333333333333,56.96666463216146,21.75,380.2000122070313,6.400000095367432,78.79169165296366,76.50694031196188,72.01275753250283,129.0170306530801,70.77999877929688,53.61299896240234,67.51499938964844,94.69999694824219,5.300000190734863,23.98999977111816,5.239999771118164,6.829999923706055,16.57800002098083,384.4166666666667,5035.60009765625,1.00098312614553,1.000983412766101,453,190,73.1656459584791,240.6515,0,1.590000152587891,0,0,6.197105806722632,6.089913752900565,4.645191860337578,5.635979371304838,5.951727033769821,4.042466265739476,3.079613757534693,4.241312371881969,4.263594985545526,4.087823355470915,4.2100016283449,5.037446013317877,3.981791556629299,3.177637067310885,5.48334982884833,560.1902081445564,6.328276383459672,136.0443025285379,4.912980586576082,389.2828756165952,5.964306266021377,525.4059629089039,6.264171226461692,44.15437585549599,3.787692035513331,89.48650452327963,268.9249080428605,5.594432188374571,1.955793434840663,-1.063675304571085,0
1996m10,492.7333170572917,5.199999809265137,444.0416666666667,105.2666625976563,281.3666585286458,57.3999989827474,22.56666564941406,363.3999938964844,6.099999904632568,79.02976965380388,76.81914859976089,72.25195205012615,128.9810248009153,70.947998046875,54.22600173950195,67.83699798583984,96.5,5.239999771118164,24.89999961853027,5.119999885559082,6.53000020980835,16.38173920175304,386.6333211263021,5057.700012207031,1.002231287768094,1.002230257736861,454,189,73.42374792468142,243.32625,0,1.410000324249268,0,0,6.199968088650525,6.095918401873011,4.656496774499121,5.639658653398377,5.95747675324709,4.05004428560335,3.116473846172455,4.244329428997822,4.267667465597881,4.09113940882175,4.213523059549174,5.037166896079297,3.993160530299828,3.214867788150592,5.494403135461594,561.8663303864178,6.331263975316264,137.0318006856742,4.920213020685273,389.4243000292122,5.96466949476408,526.5780242148809,6.266399514734688,44.50266934329713,3.795549172615784,89.80218058222044,270.958064071971,5.601964063783561,1.955638659652704,-1.029461640847229,0
1996m11,494.9166666666667,5.400000095367432,445.933349609375,105.5416666666667,282.7083333333333,57.68333435058594,22.97500101725261,365.8999938964844,6.199999809265137,79.17035028042172,77.0764487713847,72.40779439373102,128.597507533854,71.04100036621094,54.78300094604492,67.93599700927734,99.19999694824219,5.309999942779541,23.70999908447266,5.170000076293945,6.199999809265137,15.99699974060059,388.25,5075.500183105469,1.001695614245024,1.001696401550223,455,188,73.60592770648292,244.1406666666667,0,1.029999732971191,0,0,6.20438939822786,6.10016950051502,4.65910581965373,5.644415741921024,5.961649462028796,4.054968299048365,3.13440671251825,4.246106680035049,4.271011296295611,4.09329401516837,4.216001197030637,5.034189027178542,4.003379944116957,3.16589686146376,5.497744561911582,563.2580227697329,6.333737822921047,136.9311486829294,4.919478235142151,390.4390897422638,5.967271976940108,527.4711047026237,6.268094086034931,44.85571723495532,3.803451054961555,90.0249987047787,271.1920801768445,5.602827352752087,1.958282718192811,-1.080209818571289,0
1996m12,497.125,5.400000095367432,448.2166748046875,106.2666625976563,284.6333414713542,57.31666564941406,22.99166615804036,364.3999938964844,6.099999904632568,79.26218221992836,77.32944500091787,72.52497684969059,127.9577711917535,71.06800079345703,55.66400146484375,67.94699859619141,96.90000152587891,5.289999961853027,25.38999938964844,5.039999961853027,6.300000190734863,19.26095244998024,390.9000040690104,5102.700103759766,1.004744964751895,1.004745493066423,456,187,73.75832552778516,246.0071666666667,0,1.260000228881836,0,0,6.208841503527855,6.105276764612054,4.665951619957387,5.651201830836693,5.968451783208248,4.048591430462228,3.135131809313037,4.24726593626029,4.274288327369506,4.094911075002237,4.218069512409523,5.029201894025709,4.019333644725405,3.234355371677534,5.505360668299339,565.4861653455655,6.33768583079284,137.4206973765232,4.923047004371913,392.4625057947447,5.97244100602191,529.9740758373864,6.272828091835497,44.79342295164013,3.802061319528251,90.21139148716512,272.7007782622082,5.608375143760958,1.961575567267564,-1.012910564582757,0
1997m1,499.1333414713542,5.300000190734863,450.9250081380208,106.0083312988281,286.3083292643229,58.60833231608073,23.39166768391927,354.5,5.900000095367432,79.36534502886647,77.41018498326679,72.65182312546091,127.9058450799019,71.14399719238281,56.21699905395508,67.85500335693359,97.40000152587891,5.25,25.17000007629395,5.170000076293945,6.579999923706055,19.47333308628627,392.3166605631511,5130.400085449219,1.002063501543087,1.002062442747257,457,186,73.87323385712691,246.3791666666667,0,1.409999847412109,0,0,6.212873277432777,6.111301046603656,4.663517688182228,5.657069304465804,5.972069321248601,4.070876876169181,3.152379877067656,4.248566628835804,4.275331886665653,4.09665854853893,4.21962620330983,5.028796005034369,4.029219185433189,3.225652812178371,5.506871677218938,568.1636084036579,6.342409420208928,136.9436480764685,4.919569513300607,394.0827868419807,5.976561006114328,531.067397593428,6.274888938975542,45.82146521878536,3.824752654226543,90.35193210016315,272.6883210350537,5.608329461780249,1.964306648596973,-1.022913816657434,0
1997m2,501.5083414713542,5.199999809265137,452.8333333333333,106.9249979654948,287.4083251953125,58.5,23.34166717529297,359.3999938964844,6,79.53087086727079,77.47370098362325,72.85236236384129,128.0649454600141,71.29000091552734,56.23300170898438,68.10399627685547,99.69999694824219,5.190000057220459,22.20999908447266,5.139999866485596,6.420000076293945,20.1394735637464,394.3333231608073,5153.899993896484,1.002897783400775,1.002900356360386,458,185,74.03832916852798,247.2169166666667,0,1.28000020980835,0,0,6.21762024030724,6.115524140198293,4.672127635085568,5.660903940502043,5.977196549513508,4.069026754237811,3.15024005426855,4.250650075535228,4.27615206241887,4.099415024095745,4.221858555893837,5.030039118752659,4.029503803575097,3.100542596684933,5.51026615635968,569.3805793841585,6.344549067104141,138.0145734719671,4.92735928445073,394.5079004575443,5.977639166593752,532.6069990899113,6.277783814656442,45.67994761553665,3.821659418576884,90.55385476669505,273.0054035839797,5.609491588336985,1.966970164772012,-1.150107478850295,0
1997m3,504.3666585286458,5.199999809265137,454.5166829427083,107.3166707356771,287.9083251953125,59.29166666666666,22.56666564941406,372,6.099999904632568,79.61476254865678,77.25946487379552,73.04565258526304,128.080022431467,71.45999908447266,55.34199905395508,67.95099639892578,100,5.389999866485596,20.98999977111816,5.28000020980835,6.690000057220459,20.16999998092651,395.2249959309896,5183.400207519531,1.00107599904565,1.001083868193847,459,184,74.12569498423902,247.6204166666667,0,1.409999847412109,0,0,6.223303500654287,6.119234619088452,4.675784003232004,5.662642114168825,5.979455212686823,4.082468767741907,3.116473846172455,4.251704351261878,4.27338295670664,4.102064687760812,4.223037868163953,5.03015684092846,4.013532096835287,3.044046122928214,5.511896995676966,570.8949802681748,6.34720527026765,138.9042377021126,4.933784758309397,394.1484742835989,5.976727676595467,533.1821792902236,6.278863165559643,46.29267354976646,3.834983709905178,90.66070903361756,273.1287007416271,5.609943115384154,1.971599149392409,-1.207658228333664,0
1997m4,505.191650390625,5.099999904632568,454.941650390625,106.5499979654948,290.2750040690104,58.125,23.125,373.6000061035156,6.199999809265137,79.69298879532704,77.37896497584987,73.23048638830011,127.1111992446693,71.59999847412109,54.49300003051758,68.01000213623047,101.4000015258789,5.510000228881836,19.71999931335449,5.300000190734863,6.889999866485596,19.66227262670344,396.8250020345052,5181.7998046875,1.001781017526123,1.001778231216909,460,183,74.29356653564405,248.1879166666667,0,1.589999675750732,0,0,6.224937863005287,6.120169169827657,4.668614339450255,5.670828763530848,5.983495382585263,4.062595863907521,3.140914283398489,4.252686428433862,4.274928499117514,4.104591879177091,4.225299995347072,5.022563885065336,3.998072253613083,2.981633314354737,5.514186187728304,570.8678483110191,6.347157743834871,137.6989185610705,4.925069552116772,396.3854651051275,5.98238713454121,534.1310432904298,6.280641208274963,45.72767808453952,3.822703761933916,90.8660272283433,273.136093033955,5.609970180252374,1.972251434571424,-1.271053114079125,0
1997m5,507.1499837239583,4.900000095367432,455.0166829427083,106.0833333333333,291.4166666666667,57.51666768391927,22.25,394.2999877929688,6.5,79.6567127141091,77.14211674278648,73.3005525382297,126.7511279459268,71.65200042724609,53.22299957275391,68.07399749755859,103.1999969482422,5.5,20.82999992370605,5.199999809265137,6.710000038146973,19.9247620900472,397.5,5193.2001953125,1.001823200745581,1.001819810030216,461,182,74.28462978386393,247.5019166666667,0,1.510000228881836,0,0,6.228806785728853,6.120334084086926,4.664224948769406,5.674754087275375,5.985194934094387,4.052074778562126,3.102342008612249,4.252231126898924,4.271862918474195,4.105548211102162,4.225179698398903,5.019727138517008,3.97449062571915,3.036394251610185,5.511418326086504,571.2220193868407,6.347777959629077,137.5167519541174,4.923745742079244,397.5640790902349,5.985356126360668,535.1039658628611,6.282461056732256,45.37763775045568,3.815019423136849,90.85509698002636,272.4139040004301,5.607322615558743,1.976575658829929,-1.215836875288739,0
1997m6,509.4250081380208,5,457.8500162760417,106.7999979654948,292.5500081380208,58.50833129882813,21.98333231608073,385.7999877929688,6.300000190734863,79.75874243610406,76.91603657857959,73.55787190245081,126.4865270969272,71.75800323486328,53.12400054931641,68.15200042724609,104.5,5.559999942779541,19.17000007629395,5.070000171661377,6.489999771118164,20.19428598313105,399.3500061035156,5230.400207519531,1.002857509375726,1.002869255862742,462,181,74.41727300746491,248.98725,0,1.419999599456787,0,0,6.233282654661915,6.126541655102592,4.67095790747642,5.678635620051783,5.989838240647023,4.069169159462289,3.090284544221402,4.253511175133022,4.268927918649455,4.109052533425249,4.226963714020647,5.017637394436507,3.972628813878273,2.953346561037415,5.517401690334419,574.0436750777914,6.352705482410646,138.8527057766229,4.933413700610997,397.7140727045335,5.985733336813988,536.6361732489931,6.285320347663148,46.25657185922491,3.834203548117514,91.01732856116334,273.5602702651082,5.611521964184913,1.979771479528893,-1.300164614095608,0
1997m7,511.683349609375,4.900000095367432,462.3999837239583,107.5916646321615,295.1666666666667,59.64166768391927,22.4250005086263,356.1000061035156,5.800000190734863,79.8063580362721,76.89019649877596,73.66780534145174,126.2051754771015,71.80699920654297,53.01800155639648,68.22299957275391,107.0999984741211,5.519999980926514,19.6299991607666,5.190000057220459,6.21999979019165,20.52909088134766,402.7583312988281,5279.699798583984,1.007522136219825,1.007522248169166,463,180,74.49205717570557,251.19975,0,1.029999732971191,0,0,6.237705975921409,6.136430282159115,4.678343178483167,5.687540168554778,5.998336707873741,4.088354452012624,3.110176430626077,4.254107992374893,4.268591910419753,4.110545934053325,4.227968139659201,5.015410556489524,3.970631507890917,2.977058965535776,5.526248439370619,579.4024374772207,6.361997292225298,139.9289760351623,4.941134979847447,400.6725397866318,5.993144484688908,540.6728536826897,6.292814389251311,47.25770354381432,3.855615678614831,91.10879462726402,275.714052663835,5.619364287582559,1.983597983546516,-1.277049026839117,0
1997m8,514.7749837239584,4.800000190734863,465.5833333333333,108.1416625976563,296.3916625976563,61.04999796549479,22.36666615804036,353.5,5.699999809265137,79.86984550316282,77.10012866651307,73.72941507299663,125.8668763473047,71.77799987792969,54.07199859619141,68.37699890136719,104.4000015258789,5.539999961853027,19.93000030517578,5.28000020980835,6.300000190734863,23.08476202828544,404.5333251953125,5318.600006103516,1.003060718895296,1.003061065477632,464,179,74.59203251759054,251.65625,0,1.019999980926514,0,0,6.243729880376432,6.143291099671148,4.683442058328517,5.691681764138508,6.002734119249154,4.111693167231484,3.107571732569155,4.254903195026621,4.271318475190201,4.111381902804427,4.229309333841316,5.012726408600388,3.990316465836213,2.992226149537085,5.528064068995818,582.9275496906981,6.368062907085602,140.2613257176385,4.943507294922348,401.9992052075964,5.996450111521535,542.3277949959523,6.29587060644461,48.50362520877965,3.881638541722828,91.23107119253731,275.8448922175819,5.619838723025643,1.988826685349811,-1.262677045489536,0
1997m9,517.3666585286459,4.900000095367432,466.808349609375,108.5999959309896,298.2083333333333,60,22.91666666666667,368.7999877929688,5.900000095367432,80.06258272723994,77.29930097902363,73.95653557635953,125.7287176249988,71.927001953125,54.71099853515625,68.41200256347656,106,5.539999961853027,19.79000091552734,5.079999923706055,6.210000038146973,23.81238083612351,406.8083292643229,5326.7001953125,1.002668353765076,1.002668218930853,465,178,74.81190168812536,253.4704166666667,0,1.130000114440918,0,0,6.248751827259333,6.145918787161976,4.687671370031967,5.697792347390652,6.008342139049166,4.0943445622221,3.131864447878571,4.25731342939265,4.273898438386251,4.114457627765569,4.232252620849517,5.011628148221408,4.002064759328595,2.985176805876593,5.53524711668154,583.0543228910242,6.368280360210401,140.4928564107713,4.945156643429748,403.221068982383,5.999484969812537,543.7748808474605,6.298535339236421,47.72179429918096,3.865388197092424,91.49998597167779,277.0168912868729,5.624078483703165,1.991438397866682,-1.272136623516058,0
1997m10,520.5916748046875,4.699999809265137,469.808349609375,108.6583353678385,300.7583414713542,60.39166768391927,23.8000005086263,369.6000061035156,5.900000095367432,80.16687862312118,77.29714900797831,74.11116591013597,125.6977331709535,72.03600311279297,54.62900161743164,68.45400238037109,105.5999984741211,5.5,21.26000022888184,5.110000133514404,6.03000020980835,23.87086976092795,409.4166768391927,5352.100189208984,1.004879058173315,1.004876623299839,466,177,74.92609827065375,254.8841666666667,0,.9200000762939453,0,0,6.25496600089339,6.152324844756056,4.688208421365303,5.706307090035764,6.014733407227038,4.10085114317149,3.169685602048282,4.258615261274652,4.273870598535521,4.11654627219562,4.23377790641096,5.011381678893268,4.000564906887008,3.056827383679646,5.54080919359037,586.03797188865,6.373384585922479,140.5722420067825,4.945721534613813,405.8205504903821,6.005911068027598,546.4273281123843,6.303401321852849,48.04515257390076,3.872141247369953,91.63965607046663,278.1374108068156,5.628115275050551,1.996350739618737,-1.201787877595007,0
1997m11,524,4.599999904632568,471.7583414713542,109.3916625976563,300.6333414713542,61.73333231608073,22.9250005086263,385.6000061035156,6.099999904632568,80.17141962041241,77.17118477915807,74.22955576752159,125.135029931302,72.05799865722656,54.30500030517578,68.51399993896484,107.1999969482422,5.519999980926514,20.17000007629395,5.28000020980835,5.880000114440918,32.20611127217611,410.0250040690104,5386.000091552734,1.000744282820952,1.000750822510233,467,176,74.98137385751936,254.9264166666667,0,.5999999046325684,0,0,6.261491684321042,6.156466866066589,4.694934676824648,5.705891387573142,6.016218143372983,4.122824017065795,3.132228040329063,4.258671903977516,4.272239658994017,4.118142460769911,4.234515369174971,5.006894990817566,3.994616309351662,3.004196355748666,5.540974941424872,588.4370561292144,6.37746996453015,141.7519543216863,4.954078729614664,405.0049045327755,6.003899176990685,546.8358113151482,6.304148595234785,49.33337399605191,3.898600809339961,91.70726182982646,277.9784409436543,5.627543560121042,2.002819780343526,-1.25447554822885,0
1997m12,526.9499918619791,4.699999809265137,474.3416748046875,108.9000040690104,303.2666625976563,62.17499796549479,23.14999898274739,387.8999938964844,6.099999904632568,80.15440601722794,77.06890865909617,74.2742526622971,124.860373508969,72.09999847412109,53.56700134277344,68.48600006103516,102.0999984741211,5.5,18.31999969482422,5.300000190734863,5.809999942779541,26.27636371959339,412.1666666666667,5414.300109863281,1.005134885108364,1.005130615309386,468,175,74.98812491256103,255.8335833333333,0,.5099997520446777,0,0,6.267105651936316,6.161927894941089,4.690430067303565,5.714612493050525,6.021427798293361,4.129952956967228,3.141994736590445,4.258459666140215,4.270913465100169,4.118744423730966,4.234605401549575,5.004697698154908,3.98093323189853,2.907993342587917,5.544527167991462,591.784904129581,6.383143231241949,141.3021229491062,4.950900313987427,408.3065823314566,6.012018319507012,549.6425829386566,6.309268217780558,49.79562067466396,3.907927041904052,91.71551882407027,278.9425242461705,5.631005754313029,2.0086459857961,-1.350466323552298,0
1998m1,531.8500162760416,4.599999904632568,474.1583251953125,109.1166687011719,303.9499918619792,61.08333333333334,21.48333231608073,446.5,7,80.19409000879396,76.91388460753427,74.41559697198468,124.6125106537011,72.20999908447266,52.25099945068359,68.76699829101563,106.5999984741211,5.559999942779541,16.70999908447266,5.179999828338623,5.539999961853027,23.8664999961853,413.0666605631511,5432.099914550781,1.001313686209598,1.001316468725805,469,174,75.05316584664325,255.8335,0,.3600001335144043,0,0,6.276361525300366,6.161541285322409,4.69241766486422,5.716863187420522,6.023608985658446,4.112239052098651,3.067277393366305,4.258954637946746,4.268899940073781,4.120645620787927,4.235472375404933,5.002710604947101,3.956059018904726,2.816007287818112,5.544526842258828,591.2634274462332,6.382261649816739,141.8686226264056,4.954901436574471,408.4493093247744,6.01236781682005,550.3654055142372,6.310582431290285,49.01862021148446,3.892200230243282,91.79506825967903,278.7007023909745,5.630138454725037,2.017406887353619,-1.442947350128634,0
1998m2,535.0083414713541,4.599999904632568,476.9833170572917,108.875,306.4916585286458,61.61666870117188,21.68333435058594,448.8999938964844,7,80.15213984334166,76.61782431620504,74.50620277136416,124.2189505904008,72.27200317382813,51.00400161743164,68.63700103759766,110.4000015258789,5.510000228881836,16.05999946594238,5.230000019073486,5.570000171661377,19.99894724394146,415.3666585286458,5463.599792480469,1.00568968695988,1.005684274257845,470,173,75.04429420495819,257.0848333333333,0,.3400001525878906,0,0,6.282282338309702,6.167481515554052,4.690200435172667,5.725190539764965,6.029161644688334,4.120932429733279,3.076543963204436,4.258431393135214,4.265043268896613,4.121862444795094,4.235354163655149,4.999547336206847,3.931904092733154,2.776331675264716,5.54940612121842,595.0974209666285,6.388725124859914,142.1013986910777,4.956540878060085,411.3639497494876,6.019478345157324,553.4953229011813,6.316253302069957,49.60327583538079,3.904056876618164,91.78421764538622,280.0969926295999,5.635135945434413,2.023850945174487,-1.482099717870498,0
1998m3,538.2250162760416,4.699999809265137,479.191650390625,108.6749979654948,308.7916666666667,61.7250010172526,21.73333231608073,459.6000061035156,7.099999904632568,80.16461244923489,76.15489591893476,74.69949299278591,124.1000469494336,72.3489990234375,50.01599884033203,68.73999786376953,106.5,5.489999771118164,15.02000045776367,5.159999847412109,5.650000095367432,20.15863635323264,417.4666646321614,5489.499816894531,1.004723679541823,1.004722566272599,471,172,75.06914152577032,257.8874166666666,0,.4900002479553223,0,0,6.288276718587611,6.172100622589809,4.68836175815385,5.732666831603414,6.034204695910685,4.122689051711641,3.078847133458395,4.258586992668513,4.258982896162123,4.124453369069933,4.235685210918414,4.998589667633498,3.912342931053126,2.70938267681293,5.552523120175692,597.7595796325695,6.393188632362371,142.702575657351,4.96076257377576,413.3785308241493,6.024363712720935,556.1095493397247,6.320965306029042,49.73809642667047,3.906771167169875,91.81460758942509,280.8784173210029,5.637921897128419,2.029689725919098,-1.549204315855583,0
1998m4,540.6416829427084,4.300000190734863,482.3416748046875,109.4666646321615,309.6999918619792,63.17499796549479,21.0500005086263,446.5,6.900000095367432,80.26437599734356,76.18288796978369,74.82513186713018,124.1620158575242,72.48200225830078,49.49499893188477,68.81500244140625,108.6999969482422,5.449999809265137,15.4399995803833,5.079999923706055,5.639999866485596,22.02857144673665,419.1666564941406,5535.500091552734,1.002728735586035,1.00273016539269,472,171,75.16966335218568,258.8975,0,.559999942779541,0,0,6.292756735832377,6.178652731811114,4.69562007032455,5.735604060702047,6.038268589037332,4.14590862106998,3.04690058429116,4.259830702573242,4.259350395943851,4.126133880277102,4.237023371741741,4.999088889372631,3.901871632791505,2.736961517419382,5.55643223047294,600.9411632635768,6.398497031678947,143.6893081233401,4.967653386164731,413.8983575891656,6.025620430612398,557.6274228211676,6.323691038332363,50.88109880399176,3.929491514789081,91.93755254202362,281.6014706087165,5.640492846602341,2.032926033259135,-1.52286918515386,0
1998m5,543.625,4.400000095367432,486.4916585286458,109.8083292643229,311.8249918619792,64.85833231608073,21.80833435058594,431.5,6.599999904632568,80.37434597745919,76.51554819614313,74.98580381643922,123.2367370086177,72.552001953125,49.96500015258789,68.9010009765625,106.5,5.489999771118164,14.85999965667725,5.139999866485596,5.650000095367432,20.87399978637695,421.6333211263021,5576.199890136719,1.003149223019735,1.003151761469218,473,170,75.37454637954502,260.37925,0,.5100002288818359,0,0,6.298259670917802,6.187219755597559,4.698736384707635,5.742442106913734,6.044136029033616,4.172205388493119,3.082292206393232,4.261199861838739,4.263707490371115,4.128278877372013,4.239745271896097,4.99160879375827,3.911322763367648,2.698673016185793,5.562139222059542,605.282260915792,6.405694896199894,143.5111318588945,4.966412606120552,415.8453680450078,6.030313479729175,559.3842236916254,6.326836578174291,52.62905679784862,3.96326837782658,92.1881382604213,282.4433326383677,5.643477938034587,2.037059809079063,-1.562526845652946,0
1998m6,546.2416585286459,4.5,489.308349609375,110.7000020345052,314.3249918619792,64.27499898274739,22.375,428.5,6.5,80.30632616279588,76.53384816365822,74.9411069216637,122.7502235831815,72.46099853515625,50.17800140380859,68.94300079345703,105.5999984741211,5.559999942779541,13.65999984741211,5.119999885559082,5.5,21.66272726925937,425.0249938964844,5603.2001953125,1.008425864131595,1.008425983112934,474,169,75.34600922501673,262.4341666666667,0,.380000114440918,0,0,6.303061475865097,6.192992862546325,4.706823858093139,5.750427456588779,6.052147976363424,4.163170737325386,3.107944264160919,4.260353215906527,4.263946628427684,4.127682628227951,4.239366595546944,4.987653185228192,3.915576711604019,2.614471842972228,5.570000256926898,609.3023712944555,6.412314649080875,144.6418868129914,4.974260941449486,419.429342284128,6.038895078548282,564.0975524359499,6.335227201853252,52.36242925389991,3.958189335188925,92.15323540165031,284.7801984627519,5.651717649251095,2.04270825995857,-1.645881372934299,0
1998m7,548.5249837239584,4.5,490.8333333333333,111.1749979654948,315.5333251953125,64.11666870117188,21.88333384195964,435.2000122070313,6.599999904632568,80.50472882158871,76.69318437094067,75.16580801377212,122.8339646602178,72.66500091552734,50.06499862670898,69.04000091552734,105.1999969482422,5.539999961853027,14.07999992370605,5.090000152587891,5.460000038146973,19.92999987168746,426.7083231608073,5627.399993896484,1.001197565795906,1.001197805393571,475,168,75.55393039172418,262.8980833333333,0,.369999885559082,0,0,6.307232827855635,6.196104626857632,4.711105518096736,5.754264303012719,6.056100695887962,4.160704372261494,3.085725335323329,4.262820742277518,4.266026369346483,4.130676511088635,4.242122346129983,4.988335159754979,3.913322133729605,2.644755345311292,5.571766441231258,609.6950334695222,6.41295888702119,144.9607274458399,4.976462860534284,419.7830549995544,6.039738042111538,564.7731639485256,6.336424170794751,52.1978337819925,3.955040995598247,92.4075369687493,284.4985289698189,5.650728082972416,2.044412085578116,-1.618065396966226,0
1998m8,551.0166829427084,4.5,493.75,111.0999959309896,317.2416585286458,65.40833536783855,21.6999994913737,430.1000061035156,6.5,80.61583188864748,76.81160848747237,75.33976598717003,122.4186324279718,72.80699920654297,49.43199920654297,69.23999786376953,104.4000015258789,5.550000190734863,13.35999965667725,5.039999961853027,5.340000152587891,31.58809498378209,428.3416544596354,5664.600006103516,1.001710475284205,1.001709689320752,476,167,75.71365510417326,263.4019166666667,0,.3000001907348633,0,0,6.311765086267531,6.202029316215332,4.710430660020827,5.759663813194915,6.059921135226526,4.180649702449446,3.077312237107414,4.264199872094083,4.267569306707857,4.132988160368309,4.244234163692044,4.984948181315431,3.900597971707193,2.592265142410688,5.573681065921532,612.472746894188,6.417504446562324,144.6395904456414,4.974245065097002,421.0812900356904,6.04282590301406,565.7389725410651,6.338132792571254,53.43004906244418,3.978373304225747,92.60289103165424,284.4424334188752,5.650530890100629,2.047565214173448,-1.671934729683394,0
1998m9,552.25,4.599999904632568,497.1333414713542,111.4333292643229,318.9666748046875,66.74166870117188,21.59166717529297,404.6000061035156,6.099999904632568,80.56934937542259,76.65227228018992,75.37117685785668,122.067773414329,72.79499816894531,49.03900146484375,69.16799926757813,100.9000015258789,5.510000228881836,14.94999980926514,4.739999771118164,4.809999942779541,38.20476223173596,430.4000040690104,5706.500091552734,1.00503579801321,1.005035829938649,477,166,75.69629643797016,264.3859166666667,0,.070000171661377,0,0,6.314000842300227,6.20885828281148,4.713426468242743,5.76508662963081,6.064715018301595,4.200829476024921,3.072307461336666,4.263623112938571,4.265492775556162,4.133404996339852,4.244004870094069,4.982078007382482,3.892615929773912,2.70471128707851,5.577409841304222,617.025389090461,6.424910172313985,145.3751153742664,4.979317404470613,423.1944996775495,6.047831883478413,568.5879287657152,6.343155969244298,54.67591226935359,4.001423251734169,92.58166021572482,285.5705072155978,5.654488959081295,2.050377729361656,-1.558911825860061,0
1998m10,554.1666666666666,4.5,499.8999837239583,112.0666707356771,319.5416666666667,68.28333536783855,20.93333307902018,392.3999938964844,5.900000095367432,80.74620608325837,76.83206042603277,75.59104373585855,121.8869136423657,72.93699645996094,49.1609992980957,69.48799896240234,97.40000152587891,5.070000171661377,14.39000034332275,4.070000171661377,4.53000020980835,36.60818195343018,431.6083374023438,5747.599807739258,1.0000382342139,1.00003872000479,478,165,75.90589056947186,264.8309166666667,0,.4600000381469727,0,0,6.317465483861899,6.214408045860929,4.719093968615242,5.766887677416913,6.067518550626371,4.223665745119818,3.041342772657326,4.265815793962931,4.26783553230408,4.136317871264431,4.246769926049755,4.980595274607142,3.895100611954531,2.666533544757702,5.579091572031028,619.1002747652385,6.428267254339073,145.8592547359382,4.982642148095194,422.7242420190104,6.046720056339936,568.6098063856058,6.343194445613388,56.02187579233649,4.025742253604408,92.83800793125411,285.2613089918647,5.653405633852415,2.051649689898968,-1.599282249205229,0
1998m11,556.3999837239584,4.400000095367432,501.2833251953125,112.8333333333333,320.2916666666667,68.15833536783855,20.51666641235352,403.2999877929688,6,80.7496053440878,76.73517244721408,75.6695709125752,121.5913155622263,72.94999694824219,48.89300155639648,69.58899688720703,102.6999969482422,4.829999923706055,12.85000038146973,4.53000020980835,4.829999923706055,26.2230001449585,433.125,5769.199905395508,1.003070941245391,1.003073948681078,479,164,75.93930293979945,265.6333333333333,0,.2999997138977051,0,0,6.321487430796876,6.217171460590978,4.72591180368422,5.769232039001187,6.071026369944168,4.221833459802619,3.021237551566911,4.26585789116409,4.266573700728926,4.137356174380599,4.247210010718813,4.978167146011518,3.889634268782441,2.553343841027588,5.582116911735593,620.787337670889,6.430988571867965,147.0425226592813,4.990721814739326,423.2767052911077,6.048026114808041,570.3568287206401,6.346262180262126,56.05526599714879,4.026338096882832,92.87887350674768,285.9997363275891,5.655990888887921,2.055629539632786,-1.712514050136501,0
1998m12,557.9666748046875,4.400000095367432,505.875,113.8833312988281,322.1416625976563,69.85000101725261,20.68333307902018,367.7999877929688,5.5,80.83123085158749,76.95372071276238,75.77708954872404,121.1098363120041,73.07599639892578,48.31700134277344,69.56800079345703,100.5,4.679999828338623,11.27999973297119,4.5,4.650000095367432,25.47909077731046,436.0249938964844,5822.300003051758,1.004894045924241,1.004893472212472,480,163,76.07546052493011,267.8266666666667,0,.1500000953674316,0,0,6.324299238025603,6.22628960319603,4.735174514693858,5.774991394752015,6.077699567156646,4.246350100266358,3.029328210686947,4.266868227740691,4.269417737254483,4.138776062463773,4.249001384378034,4.974199469071027,3.877783493397334,2.423031222397146,5.590340005098238,625.8410204452118,6.439096377896415,147.9893762692896,4.997140489223407,425.1174919967358,6.052365582475696,573.1480176233674,6.351144003815383,57.67491984491209,4.054822414287063,93.04540338833431,287.8451346477216,5.662422608591345,2.057431010284912,-1.843837005343545,0
1999m1,561.8666585286459,4.300000190734863,506.1583251953125,115,323.7916666666667,67.36666870117188,20.89166641235352,413.7999877929688,6.099999904632568,80.9446087420512,77.26376881588615,75.85561211703831,120.963295815738,73.18000030517578,48.12099838256836,69.83799743652344,103.9000015258789,4.630000114440918,12.47000026702881,4.449999809265137,4.71999979019165,28.03526316191021,438.7916666666667,5823.199905395508,1.004519097074716,1.004518133428738,481,162,76.21379493850596,269.2175,0,.2699999809265137,0,0,6.331264559337969,6.226849515988743,4.74493212836325,5.780100304861296,6.084024737032651,4.210150365941939,3.0393503432033,4.268269894507632,4.2734386627903,4.139811756934302,4.250818117294651,4.972988756317585,3.873718638658668,2.523325781105642,5.595519603087102,625.3144379365691,6.438254623922187,148.8407849661547,5.002877177356981,426.8526185868563,6.056438798114449,575.7378529972312,6.355652440774772,55.69182638987513,4.019833392716086,93.2145956774751,288.8147484236261,5.665785473663592,2.062994664830337,-1.744944113401989,0
1999m2,563.4583333333334,4.400000095367432,508.2666829427083,115.4000040690104,324.1916707356771,68.6749979654948,20.24166615804036,406.5,6,80.89925931576944,77.01831269864151,75.93534208677862,120.5044320226952,73.15499877929688,47.76100158691406,69.87799835205078,108.0999984741211,4.760000228881836,12.01000022888184,4.559999942779541,5,28.82263153477719,439.5916748046875,5856.300201416016,1.001880310347833,1.001885619139162,482,161,76.20924915125859,270.0084166666667,0,.440000057220459,0,0,6.334093388125415,6.23100627625447,4.748404389334055,5.781334917224705,6.085846284235233,4.229385202356216,3.007743161092437,4.267709484922606,4.270256746628291,4.140862280366228,4.25075847031311,4.969188129629302,3.866209440114747,2.485739655149497,5.598453131352018,628.2711204546633,6.442971793772939,149.8345004266056,5.009531354489796,426.9312046625037,6.056622887045931,576.8219470738975,6.357533634958895,56.98960346334888,4.042868855818646,93.20903587402167,289.6805166310285,5.66877864891005,2.066383903202809,-1.781969829773109,0
1999m3,564.3500162760416,4.199999809265137,511.0833333333333,115.8416646321615,326.3000081380208,68.9500020345052,21.14166641235352,381.3999938964844,5.599999904632568,80.96048060877388,77.02369262625479,76.0827280119988,120.055598248797,73.177001953125,48.45399856567383,69.79000091552734,105.6999969482422,4.809999942779541,14.65999984741211,4.570000171661377,5.230000019073486,25.30956541973612,442.1416727701823,5879.300003051758,1.004344785536946,1.004344497430024,483,160,76.31974436371065,271.51525,0,.6599998474121094,0,0,6.335674655241967,6.236532655837983,4.752224298632236,5.787817228539577,6.091630357349384,4.233381633746275,3.051245804788234,4.268465958347715,4.270326596765649,4.142801338943998,4.252207312651008,4.965456551326675,3.880614864666654,2.685122686050054,5.604018307225644,631.2750733324401,6.447741699931345,150.3974435428131,5.01328141365062,428.8752738815582,6.061166139783034,579.3280316337336,6.361868865735147,57.43172583390638,4.050596865511332,93.34417894833422,290.8753958297528,5.672894982445777,2.067208696894252,-1.583343272297661,0
1999m4,565.2166748046875,4.300000190734863,516.625,117.8583374023438,328.6583251953125,70.10833231608073,22.45833333333333,319,4.699999809265137,81.35161184212518,78.26821362173031,76.20353267223651,120.2080034314165,73.36499786376953,51.27000045776367,69.93800354003906,104.5999984741211,4.739999771118164,17.34000015258789,4.409999847412109,5.179999828338623,23.4785714830671,446.5166625976563,5930,1.004465736939252,1.00447806408134,484,159,76.73179095105901,274.0579166666666,0,.7699999809265137,0,0,6.337209152860475,6.247317272831896,4.769483372763041,5.795018685882169,6.101476717868076,4.250041650259043,3.111661740561051,4.273285463592612,4.286355090070392,4.144387886345386,4.257591741915409,4.966725201276103,3.937105794724099,2.853015980152159,5.613339458747451,635.0519532453606,6.453706811680361,150.5826336754691,5.014511994476682,431.2901432128142,6.066781049724237,581.9187289430702,6.366330796989438,58.32251623418766,4.065988232074671,93.84813962987423,292.0227483970573,5.676831704703183,2.063923689267863,-1.420269483440453,0
1999m5,566.558349609375,4.199999809265137,519.3416748046875,118.4000040690104,329.6666666666667,71.28333536783855,22.3000005086263,300.1000061035156,4.400000095367432,81.40489287700895,78.17347761395693,76.35575281156326,119.9065534420183,73.43499755859375,50.87200164794922,70.06400299072266,106.8000030517578,4.739999771118164,17.75,4.630000114440918,5.539999961853027,26.20450019836426,448.0666707356771,5964.500091552734,1.002317858886759,1.002320812759949,485,158,76.81998123405774,275.1491666666666,0,.9099998474121094,0,0,6.339580075356976,6.252561999516817,4.774068756816547,5.798082042954603,6.104942039949017,4.266662574545914,3.104586701274427,4.273940196709166,4.285143954872281,4.146383440917613,4.258740413681818,4.964214315208228,3.929312706359139,2.876385515921425,5.617313374850142,637.9735375235219,6.458296805248726,151.4580234663521,5.020308513728297,431.750921872572,6.067848852224444,583.2683938967549,6.36864744730397,59.44907373416262,4.085120042429417,93.95600227572515,292.8489505749812,5.679656949039465,2.065639878647811,-1.397554680787741,0
1999m6,568.6416829427084,4.300000190734863,521.691650390625,118.3083292643229,331.0666707356771,72.30833435058594,22.64999898274739,295,4.300000190734863,81.42982943927679,78.21331371918502,76.41977734596024,119.6092943396002,73.4739990234375,50.68500137329102,70.06900024414063,107.3000030517578,4.760000228881836,17.88999938964844,4.71999979019165,5.900000095367432,23.6263636675748,449.375,5988.499816894531,1.002166726878966,1.002166427278115,486,157,76.87772969504512,275.9929166666666,0,1.180000305175781,0,0,6.343250504554458,6.257076705281957,4.773294176488258,5.802319777256509,6.107857728475311,4.280939397079706,3.120159807017227,4.274246477361205,4.285653411019442,4.147221592656691,4.259491868773189,4.961732147470328,3.925630035928986,2.884241863403715,5.62037520113661,640.6640588381151,6.462505230361828,151.2636706444813,5.019024477252847,433.2211925152621,6.071248434787272,584.5320898296023,6.370811680738893,60.45377556135796,4.10187903270111,94.0266325264072,293.5263225439394,5.681967320234562,2.069004027193253,-1.39000461395749,0
1999m7,571.2166748046875,4.300000190734863,523.9666748046875,118.4833374023438,333.375,72.10000101725261,23.4250005086263,299.1000061035156,4.400000095367432,81.64637013867859,78.62348597132541,76.60581855042335,119.5389564346438,73.60600280761719,51.84600067138672,70.14700317382813,106,4.989999771118164,20.06999969482422,4.690000057220459,5.789999961853027,21.04904747009277,451.8583374023438,6006.500091552734,1.002344548721933,1.002349042793585,487,156,77.12158301974188,277.3116666666667,0,1.099999904632568,0,0,6.347768603184517,6.261428084597645,4.774772338049853,5.809267982502178,6.113368717881494,4.278054058399816,3.153803849837455,4.276902178527034,4.290883984304594,4.149653098249374,4.262658811848572,4.961143910619279,3.948277799036951,2.999226147602677,5.625142024101182,641.7513404634104,6.464200908511687,150.6971306837699,5.01527206552929,435.1823481666298,6.075765134440259,585.9038672568162,6.373155727069694,60.31506645841623,4.099581930872269,94.3248815387357,293.9963052620269,5.683567200123751,2.070866424657483,-1.277676030924357,0
1999m8,574.6583251953125,4.199999809265137,527.6583251953125,119.9416707356771,335.0583292643229,72.65833536783855,23.60000101725261,294.7999877929688,4.300000190734863,81.79489102341711,78.96368630997335,76.73266482619364,119.3463545128793,73.64199829101563,53.33000183105469,70.25199890136719,104.5,5.070000171661377,21.26000022888184,4.869999885559082,5.940000057220459,24.32363622838801,455,6048.699890136719,1.004585719307017,1.004583368942018,488,155,77.30339007860601,279.2004166666667,0,1.070000171661377,0,0,6.353775647128798,6.268448962866812,4.787005547405536,5.814304633875359,6.12029741895095,4.285768116646758,3.161246755135487,4.278719601184729,4.295201605621355,4.151307559698465,4.265013445807262,4.959531404913225,3.976499058946931,3.056827383679646,5.631929863246225,645.0993681796689,6.469404364123159,151.8947206502542,5.023187653568212,436.6567093991328,6.079147324364348,588.5899693885777,6.37772979418046,60.88023020426449,4.108908494825265,94.54724379608038,295.3025444811977,5.688000405310105,2.075056045944069,-1.221892217505084,0
1999m9,575.9666748046875,4.199999809265137,532.2083333333334,121.5916646321615,337.5833333333333,73.03333536783855,23.96666717529297,254.3999938964844,3.700000047683716,82.08851623302738,79.5881028855714,76.97186395221934,119.1805589352745,73.83699798583984,54.56800079345703,70.45800018310547,107.1999969482422,5.21999979019165,23.8799991607666,4.820000171661377,5.920000076293945,24.54142861139207,459.1749979654948,6098.899993896484,1.004774829003466,1.004773534561165,489,154,77.64203486014991,281.7838333333333,0,1.099999904632568,0,0,6.356049802780293,6.277035016694831,4.800668419749702,5.821812393414691,6.129431396583815,4.290915985790525,3.176663997281129,4.282302947768912,4.303078146239294,4.154420016059093,4.269384601920905,4.958141242252678,3.99944764489312,3.173041253380624,5.641140228526257,648.3346974167933,6.474407071366995,152.7761816448636,5.02897398529444,438.5801720260924,6.083542627543052,591.4000048975639,6.382492615699682,61.27957111486786,4.115446526629579,94.96142913372655,296.7350385349823,5.692839614476493,2.073746855011381,-1.109261694388288,0
1999m10,580.0916748046875,4.099999904632568,534.2833251953125,121.8499959309896,340.0999959309896,72.33333333333333,24.25,275.5,4,82.22683068575893,79.66991885344297,77.17844480613235,118.9620067346787,73.96299743652344,54.74200057983398,70.51300048828125,103.1999969482422,5.199999809265137,22.63999938964844,5.019999980926514,6.110000133514404,24.0214285169329,461.9499918619792,6120.39990234375,1.003789554807886,1.00378837666821,490,153,77.81641565789933,283.3315833333334,0,1.090000152587891,0,0,6.36318615105838,6.280926269783691,4.802790746677613,5.829239680048991,6.135456642500084,4.28128506487235,3.188416617383492,4.283986472625152,4.304105610654283,4.157100269887267,4.271628042149556,4.956305768100136,4.002631249890891,3.119718226375991,5.64661788432659,649.7676254082432,6.476614799599615,152.9435421606731,5.030068847807361,440.6670758724156,6.088289660349178,593.6407992534999,6.3862744213873,60.80372660042509,4.107651079863945,95.17470857440055,297.6962972383001,5.696073830048175,2.079199678433228,-1.164268246249161,0
1999m11,584.375,4.099999904632568,537.3916829427084,122.3166707356771,342.4750162760417,72.60000101725261,22.90833282470703,287.2999877929688,4.099999904632568,82.3005245846566,79.56333879129043,77.36086380631733,118.6915411993258,74.03399658203125,54.51100158691406,70.70999908447266,107.1999969482422,5.420000076293945,24.96999931335449,5.230000019073486,6.03000020980835,21.81809525262742,464.7916870117188,6173.800201416016,1.004757642789098,1.004758048918838,491,152,77.92435292591388,284.04425,0,.8000001907348633,0,0,6.370542900042952,6.286727219587323,4.806613343589159,5.83619870986221,6.141589320291097,4.284964935842495,3.131500723180523,4.284882298169845,4.302766944603671,4.159461081340972,4.273014156861558,4.95402963416927,3.998402545277481,3.217675076792863,5.649130035883266,652.9626459305643,6.481519923858555,153.7349646129566,5.035230110769521,442.6980251066884,6.092887878708693,596.4652506689619,6.391020984466311,61.16695451391189,4.113607084764955,95.30672311067481,298.0317030417193,5.697199866892849,2.085660601873107,-1.067207221376982,0
1999m12,590.2833251953125,4,545.0833333333334,126.5,344.433349609375,74.14999898274739,24.51666768391927,262.8999938964844,3.700000047683716,82.49212007227192,80.0822512902586,77.51790894294585,118.2845907410402,74.12799835205078,55.87699890136719,70.81099700927734,105.4000015258789,5.300000190734863,26.07999992370605,5.360000133514404,6.28000020980835,22.15909090909091,470.933349609375,6246.799987792969,1.009969611280441,1.009948930754276,492,151,78.17545886189517,289.384,0,.9200000762939453,0,0,6.380602633830233,6.300938688173212,4.840242308167575,5.841900601806747,6.154716575742829,4.306090054865092,3.199353199871624,4.287207590956349,4.30926777342296,4.161489056997854,4.276231408051025,4.95059510382239,4.023152826814953,3.261168734133071,5.667754525868736,660.7701836924327,6.493406099657939,157.9625921622757,5.062358246528647,444.3274519477586,6.096561794996347,602.4056097212377,6.400930988728576,62.68779265177793,4.138166734134434,95.6138425542558,302.6591048631791,5.712607105688853,2.093395042873884,-1.026038856823278,0
2000m1,595.7749837239584,4,545.2416585286459,121.9749959309896,347.5500081380208,75.71666463216145,24.24166615804036,324.2000122070313,4.5,82.71659238027574,80.25988746505614,77.79456055519083,118.2368555161687,74.30599975585938,56.5369987487793,70.875,112,5.449999809265137,27.18000030517578,5.5,6.659999847412109,23.2019998550415,469.5250040690104,6251.999908447266,.99382320798747,.9938117373580128,493,150,78.42654620505294,285.6880833333333,0,1.159999847412109,0,0,6.38986305169032,6.301229106530321,4.80381607234252,5.850908562961891,6.151721554033228,4.326998276667323,3.188072894731665,4.28992503173542,4.311483488503852,4.165051577196441,4.279438104647397,4.950191459871492,4.034895268946031,3.302481419950951,5.65490059794797,659.1684241802277,6.490979077235977,151.9750398156184,5.0237162956227,446.7536106093868,6.102007235952904,598.681220567073,6.394729270422603,64.03812440851601,4.159478599887563,95.92093925756349,297.8370369854426,5.696546481171714,2.0999380199549,-.9874436117844687,0
2000m2,599.9750162760416,4.099999904632568,552.1083170572916,123.7833353678385,350.7583414713542,77.55833435058594,24.89999898274739,289.3999938964844,4,82.97734941901615,80.84231596438077,78.02650144745311,117.9086119597054,74.41500091552734,58.59400177001953,71.07700347900391,111.3000030517578,5.730000019073486,29.35000038146973,5.730000019073486,6.519999980926514,23.59550018310547,474.5416768391927,6326.499816894531,1.00656558797706,1.006564537542234,494,149,78.74751773135229,288.8054166666666,0,.7899999618530273,0,0,6.396888014809266,6.313744253580248,4.818532741883215,5.860097500514055,6.162349447362934,4.351030354519632,3.214867762617143,4.293072488439922,4.318714066663952,4.168028595329702,4.283522391385913,4.947411446590919,4.070632332470553,3.379292559271371,5.66575316261379,665.3723225952593,6.500346767581402,153.1170079570427,5.031202387003295,449.5374455659429,6.108219155371807,602.6116003530358,6.401272877013793,65.77834567087523,4.186290691020445,96.31350901573018,299.8597181414065,5.703314759099019,2.103815526369345,-.9137799291685513,0
2000m3,604.1499837239584,4,557.2083333333334,127.2916666666667,352.9750162760417,76.94166564941406,25.50833384195964,276.5,3.799999952316284,83.33332900857401,81.87690479211919,78.165435562691,118.138050244774,74.56800079345703,61.58499908447266,71.27400207519531,107.0999984741211,5.849999904632568,29.88999938964844,5.860000133514404,6.260000228881836,22.71826080653979,480.2666829427083,6380.399993896484,1.007375586891081,1.007352715376609,495,148,79.11493590010301,292.7549166666666,0,.4000000953674316,0,0,6.403822484532919,6.322939197524851,4.84648104125775,5.866397279006621,6.174341539083229,4.343047545769493,3.23900521610298,4.297353393750008,4.331430484117309,4.169807613562527,4.288177315007619,4.94935545507791,4.120418319527371,3.397523955875921,5.679335797099108,668.6500347010057,6.505260806215919,155.4671210274167,5.046434268924473,451.5742971750541,6.112739915631548,607.0493232139281,6.408610045112381,65.12860631269618,4.176363873783314,96.76288614059702,302.5487646588921,5.71224246996263,2.106469090782911,-.8998294378740868,0
2000m4,606.691650390625,3.799999952316284,556.5916748046875,127.3499959309896,354.183349609375,75.0499979654948,25.63333384195964,311.7000122070313,4.300000190734863,83.26417610696755,81.54639653680506,78.2004686376558,117.9596947833232,74.61699676513672,59.67499923706055,71.31400299072266,109.1999969482422,6.019999980926514,25.73999977111816,5.820000171661377,5.989999771118164,27.16421077125951,481.5333455403646,6371.500091552734,1.003380405388397,1.003381751193928,496,147,79.0562992887415,294.2846666666667,0,.1699995994567871,0,0,6.408020672517346,6.321831891747964,4.846939169474068,5.869814715800478,6.176975482298971,4.318154530970807,3.243893607685867,4.296523214384115,4.327385666723041,4.170255704541569,4.287435882926399,4.947844593588256,4.088913159439985,3.248046193275912,5.684547552851427,668.4647597901493,6.504983679804925,156.16875955213,5.050937214535059,452.9171701649182,6.115709261446364,609.1018045021749,6.411985420409344,63.62342502102267,4.152981720474282,96.69116962228993,304.3552661698552,5.718195657796169,2.111497458133232,-1.048477021108202,0
2000m5,609.7083333333334,4,559.1416829427084,127.6666666666667,355.8916829427083,75.58333333333333,26.02499898274739,314.7000122070313,4.300000190734863,83.33332900857401,81.40320832599241,78.35026936572807,117.9714113789353,74.69699859619141,59.03499984741211,71.66899871826172,110.6999969482422,6.269999980926514,28.78000068664551,5.989999771118164,6.440000057220459,26.37318186326461,483.558349609375,6397.400207519531,1.0032576442572,1.003258605979356,497,146,79.13093819899089,296.1126666666667,0,.4500002861022949,0,0,6.412980700744481,6.326402898898237,4.849422700512537,5.874626423158253,6.181171989327253,4.325235800327136,3.259057575413516,4.297353393750008,4.325628212351942,4.17216947097542,4.288379561025515,4.947943915765924,4.078130485774371,3.359680725317648,5.690740012533229,670.9700543526581,6.508724507589305,156.8324753926217,5.055178199944626,454.2316010190799,6.118607202370288,611.0863343909418,6.41523824933851,64.06919477342905,4.159963667652944,96.78245802810042,305.9569602796113,5.723444439378856,2.115627306994473,-.9376726684323602,0
2000m6,613.4916585286459,4,562.2416585286459,128.7583312988281,358.6333414713542,74.85000101725261,27.55833435058594,318.8999938964844,4.300000190734863,83.61562334875283,82.14927697469011,78.56288261836889,117.6038143715608,74.75399780273438,62.46799850463867,71.70600128173828,106.4000015258789,6.53000020980835,31.82999992370605,5.860000133514404,6.099999904632568,21.53999996185303,487.3916727701823,6416.199890136719,1.003494974214176,1.003501944904421,498,145,79.48017651179302,298.3896666666666,0,.2399997711181641,0,0,6.419166667528208,6.331931754853242,4.857937246567412,5.882300533623511,6.189068056043478,4.315486124456187,3.31630500711245,4.30073520124546,4.334751568958565,4.174879420779737,4.292783273562657,4.944823067174479,4.134654401687562,3.460409238897082,5.698400238596848,672.4122072062887,6.510871556048858,156.7370231858499,5.05456938939288,456.4920857263728,6.123571363031228,613.2241952153498,6.418730603517593,63.645895685636,4.153334840373438,97.2095999667639,306.9549373402282,5.726700952905333,2.118431466282748,-.8403259623483779,0
2000m7,618.3249918619791,4,564.0416666666666,128.9833374023438,360.2833251953125,74.77499898274739,27.18333435058594,347.8999938964844,4.699999809265137,83.82536552649576,82.35813315690457,78.82986580240073,117.387779258572,74.92500305175781,62.58399963378906,72.08000183105469,108.3000030517578,6.539999961853027,29.77000045776367,6.139999866485596,6.050000190734863,19.89300012588501,489.2666625976563,6442.299987792969,1.000672637234438,1.000672306974201,499,144,79.73231802288073,299.0234166666667,0,-.0899996757507324,0,0,6.427014196032263,6.335128125837841,4.85968322859515,5.886890736348116,6.192907663126303,4.314483590911831,3.302604077820835,4.303240469386235,4.33729074083249,4.178271996902621,4.295950634549225,4.942984404177955,4.136509648531269,3.393501190404362,5.700521886935026,672.8770738117244,6.511562658892681,156.6127502630629,5.053776199546692,457.0391202979064,6.124768989632949,613.6365713803175,6.41940284961385,63.69913414754975,4.154170969825607,97.51798598833011,306.6341184511855,5.725655240256942,2.123773726646029,-.9097392789818728,0
2000m8,622.1333414713541,4.099999904632568,566.8999837239584,129.0666707356771,362.3000081380208,75.53333536783855,26.94166564941406,354.7000122070313,4.800000190734863,83.81969144226139,81.93611685038503,79.03645126471612,116.9046134318822,75.02100372314453,60.75400161743164,72.31199645996094,107.3000030517578,6.5,31.21999931335449,6.28000020980835,5.829999923706055,18.08869569197945,491.3666788736979,6479.499816894531,1.003711105266866,1.003715358998933,500,143,79.77830740724308,300.1540833333333,0,-.4500002861022949,0,0,6.433154445119941,6.340182892619653,4.860329098260736,5.892472620363137,6.197190649228141,4.324574086860993,3.293673997185789,4.303172777748448,4.332153406632881,4.180889218664383,4.296527265548102,4.938859929575252,4.106832950297097,3.441058893093516,5.704295953914271,676.3327017428398,6.516685117312282,157.5210977734669,5.059559403411886,458.3960974216472,6.127733651886208,615.9151464137063,6.423109204716811,64.61108176184183,4.168385940377473,97.57423409764222,307.6161305380784,5.72885267623731,2.129981667371493,-.8621138846549323,0
2000m9,625.5500081380209,3.900000095367432,574.0500081380209,131.3166707356771,365.125,77.60833231608073,28.11666615804036,306.3999938964844,4.099999904632568,84.18021202911048,82.73385744506005,79.27080695983048,117.0779474952135,75.2030029296875,63.54499816894531,72.32499694824219,106.8000030517578,6.519999980926514,33.88000106811523,6.179999828338623,5.800000190734863,19.6875,496.4416707356771,6551.200103759766,1.005558270788607,1.005554610350915,501,142,80.15689619478556,303.74475,0,-.3799996376037598,0,0,6.438631275772794,6.352716514716323,4.877611740009832,5.900239760707905,6.207465995688896,4.351674796632094,3.336362502234017,4.307464698550974,4.341842444830649,4.183849990885984,4.301261551510661,4.940341527984571,4.151748287518947,3.522824901310277,5.716187710554772,681.9298672466016,6.524926818606424,158.7218036133257,5.067153006963214,460.6046210492378,6.132540020009375,619.3374423197439,6.428650265215007,66.28774587908929,4.194005051739254,98.03727364038211,309.8257822980563,5.736010146915252,2.13116657722182,-.7846397972406969,0
2000m10,628.1999918619791,3.900000095367432,574.4833170572916,131.0499979654948,366.7166748046875,76.71666463216145,27.73333231608073,327,4.300000190734863,84.29471435699868,82.52607724836825,79.54262896637128,116.8577214952446,75.30799865722656,63.68099975585938,72.35399627685547,105.8000030517578,6.510000228881836,33.08000183105469,6.289999961853027,5.739999771118164,25.20000006935813,497.7666727701823,6560.999816894531,1.000809809044594,1.000809295512702,502,141,80.30582306198552,304.0230833333333,0,-.5500001907348633,0,0,6.44285857415004,6.353471057802402,4.875578914244766,5.904589546649616,6.210131438656914,4.340118955075411,3.322635022479271,4.308823979103567,4.339327857050343,4.187273155562083,4.303117769710764,4.938458736309611,4.15388624109661,3.498928925507807,5.717103630541076,681.5176033746111,6.52432208113991,158.7982881714955,5.067634768978456,461.0316248910084,6.133466641274987,619.8388283574056,6.429459489982922,65.64963243381685,4.184332001857531,98.21942121252124,309.5345905933477,5.735069848701454,2.134034595046472,-.8098950535957603,0
2000m11,629.3500162760416,3.900000095367432,575.816650390625,131.0416666666667,368.6666666666667,76.11666870117188,28.06666564941406,323.2000122070313,4.300000190734863,84.41262459523496,82.65526943375646,79.67067803516524,116.8853583505435,75.44100189208984,63.44400024414063,72.40699768066406,107.5999984741211,6.510000228881836,34.40000152587891,6.360000133514404,5.71999979019165,26.38285709562756,499.7083333333333,6572.999816894531,1.002298928680351,1.002298882923883,503,140,80.43416498330967,305.23525,0,-.6400003433227539,0,0,6.444687566599183,6.355789294728771,4.875515338786595,5.90989289341417,6.214024594883775,4.332267277691672,3.334582596336016,4.310221787381109,4.340892104034959,4.188881678100989,4.304714658576541,4.938695208383531,4.150157630889441,3.538056608736297,5.721082790774994,682.1451804771031,6.525242509788737,158.5400030323405,5.066006946535668,462.7382065255472,6.137161465500636,621.2637794362934,6.431755757344006,65.12078995633924,4.176243852399873,98.37639201176242,310.272865021828,5.737452120069594,2.134465779218074,-.7721651786448125,0
2000m12,631.6166585286459,3.900000095367432,579.3500162760416,132.3083292643229,370.9166666666667,76.125,30.22500101725261,307.2000122070313,4.099999904632568,84.5418657029027,82.64127340833198,79.8820931031848,116.7806883927955,75.51499938964844,63.78499984741211,72.81099700927734,98.40000152587891,6.400000095367432,28.45999908447266,5.940000057220459,5.239999771118164,26.53049983978271,503.2249959309896,6589.500183105469,1.005114310876168,1.005117797800782,504,139,80.58792262712439,308.1286666666667,0,-.7000002861022949,0,0,6.448282657158188,6.361906813536696,4.885135026541465,5.915977419227854,6.221037378101228,4.332376726030061,3.408669430156856,4.3117516802256,4.340722759592332,4.191531775498134,4.306624429997703,4.937799314724972,4.155518050598031,3.34849956049279,5.730517444658537,685.2817967277838,6.529830135752171,160.099577133311,5.075795978733166,464.3301799660514,6.140595893917174,624.4421986894764,6.436858769140297,65.18629154158708,4.17724919439682,98.56444794851343,312.6164383608399,5.744977002531976,2.136530976932588,-.9632521197328106,0
2001m1,637.6416829427084,4.199999809265137,582.2833251953125,131.8416646321615,374.0749918619792,76.375,29.21666717529297,344.7000122070313,4.5,84.95113497686297,82.82536549626546,80.436594512296,116.7011382027394,75.79599761962891,65.78099822998047,72.86900329589844,94.69999694824219,5.980000019073486,29.57999992370605,5.289999961853027,5.159999847412109,24.91857147216797,505.9166564941406,6636.799896240234,.999648706908122,.9996420719336583,505,138,81.0477133990189,308.8103333333333,0,-.130000114440918,0,0,6.457776500092476,6.366957142326772,4.88160169223559,5.924456290314431,6.226371945235316,4.335655417491759,3.374739340107906,4.316581025009785,4.342947886845879,4.198449292457954,4.312313670605606,4.937117889585429,4.186331015926711,3.387098454703413,5.732727280457764,685.433249778124,6.530051119758063,159.1802992262148,5.070037517173743,465.0557300816557,6.142157248043931,624.2207648763411,6.436504095666481,65.44494867506545,4.181209310998061,99.12680297797972,311.5306093367434,5.741497597723299,2.141195475082691,-.929482570306372,0
2001m2,639.3666585286459,4.199999809265137,583.4833170572916,131.2416687011719,374,78.24166870117188,28.89166768391927,350.7000122070313,4.599999904632568,85.082642258417,82.96316556583491,80.64075595495453,116.3109257381854,75.93000030517578,65.19699859619141,73.30999755859375,90.59999847412109,5.489999771118164,29.61000061035156,5.010000228881836,5.099999904632568,23.41157913208008,505.2416687011719,6655.099792480469,.9963639209813551,.996363337230438,506,137,81.23498105535866,308.5798333333333,0,.0899996757507324,0,0,6.46047809033128,6.369015860156422,4.877040422894511,5.924255797414532,6.225036866689434,4.359802353479337,3.363553238112182,4.318127862466598,4.344610246725904,4.200984242919882,4.314621590622497,4.933768596654152,4.177413434072274,3.388112162726521,5.73198058890628,685.7841994200282,6.530563000130899,158.1926964889326,5.063813887952639,463.785334811239,6.139421804682105,621.9508666554229,6.432861097103709,67.26940586587108,4.208705539916916,99.35584391319708,310.5804562466665,5.738442986154925,2.142350227864681,-.930015699740077,0
2001m3,641.3583170572916,4.300000190734863,583.058349609375,130.0250040690104,375.941650390625,77.09166463216145,28.73333231608073,380.1000061035156,4.900000095367432,85.09058251653767,82.69079338326399,80.80022511123993,115.9399811320646,76.00900268554688,63.96500015258789,73.43199920654297,91.5,5.309999942779541,27.23999977111816,4.539999961853027,4.889999866485596,28.49681836908514,505.9666544596354,6651.900207519531,1.000823387947266,1.000814072607876,507,136,81.28499697187439,308.1744166666667,0,.3499999046325684,0,0,6.463588297709318,6.368287266435581,4.867726770953198,5.92943394621612,6.226470766838546,4.344995163598544,3.358057853598314,4.318221182178168,4.341321796154007,4.202959815752728,4.315237095481677,4.930574250276423,4.158336061154489,3.304686472878894,5.730665910571888,685.2207757492499,6.529741086698489,157.2424193179002,5.057788686583222,465.2730235256841,6.142624380650846,622.4600766543747,6.433679492393642,66.49273518886299,4.197092696413852,99.41701674206898,309.9815572480969,5.736512802961354,2.14536711553115,-1.013534709299273,0
2001m4,641.1499837239584,4.400000095367432,583.683349609375,131.8416646321615,376.1499837239583,75.69166564941406,27.84166717529297,369.2999877929688,4.800000190734863,85.24022783870066,82.96640173603282,80.9500258393122,115.7792069525793,76.12999725341797,64.33999633789063,73.49700164794922,88.40000152587891,4.800000190734863,27.40999984741211,3.970000028610229,5.139999866485596,28.13399991989136,507.9916483561198,6670.100189208984,1.001764234969252,1.001760881575167,508,135,81.46672820472288,309.3353333333333,0,1.169999837875366,0,0,6.463263413519424,6.369358626206472,4.88160169223559,5.929987956736147,6.230465007199481,4.326668057280741,3.326533717843239,4.319978296588095,4.344649253278514,4.204812063523848,4.317470329054848,4.929186586124711,4.164181464892797,3.310907904747825,5.734425909614431,684.7510435024574,6.529055332059452,158.9097054632198,5.068336150741107,464.6693806752148,6.141326143399753,623.5571988107286,6.435440499181404,65.37587157633216,4.18015325424776,99.63928625909814,310.45518785527,5.738039568430724,2.143285116931329,-1.00907039184027,0
2001m5,641.683349609375,4.300000190734863,587.7333170572916,133.5833333333333,377.816650390625,76.33333333333333,29.11666615804036,327.8999938964844,4.300000190734863,85.46470879622314,83.58973411247827,81.1324356226924,115.325364557656,76.14800262451172,67.44699859619141,73.62100219726563,92,4.210000038146973,28.63999938964844,3.700000047683716,5.389999866485596,22.94409092989835,511.3999837239583,6703.399810791016,1.003079846167295,1.00307633912203,509,134,81.76165372449573,311.8775833333333,0,1.68999981880188,0,0,6.46409495710703,6.376273302597583,4.894725502821553,5.934409026067218,6.237152031030646,4.33510971488613,3.371310730443394,4.322608344568488,4.352134240648714,4.207062891389437,4.321083987871141,4.925258987675465,4.211342083460449,3.354804320781287,5.74261074970461,687.6912416078633,6.533339960470171,159.8083003273868,5.073974973956871,465.6789205092609,6.143496384865236,625.4765656369585,6.438513864196276,66.18954436096412,4.192522510302396,100,311.8775833333333,5.74261074970461,2.141486612538542,-.9678040237872017,0
2001m6,643.0416666666666,4.5,589.1416829427084,132.2333374023438,379.066650390625,77.84166463216145,28.16666666666667,327.7000122070313,4.199999809265137,85.61548720532927,83.61342222123659,81.34264328928592,115.3688961184529,76.31800079345703,66.78299713134766,73.91200256347656,92.59999847412109,3.970000028610229,27.60000038146973,3.569999933242798,5.28000020980835,20.94047619047619,511.2999877929688,6731.7001953125,.9978206326654049,.9978156985927225,510,133,81.92441206413628,311.01525,0,1.710000276565552,0,0,6.466209522552886,6.378666703014313,4.884568069623617,5.937712048171586,6.236956478211455,4.354676822954348,3.338139245695019,4.324371008531576,4.352417585884966,4.209650460945193,4.323072653094366,4.925636383811685,4.201448514181472,3.317815786544471,5.739841946346814,688.1251303631386,6.533970696923813,158.1484573762111,5.063534195522682,466.0122108922836,6.144211837413846,624.111879365929,6.436329646153861,67.47196796633902,4.211712222234395,100.1990643929353,310.3973593808612,5.73785328112359,2.14183851402131,-1.006555221987104,0
2001m7,652.4166666666666,4.599999904632568,590.191650390625,132.6666666666667,380.441650390625,77.08333333333333,27.59166717529297,426.3999938964844,5.400000095367432,85.58714273271335,82.95025373956304,81.51660126268382,115.4417511110163,76.51499938964844,62.93199920654297,74.14099884033203,92.40000152587891,3.769999980926514,26.45000076293945,3.589999914169312,5.239999771118164,22.31619053795224,513.1083170572916,6751.199798583984,1.004004318733862,1.004023273130947,511,132,81.88548484885973,312.4545,6.783333333333334,1.649999856948853,0,0,6.480683417119914,6.380447315324093,4.887839716616328,5.941332815714924,6.240486967244128,4.344887087724425,3.317513813199255,4.324039886598634,4.344454601373624,4.211786760177517,4.322597380027928,4.926267680468555,4.142054765770012,3.2752561871489,5.744458858575747,689.5798031648045,6.536082431166535,159.9352150063303,5.074768827026737,466.7045049690772,6.145696305724861,626.6169370607772,6.440335408252972,66.7724914006242,4.201291190347602,100.1514537912617,311.9819914459015,5.74294546641896,2.156643530521279,-1.048783699449735,0
2001m8,663.183349609375,4.900000095367432,593.4750162760416,132.5166625976563,382.4166666666667,78.54166666666667,26.53333282470703,517.4000244140625,6.5,85.57694495022504,82.63373329604346,81.68936105146047,114.8882601564645,76.55300140380859,61.85300064086914,74.37300109863281,91.5,3.650000095367432,27.46999931335449,3.440000057220459,4.96999979019165,21.86173903423807,514.9333292643229,6803.300201416016,1.002970271307546,1.002969850376304,512,131,81.93338617137499,313.4718333333333,17.45,1.529999732971191,0,0,6.497051497368067,6.385995117588349,4.886708392973732,5.946510764606833,6.244037434544181,4.363629269534165,3.278401785012894,4.323920728629946,4.34063151636755,4.213903837897634,4.32318218840296,4.921461602294883,4.124760612469601,3.313094475110986,5.747709510209909,693.4987181667099,6.541749391399479,160.3663023706097,5.077460588390214,468.1352158278752,6.148757176896654,628.4780274884145,6.443301067177992,68.36352692581647,4.224839450331014,100.2100403294898,312.8147961049017,5.745611309678091,2.173130768738121,-1.01082625351896,0
2001m9,655.2749837239584,5,583.9166666666666,132.6583353678385,375.9166666666667,75.34166463216145,27.63333384195964,539.5,6.900000095367432,85.28557726498242,83.55313417744809,81.09378034344948,113.8541204628298,76.11799621582031,64.03800201416016,74.35700225830078,81.80000305175781,3.069999933242798,25.8799991607666,2.690000057220459,4.730000019073486,35.06533342997233,508.5750020345052,6675.399993896484,.9901783085324729,.9901789042099288,513,130,81.72433060044546,311.1836666666667,10.93333333333333,2.039999961853027,0,1,6.485054970013778,6.369758278582533,4.887776915909519,5.929367487620396,6.231612701238419,4.3220332969516,3.319022791879399,4.320510174180736,4.351696292730389,4.206586331176966,4.320627396746797,4.912419580990355,4.15947668861246,3.253470437204824,5.740383305922566,684.6605081330887,6.528923106842873,158.7712258478563,5.067464334963162,463.5579511456727,6.138931406630883,622.3054973933713,6.433431125528394,66.17385855328652,4.192285499052977,99.95435130975207,311.3257828089231,5.74083989704691,2.164544795833041,-1.067039736975912,1
2001m10,645.933349609375,5.300000190734863,601.0749918619791,132.6666666666667,382.1499837239583,86.25833129882813,26.28333282470703,225.1999969482422,2.900000095367432,85.58600964577022,82.58206135006614,81.79808248063296,114.3515071956443,76.65399932861328,59.99599838256836,74.68099975585938,82.69999694824219,2.490000009536743,22.20999908447266,2.200000047683716,4.570000171661377,32.72130460324495,514.816650390625,6897.499908447266,1.008854793558717,1.008870377776404,514,129,82.00058124906498,313.1428333333333,.2083333333333333,2.370000123977661,0,0,6.470696324480505,6.398719705223533,4.887839716616328,5.945813159098178,6.243810818615067,4.457346646015517,3.268935005389271,4.32402664752548,4.340006007798315,4.215233865976252,4.324001970691042,4.916778698033397,4.094277866374122,3.100542596684933,5.746659422978527,702.3051949141609,6.554368060139128,160.6482866833408,5.079217420602046,467.1869708124743,6.146729543309379,627.8207331566875,6.442254668960796,75.43261423852375,4.32323973107385,100.2922244275713,312.2304197764381,5.743741440158626,2.146669676955025,-1.223484050840547,0
2001m11,646.25,5.5,598.5249837239584,131.7166646321615,383.7333170572917,83.08333333333333,23.94166564941406,262.2999877929688,3.400000095367432,85.52819626311387,81.81338879176272,82.00829014722648,114.1488752547353,76.80999755859375,56.64899826049805,74.63800048828125,83.90000152587891,2.089999914169312,19.67000007629395,1.909999966621399,4.650000095367432,26.63095238095238,515.4499816894531,6894.999816894531,1.001722094852201,1.001723454196366,515,128,81.96025993043591,312.13575,.4166666666666667,2.740000128746033,0,0,6.471186425822639,6.394468268026455,4.880653135536802,5.949947824490067,6.245040270018973,4.419844120173838,3.175620273708446,4.323350918885078,4.33065443317191,4.21780040570984,4.323510129844754,4.915005116809135,4.036874304360883,2.979094636279664,5.743438189336444,699.7984406016135,6.550792351582453,160.9964659542659,5.081382414148924,467.9201533996006,6.148297668967681,628.902326721442,6.443975961210991,72.78506524740087,4.287510786456435,100.2429087437607,311.3793822542362,5.741012047362831,2.147835506937561,-1.344256282605414,0
2001m12,646.7916666666666,5.699999809265137,597.2250162760416,131.0916646321615,386.5083414713542,79.63333129882813,23.63333384195964,286.6000061035156,3.700000047683716,85.43976358443665,81.18682024511936,82.11580417497292,113.9864272758768,76.8280029296875,55.08499908447266,74.51699829101563,88.80000305175781,1.820000052452087,19.32999992370605,1.720000028610229,5.090000152587891,23.72000007629395,517.6000061035156,6883.100189208984,1.005157252511971,1.00515216787129,516,127,81.88006131285218,313.6860833333333,.2083333333333333,3.370000123977661,0,0,6.472024243678498,6.392293954064398,4.875896808520745,5.957153449867948,6.249202754978645,4.377432740115242,3.162658166391536,4.322316424624953,4.322966447537289,4.219110561218324,4.322531144655023,4.913580979426516,4.008877430171762,2.96165828927332,5.748392751233074,699.0012509641701,6.549652531880521,161.4691451597308,5.084314072767487,470.6869102174041,6.154193138837079,632.1441359525111,6.449117431360394,69.86211709758631,4.246523543780458,100.1448204420564,313.232458701977,5.746945594449192,2.149707819053545,-1.360658135351632,0
2002m1,660.933349609375,5.699999809265137,598.7166748046875,131.5499979654948,386.2749837239583,80.89166768391927,22.875,441.6000061035156,5.599999904632568,85.51685674416376,81.38168040190934,82.20882938560688,113.675765001379,76.87100219726563,55.15399932861328,74.83999633789063,93,1.730000019073486,19.67000007629395,1.679999947547913,5.039999961853027,22.25285720825195,517.8249816894531,6910.10009765625,.9989823123637382,.9989816355101478,517,126,81.99912784838563,314.17675,0,3.360000014305115,0,0,6.493653002104153,6.394788489229922,4.87938699202066,5.956549508900589,6.249637311981094,4.393110823505674,3.130044611161585,4.323218327865725,4.325363716987823,4.220242773943291,4.323984246261074,4.910851826516098,4.010129260361525,2.979094636279664,5.749955725629723,700.115389642812,6.551245163805272,161.6457135264664,5.085406986816868,469.8704343691668,6.152456985144752,631.5005967464664,6.448098886756792,71.15999411390632,4.264930780081306,100.2904468208166,313.2668763170655,5.74705546723979,2.170434674238428,-1.344123691586062,0
2002m2,663.0916748046875,5.699999809265137,602.1000162760416,132.0416666666667,388.125,81.93333435058594,23.19166564941406,429,5.400000095367432,85.66083663161103,81.62821250467664,82.44319429752601,112.9815854598198,77.01799774169922,54.83000183105469,75.04499816894531,90.69999694824219,1.740000009536743,20.73999977111816,1.759999990463257,4.909999847412109,22.87578984310753,520.1666666666666,6946.900207519531,1.001621268867495,1.00162131024855,518,125,82.23661127852817,315.7795,0,3.149999856948853,0,0,6.496913253333992,6.400423571502525,4.883117529342975,5.961327452687743,6.254149273042724,4.405905920879438,3.143792974880994,4.324900555480338,4.32838846949007,4.22308956640846,4.32687623063576,4.904726442003903,4.004237522811081,3.032064191765613,5.755044185211654,702.8883209084271,6.555198018463264,161.7598408872444,5.086112771636937,470.7787019985069,6.154388136466737,632.524442069856,6.449718863443736,72.51919329785318,4.283851261967267,100.580905023806,313.9557154762724,5.749251942447036,2.172012697853654,-1.292836363714725,0
2002m3,665.3666585286459,5.699999809265137,603.6166585286459,132.8166707356771,389.558349609375,81.24166870117188,24.79166666666667,440.2999877929688,5.5,85.89324919773553,82.13420496374299,82.64010211482351,112.828349766061,77.11000061035156,57.01399993896484,75.15699768066406,95.69999694824219,1.730000019073486,24.42000007629395,1.830000042915344,5.28000020980835,18.98499994277954,522.3750203450521,6945.89990234375,1.00088685616347,1.000888027764484,519,124,82.51251954100537,317.8521666666667,0,3.450000166893005,0,0,6.500338254917846,6.402939325135533,4.888969761811941,5.965013660533493,6.258385759715295,4.397428276889857,3.210507575197684,4.327610053271505,4.334568081114119,4.225475124668543,4.33022566888833,4.903369232303386,4.043296850640919,3.195402471806799,5.761586389991768,702.7521535936487,6.555004274305102,161.7068927547386,5.085785392481854,471.3914185005567,6.155688786052403,633.0857708028815,6.450605911863737,72.00465917441748,4.276730827678203,100.9183593803518,314.9597046744605,5.752444708974579,2.172728201646341,-1.132207581464707,0
2002m4,670.3833414713541,5.900000095367432,609.375,133.9416707356771,391.9666748046875,83.45833333333333,25.60000101725261,431.8999938964844,5.400000095367432,86.25263669764146,83.0902057801778,82.8611763942514,112.742947666746,77.32499694824219,59.06800079345703,75.40000152587891,93,1.75,26.27000045776367,1.75,5.210000038146973,19.90045460787686,525.9083455403646,7005.299987792969,1.001800661536209,1.001811875851521,520,123,82.92085381113681,320.2319166666667,0,3.460000038146973,0,0,6.507849700218559,6.412433841752112,4.897404412166068,5.971176822923283,6.265126949532639,4.424347505317873,3.242592391221946,4.331785442304625,4.346140360063552,4.228146698119927,4.335162219369046,4.90261202511996,4.078689336044469,3.268427621122788,5.769045472880194,706.5001411332659,6.560323401888562,161.2003117311217,5.082647763886549,473.040200322187,6.15918037499081,634.2292938012798,6.452410551200365,74.02532491879285,4.304407263289645,101.4177796483265,315.7552036507741,5.754967241382289,2.176064257913934,-1.063357821181837,0
2002m5,673.5,5.800000190734863,607.4083251953125,133.5499979654948,393.6416829427083,80.22500101725261,26.50833384195964,495,6.099999904632568,86.30931699335466,82.75969752486368,83.06534705371472,112.6826525580286,77.41100311279297,59.2869987487793,74.93000030517578,96.90000152587891,1.75,27.02000045776367,1.759999990463257,5.159999847412109,20.08772711320357,527.1916809082031,6970.799896240234,1.001615503645304,1.001614590765027,521,122,82.98916803422638,321.2375833333334,0,3.399999856948853,0,0,6.512487995850418,6.409201258799102,4.894475924321936,5.975441061356237,6.267564203299385,4.384835199675916,3.27745916815451,4.332442369240595,4.342154723819621,4.230607676127129,4.33598572871695,4.902077080463318,4.082390036582749,3.296577349473713,5.772180984359992,703.757538994405,6.556433891999583,161.3708144901956,5.083704912286347,473.8939845615254,6.160983635416562,635.2536040496018,6.454024295619208,71.19552051362905,4.265429902304329,101.5013325364808,316.4860749171708,5.757279243514184,2.180045626609823,-1.035865019766882,0
2002m6,676.3500162760416,5.800000190734863,610.2083333333334,134.8916625976563,394.6499837239583,80.66666666666667,26.3000005086263,497.3999938964844,6.099999904632568,86.41702079958399,82.82536549626546,83.25259565960386,112.3544090015653,77.53399658203125,59.19800186157227,74.85500335693359,92.40000152587891,1.75,25.52000045776367,1.730000019073486,4.929999828338623,25.27099990844727,529.5416463216146,7006.899993896484,1.002568487497053,1.002570952667561,522,121,83.14543309899669,322.908,0,3.199999809265137,0,0,6.516710717599728,6.413800428913889,4.90447195698689,5.977999254912699,6.272011814114008,4.390325437488577,3.269568958523122,4.333689472856229,4.342947886845879,4.232859371668199,4.337866915535202,4.899159838414598,4.080887788982031,3.239462476414037,5.777367452929605,706.1205393188825,6.559785958498735,162.862743544112,5.092907781925043,474.0392543886195,6.161290133431954,636.8860279928045,6.456590719615578,71.79661873842697,4.27383738216571,101.6924552176547,317.5338812588138,5.760584525265545,2.183021244743499,-1.094226996442192,0
2002m7,676.1083170572916,5.800000190734863,615.6083170572916,134.7916666666667,397.3500162760417,83.46666463216145,26.81666564941406,431.2000122070313,5.300000190734863,86.60748320025617,82.96316556583491,83.51474002112677,112.1986562201994,77.69200134277344,59.63700103759766,74.95899963378906,88.09999847412109,1.730000019073486,26.94000053405762,1.710000038146973,4.650000095367432,34.04954494129527,532.1416829427084,7065.499816894531,1.00213357029427,1.002131860282056,523,120,83.3758581885529,323.9436666666667,0,2.940000057220459,0,0,6.516353295540407,6.422610912362886,4.903730376587055,5.984817545347662,6.276909775205297,4.424447326182771,3.289023546836686,4.335891039376559,4.344610246725904,4.236003207676203,4.340634432347572,4.897772613473451,4.088276204219049,3.293612190806183,5.780569632362725,710.8026862226967,6.566394875427402,162.4717014440626,5.090503841645184,475.7842940964958,6.164964587858913,638.2443245612899,6.458721163894498,74.3918576603547,4.309346495801051,101.9742805955178,317.6719313682566,5.761019187886295,2.180462256163848,-1.042278848570376,0
2002m8,677.566650390625,5.699999809265137,617.7166748046875,134.6916707356771,398.0500081380208,84.97500101725261,26.75833384195964,424.3999938964844,5.199999809265137,86.77754138643307,83.19032992919441,83.72494768772027,111.9951809910566,77.84500122070313,59.98699951171875,74.947998046875,87.59999847412109,1.740000009536743,28.3799991607666,1.649999976158142,4.260000228881836,33.74272736636075,532.7416788736979,7091.500091552734,.9985581982600304,.9985583116022442,524,119,83.59038145775686,324.5841666666666,0,2.610000252723694,0,0,6.518507924875492,6.426029897326466,4.902988245837578,5.986577645979307,6.278036651661434,4.442357107553378,3.286845970315614,4.337852664852737,4.347344640055677,4.238517058068689,4.343204094187027,4.895957440607487,4.094127863940036,3.3456846421606,5.782544875907647,711.8393364636881,6.567852234914804,161.9078453593307,5.087027317565933,475.4258069203927,6.164210838098072,637.324138953623,6.457278378511179,75.87380123439266,4.329071450037623,102.2366569778826,317.4831574714789,5.760424769591762,2.180655260022755,-.9921680226921374,0
2002m9,679.4583333333334,5.699999809265137,615.9583333333334,134.7000020345052,399.2749837239583,81.99166870117188,26.86666615804036,469,5.800000190734863,86.9339938797736,83.21832198004334,83.96414220534359,111.8988800301744,77.97200012207031,60.30799865722656,75.08999633789063,86.09999847412109,1.75,29.67000007629395,1.659999966621399,3.869999885559082,37.6475004196167,533.9749857584635,7069.100006103516,1.000095131656407,1.00009489676373,525,118,83.77593483964361,325.4320833333333,0,2.209999918937683,0,0,6.521295912113332,6.423179320553144,4.903050098520292,5.989650361778383,6.280348994714076,4.40661764089728,3.290886341912973,4.339653956118784,4.347681065485386,4.241369893396294,4.345421427543171,4.895097203704537,4.09946474265141,3.390136436874148,5.78515378652367,708.5356439336956,6.563200366875435,161.8633959800436,5.086752744818938,475.5303552646167,6.164430718569544,637.3846938032391,6.457373388207677,73.27300208819088,4.294192220284475,102.4636012401794,317.6075009997994,5.760816346851641,2.181641955994547,-.9495175192446368,0
2002m10,682.5,5.699999809265137,619.6000162760416,136.2333374023438,402.5333251953125,80.8250020345052,28.22500101725261,459.5,5.599999904632568,87.0927125470004,83.41533410787864,84.16347404229795,111.7129860829971,78.03800201416016,61.86000061035156,75.03900146484375,80.59999847412109,1.75,28.85000038146973,1.610000014305115,3.940000057220459,35.24304348489513,538.7666625976563,7096.500183105469,1.006585627639228,1.006585631639641,526,117,83.97468025379573,328.35075,0,2.330000042915344,0,0,6.525762527059115,6.429074134811341,4.914369131770072,5.997777888947563,6.289282569195199,4.392286348783228,3.340208146076562,4.341478029153247,4.350045680464838,4.243741091356507,4.347790962904131,4.893434554997809,4.124873777123583,3.362110006176629,5.794082396782386,711.4257877106178,6.567271108099169,163.3192971764126,5.095707163089266,478.2755581037586,6.170187047778509,641.5822733344716,6.46393742732784,72.35058775929268,4.281523576877151,102.7066802449434,319.6975593183635,5.767375421749396,2.184284497905868,-.979368022976618,0
2002m11,685.0499674479166,5.900000095367432,621.9833170572916,137.0833333333333,403.3583170572917,81.54166666666667,27.875,462.2000122070313,5.599999904632568,87.17887905179133,83.4476301008182,84.34589304248293,111.295980051378,78.11399841308594,61.79100036621094,75.23600006103516,84.19999694824219,1.340000033378601,26.27000045776367,1.25,4.050000190734863,28.17499971389771,540.441650390625,7129.2998046875,1.001389268116921,1.001391271743311,527,116,84.11880380564597,329.1740833333333,0,2.800000190734863,0,0,6.529491780781296,6.432913270928179,4.920589013411472,5.999825291121534,6.292386676377757,4.401114137048131,3.327730229780283,4.342466905320867,4.350432776468987,4.245906182527403,4.349505765687518,4.889694736596098,4.123757728717057,3.268427621122788,5.796586739498903,713.4564286927606,6.570121368048387,164.274687211266,5.101539948726517,478.2192736451674,6.170069358781585,642.4742458764625,6.465326731727012,73.26559919686613,4.294091183543764,102.8829530394443,319.950072979662,5.768164961682527,2.187024875460429,-1.074039284198079,0
2002m12,687.566650390625,6,626.6583251953125,137.1500040690104,405.3583170572917,84.15833536783855,27.73333231608073,437.7000122070313,5.300000190734863,87.26277073317731,83.38841804255235,84.56213771620665,110.8488328539474,78.18699645996094,61.97999954223633,75.25299835205078,86.69999694824219,1.240000009536743,29.42000007629395,1.210000038146973,4.03000020980835,28.21047628493536,542.5083211263021,7187.099914550781,1.002086927064036,1.002086189868936,528,115,84.26465438655309,330.45625,0,2.820000171661377,0,0,6.533158770864492,6.440401456208751,4.921075247051935,6.004771409435362,6.296203423778644,4.432699969419243,3.322635022479271,4.343428736259257,4.34972295312552,4.248466685907819,4.351238128461732,4.885669004052771,4.126811744973935,3.381674717766559,5.800474275340265,718.1279254946428,6.576647722390569,164.4712866468147,5.102736005710446,479.3614825794585,6.172454973714997,643.8148059536518,6.467411116353683,75.92171536774246,4.329702748458204,103.0613381066037,320.6403643412678,5.770320134749674,2.189730034605234,-.961754018492698,0
2003m1,689,5.800000190734863,628.441650390625,138.9249979654948,407.6333414713542,81.88333129882813,29.56666564941406,435.7999877929688,5.300000190734863,87.52351912239908,84.23783879683462,84.76629915886518,110.1688997727019,78.23999786376953,65.23400115966797,75.30599975585938,82.40000152587891,1.240000009536743,32.93999862670898,1.190000057220459,4.050000190734863,27.42428570701962,546.558339436849,7186.499816894531,1.003072752380619,1.003073428345246,529,114,84.63363331389363,333.4411666666667,0,2.860000133514404,0,0,6.535241271013659,6.443243184246506,4.933934204521355,6.010368097491285,6.303641052947194,4.405295445100157,3.386647566242037,4.346412363669276,4.359857737984327,4.2508781124273,4.355607379557868,4.879516237773287,4.177980823182815,3.494687683058813,5.809466437999185,718.0260308223756,6.576505823018305,164.9199456559599,5.10546017832106,480.8908086306636,6.175640235251439,645.7933070293047,6.470479494426098,74.32526917103472,4.308450990418602,103.5126241441683,322.126087927462,5.774943046312459,2.188828907344383,-.851724680610463,0
2003m2,689.558349609375,5.900000095367432,629.0500081380209,140.5833333333333,408.7749837239583,79.7000020345052,30.88333384195964,433.2999877929688,5.199999809265137,87.89197996736883,85.13031539928303,85.06469321358368,109.8222316460392,78.34799957275391,68.98000335693359,75.62999725341797,79.90000152587891,1.259999990463257,35.86999893188477,1.190000057220459,3.900000095367432,32.21842103255423,549.3583170572916,7178.000091552734,.9998055492913057,.9998028209939902,530,113,85.08386579202849,335.4851666666667,0,2.710000038146973,0,0,6.536051319627219,6.444210757734141,4.945800432757968,6.013164842604023,6.308750900847141,4.37826961132321,3.43021668053254,4.350613376564719,4.370396730598505,4.254392127832911,4.36091306149033,4.876364579691618,4.233816656174011,3.579901261766794,5.815577742816346,715.7080866440429,6.573272383610498,165.1389786046973,5.106787413943495,480.5460036134974,6.174922964958566,645.6668511044088,6.470283660393583,72.57182889105826,4.284576814723324,104.0632887376854,322.3857046381953,5.775748669197158,2.1854379430625,-.7707121147979255,0
2003m3,692.7833658854166,5.900000095367432,634.2916666666666,141.1916707356771,411.0500081380208,82.0499979654948,30.64999898274739,408,4.900000095367432,88.11758536231579,85.06464742788124,85.46335688749241,109.5752120790051,78.4739990234375,70.38500213623047,75.81500244140625,77.59999847412109,1.25,33.54999923706055,1.149999976158142,3.809999942779541,30.63428569975353,552.2416788736979,7243.700012207031,1.001952304009092,1.001956683506216,531,112,85.36359431982211,337.3625,0,2.659999966621399,0,0,6.540717346979347,6.452508890711308,4.950118334195115,6.018714881396271,6.313985774506667,4.40732879274018,3.422632629192901,4.353176936313052,4.369625051183678,4.259067773862521,4.364195348932406,4.874112778875544,4.253980202630578,3.513036840677319,5.821158019892231,719.824157753109,6.579006956839331,165.9816092876667,5.111876994795469,480.9663733185024,6.175797357721204,646.9288029328715,6.472236246611033,74.88007224328776,4.315887796956368,104.4054155355804,323.1273955181281,5.778046658830967,2.187540410666295,-.840140095635733,0
2003m4,695.24169921875,6,636.2083333333334,139.6833292643229,412.8666585286458,83.65833536783855,30.26666768391927,413,5,87.9679400401528,84.09034664393134,85.62402422839905,109.2662236038804,78.56099700927734,66.55500030517578,75.83599853515625,86,1.259999990463257,28.25,1.149999976158142,3.960000038146973,23.99190475827172,552.5499877929688,7271.299987792969,1.002090531110928,1.002086070681957,532,111,85.23325894734181,337.4251666666667,0,2.810000061988831,0,0,6.54425955376736,6.455526077835566,4.939377926746555,6.023124680124837,6.314543904942616,4.426741068228698,3.410047030548805,4.351477246825829,4.358105301928973,4.260945964844107,4.362667355943758,4.871288919861021,4.1980286780843,3.34109345759245,5.821343757332148,723.2274997492692,6.583723833450812,166.1110161143611,5.112656336601614,482.1855340825125,6.178328965468183,648.2797849303652,6.47432237003563,76.56376564373873,4.338123931459409,104.2460066115394,323.681623531194,5.779760389259532,2.192782306941531,-1.010383789233379,0
2003m5,699.566650390625,6.099999904632568,637.5249837239584,137.75,415.9750162760417,83.80833435058594,28.06666564941406,448.2000122070313,5.300000190734863,87.86703475558232,83.06221372932886,85.9381237184609,108.5754044381621,78.67400360107422,62.97600173950195,75.95800018310547,92.09999847412109,1.259999990463257,28.13999938964844,1.090000033378601,3.569999933242798,20.23952375139509,553.7250162760416,7313.499816894531,1.002477254716718,1.002460794272869,533,110,85.20414113556041,336.6243333333333,0,2.479999899864197,0,0,6.550461072469375,6.457593466419896,4.925440448033024,6.030625201429022,6.316668203007066,4.42853245780028,3.334582596336016,4.350329519580275,4.345803415814452,4.264607609848733,4.362325672580242,4.864946500483391,4.142753729051453,3.337192029996422,5.818967570686677,725.5565019319779,6.586938949280697,165.8395482317384,5.111020744002603,484.0401422293136,6.182167841767742,649.8804035769355,6.476788351463596,77.18906025196345,4.34625774040862,104.2103935699056,323.0237616438149,5.777725885977578,2.2001315528891,-1.013137489583853,0
2003m6,702.1666666666666,6.300000190734863,641.6333414713541,140.0833333333333,417.0500081380208,84.49166870117188,27.39166768391927,429.2999877929688,5.099999904632568,87.96226595591841,83.34965792284692,86.05289137156838,108.1399738363437,78.71800231933594,63.11800003051758,76.42900085449219,89.69999694824219,1.220000028610229,30.71999931335449,.9399999976158142,3.329999923706055,20.36238079979306,557.1333414713541,7370.900085449219,1.004283148351499,1.004278318209809,534,109,85.36317835632198,339.2200833333333,0,2.38999992609024,0,0,6.554170792750962,6.464017021335769,4.942237483620615,6.033206138200918,6.32280460350618,4.436652934249893,3.310238868019475,4.351412743016444,4.349258030879305,4.265942187356538,4.364190476076279,4.860928039115022,4.145005990841044,3.424913885927729,5.826649110105278,729.4415787252497,6.5922792807604,168.0670764875871,5.124363164525342,484.6438062577557,6.183414201031835,652.6623682470851,6.481059948466672,78.13176358729237,4.358396678226603,104.4049067842512,324.9081808332236,5.783542621900141,2.202758049734518,-.9264988570887143,0
2003m7,712.691650390625,6.199999809265137,646.4166666666666,141.4000040690104,419.6083170572917,85.40833536783855,28.35000101725261,500.5,5.900000095367432,88.22075682077255,83.86319049420179,86.29087848776565,107.9766953463458,78.91500091552734,64.31099700927734,76.34300231933594,90.90000152587891,1.009999990463257,30.76000022888184,.9200000166893005,3.980000019073486,19.16136360168457,561.0083211263021,7416.799987792969,1.003323815232199,1.003323905168267,535,108,85.67213502907697,342.2085833333333,0,3.060000002384186,0,0,6.569048858977749,6.471444290702872,4.951592782239066,6.039321697720581,6.329735738079899,4.447443699870438,3.344627066055687,4.354347089882059,4.355400312297816,4.268703961311697,4.367803262262795,4.859417017113048,4.163730643203047,3.426215152078335,5.835420443941109,732.7262766288814,6.596772203261888,168.6079473434613,5.127576181725283,486.2719263158086,6.186767986596338,654.8317267170905,6.484378296853876,79.09886026228433,4.370698465849122,104.7827815686777,326.5885656118414,5.788701169549456,2.21470176909569,-.9281319378037236,0
2003m8,720.00830078125,6.099999904632568,654.3416748046875,144.4249979654948,421.6416829427083,88.27500406901042,30.21666717529297,491.8999938964844,5.699999809265137,88.51892302767405,84.72767504580125,86.52162119540667,107.496046607263,79.00399780273438,67.12699890136719,76.77899932861328,89.30000305175781,1.029999971389771,31.59000015258789,.9700000286102295,4.449999809265137,19.27428572518485,566.0666809082031,7489.500091552734,1.004398130096243,1.004385514872878,536,107,86.06661286548606,346.5395833333333,0,3.479999780654907,0,0,6.579262740806492,6.483629653572976,4.972760327580397,6.044155860799923,6.338711882055915,4.480456987909158,3.408393665365391,4.357721165132473,4.365655816066537,4.271374402919658,4.372397199682376,4.854955668248722,4.206586331176966,3.452840619644253,5.847997049719576,739.2110663164281,6.605583490881578,170.4578791846029,5.138488223297891,487.3252224324858,6.188931708067719,657.7076314051205,6.488760503410311,82.11930285354896,4.408173102752167,105.2652544865302,329.2060471650468,5.796683837908342,2.221541575674019,-.9048805454882198,0
2003m9,714.0499674479166,6.099999904632568,654.4750162760416,145.2999979654948,422.4166666666667,86.75833129882813,30.61666615804036,417.3999938964844,4.900000095367432,88.7955432836185,85.38008367224825,86.76081571303,107.2121778998303,79.11399841308594,69.66500091552734,76.95400238037109,87.69999694824219,1.009999990463257,28.29000091552734,.9599999785423279,4.269999980926514,19.53238096691313,567.7166646321615,7486.300201416016,.9988954701067903,.9988961287333744,537,106,86.41289891179701,347.2813333333334,0,3.310000002384186,0,0,6.57095294231098,6.483833412392258,4.978800556574137,6.045992188684349,6.341622464391185,4.46312645224245,3.421544506380299,4.360841276944097,4.373326387123499,4.274135152062086,4.376412592676219,4.852311439100221,4.24369805270741,3.3425084176757,5.850135210345099,737.0584063950232,6.602667137889236,170.1802009509189,5.136857881234669,486.8749367961819,6.188007286809717,656.9813902570711,6.487655692751738,80.92208646287138,4.39348679623396,105.6887856047703,328.5886306159417,5.79480660554002,2.210111665366884,-1.018332859268396,0
2003m10,716.8416341145834,6,655.6166585286459,144.1666666666667,425.1000162760417,86.34999593098958,30.00833384195964,431.3999938964844,5,88.80688280256859,84.85256328909882,87.02417669278371,106.833694807983,79.26000213623047,67.05599975585938,77.23999786376953,89.59999847412109,1.009999990463257,30.32999992370605,.9399999976158142,4.289999961853027,18.0234783006751,569.2666829427084,7507.299896240234,1.002051597533331,1.002042938266787,538,105,86.47179829784758,347.7263333333333,0,3.349999964237213,0,0,6.574854943281126,6.485576256139056,4.970970037703824,6.052324473652304,6.344349011396639,4.458408757470389,3.401475137816331,4.360968972485373,4.367128726673366,4.277166037269335,4.377093964588019,4.848774968328593,4.205528087541869,3.412137319185028,5.851415771933562,738.249826858784,6.604282286094758,169.9025475229079,5.13522502281449,488.4849618017612,6.191308686570422,658.3264071621352,6.489700867845392,80.82655578484892,4.392305572233528,105.7608235141906,328.7855765293627,5.795405795216685,2.213885970795753,-.9488316533003447,0
2003m11,722.0750325520834,5.800000190734863,660.2166748046875,145.5083312988281,426.9166666666667,87.79166666666667,30.0749994913737,437.3999938964844,5,88.91911895657051,84.90423523507614,87.22229191150724,106.5607185735703,79.36799621582031,66.72100067138672,77.54299926757813,93.69999694824219,1,31.09000015258789,.949999988079071,4.300000190734863,17.40105257536236,572.4249979654948,7561.700103759766,1.003686968313361,1.003689077261968,539,104,86.63204643791288,349.9421666666667,0,3.350000202655792,0,0,6.582129056695516,6.492568076302025,4.980233344758028,6.056588834151202,6.349881718925574,4.474966583456244,3.403694244948812,4.362231997229205,4.367737502852257,4.279440003630666,4.378945433411102,4.846216547243575,4.200519756010364,3.436886228978604,5.857767902734903,742.4912465980996,6.610011081513894,171.3793556893318,5.143879553689803,489.4582076561365,6.19329908070799,660.7543299531059,6.493382106551245,82.38651901174509,4.4114218193044,105.9568177642644,330.2686642073635,5.799906457194943,2.219897059466311,-.9253457682506019,0
2003m12,724.2333170572916,5.699999809265137,662.5333251953125,145.7916666666667,429.1166585286458,87.625,30.68333435058594,432.7000122070313,5,89.11525544147706,85.31117953064854,87.41317193847931,106.3438401723477,79.46700286865234,67.72000122070313,77.97000122070313,92.59999847412109,.9800000190734863,32.15000152587891,.9100000262260437,4.269999980926514,16.82636365023526,574.9083251953125,7582.199890136719,1.00148353075143,1.001486381809715,540,103,86.87886727223065,351.36875,0,3.35999995470047,0,0,6.585113601599608,6.496070858776869,4.982178662019742,6.061728813263606,6.354210593643394,4.473066345354754,3.423719652164239,4.364435353349839,4.372519033026405,4.281626044183693,4.381790453306663,4.844179216737203,4.215381575290674,3.470412498144869,5.861836241804182,743.4566864148251,6.611310507868105,170.893975993252,5.141043340777369,490.9061746788627,6.196253019267367,661.7355212446148,6.494865961373502,82.39781435200128,4.411558911709283,106.258696240389,330.6729354227145,5.80112977636866,2.22067824824977,-.89402285520497,0
2004m1,726.6416829427084,5.699999809265137,667.2583414713541,147.9416707356771,431.9750162760417,87.34166463216145,32.14166768391927,404.1000061035156,4.599999904632568,89.45989551208481,85.9097642400729,87.70793457211491,106.4535315282152,79.67099761962891,70.37400054931641,77.77899932861328,103.8000030517578,1,34.27000045776367,.8999999761581421,4.150000095367432,16.10099997520447,579.9166870117188,7621.400085449219,1.004396439444809,1.004393417992201,541,102,87.25225233981718,354.9344166666667,0,3.25000011920929,0,0,6.588433485252473,6.503177289474914,4.996818079428905,6.068367753877387,6.362884450139566,4.469827607094492,3.470153247075213,4.36829524647226,4.379511018175732,4.284992433511368,4.386079010581026,4.845210163357516,4.253823884573095,3.53427034924408,5.871933030624513,745.8742687456154,6.61455704544373,172.2058860762991,5.148690773037205,492.5153218844353,6.199525570553473,664.6438016902359,6.499251260595312,82.04675164676127,4.407289226828708,106.7153712837348,332.5991489295083,5.806938007914628,2.220138238780213,-.8340248972281801,0
2004m2,729.49169921875,5.599999904632568,670.0333251953125,147.0666707356771,434.1999918619792,88.76666259765625,32.38333384195963,405.1000061035156,4.599999904632568,89.65036656227564,86.20043639015891,87.88552396659571,106.5096357499525,79.80000305175781,71.29799652099609,77.86399841308594,94.40000152587891,1.009999990463257,34.7400016784668,.9399999976158142,4.079999923706055,15.9984211670725,581.2666625976563,7651.799896240234,.9999565898927801,.9999597802837429,542,101,87.45902207328267,355.4990833333333,0,3.13999992609024,0,0,6.592347989171234,6.507327450245545,4.990886026379033,6.073505238701628,6.365209623325358,4.48601115831238,3.477643902861761,4.370422105310888,4.382888765983619,4.287015167803506,4.388445999554096,4.845737054685742,4.266868227740691,3.547891809128064,5.873522670712076,747.3849253364444,6.616580347375733,170.6101232133286,5.139380972179445,494.0517758385484,6.202640321085577,664.6160096674851,6.499209444808033,83.34143852115824,4.422945886718369,106.9682645705587,332.3407038157919,5.80616065902912,2.221925883860346,-.8225302961828245,0
2004m3,733.566650390625,5.800000190734863,674.8999837239584,149.7416687011719,435.2083333333333,89.9500020345052,31.36666615804036,397.2999877929688,4.5,89.78867236548852,86.42221261227519,88.0208266607507,106.4970758661065,79.93399810791016,71.02300262451172,78.12899780273438,95.80000305175781,1,36.7599983215332,.949999988079071,3.829999923706055,17.68739119819973,584.9500020345052,7722.399810791016,1.004527632254585,1.004524748318108,543,100,87.61665805083332,357.8108333333333,0,2.879999935626984,0,0,6.597918459699836,6.514564507633134,5.008911600731175,6.075824843642721,6.371526376971694,4.499253983014721,3.44574574170772,4.37196364088116,4.385458258983723,4.288553517275887,4.39024677531047,4.845619125219902,4.26300380519785,3.604410251827344,5.880004448238768,751.6538177296462,6.622275869193049,173.2675711196764,5.154837053531484,494.4379073042684,6.203421576554287,667.6241881939045,6.503725422697996,84.46241486254033,4.43630664088655,107.1610639702404,333.9000380144608,5.81084166079944,2.225954818818677,-.7675533890538158,0
2004m4,737.4166666666666,5.599999904632568,675.6000162760416,149.0083312988281,438.0249837239583,88.56667073567708,31.75833384195964,430.7000122070313,4.900000095367432,89.955331290836,86.28010038698517,88.3155985111911,106.5263865207787,80.14199829101563,70.12899780273438,78.28800201416016,94.19999694824219,1,36.68999862670898,.9599999785423279,4.349999904632568,15.6985715230306,587.0333150227865,7726.100189208984,1.001487787956532,1.001481741581456,544,99,87.79834691709254,358.8893333333334,0,3.38999992609024,0,0,6.60315308747935,6.515601209024885,5.004002219139523,6.082275949215359,6.375081572941265,4.483755610040567,3.458155174107337,4.3738180445855,4.383812510818597,4.291896809788744,4.392318307688958,4.845894312323977,4.250336371882533,3.602504200937617,5.883014077269809,751.0394398879467,6.62145816688046,172.7030110425151,5.151573420104958,495.9769181301002,6.206529389614069,668.6154530644166,6.505209086289078,83.14059420235903,4.420533080808322,107.3832816700822,334.2134154886072,5.811779757451992,2.22933504289385,-.7713138436478824,0
2004m5,743.5,5.599999904632568,681.375,150.8333333333333,439.5749918619792,90.95833333333333,32.7749989827474,432,4.800000190734863,90.24782341350313,87.10584124613908,88.49922491280211,106.3664492409799,80.25199890136719,72.24299621582031,78.93699645996094,90.19999694824219,1,40.27999877929688,1.039999961853027,4.71999979019165,17.70499987602234,590.4083251953125,7783.200012207031,1.001761518287442,1.001759828895279,545,98,88.14792317171,361.8071666666667,0,3.679999828338623,0,0,6.61136876590021,6.524112815384445,5.016175474471871,6.085808332517218,6.380814374127415,4.510401526201998,3.489665998612308,4.377064296073243,4.393337471081264,4.293973858127461,4.396291983452905,4.844391797602753,4.280035384104393,3.695855037544921,5.891111381130592,755.0043582525346,6.626723521752277,173.1609857335704,5.154221715174638,496.6992561743795,6.207984724577211,669.7926666351644,6.506968211711283,85.51412027232524,4.448681511690977,107.8108369343084,335.5944327629364,5.815903385548828,2.234304469826967,-.6812092585283223,0
2004m6,746.0750325520834,5.599999904632568,679.8000081380209,150.9083353678385,441.9250081380208,86.96666463216145,33.30833435058594,479.7000122070313,5.400000095367432,90.50518119141411,87.58922158196977,88.73237320649044,106.2986220350832,80.37899780273438,74.21600341796875,79.09400177001953,95.59999847412109,1.029999971389771,38.02000045776367,1.289999961853027,4.730000019073486,15.34272731434215,592.8333435058594,7757.900085449219,1.000725766121002,1.000730036719872,546,97,88.44559856545845,363.1553333333333,0,3.440000057220459,0,0,6.614826174974479,6.521798649233214,5.016672601941025,6.091140202836884,6.384913319879566,4.465524880080492,3.505807646469761,4.379911916253961,4.398871474866369,4.296604861071106,4.399663292578648,4.843753919386179,4.306979806405307,3.638112349100358,5.89483065825394,751.1172279742487,6.621561735420328,172.2909881401469,5.149184838858687,498.0425882553716,6.210685591953231,670.2802096670806,6.507695848337691,81.8135390348321,4.404442743786045,108.1749139559786,335.7112292052462,5.816251353546434,2.234914258720518,-.7417995671536031,0
2004m7,748.4166666666666,5.5,686.4083658854166,151.2583312988281,445.4166666666667,89.74166870117188,33.00833384195963,426.2000122070313,4.699999809265137,90.58907287280009,87.4546494689683,88.96553071698354,105.9435849115547,80.4739990234375,73.94999694824219,79.16400146484375,96.69999694824219,1.259999990463257,40.68999862670898,1.360000014305115,4.5,15.5023809160505,596.6749979654948,7840.800384521484,1.004904798375016,1.004903695501465,547,96,88.58430084072657,365.0985,0,3.139999985694885,0,0,6.617959863882949,6.531472736160983,5.018989178361399,6.099010173671146,6.391372573139869,4.496935195217521,3.496760070248897,4.380838413760141,4.397333893016676,4.29922906359851,4.401230285545541,4.840408331722013,4.303389147888954,3.705982328263512,5.900167180189717,757.7165149368858,6.630309324841917,172.9563061738637,5.153038997128754,500.6620688675739,6.215931360260089,673.5674293330019,6.512588108631101,84.70703419757908,4.43919864658724,108.3445561647034,336.9790905276164,5.820020882515317,2.237121450122808,-.6748560854966299,0
2004m8,751.0750325520834,5.400000095367432,689.2999674479166,152.0916646321615,447.2916666666667,89.91666666666667,32.93333435058594,420.8999938964844,4.699999809265137,90.63555538602499,87.39974135279307,89.14915711859456,105.3925982675154,80.50499725341797,74.17500305175781,79.197998046875,95.90000152587891,1.429999947547913,44.93999862670898,1.5,4.28000020980835,16.68409074436535,599.3833312988281,7876.399597167969,1.00315306209322,1.003155096869302,548,95,88.70660110032614,366.3154166666667,0,2.78000020980835,0,0,6.621505556962637,6.535676542666764,5.024483395871139,6.103210879964935,6.395901345518289,4.498883315470135,3.494485346973949,4.381351396070447,4.396705849102858,4.301290953821018,4.402609942117423,4.835194005579112,4.306427207319558,3.80532823619886,5.903494756441201,760.5182806152906,6.634000149037392,174.0184379015911,5.159161258552313,501.7340389114812,6.218070176331371,675.6919145407595,6.515737224437637,85.31592174854006,4.446361092982754,108.4941376054258,337.6361384602105,5.821968802194919,2.24015416089219,-.5760231598715868,0
2004m9,752.88330078125,5.400000095367432,695.125,153.2249959309896,450.2916666666667,91.60833740234375,33.6499989827474,369.7999877929688,4.099999904632568,90.81467826774706,87.61721363281872,89.34003714556663,105.4177180352074,80.65599822998047,74.96199798583984,79.01499938964844,94.19999694824219,1.610000014305115,45.95000076293945,1.679999947547913,4.130000114440918,14.08095241728283,603.5166625976563,7937.700012207031,1.004656381961188,1.004656356060947,549,94,88.90434797992491,369.28925,0,2.450000166893005,0,0,6.623910236747236,6.544091685507728,5.031907402816008,6.10989552095522,6.40277365009456,4.517522287214287,3.516013025860347,4.383325743926616,4.399191007091916,4.303429795900803,4.404836685033122,4.835432321884038,4.316981291601634,3.827553865405384,5.911580212309467,765.4324314738827,6.640440944022187,174.8800145290128,5.164100107508125,504.020012811257,6.222615975241871,678.8381854326558,6.520382786098209,86.90032293409007,4.46476174842198,108.7359953352915,339.620057609518,5.827827515147486,2.24058449282062,-.5557718785212327,0
2004m10,756.316650390625,5.5,699.75830078125,155.6666666666667,452.5333251953125,91.5499979654948,35.2250010172526,352.5,3.900000095367432,91.20467641415522,88.75945850823231,89.49225267649098,105.6764669749481,80.83100128173828,77.94499969482422,79.48699951171875,91.69999694824219,1.759999990463257,53.13000106811523,1.789999961853027,4.099999904632568,14.97380956013997,608.1999918619791,7974.399597167969,1.003164495013213,1.003165366384547,550,93,89.31158662488865,372.6513333333334,0,2.309999942779541,0,0,6.628460138209523,6.550734990820738,5.047716969000787,6.114861407268655,6.410503761862762,4.516885248897633,3.561756086663455,4.387610988689677,4.412143523213428,4.305132123459599,4.409406863953246,4.837883825409023,4.356003445849374,3.972741760566658,5.92064321929885,767.2394972421015,6.642799004572137,175.3803699154257,5.166957157571392,505.6675987710275,6.22587953399651,680.9866612452396,6.523542718946289,86.63234169930928,4.461673206580342,109.2340755800185,341.1493449773838,5.832320343216746,2.240849149519845,-.4148692281230191,0
2004m11,756.7749837239584,5.400000095367432,703.7083333333334,156.7166646321615,455.3249918619792,91.65833536783855,36.3249994913737,306.3999938964844,3.400000095367432,91.55613230545913,89.37957114173973,89.80030594261783,105.7283803097053,81.00499725341797,80.55599975585938,79.77700042724609,92.80000305175781,1.929999947547913,48.45999908447266,2.109999895095825,4.190000057220459,13.57761909848168,612.0416564941406,8008.600006103516,1.001958570034448,1.001960557211355,551,92,89.6999460147687,374.9308333333333,0,2.080000162124634,0,0,6.629065961858293,6.556363971069976,5.054439491072916,6.121011431811613,6.416800346362826,4.518067917971691,3.592506195454246,4.391457068459226,4.419105671144062,4.308568446435096,4.413745802271206,4.838374952613223,4.38895259171392,3.880738696495946,5.926741564513998,768.6086290599827,6.644581905051826,175.3383492785363,5.166717531712886,507.0416933244423,6.228593235563971,682.3210979339616,6.525500365128392,86.6922723107533,4.4623647484502,109.7090652263736,341.7500938137624,5.834079750113933,2.237608893399067,-.51071837196328,0
2004m12,784.9833170572916,5.400000095367432,708.7000325520834,156.9833374023438,458.1666666666667,93.5499979654948,35.96666717529297,580.0999755859375,6.199999809265137,91.60488099257033,88.97477881721265,90.0056747867024,105.7828107320694,81.10900115966797,79.73600006103516,79.71299743652344,97.09999847412109,2.160000085830688,43.33000183105469,2.220000028610229,4.230000019073486,12.45954543893987,615.1500040690104,8072.800384521484,1.004534486589196,1.004537489207071,552,91,89.74840329924584,376.522,0,2.009999990463257,0,0,6.665662465400262,6.563432351748315,5.056139668520731,6.127233018937191,6.421866147120841,4.538496030972314,3.582592597737582,4.391989372658514,4.414566471290963,4.310852785727441,4.414285871721164,4.838889633877108,4.378721178430621,3.768845278010176,5.930976478467738,773.6487672633546,6.651117981530876,176.4357714502961,5.1729569090138,509.0419773558067,6.232530483397204,685.4160981760659,6.530026096436449,88.43591630632855,4.482278180186938,109.7683317434629,343.0151429102167,5.837774594617715,2.273673092741747,-.6231440946483384,0
2005m1,756.8500162760416,5.300000190734863,708.1416829427084,157.1749979654948,459.6000162760417,91.36666870117188,35.20833333333334,247.1000061035156,2.700000047683716,91.72504875517426,88.44509824938798,90.3983014534809,105.6270579507035,81.4010009765625,77.13700103759766,79.51999664306641,95.5,2.279999971389771,46.84000015258789,2.369999885559082,4.21999979019165,13.43799991607666,616.7750142415365,8075.2001953125,1.000910270678829,1.000926800698998,553,90,89.90290802040597,376.8366666666666,0,1.849999904632568,0,0,6.62916510471355,6.562644190823672,5.057359821324921,6.130356581388094,6.424504312741099,4.514880736908108,3.561282797009228,4.393300318230566,4.408595526543731,4.315205542189568,4.416005923282358,4.837416166148133,4.345583075145923,3.846737541987157,5.931811848654313,772.0264993620532,6.649018875034181,177.7091111621693,5.180148006565222,508.4166504085838,6.23130128938598,686.0456773006077,6.530944210495512,86.49930280535975,4.460136353851706,109.9573014060394,342.7118179948067,5.836889913243096,2.235864786482984,-.5465627762434089,0
2005m2,759.125,5.400000095367432,713.25830078125,158.0999959309896,462.3916829427083,92.76666259765625,35.35833231608073,210.6000061035156,2.299999952316284,91.98014035919894,88.92955457074132,90.64232557680837,105.4780067553776,81.53600311279297,79.50099945068359,79.34400177001953,94.09999847412109,2.5,47.97000122070313,2.579999923706055,4.170000076293945,11.70894748286197,620.4916788736979,8134.799621582031,1.002609700131721,1.002611256410732,554,89,90.20917071513533,378.8878333333333,0,1.590000152587891,0,0,6.63216645421774,6.569843627994693,5.063227718478485,6.136412330480809,6.430512194198091,4.530087336000884,3.565534073650466,4.396077504538798,4.414058060432338,4.317901337880443,4.419406727848628,4.836004061513871,4.375769593287975,3.870575840961192,5.937240207013708,775.4481543470671,6.653441125896971,177.7811625101808,5.180553369830179,510.1277797102496,6.23466124278782,687.8365846340627,6.533551287386235,87.94882028136799,4.476755057578744,110.3318812742027,343.4073895574219,5.838917467036222,2.236088949678941,-.5255016635776064,0
2005m3,764.1000162760416,5.199999809265137,716.5333658854166,157.7249959309896,465.4583333333333,93.34999593098958,36.8999989827474,230.1999969482422,2.5,92.25562752820025,89.29989893128354,90.94675663865711,105.3967827659483,81.73699951171875,80.44499969482422,79.59600067138672,92.59999847412109,2.630000114440918,54.31000137329102,2.799999952316284,4.5,13.1263636675748,623.1833292643229,8155.600402832031,1.000771251160735,1.000772741099869,555,88,90.53060264222339,380.1725,0,1.700000047683716,0,0,6.638698691954452,6.574424814063135,5.060852984458741,6.143022583222903,6.434840743981034,4.536355826398975,3.60821152347866,4.399068100528734,4.418213881889216,4.321254307600273,4.422963579337284,4.835233708702798,4.387573717309403,3.994708397332908,5.940625097085917,776.6825559409806,6.655031715975476,176.623935545951,5.174022814353558,511.7921194074659,6.237918525810083,688.3675918154894,6.534322985680523,88.57006208461721,4.483793900787908,110.7250141334904,343.3483418134072,5.838745505619775,2.239630591425718,-.4043597031958259,0
2005m4,768.6416829427084,5.199999809265137,723.2000325520834,160.2000020345052,467.7666829427083,95.23333740234375,37.0749994913737,195.3999938964844,2.099999904632568,92.51410974353573,89.78543945178949,91.18112155057625,105.334820246405,81.83100128173828,82.07599639892578,80.37999725341797,87.69999694824219,2.789999961853027,53.04000091552734,2.839999914169312,4.340000152587891,14.45904758998326,627.9666849772135,8233.500396728516,1.00436042506637,1.004356209107128,556,87,90.82962226870616,383.2690833333334,0,1.500000238418579,0,0,6.64462490895623,6.583685854089143,5.076423047334042,6.147969630884194,6.442487115661688,4.556330063295363,3.612942874305147,4.401865987106615,4.423636343767877,4.323827939310152,4.426261103891887,4.834645638186148,4.407645603416626,3.97104636313868,5.948737309945627,781.7186314140756,6.661494869423604,178.4253694281076,5.184170415350196,513.0082576175025,6.240291941761496,691.3677160513404,6.538671832806573,90.41012001498527,4.504356208200947,111.0907352421783,345.0054430712021,5.843560193924881,2.242758921849615,-.4308196239679347,0
2005m5,772.38330078125,5.099999904632568,722.63330078125,159.4416707356771,470.1583251953125,93.03333536783855,36.68333435058594,243.6000061035156,2.599999904632568,92.566266340995,89.33111893870046,91.38045338753061,105.5542093466874,81.99900054931641,80.26999664306641,80.302001953125,86.90000152587891,3,49.83000183105469,2.900000095367432,4.139999866485596,13.96761898767381,629.5999959309896,8231.399597167969,1.002262644905882,1.002259076528193,557,86,90.86044291406266,383.8189166666667,0,1.239999771118164,0,0,6.649480930410301,6.582901902319886,5.071678154623327,6.153069500096486,6.445084690640344,4.532957873742729,3.602322547035008,4.402429597360099,4.418563429331838,4.326011661884126,4.426600370055077,4.836726250722982,4.385395910322959,3.908617249039343,5.950170870182514,780.6659265257802,6.660147307400863,178.4839064258077,5.184498437075521,514.5064483335868,6.243208088399815,692.9308021604912,6.540930141622039,88.13796810535082,4.478903406111479,111.1284309637697,345.383187126794,5.844654487998579,2.247051333050202,-.4938123483207559,0
2005m6,774.4249674479166,5,729.4500325520834,160.2249959309896,473.0083414713542,96.21666463216145,36.68333435058594,181.8999938964844,2,92.62407972365135,89.31604692775332,91.53871514238996,105.1648401703672,82.05599975585938,80.47599792480469,80.18099975585938,96,3.039999961853027,56.2599983215332,3.039999961853027,4,11.86863634803078,633.2333374023438,8313.200378417969,1.004514645793924,1.004514918642289,558,85,90.97405890632037,385.8595833333333,0,.9600000381469727,0,0,6.652120776465257,6.592290870143421,5.076579051994687,6.159113023582425,6.450838975708661,4.566602571693793,3.602322547035008,4.40305396451274,4.418394694374194,4.327742063302646,4.427850033962708,4.833030622630802,4.387958977540478,4.029983773227604,5.955473529535269,787.5382241080663,6.668911908071756,179.3910517116747,5.189568069404526,516.7303700249474,6.247521210467233,696.059233824457,6.545434762782726,91.4912859433726,4.516243732154723,111.2673909616197,346.7858642128409,5.848707483443703,2.249066811952517,-.3730701912851355,0
2005m7,778.50830078125,5,737.816650390625,162.2750040690104,475.3583170572917,100.1833292643229,39.29166666666666,128.8999938964844,1.399999976158142,93.01634404394579,90.4539878610763,91.80811312927389,104.8039383604854,82.17600250244141,84.96499633789063,80.33499908447266,96.5,3.259999990463257,58.70000076293945,3.289999961853027,4.179999828338623,11.04900002479553,637.6333211263021,8382.2998046875,1.001518154170729,1.00152177504885,559,84,91.46715983219123,389.222,0,.8899998664855957,0,0,6.657379653749322,6.603695352528729,5.089292451994315,6.164068871353965,6.457763386346218,4.607001800201418,3.671012452285512,4.407280036573371,4.431054825787253,4.330680736235204,4.433255633969127,4.829592948060104,4.44223936388468,4.072439739831315,5.964149874921909,793.211836021035,6.676090318396433,179.4006078739617,5.189621337991094,517.7737575196055,6.249538385306215,697.1172192250486,6.546953573413862,95.59118753698992,4.560080635233046,111.8704865491092,347.9219694187514,5.851978228823923,2.250099617175951,-.3348402967420556,0
2005m8,782.8999837239584,4.900000095367432,737.50830078125,165.3666687011719,477.183349609375,94.95833333333333,41.74166615804037,183.6000061035156,2,93.39160341057439,91.74158113197784,91.99656913658907,104.4438734502902,82.24299621582031,90.31500244140625,80.30799865722656,89.09999847412109,3.5,64.97000122070313,3.519999980926514,4.260000228881836,12.95130439426588,642.5500183105469,8349.199615478516,1.002544738351138,1.002537916619165,560,83,91.93880310333945,393.1378333333333,0,.7400002479553223,0,0,6.663004953124442,6.603277343447244,5.108165242941888,6.167900797765435,6.465444663249838,4.553438198897738,3.731499818390473,4.411306258402217,4.445189249740992,4.332731348559443,4.43839880710556,4.82615142805122,4.503303586616644,4.17392564368116,5.974160271331002,789.6944413074983,6.671646087486104,180.2526909398676,5.194359704984928,518.6968971646015,6.251319699393447,698.8888223705925,6.54949167718105,90.91805023731577,4.50995855393825,112.4473379821018,349.6195111314319,5.856845452096584,2.251698694722226,-.2373806147210571,0
2005m9,787.683349609375,5,741.7000325520834,168.8666687011719,480.0249837239583,92.81667073567708,45.82500203450521,189.1000061035156,2,94.29290055293778,94.50514727654512,92.3928180076457,104.5242541514856,82.42500305175781,102.572998046875,80.51499938964844,76.90000152587891,3.619999885559082,65.56999969482422,3.490000009536743,4.199999809265137,12.62809526352655,648.8916524251302,8350.500366210938,.9989299368794333,.9989803888235376,561,82,92.94330186291091,398.0871666666667,0,.7099997997283936,0,0,6.669096168501071,6.608944892630989,5.129109460947463,6.173838151972325,6.475265757351329,4.530626265206789,3.824829838123045,4.420910717499403,4.47486782734715,4.337029312636105,4.449265284897248,4.826920738721534,4.6305747211685,4.18311826962133,5.986670993030164,786.5915972493382,6.667709177572661,178.685154795883,5.185625345384345,519.5479411443379,6.252959089523674,698.1585971436969,6.548446293490852,88.79917057447653,4.486377309576986,113.6759075056051,350.1948437464973,5.858489696004057,2.248185451001667,-.2377924478780731,0
2005m10,793.3333333333334,5,744.875,170.9749959309896,482.2583414713542,91.63333129882813,45.36666870117188,216.1999969482422,2.299999952316284,94.44368761156258,93.78276673660572,92.88570507680961,104.4346611651905,82.66200256347656,101.1119995117188,80.59999847412109,74.19999694824219,3.779999971389771,62.36999893188477,3.789999961853027,4.460000038146973,14.93761898222424,653.2333374023438,8394.099975585938,1.004724497579929,1.004776771191562,562,81,93.12278618879884,401.5046666666667,0,.6700000762939453,0,0,6.676243477997411,6.613216419067143,5.141517323185298,6.178479948621948,6.481934396845929,4.517795084300414,3.814777665835126,4.422508575044387,4.467194641438548,4.342349823871535,4.45119453899656,4.826063220949206,4.616228808515713,4.133084373412566,5.995219156399386,788.697496717405,6.670382846463832,182.309609622824,5.205706393530781,519.1954360173744,6.252280374937866,701.4752931446515,6.553185678886141,87.74225939593585,4.47440364644294,113.8954289043439,352.5204396076985,5.865108605273966,2.253734902953024,-.2894242016318209,0
2005m11,796.63330078125,5,745.5166829427084,166.9416707356771,485.5416666666667,93.03333536783855,41.69166564941406,246.3000030517578,2.599999904632568,94.24641803971288,91.95151329971495,93.23966724754042,104.3517633763881,82.87300109863281,93.5260009765625,80.91000366210938,81.59999847412109,4,58.29999923706055,3.970000028610229,4.539999961853027,12.14761911119733,652.4833374023438,8445.900207519531,1.00115199949079,1.001119769966011,563,80,92.91033325032366,398.8375833333333,0,.5699999332427979,0,0,6.680394473515837,6.614077512147173,5.117644474373452,6.185265106225318,6.480785602322653,4.532957873742729,3.730301244306736,4.420417637175218,4.447474934565273,4.346153309586853,4.448910504503387,4.825269129155733,4.538239482946917,4.065602080270007,5.988554274703777,791.0291960682982,6.673334877413031,181.5540220545719,5.201553251592211,520.745816667932,6.255262046825918,702.2720881265064,6.554320918856038,89.15358241937425,4.490360527678727,113.6355846756654,350.9794792464714,5.860727758071532,2.259976836340619,-.3548155569052112,0
2005m12,799.066650390625,4.900000095367432,748.4249674479166,167.0166625976563,487.3999837239583,94.01666259765625,41.8249994913737,237.1999969482422,2.5,94.24641803971288,91.76526102710622,93.31940182568313,104.2562993151925,82.95899963378906,91.9219970703125,80.99099731445313,91.5,4.159999847412109,59.43000030517578,3.970000028610229,4.46999979019165,11.26000000181652,654.4166463216146,8479.199615478516,1.002844553426166,1.00284428480249,564,79,92.92131950299233,399.6505833333333,0,.4999997615814209,0,0,6.683444359547105,6.617970954944369,5.118093583473327,6.189085107797503,6.483744222498038,4.543472028238203,3.733494234712067,4.420417637175218,4.445447331619371,4.347008101405806,4.449028743269698,4.824353881042808,4.520940359482824,4.084799154513616,5.990590623681455,794.1150263477925,6.677228320210228,182.0042363834412,5.204029963637988,522.2922288276148,6.258227256579151,704.269644277426,6.557161300265113,90.17839997698435,4.501789930287127,113.6490216013735,351.6533426351147,5.862645868282899,2.263026722371887,-.3356184826616024,0
2006m1,811.058349609375,4.699999809265137,755.9666341145834,170.1500040690104,488.4916585286458,97.3250020345052,40.6000010172526,290.8999938964844,3,94.70330291384118,92.72772597030691,93.69510643888746,104.1692170279571,83.14499664306641,96.39600372314453,81.27300262451172,91.19999694824219,4.289999961853027,65.51000213623047,4.340000152587891,4.420000076293945,12.03600001335144,658.6416625976563,8584.399597167969,1.000776461798503,1.000764289649357,565,78,93.4492430560977,401.9636666666667,0,.0799999237060547,0,0,6.698339999257724,6.627997240436496,5.136680424861169,6.191322395653619,6.490179627275907,4.57805591440076,3.703768091663169,4.425253693690884,4.455881047179015,4.351026026240941,4.454694068929194,4.823518260780659,4.568464745603109,4.182202835353012,5.996361703108171,798.2473798219518,6.682418549186687,183.4942055232709,5.212183089466185,521.3630434875103,6.256446619600132,704.812196501445,6.557931379383485,93.42971446966425,4.537209436711832,114.2947076033766,351.6905332673438,5.862751622050119,2.27308630556684,-.2430508583378721,0
2006m2,815.1000162760416,4.800000190734863,758,170.6583353678385,492.0500081380208,95.29166666666667,42.41666666666666,310.5,3.200000047683716,94.75999185907304,92.41982162459851,93.93067875223265,103.9339204450824,83.27899932861328,95.21499633789063,81.12999725341797,86.69999694824219,4.489999771118164,61.63000106811523,4.539999961853027,4.570000171661377,12.47105262154027,662.7083435058594,8587,1.005162225777386,1.005163980198595,566,77,93.54325745803375,405.0245,0,.0300002098083496,0,0,6.703310825068565,6.630683385642372,5.139663518975778,6.198580353884006,6.496334989185228,4.556942363674835,3.747541366762523,4.425852109832559,4.452555001184245,4.353537114329286,4.455699610965363,4.821256913969638,4.556137453949304,4.121148782305244,6.003947559104022,799.9156449140444,6.684506278250889,184.6555558839296,5.218492229575563,523.8437693353995,6.261193489742174,708.4512144589039,6.563081199256637,91.68485731952906,4.518357232796929,114.4096935382904,354.0123983152243,5.8693319360098,2.277458715236006,-.3047033275273145,0
2006m3,819.7999674479166,4.699999809265137,761.0750325520834,169.8666687011719,495.2833251953125,95.91666666666667,42.14166768391927,328.2000122070313,3.299999952316284,94.94365573808635,92.64267383223743,94.18800272485616,103.6232581705845,83.50900268554688,94.22499847412109,81.27100372314453,88.90000152587891,4.590000152587891,62.90000152587891,4.630000114440918,4.71999979019165,11.69391300367272,665.1499938964844,8627.200378417969,1.001026634821704,1.001025955473978,567,76,93.79164577546312,405.5535833333333,0,.0899996757507324,0,0,6.709060368362889,6.634731950310204,5.135013827566915,6.20512997295704,6.500012569953766,4.563479758933882,3.741036982436816,4.427788434607804,4.454963401814616,4.35627287806201,4.458351422866934,4.818263401448799,4.545685522959207,4.141546187965201,6.005253006214795,801.6070443417533,6.686618518143476,183.3568286346916,5.211434137536331,525.8454483233324,6.265007345082483,709.1782945027441,6.564106968123604,92.56287474455658,4.527888140576814,114.713489151655,353.5360892014872,5.867985571219003,2.281271933755084,-.2862422466426038,0
2006m4,823.3916829427084,4.699999809265137,765.9666341145834,172.6750081380208,497.375,95.91666666666667,43.43333435058594,303.8999938964844,3.099999904632568,95.38466874549198,93.65142258017222,94.50450780096531,103.6341442550574,83.76399993896484,97.88400268554688,81.12200164794922,87.40000152587891,4.789999961853027,69.69000244140625,4.71999979019165,4.989999771118164,11.84736844112999,670.0500081380209,8670.399597167969,1.002072905277877,1.002066179054634,568,75,94.28745640977613,408.5336666666666,0,.2699999809265137,0,0,6.713432008413657,6.641138610194738,5.151411262104156,6.209344268747093,6.507352348611631,4.563479758933882,3.771227218883701,4.432422677018918,4.465793144962253,4.359627599158891,4.463623797916522,4.818368450381725,4.583783131542458,4.244056870482803,6.012574326244777,803.0290865278957,6.688390935616896,184.3805501087812,5.217001828925935,526.2976460842639,6.265866919775656,710.6459688826087,6.56617437173188,92.55315162404682,4.527783091643889,115.3198988947647,354.261207807227,5.870034516199396,2.281009331394738,-.1883658065361153,0
2006m5,825.0750325520834,4.599999904632568,769.316650390625,173.0083414713542,500.7083333333333,95.59999593098958,44.67499796549479,284.3999938964844,2.900000095367432,95.64088478694116,93.96793481006186,94.80773146138799,103.5102128274234,83.9739990234375,98.73999786376953,81.16300201416016,79.09999847412109,4.940000057220459,70.94000244140625,4.840000152587891,5.110000133514404,14.45454541119662,673.7166748046875,8695.699829101563,1.002212370612079,1.00221253135503,569,74,94.59413401922401,410.8631666666666,0,.2699999809265137,0,0,6.715474330747092,6.645502653790563,5.153339809932819,6.216023762563355,6.512809658743415,4.560172777494484,3.799414015505363,4.435105210223038,4.469167130829715,4.362831025634743,4.466871100930476,4.817171879602135,4.592490111195812,4.261834483760562,6.018260231245136,804.380524191541,6.690072446008601,184.1142319675933,5.215556390887136,528.1302754694168,6.269342987116065,712.2182382554192,6.568384378849712,92.35803242949359,4.52567268098408,115.6949862315269,355.1261641057238,5.872473118185801,2.280369120524054,-.1732707264624764,0
2006m6,828.1749674479166,4.599999904632568,771.63330078125,173.5250040690104,502.316650390625,95.79166666666667,44.21666463216146,293.1000061035156,2.900000095367432,95.87669661389509,94.22739516636092,95.14236599249733,103.1334035349493,84.18599700927734,98.83499908447266,81.427001953125,84.90000152587891,4.989999771118164,70.95999908447266,4.920000076293945,5.110000133514404,16.91863627867265,675.8416544596354,8728.999633789063,.999822430677618,.9998225097546022,570,73,94.90934400141602,411.7850833333333,0,.190000057220459,0,0,6.719224445404635,6.648509438189002,5.156321704674778,6.21923069850568,6.515958809639696,4.562175694415236,3.789101745903458,4.437567772087038,4.471924484274364,4.366354423430095,4.470197797370925,4.813524927262202,4.593451783770703,4.262116325099304,6.020501570851977,804.8184053406569,6.690616668543039,184.1555778578486,5.215780932184446,527.9631688266364,6.269026525263039,712.0917983054989,6.568206833305544,92.8813200993656,4.531322550244766,116.0805092338552,354.7409345902792,5.871387761352194,2.281656673317596,-.1754514469877346,0
2006m7,830.6583658854166,4.699999809265137,778.6499837239584,176.4000040690104,504.8583170572917,97.39166259765625,48.17499796549479,233.6999969482422,2.299999952316284,96.20434038035567,95.13925593547701,95.32237018983022,103.1417789203624,84.26799774169922,103.0279998779297,81.56800079345703,84.69999694824219,5.239999771118164,74.41000366210938,5.079999923706055,5.090000152587891,15.32599987983704,681.2583211263021,8765.699829101563,1.004107865030848,1.00410244412566,571,72,95.27887919160037,416.4469166666667,0,.0100002288818359,0,0,6.722218598274477,6.657561630038449,5.172754166639643,6.22427782962837,6.523941560400182,4.578740607371248,3.874840172068873,4.44097929140576,4.481555196036648,4.368244581729554,4.474083796714198,4.813606133205815,4.635000794761939,4.309590390624454,6.031759002503938,809.3709500480644,6.696257341073764,185.4124276404306,5.222582682387027,529.6325679396023,6.272183498086271,715.015045208845,6.572303584722755,94.42503669909952,4.547806257257164,116.5324756182798,357.3655450612781,5.878759193660883,2.281239306868716,-.1313889007813067,0
2006m8,832.5750325520834,4.699999809265137,778.5166829427084,176.9166666666667,506.1000162760417,95.5,47.21666463216146,251.8999938964844,2.5,96.50703893502974,95.78304846411281,95.56156470745356,103.1367511336956,84.44000244140625,105.0979995727539,81.76200103759766,82,5.25,73.05000305175781,5.090000152587891,4.880000114440918,13.35173913706904,683.0166829427084,8775.600219726563,.9989730258108833,.998976088504352,572,71,95.62285451831309,417.1286666666667,0,-.2100000381469727,0,0,6.724523346984899,6.657390420643297,5.175678811915255,6.226734310379767,6.526519285250092,4.559126247486684,3.854746894519706,4.444120764469677,4.488299247977066,4.370750760606777,4.477687490533882,4.813557385653985,4.654893244140908,4.291144179972996,6.03339472736354,806.6941971629859,6.692944658614697,184.7056128443775,5.218763275722221,529.6062468476588,6.272133799960444,714.2818381477007,6.571277615752981,92.59550931190749,4.528240644924431,116.953180571083,356.6629523282951,5.876791224700798,2.280402582515222,-.1529765844966811,0
2006m9,834.8500162760416,4.5,781.2833658854166,174.9083251953125,509.125,97.24166870117188,44.09166463216146,240,2.400000095367432,96.25422215441,94.17679099227631,95.8285478914854,102.6175922319354,84.572998046875,97.7969970703125,81.99299621582031,85.40000152587891,5.25,63.86999893188477,4.929999828338623,4.71999979019165,12.18449997901917,684.0333251953125,8846.300415039063,1.00377060433518,1.003779395245615,573,70,95.40503123405514,416.7536666666667,0,-.2100000381469727,0,0,6.727252087490734,6.660937908471969,5.164261980636222,6.232693565968576,6.528006637481497,4.577199309946216,3.786270753979461,4.441497655198094,4.471387296897234,4.373540699476492,4.47540695041477,4.808510979390879,4.582893871766839,4.156849750850228,6.032495319832551,811.6873716272831,6.699115255714951,185.7233861468663,5.22425839552302,531.2873994256121,6.275303116679538,716.978251930119,6.575045508103498,94.76120671530379,4.551360113647068,116.6867680484205,357.1558914835398,5.878172357288922,2.28575443229264,-.2846479043478665,0
2006m10,836.6583658854166,4.400000095367432,782.7999674479166,173.5916748046875,511.8500162760417,97.35833740234375,41.71666717529297,237.8999938964844,2.400000095367432,96.02748367251989,92.71156976020718,96.00492988454018,102.5631618095713,84.72599792480469,90.60399627685547,82.22899627685547,93.59999847412109,5.25,58.88000106811523,5.050000190734863,4.730000019073486,11.30636362595992,685.4416910807291,8892.999603271484,1.004679418086473,1.00469486308696,574,69,95.15545500948356,416.4835833333333,0,-.320000171661377,0,0,6.729415822156014,6.662877193937756,5.156705844882119,6.238031645164239,6.530063434962541,4.578398371729269,3.730900741402074,4.439139255203573,4.455706799212025,4.375379607312641,4.472787557777911,4.807980418677276,4.506498321092224,4.075501492561164,6.03184704506377,815.1832553662236,6.703412941175259,187.238416147706,5.232382757454126,533.1497214691115,6.278802288039053,720.338829773254,6.579721698221401,94.92524965553289,4.553089736143725,116.3815195447485,357.8605821289318,5.880143475156999,2.290276566952441,-.3636377626424085,0
2006m11,840.3500162760416,4.5,783.3500162760416,172.6666666666667,513.6499837239584,97.03333536783855,40.3249994913737,272.8999938964844,2.700000047683716,96.06036049290839,92.39720950136284,96.21029872862474,102.318652941597,84.76599884033203,90.47299957275391,82.20200347900391,92.09999847412109,5.25,59.36999893188477,5.070000171661377,4.599999904632568,10.81761905125209,686.316650390625,8916.300201416016,1.000537415450213,1.00053394701362,575,68,95.22590924259059,415.73025,0,-.4700002670288086,0,0,6.733818491090745,6.663579615616979,5.151362953591374,6.241542067975245,6.531339110716935,4.575054583050543,3.696971611398097,4.43948156547159,4.452310303785843,4.377516471532114,4.473527695727864,4.805593589135074,4.505051458929094,4.08378903029176,6.03003661243474,815.4768650216257,6.703773052586465,186.874330511161,5.230436361589563,533.8825370169399,6.280175846630585,720.724701763902,6.580257236025843,94.83445352161225,4.552132777007201,116.4676898090443,356.948996482728,5.877592904578019,2.294336925619155,-.3556925351798306,0
2006m12,847.3500162760416,4.400000095367432,790.691650390625,176.9499918619792,515.7749837239584,97.95833333333333,41.34166717529297,264,2.599999904632568,96.4016013026867,93.40811843397289,96.42654340234846,102.0414858202042,84.87999725341797,94.98799896240234,82.0260009765625,91.69999694824219,5.239999771118164,62.02999877929688,4.96999979019165,4.559999942779541,10.96450004577637,692.7249755859375,8992.199798583984,1.004880906951952,1.004861627244825,576,67,95.64912701106752,421.1775,0,-.4099998474121094,0,0,6.74211385164755,6.672908069252093,5.175867160800961,6.245670592317532,6.540633059793531,4.584542218192124,3.721870881821997,4.443027628955243,4.463191788387928,4.379761574412363,4.477962203983386,4.802881051425729,4.553750556909096,4.127618119305788,6.043054360029567,820.205929886964,6.709555442737924,189.4374866217429,5.244059084197064,534.8890103545874,6.282059268092623,724.2355442572755,6.585116676846916,95.99853681661857,4.564332949858127,116.9853135962331,360.0259614242397,5.886176143917321,2.299086222692306,-.3154095096494549,0
2007m1,850.0333658854166,4.599999904632568,794.8916829427084,176.3499959309896,519.9166666666666,98.625,42.45833333333334,242.1000061035156,2.400000095367432,96.72357963443156,93.46410253567076,96.93030630115153,101.8689886565594,85.2239990234375,93.62699890136719,82.62599945068359,96.90000152587891,5.25,54.56999969482422,5.110000133514404,4.760000228881836,11.0425000667572,696.2666625976563,9029.2001953125,1.00106546725179,1.001059528416407,577,66,96.03611304045603,423.4005,0,-.3499999046325684,0,0,6.745275602696788,6.678205857500941,5.172470633608568,6.253668542322786,6.545732722872769,4.591324779166039,3.748523202874779,4.446362032356208,4.463790958270773,4.384972292723146,4.481999933284249,4.801189159871505,4.539318791690833,3.999484275605768,6.048318539616458,821.8178917147352,6.711518827585808,188.6820620394715,5.240063387121826,536.3819495745161,6.284846499787093,725.0050429512365,6.586178610625292,96.81552874987678,4.572807402386265,117.4586235303649,360.4677862503167,5.887402594203351,2.29891357034058,-.4468777567504403,0
2007m2,855.4833170572916,4.5,797.1666666666666,176.7416585286458,522.4916585286459,97.9249979654948,44.25,283,2.799999952316284,97.02401201521936,93.9571749548353,97.21903192765693,101.8622934590668,85.40799713134766,94.70899963378906,83.28099822998047,91.30000305175781,5.260000228881836,59.2599983215332,5.159999847412109,4.71999979019165,11.15526309766267,699.2333170572916,9035,1.000697883544209,1.000700050729319,578,65,96.37793890083449,425.2596666666666,0,-.440000057220459,0,0,6.751666592332393,6.681063774452242,5.174689110048578,6.258609019173055,6.549984473459652,4.584201858775738,3.789855371453938,4.449463310870429,4.469052618668441,4.387946558223966,4.485552960898715,4.801123434103468,4.550809028768428,4.081934513821646,6.052699962744045,821.6179171622192,6.711275466022888,188.1087406189092,5.237020203164168,537.4376273541221,6.286812711136543,725.5117976498223,6.586877333597709,96.13468795972656,4.565750207764001,117.8766995413153,360.7665198647802,5.888230989716472,2.302203281461964,-.3675287970487826,0
2007m3,861.4166666666666,4.400000095367432,800.9750162760416,179.1833292643229,523.5916748046875,98.20833333333333,43.79999796549479,313.3999938964844,3,97.37885851783406,94.96915165933805,97.45581164242816,101.5926584348532,85.49400329589844,98.75900268554688,83.79499816894531,88.40000152587891,5.260000228881836,60.56000137329102,5.079999923706055,4.559999942779541,15.16272726925937,702.7750040690104,9086.100219726563,1.000520390325562,1.000515154011115,579,64,96.8159742291041,427.5884166666667,0,-.5199999809265137,0,0,6.758578320780485,6.685829755915305,5.188409467554484,6.260712133994686,6.555036789472439,4.587091072588185,3.779633770932509,4.453113945202444,4.479765645288341,4.390379125546879,4.490087638744344,4.798472870137702,4.592682566061742,4.103634631805729,6.058161089604053,822.5348175850206,6.712390813153937,188.6752973292505,5.240027534050175,537.2605963467629,6.286483258635261,725.8874474639614,6.587394971764867,96.66873064091527,4.571289985542215,118.4124462004346,361.1009065237075,5.88915743873085,2.305464375578041,-.3494793133967145,0
2007m4,864.7083333333334,4.5,803.63330078125,179.25,525.941650390625,98.43332926432292,46.80833435058594,309.7000122070313,3,97.60787182312912,95.41593206013856,97.69259135719939,101.3498297547992,85.61599731445313,100.4140014648438,83.98699951171875,87.09999847412109,5.25,63.97000122070313,5.010000228881836,4.690000057220459,12.93299994468689,705.191650390625,9081.899597167969,1.000427808487632,1.00043055103849,580,63,97.10722078275069,429.6276666666666,0,-.320000171661377,0,0,6.762392263173715,6.689143071581005,5.188781479479729,6.26519027576813,6.55846961039495,4.589379458744038,3.846061271482684,4.455462960545181,4.484459093033598,4.392805789842619,4.493091371976026,4.796079790225194,4.609301654355583,4.158414242544477,6.062918942114172,823.3283707255478,6.713355113476899,187.861708343448,5.235706098230164,538.3639056800043,6.288534736112965,726.1989836659905,6.587824059455696,97.12234298021777,4.575971451610576,118.7686603183975,361.7348764521819,5.890911558009288,2.306929302628534,-.2970487180007035,0
2007m5,867.7250162760416,4.400000095367432,807.1499837239584,180.8583374023438,526.4833170572916,99.80832926432292,45.59166463216146,295,2.799999952316284,97.89129925025108,96.18999275968521,97.87380295595834,101.2552025932902,85.71700286865234,103.1689987182617,84.34700012207031,88.30000305175781,5.25,63.45999908447266,4.869999885559082,4.75,13.29772732474587,707.3416544596354,9138.699829101563,.9996046792414629,.9996026970620185,581,62,97.44190082827001,430.44625,0,-.119999885559082,0,0,6.765874862942848,6.693509504438709,5.19771405853727,6.266219644571132,6.561513794517163,4.603251639397216,3.819724906657282,4.458362488191631,4.49253885268949,4.394658988100502,4.496531946499285,4.795145685407629,4.636368407901496,4.150409771728208,6.064822461252797,824.5370016599184,6.714822018688154,188.0219887885722,5.236558917631811,537.920568279339,6.287710906658083,725.9111824042129,6.58742766905465,98.57106272871835,4.59077773708132,119.1779965173044,361.1792970000969,5.889374502624653,2.307512374751217,-.307952716463423,0
2007m6,869.0916341145834,4.599999904632568,808.8999837239584,181.4166666666667,529.3000081380209,98.18332926432292,46.16666666666666,284.1000061035156,2.700000047683716,98.09876660458907,96.30734089069425,98.15045456820329,101.2610672796435,85.85900115966797,103.7040023803711,84.79299926757813,85.30000305175781,5.25,67.48000335693359,4.739999771118164,5.099999904632568,14.9476189386277,710.7166748046875,9152.7998046875,1.002349923204332,1.002349724506111,582,61,97.67731206511118,432.5395833333333,0,.3600001335144043,0,0,6.76744856747899,6.695675279902703,5.200796411446547,6.271555394239005,6.566273862065963,4.586836437856601,3.832258036959284,4.460479610107231,4.493758071089248,4.397481616273343,4.498944946711567,4.795203603582388,4.641540710251254,4.211831307424855,6.069673844342033,824.5771192867556,6.714870672236548,188.3726255847607,5.23842205214133,539.2741281398938,6.290224028153117,727.6169458173946,6.589774736391168,96.96059097735846,4.574304617365945,119.4659202885559,362.0610650205386,5.891812885501607,2.306968957371759,-.2486483026823754,0
2007m7,871.3583170572916,4.699999809265137,812.5916341145834,182.9000040690104,531.308349609375,98.39166259765625,46.56666564941406,271,2.599999904632568,98.24842057627072,96.56248909127272,98.34736238550079,100.9378451212997,85.98799896240234,103.7559967041016,85,90.40000152587891,5.260000228881836,74.18000030517578,4.960000038146973,5,17.27333327702113,714.2083536783854,9192.299621582031,1.002736611414605,1.002736156626128,583,60,97.88932799053266,434.5439166666667,0,.0399999618530273,0,0,6.77005327808582,6.700228688293373,5.208939577644006,6.275342548766076,6.57117473164527,4.588956070769829,3.840884955749725,4.462003991513556,4.49640387991736,4.399485790022042,4.501113169353443,4.792006529673158,4.642041956998083,4.306494576175435,6.074297013629264,827.0785722033717,6.717899699220894,189.4110288479927,5.243919409510678,540.2365012360566,6.292007008931489,729.6079852008585,6.592507383328599,97.47747485535916,4.579621324188403,119.7252300208858,362.9509975389994,5.894267832146964,2.308049286572264,-.1555094153381207,0
2007m8,872.2749837239584,4.599999904632568,816.5750325520834,181.2166748046875,536,99.36666870117188,46.46666463216146,235.3000030517578,2.200000047683716,98.31530730399088,96.33748491258849,98.60951596382847,100.4814856387694,86.11599731445313,102.1179962158203,85.32599639892578,83.40000152587891,5.019999980926514,72.38999938964844,4.320000171661377,4.670000076293945,25.02608672432277,717.2166748046875,9241.300415039063,1.002821950495808,1.002809559278759,584,59,98.0256320429893,435.5214166666667,0,.3499999046325684,0,0,6.771104722504445,6.705118803536942,5.199693413683332,6.284134161070802,6.575377991327809,4.598816732490641,3.838735165874126,4.46268455176771,4.494071020290085,4.402147831940421,4.502504630979707,4.787475085131915,4.626128970322373,4.282068159873615,6.076543972274368,830.5675432893006,6.722109254210308,188.1060886830437,5.237006105177278,543.5580884471772,6.298136579317835,731.6623824370251,6.595319181384873,98.89052502507245,4.594013430450458,119.8919390418603,363.2616338906691,5.895123329165801,2.308420170736735,-.1806163918940946,0
2007m9,877.00830078125,4.699999809265137,820.4249674479166,182.9250081380208,537.2833251953125,100.2166646321615,47.38333129882813,243.1999969482422,2.299999952316284,98.69396593144893,97.03618555739951,98.96952435849425,100.3542066123891,86.35099792480469,104.3600006103516,85.60199737548828,83.40000152587891,4.940000057220459,79.93000030517578,3.990000009536743,4.519999980926514,22.19894740456029,720.2083333333334,9276.499633789063,.9996120757862363,.999609766632106,585,58,98.47283084183157,437.9428333333333,0,.5299999713897705,0,0,6.77651645730031,6.709822458996865,5.209076277258385,6.286525562813057,6.579540522007779,4.607334488516401,3.85827050649175,4.46652862557726,4.501297481718098,4.405792032180422,4.507056316161965,4.786207590873364,4.647846466117048,4.381151255455966,6.08208838435449,831.2817908419742,6.722968835860681,188.5121587243511,5.239162507324319,542.877546070776,6.29688378082009,731.3777081214838,6.594930026882586,99.86294348301817,4.603798680734768,120.4388932416238,363.6224325432275,5.896116056063667,2.30998783172305,-.0853773701212939,0
2007m10,878.99169921875,4.699999809265137,823.558349609375,183.0749918619792,539.7250162760416,100.75,46.19166564941406,228,2.200000047683716,98.99326522529358,97.45066175163051,99.28119982889923,100.3567173114489,86.57599639892578,105.1829986572266,85.94100189208984,80.90000152587891,4.760000228881836,86.19999694824219,4,4.53000020980835,19.11565208435059,722.8000081380209,9328.400207519531,1.000163724417197,1.000164747383311,586,57,98.81095771669742,438.49175,0,.5300002098083496,0,0,6.778775454203443,6.71363440273521,5.209895860495291,6.291059780738697,6.583132569977095,4.612642200826793,3.832799384615332,4.469556636246225,4.505559742405064,4.408936290325863,4.510484141716397,4.786232608934273,4.65570167752117,4.456670142266424,6.083340997496139,831.9337156271002,6.72375276893006,187.8642880112777,5.23571982987426,543.6326486849487,6.298273740600289,731.4978265977071,6.59509424929747,100.3918847677436,4.609081374984251,120.8524451445797,362.8323361396768,5.893940843650883,2.309218817957218,-.012886493979801,0
2007m11,882.8999837239584,4.699999809265137,829.6583658854166,187.0833333333333,542.7666829427084,99.80832926432292,49.89166768391927,201.8000030517578,1.899999976158142,99.51816991408519,99.09459514401983,99.53851458471796,100.2219061878894,86.74600219726563,111.2789993286133,86.2969970703125,76.09999847412109,4.489999771118164,94.62000274658203,3.349999904632568,4.150000095367432,25.58238093058268,729.8500162760416,9357.200378417969,1.003523776144874,1.00351866146156,587,56,99.42463885426648,444.1220833333333,0,.8000001907348633,0,0,6.783211925472786,6.721014008690111,5.231554150388354,6.296679546089244,6.592839055877117,4.603251639397216,3.909854008532535,4.474845056147814,4.522288426230022,4.411524714720735,4.516675593792528,4.784888386489157,4.712040555200684,4.549868899230502,6.096099487099437,833.6752641268093,6.725843954983373,188.7926713474478,5.240649435942364,545.2830848512971,6.301305081555963,734.0735904968516,6.59860928312136,99.58733879717764,4.601035035999791,121.6030184385555,365.2229106119948,5.90050788117805,2.308366869324972,.0750238430826879,0
2007m12,888.6499837239584,5,831.066650390625,187.9916585286458,544.7416585286459,98.33333333333333,50.14166768391927,254.3999938964844,2.400000095367432,99.74831630632339,99.52630353387322,99.79342375448938,99.9279882956704,86.91999816894531,112.2330017089844,86.37699890136719,75.5,4.239999771118164,91.73000335693359,3.069999933242798,4.099999904632568,21.65100002288818,732.7333170572916,9371.099792480469,1.000926556570766,1.000926754008918,588,55,99.72500903700995,445.5815,0,1.029999971389771,0,0,6.789703438890531,6.722709996682066,5.236397592317113,6.300311661231395,6.596781811753914,4.58836306767171,3.914852352725876,4.4771549929459,4.526635492148654,4.414082351102067,4.519692123459449,4.781951406639614,4.72057708271865,4.518849516117373,6.099380170695563,833.1635872814635,6.725230006177241,188.8864067624735,5.241145811952491,545.8692948232871,6.302379560316782,734.7538236726152,6.599535509331236,98.40419587191252,4.589083444123828,121.9703913683591,365.3193984221244,5.900772035107254,2.312548445944631,.0416945231714729,0
2008m1,892.125,5,833.0333658854166,187.7166748046875,547.9499918619791,97.36666870117188,49.90833536783854,274.1000061035156,2.599999904632568,100,100,100,100,87.09300231933594,112.7089996337891,87.01100158691406,78.40000152587891,3.940000057220459,92.94999694824219,2.819999933242798,3.740000009536743,25.81619071960449,735.6666666666666,9397.500366210938,1.00123982036334,1.001244938387262,589,54,100,446.5295833333333,0,.9200000762939453,0,0,6.793606257291231,6.725073696449193,5.234933777178276,6.306184027057643,6.600777117588627,4.57848394162088,3.910188030247255,4.479675002441075,4.531383711784032,4.416150250187454,4.522445821036772,4.782671783091732,4.724809272638244,4.5320616813352,6.101505654187414,833.0333658854165,6.725073696449193,187.7166748046875,5.234933777178276,547.9499918619791,6.306184027057643,735.6666666666666,6.600777117588627,97.36666870117188,4.57848394162088,122.3067238059546,365.0899717024336,5.900143821021783,2.313931254850156,.0523866788941252,0
2008m2,894.25830078125,4.900000095367432,831.808349609375,186.5333251953125,549.5749918619791,95.7000020345052,50.49166870117188,320.1000061035156,3,100.199535745736,100.3498842083519,100.2089910483627,99.8434167074948,87.17800140380859,114.1620025634766,87.44999694824219,70.80000305175781,2.980000019073486,95.34999847412109,2.170000076293945,3.740000009536743,25.4560001373291,736.1083170572916,9375.800170898438,.9981554373989616,.9981582802245957,590,53,100.244799354577,445.9836666666667,0,1.569999933242798,0,0,6.795994660490511,6.723602065259603,5.228609910495512,6.309145237438337,6.601377277815245,4.561218319718106,3.921808346456823,4.481668371816927,4.534876447159713,4.418237979846124,4.524890823127389,4.78110472296908,4.737618514741046,4.557554316043503,6.100282329525851,830.1518998253171,6.721608695883751,185.88295010687,5.225117175119832,548.4288247116909,6.307057507779667,734.3107291317872,6.598932275724628,95.85008725700132,4.562785379840757,122.6061298764359,363.7531558300837,5.896475494269604,2.314326288673583,.0758859442265756,0
2008m3,897.11669921875,5.099999904632568,836.2749837239584,188.9666748046875,551.9916585286459,95.30832926432292,52.3999989827474,308,2.900000095367432,100.4863624336874,100.7503725907883,100.5110073073593,99.81913383948941,87.3489990234375,116.1190032958984,87.56999969482422,69.5,2.609999895095825,105.5599975585938,1.279999971389771,3.509999990463257,27.10350008010864,740.9583333333334,9406.499816894531,1.00331645531965,1.003315047860444,591,52,100.5718137556824,449.425,0,2.230000019073486,0,0,6.799185953060085,6.728957486899252,5.241570675728054,6.313532934801769,6.607944393395715,4.557117207306047,3.958906571913779,4.48452683756718,4.538859424787491,4.421247311147381,4.528147672101145,4.780861483883347,4.75461555572223,4.659279488506985,6.107968987932479,832.2273425668385,6.724105651773147,187.5592813658387,5.234094962724595,549.1852816086836,6.308435873841842,736.7455210993132,6.602242542331342,95.48102212305315,4.558927506514431,123.0060904768016,365.3680872694346,5.900905303702476,2.314659115492905,.174752650939805,0
2008m4,895.4500325520834,5,839.191650390625,189.6833292643229,554.5833333333334,94.9249979654948,51.58333333333334,254.3999938964844,2.400000095367432,100.672292486587,101.1939250350209,100.7115465457397,99.41301389234314,87.40000152587891,116.7720031738281,88.71399688720703,62.59999847412109,2.279999971389771,112.5699996948242,1.309999942779541,3.680000066757202,21.56272732127796,744.2666625976563,9451.2998046875,1.001850974659824,1.001852480883207,592,51,100.8341427765625,451.0603333333333,0,2.370000123977661,0,0,6.797326421565512,6.732439107545728,5.245355993608192,6.318217081041212,6.612399388086862,4.553087084685101,3.943198622896596,4.486375429226548,4.543252251549262,4.423240520168275,4.530752651355403,4.776784626666561,4.760223342807554,4.723575247655726,6.111601107347675,833.5875042305551,6.725738680760256,187.4453720405428,5.233487453842962,550.665094872176,6.311126811060391,738.1097732410642,6.604092557768231,95.48548449430521,4.558974241110271,123.3269365078322,365.7435643061543,5.901932443863413,2.310950992338964,.2371998184291773,0
2008m5,943.5416666666666,5.400000095367432,844.3583170572916,191.7166748046875,557.3249918619791,95.30832926432292,53.1499989827474,771.0999755859375,6.800000190734863,101.1042321489288,102.152077822501,101.0800067503878,99.17604351009528,87.55899810791016,121.4769973754883,89.01699829101563,59.79999923706055,1.980000019073486,125.3899993896484,1.759999990463257,3.880000114440918,18.30333300999233,749.0416666666666,9494.499816894531,1.00126991026691,1.001269955179043,593,50,101.3523553993294,454.8999166666667,0,2.120000123977661,0,0,6.849640525642369,6.738576950778097,5.256018630122075,6.323148538109712,6.618794611698471,4.557117207306047,3.973118085648679,4.490656802621351,4.55267618774845,4.42689241350198,4.535878747926559,4.774398085355362,4.799724922844486,4.831428875334821,6.120077431385497,835.1364716499038,6.727595150597822,187.6777045473451,5.234726154157657,551.3701569473242,6.312406374795186,739.0471229952516,6.605361684808683,96.10015270938021,4.565390905042416,123.9607453890874,366.9709432924343,5.905282671330079,2.358983723021018,.3407720727134702,0
2008m6,926.4666341145834,5.599999904632568,848.9249674479166,195.0500081380208,559.6750081380209,94.2000020345052,56.92499796549479,511.7999877929688,4.599999904632568,101.8377459285202,104.3579795620246,101.449674356462,99.11910238867142,87.76000213623047,130.7949981689453,89.59500122070313,56.40000152587891,2,133.9299926757813,1.889999985694885,4.099999904632568,22.11047617594401,754.7250162760416,9503.999633789063,.9993447299167373,.9993605720301745,594,49,102.187516842512,459.2499166666666,0,2.209999918937683,0,0,6.83137803224864,6.743970804841529,5.273255977675407,6.327356272654564,6.626353466053033,4.545420203180037,4.041734576209702,4.497885636998038,4.574040625605156,4.430542920574087,4.544085160959929,4.773823778579159,4.873631197993336,4.897317220712113,6.129594542639947,833.6054178219696,6.725760170284567,186.9047378615585,5.230599063854282,551.6774811632224,6.312963602267931,738.5687015364103,6.604714126129875,95.03718230328886,4.554268207692609,124.9822039887345,367.4522468079231,5.906593369551159,2.333492395250603,.3994315837140752,0
2008m7,916.6416829427084,5.800000190734863,848.75830078125,196.3583374023438,560.7416585286459,91.66666666666667,57.66666666666666,395.8999938964844,3.599999904632568,102.3116357563143,105.5508286115228,101.7541054183107,99.15343444146305,87.91799926757813,135.3190002441406,90.62100219726563,61.20000076293945,2.009999990463257,133.4400024414063,1.659999966621399,4.010000228881836,24.32181817835027,757.0999959309896,9493.099609375,.9979779585705982,.9979837084770391,595,48,102.7164836871601,461.1055833333334,0,2.350000262260437,0,0,6.820716646649493,6.743774458832446,5.279941242064699,6.329260297727742,6.629495339734792,4.518158808998462,4.054679305829669,4.502528224450939,4.585406150476536,4.43353923579961,4.549248242386881,4.774170090314345,4.907634955798758,4.893651956906346,6.133627047864861,829.5814004995688,6.720921236822583,186.0320188721925,5.225918803372195,551.0752182660733,6.311871312115586,737.0774083708529,6.602692918384683,92.44931069007366,4.526660501775847,125.6291660064433,367.0370487930198,5.905462793349122,2.318188422198554,.3911237324554069,0
2008m8,910.7916666666666,6.099999904632568,847.9750162760416,194.7333374023438,560.3833414713541,92.85833740234375,55.26666768391927,334.7999877929688,3.099999904632568,102.2288685123528,104.9554800722964,101.8676656699921,98.93739293992702,88.0260009765625,130.8090057373047,91.10600280761719,63,2,116.6100006103516,1.75,3.890000104904175,20.69571413312639,755.1166788736979,9512.500183105469,.998015405342725,.9980142402241382,596,47,102.6511859525285,458.668,0,2.140000104904175,0,0,6.814314184682057,6.742851173419261,5.271631122180826,6.328621087881396,6.626872278863275,4.531075078084557,4.012169972439344,4.501718925101894,4.579749786728876,4.434654639745348,4.548612331808096,4.771988852646264,4.873738287855598,4.758835038766368,6.128326636797699,829.4868451699399,6.720807250758443,185.5389897394646,5.223265047235981,550.1091418809553,6.310116698323502,735.6141790927825,6.600705768091951,93.85565421025966,4.541758008530024,125.5493024864959,365.3289910147725,5.900798292860744,2.312595259580163,.2571161136644742,0
2008m9,913.6749674479166,6.099999904632568,843.0333658854166,191.9250081380208,561.6750081380209,89.43332926432292,54.51666768391927,428.2999877929688,3.900000095367432,102.3139019302006,105.3118284074141,101.9232430028092,98.66273651759397,88.11599731445313,129.6479949951172,91.68399810791016,70.30000305175781,1.809999942779541,103.9000015258789,1.149999976158142,3.690000057220459,30.23857134864444,753.6000162760416,9462.200378417969,.9967152259974379,.9967258551058755,597,46,102.7820792467945,455.576,0,2.540000081062317,1,0,6.817474892724289,6.737006537153841,5.25710471311605,6.330923405292383,6.624861744859873,4.493493423265774,3.998506483975762,4.502550373923699,4.583139269182006,4.435200074618345,4.549886646480084,4.769208929374299,4.864823047114744,4.643428912791215,6.121562552397971,823.9675645060834,6.714131165671219,182.2444933683338,5.205349155718076,551.0764685171371,6.311873580861493,733.2017622123986,6.59742091941656,90.64549841304552,4.506956276983207,125.7093937863944,362.4041022535798,5.892759893789028,2.31492451880059,.1408785388675167,0
2008m10,914.4750162760416,6.5,836.1749674479166,188.5749918619792,562.0500081380209,85.5499979654948,51.94166564941406,533.0999755859375,4.900000095367432,101.6382101827842,102.8819984747289,101.7371925815413,98.57314353129887,87.99099731445313,118.2929992675781,92.06800079345703,57.59999847412109,.9700000286102295,76.65000152587891,.6899999976158142,3.809999942779541,61.1773912181025,750.625,9410.799621582031,1.003312847215526,1.003326062428224,598,45,102.0376131654084,452.5059166666667,0,3.119999945163727,0,0,6.818350147912674,6.728837882391995,5.239495762584339,6.331590828386982,6.620906192834248,4.449100976556727,3.950121274442285,4.495924365371548,4.559796211395268,4.43337300916511,4.542617136882586,4.768300443631897,4.773164591444409,4.339249625224919,6.114800838560943,822.6974539832563,6.712588519461522,183.2925046730106,5.211083262973104,552.4528384126027,6.314368069409326,735.6355923214287,6.600734876988434,86.78834305241674,4.463472316016561,124.7988617124044,362.5881762523238,5.893267689549498,2.322425782541126,-.1566747401466291,0
2008m11,911.4583333333334,6.800000190734863,823.7666829427084,179.4166666666667,560.816650390625,83.53333536783855,42.83333333333334,653.2000122070313,6,100.4387468335193,97.87914218491591,101.6695412344638,98.21391552079022,87.95200347900391,96.26699829101563,92.26699829101563,55.29999923706055,.3899999856948853,57.43999862670898,.1899999976158142,3.529999971389771,62.66894711946186,740.2333170572916,9371.2001953125,.9988556175347333,.9988701909148118,599,44,100.7395508307854,443.4964166666667,0,3.339999973773956,0,0,6.81504588087787,6.713887338045883,5.189710847576363,6.329394025705136,6.606965429824386,4.425245778149467,3.757316615667165,4.484052873897501,4.509947000385501,4.4327078261763,4.529814116658462,4.764649508339087,4.567125563195899,4.050740900831698,6.094689722047696,820.1682208442223,6.709509466589457,183.3042900270906,5.211147558974893,551.6073384233193,6.312836449716292,734.7991041777412,6.599597134202695,85.05244386693447,4.443268052902112,123.211244197968,359.9480060067284,5.885959593260375,2.330993006980369,-.4333119730658028,0
2008m12,902.1749674479166,7.300000190734863,816.7916666666666,173.7750040690104,560.1000162760416,82.91666666666667,37.99166615804037,633,5.800000190734863,99.87755741399114,95.53435617667026,101.6695412344638,97.84714902455508,87.90899658203125,86.69100189208984,92.22799682617188,60.09999847412109,.1599999964237213,41.02000045776367,.0299999993294477,2.420000076293945,52.40500016645952,733.8750203450521,9345.600006103516,.9972005642605632,.9971722702114755,600,43,100.1560372449264,437.86,0,2.390000076964498,0,0,6.804808478466462,6.705384064382478,5.157761382401945,6.328115368274957,6.598338742107125,4.417836087370593,3.637366824043557,4.478449826359187,4.485699459128965,4.4327078261763,4.524004977369844,4.760908154338888,4.46235009399556,3.714059763803758,6.08189922457919,817.792993556176,6.706609240464367,181.8979171719658,5.203445635057013,550.9024723386669,6.311557792286112,732.7316860095003,6.596779585774054,84.74101442225817,4.439599716123436,122.4975678481411,357.4438314912588,5.878978235080488,2.326358652107275,-.7643900625554285,0
2009m1,907.625,7.800000190734863,820.6000162760416,175.8583374023438,559.5,85.25,38.8000005086263,646.5999755859375,5.900000095367432,99.88889693294124,95.8616364754164,101.5910232745519,97.77597421991206,87.88200378417969,87.57599639892578,92.16600036621094,61.20000076293945,.1500000059604645,41.7400016784668,.1299999952316284,2.519999980926514,44.68300018310547,735.3583374023438,9381.600189208984,1.001799033279629,1.001792333441996,601,42,100.1785848201117,440.7640833333334,0,2.389999985694885,0,0,6.81083129770041,6.710035799842404,5.169678769808268,6.32704352775198,6.600357914287547,4.445588116163626,3.658420259738153,4.478563354118383,4.489119390896589,4.431935241843405,4.524230076506958,4.760180481591381,4.472506946682836,3.731459941861483,6.088509773877719,821.5127421288253,6.711147448165097,183.4501724237124,5.211943090695711,550.7376360290605,6.311258536096028,734.0474401019035,6.598573658817361,87.18910824479298,4.468079417663977,122.525145048648,359.7335740009369,5.885363685241901,2.332267943582027,-.7471034122568998,0
2009m2,900.4500325520834,8.300000190734863,818.7083333333334,177.5166625976563,557.3416748046875,83.85000101725261,39.1999994913737,581.5999755859375,5.400000095367432,100.0680198146633,96.79394918309289,101.5475291728001,97.78016510689221,87.95200347900391,90.09700012207031,91.88200378417969,56.29999923706055,.2199999988079071,39.15999984741211,.300000011920929,2.869999885559082,45.57052592227333,734.8583374023438,9354.100006103516,.9973253081259839,.9973195220304574,602,41,100.3792432802516,440.9834166666666,0,2.569999873638153,0,0,6.802894674516867,6.70772789506925,5.179064478299215,6.323178471619358,6.599677742408334,4.429029500401032,3.668676733821256,4.480354969357798,4.498798009685615,4.43150702079041,4.526231080696063,4.760223342807554,4.500886869077431,3.667655813765785,6.089007270809339,818.1518279762793,6.707047928152527,183.3964458479428,5.211650180397632,548.8480904899986,6.307821701016403,732.0819657413357,6.595892482749043,85.75358911041795,4.451477940685209,122.7705638372846,359.1931183529703,5.883860177984418,2.32253970515907,-.8126991555920124,0
2009m3,899.5249837239584,8.699999809265137,814.433349609375,175.5166625976563,556.8999837239584,82.01666768391927,39.19166564941406,621,5.800000190734863,99.95804983454768,96.69275726218358,101.4629649889532,97.49545949977292,88.01499938964844,87.322998046875,91.62899780273438,57.29999923706055,.1800000071525574,47.97999954223633,.2199999988079071,2.819999933242798,44.7954548922452,732.4166463216146,9302.900207519531,.9975593043689579,.9975589037541951,603,40,100.2905149823512,439.6321666666666,0,2.599999934434891,0,0,6.801866828128778,6.702492594871114,5.167733981975453,6.322385661369474,6.596349540998669,4.406922491046876,3.668464113207162,4.479255412771117,4.49775202640341,4.430673919141285,4.525346759067823,4.757307404789963,4.469613865115191,3.87078424787083,6.085938392433618,814.7751491325005,6.702912184541072,181.5199685760751,5.201365667356075,548.8702047930404,6.307861992415644,730.2950298445498,6.593448602967618,84.12357673344808,4.432286869348644,122.6620431630338,358.4092970653833,5.881675621236937,2.32261141535766,-.608471164900287,0
2009m4,906.5,9,814.375,176.6333414713542,556.1750081380209,81.56666564941406,38.3000005086263,706,6.5,100.1008966350518,97.12554163755962,101.5257867303265,97.53649313860446,88.21099853515625,86.96600341796875,91.24800109863281,65.09999847412109,.1500000059604645,49.79000091552734,.1599999964237213,2.930000066757202,38.06380934942337,732.808349609375,9312.899993896484,.9989929799339021,.9989903152138024,604,39,100.4454356886984,440.9148333333333,0,2.770000070333481,0,0,6.809591030194905,6.702420947879109,5.174076066903567,6.32108300756132,6.596884207412605,4.401420669309091,3.64544990946666,4.480683460127167,4.502217911174093,4.431292886870747,4.526890286638118,4.757728193680008,4.46551727697522,3.907814179041867,6.088851735103328,813.5541512370775,6.701412490193018,181.8608560562693,5.203241867513507,547.8164967244594,6.305940370878027,729.5586350787537,6.592439741811259,83.62681805004365,4.426364258720814,122.8515216034641,358.9005879442854,5.883045436336353,2.328907570067739,-.5728692810852998,0
2009m5,920.7000325520834,9.399999618530273,815.9666341145834,177.6416625976563,555.0833333333334,83.24166870117188,38.49166615804037,859,7.800000190734863,100.2052011804517,97.51741392218489,101.5716956349305,97.40083872681109,88.27899932861328,88.15699768066406,90.927001953125,68.69999694824219,.1800000071525574,59.15999984741211,.1800000071525574,3.289999961853027,31.97799997329712,732.7249959309896,9329.699615478516,.9985724287695849,.9985697576585266,605,38,100.5777266650308,441.8338333333334,0,3.10999995470047,0,0,6.825134285649598,6.704373464562645,5.179768389745427,6.319118252625179,6.596770455407263,4.421748048191051,3.650441754434627,4.481724911745116,4.506244492181989,4.431744974261012,4.528206463280461,4.756336418873278,4.479119289478338,4.080245635263358,6.090933868708765,814.2956897468555,6.702323555258604,182.1640417365943,5.204907609347471,546.4941092727415,6.303523528551622,728.5161637936939,6.591009813163574,85.46298963055882,4.448083412409504,123.0133223625072,359.1755956572703,5.883811393299445,2.343409373904482,-.4014792764817576,0
2009m6,909.3583170572916,9.5,821.0333658854166,180.6750081380208,556.5,83.86666870117188,42.39166768391927,664.5,6.099999904632568,100.8004005073116,99.77822377788374,101.7166575404938,97.34808210382016,88.39199829101563,97.04199981689453,91.00700378417969,70.80000305175781,.2099999934434891,69.68000030517578,.1800000071525574,3.720000028610229,29.14045472578569,737.1750081380209,9343.700378417969,.9993756013336192,.9994037551885001,606,37,101.2503542904088,445.5048333333334,0,3.540000021457672,0,0,6.812739204687567,6.710563749169153,5.196699882211362,6.3216671707156,6.602825324160272,4.429228260416981,3.746951826037242,4.48764714536918,4.529163486686177,4.433171144800244,4.534871840193738,4.75579462768844,4.57514387259425,4.243913336923923,6.099208096085083,814.5139917632201,6.702591606241048,181.0765929650355,5.198920107309216,547.1080287694817,6.30464627610281,728.0715344695357,6.590399305003306,86.15133127299768,4.456105415820273,123.8359911745208,359.7539205750675,5.885420243762486,2.325092059318387,-.2437338084452572,0
2009m7,905.4083658854166,9.5,823.8583170572916,181.25,557.5333251953125,85.06666564941406,41.56666564941406,584.9000244140625,5.400000095367432,100.811731376743,99.63719575174632,101.8555916557317,96.85739056849829,88.46800231933594,96.46900177001953,90.62100219726563,66,.1599999964237213,64.08999633789063,.1800000071525574,3.559999942779541,26.16272735595703,738.7833251953125,9387.499816894531,1.001495996181783,1.001498109316566,607,36,101.3195745095156,446.4255833333333,0,3.379999935626984,0,0,6.808386074947481,6.71399856980636,5.199877293734784,6.323522277682842,6.605004677950333,4.443435250844226,3.727298539545084,4.487759548024095,4.527749071993658,4.434536106256015,4.535555260701521,4.750741293477322,4.569221731559936,4.160288288376028,6.101272719759455,817.2246481696211,6.705914024223341,181.9099771250068,5.203511933525157,547.3762570441448,6.30513642161428,729.1614959614033,6.591895238285584,87.82671631986024,4.475365740458636,123.9206521567216,360.2511571426705,5.886801446929075,2.320626526923386,-.3274712596480667,0
2009m8,906.2666829427084,9.600000381469727,833.6749674479166,183.1583251953125,559.7666829427084,90.75833129882813,43.80833435058594,475.7000122070313,4.400000095367432,101.1042321489288,100.4747724516494,102.0814955408638,96.4655106931184,88.5989990234375,99.52799987792969,90.63600158691406,65.69999694824219,.1599999964237213,71.05999755859375,.1700000017881393,3.589999914169312,25.33714285350981,742.9250081380209,9478.399597167969,1.001863010220202,1.001862644041955,608,35,101.6981347249904,449.95575,0,3.419999912381172,0,0,6.809333614763813,6.725843599114658,5.21035094380361,6.327520059309327,6.610595108450273,4.508200273876908,3.779824081257929,4.490656802621351,4.536120201402584,4.436751534363128,4.539284596981117,4.746687139421361,4.600439010385697,4.263524556235911,6.109149244595993,824.5698025972789,6.714861798934382,182.2928489670898,5.205614454185058,548.3527450071798,6.306918775133653,730.5197977790058,6.593756332505928,94.08370996713397,4.544184917547279,124.3836567539016,361.7482889172945,5.890948635486017,2.318676812142462,-.2271322463854402,0
2009m9,910.3916829427084,9.800000190734863,827.316650390625,183.9333292643229,560.433349609375,82.9500020345052,43.74166870117188,597,5.5,101.2674831639282,100.7288446667053,102.1986779968233,96.72174254525216,88.75499725341797,100.1129989624023,90.375,73.5,.1500000059604645,69.45999908447266,.119999997317791,3.400000095367432,24.92666671389625,744.3666788736979,9402.899780273438,1.000451516349886,1.000451092405442,609,34,101.8495182110045,450.7663333333333,0,3.280000098049641,0,0,6.813874927722591,6.718187512175918,5.214573350992874,6.32871032305866,6.612533761371949,4.418238041163339,3.778301164982088,4.49227018075731,4.538645726079922,4.437898806433477,4.540772047332344,4.749339819638002,4.606299537654385,4.240751034135287,6.110949097330047,816.9617971559483,6.705592333859684,182.6024411110117,5.207311336696984,548.3763201191263,6.306961766812637,730.8494845616968,6.594207535076377,85.76148428642742,4.45157000461707,124.5688089360287,361.8613175990313,5.891261037868844,2.321604746965281,-.251519146622023,0
2009m10,911.0416666666666,10,831.3916829427084,184.9000040690104,562.8583170572916,83.63333129882813,45.20000203450521,556.0999755859375,5.099999904632568,101.6518158756206,100.9118607691161,102.6601541953006,97.04579521473536,89.08200073242188,101.0630035400391,90.47200012207031,70.59999847412109,.119999997317791,75.81999969482422,.0700000002980232,3.390000104904175,24.25227286598899,747.7583211263021,9434.300170898438,1.000705034769945,1.000706845256658,610,33,102.24141041011,452.8990833333334,0,3.320000104606152,0,0,6.814588633499075,6.723101023091218,5.219815160399625,6.333027939376887,6.617079825667868,4.426442140377779,3.811097131849362,4.496058220367983,4.540460995990544,4.442404123330203,4.544612420673814,4.752684579811339,4.615744119786648,4.328362106063185,6.115669326566596,817.8817818266863,6.706717805164311,183.2292087964339,5.210737876193114,548.2733992260623,6.306774066234138,731.3654204562508,6.594913226030825,86.17924260785418,4.456429343658172,125.0481194456058,362.1798435204283,5.892140893763924,2.318530413131092,-.1676961143047979,0
2009m11,915.6583658854166,9.899999618530273,832.1416829427084,184.9749959309896,562.3833414713541,84.78333536783855,44.5,605.7000122070313,5.5,101.9057657431835,101.4856731706295,102.8377435897814,97.10357323584581,89.16000366210938,104.2699966430664,90.51999664306641,67.40000152587891,.119999997317791,78.08000183105469,.0500000007450581,3.400000095367432,23.78899993896484,747.3583374023438,9451.7001953125,.9967656644647794,.9967676338148507,611,32,102.5181977162789,451.7538333333333,0,3.350000094622374,0,0,6.819643332098943,6.72400271832162,5.220220658813991,6.332183719629871,6.61654477212376,4.440099006597187,3.795489189172195,4.498553337447806,4.546131163286758,4.444132505377945,4.547315956564418,4.753279771269104,4.646983656606876,4.357733965555845,6.113137414955613,816.5795888721542,6.705124383314889,182.2671024904058,5.205473207311265,546.8647228537948,6.304201464439379,729.0006594445532,6.591674636596114,87.31227136401685,4.469491018419815,125.3866489316917,360.2886249711008,5.886905446262337,2.321089994651137,-.1408193718919613,0
2009m12,920.375,9.899999618530273,837.7166341145834,185.8499959309896,566.7333170572916,85.13333129882813,47.03333536783854,601.2000122070313,5.400000095367432,101.9647208623017,101.5255092758576,102.9488890386108,96.88502742379725,89.23600006103516,103.7350006103516,90.66999816894531,72.5,.119999997317791,74.30000305175781,.0500000007450581,3.589999914169312,21.23954547535289,752.5833129882813,9488.199584960938,1.00607528975614,1.006074993817202,612,31,102.6115492620094,455.6111666666667,0,3.539999913424253,0,0,6.824781195688881,6.730679897850028,5.224939874849205,6.339888852796101,6.623511705429178,4.44421863103246,3.850856613447324,4.499131696010079,4.546523615616323,4.445212706343549,4.548226127356807,4.751026588311285,4.64183957622886,4.308110992797169,6.121639741076589,821.5749791007406,6.711223204281024,183.0574377381468,5.209799971016913,550.4996919828241,6.310826396640006,733.4294418132478,6.597731399109142,87.87047241720383,4.475863825812906,125.5008241488969,363.0344021694389,5.894497601590922,2.325649499678802,-.1910207032129101,0
2010m1,922.808349609375,9.800000190734863,838.00830078125,186.7916666666667,567.375,83.84166463216145,46.89166768391927,624.2000122070313,5.599999904632568,102.1880600833623,101.9303016003847,103.1663411137605,96.76109599616329,89.36799621582031,105.245002746582,90.78700256347656,74.40000152587891,.1099999994039536,78.22000122070313,.0599999986588955,3.730000019073486,20.64315775821083,754.1666666666666,9493.399597167969,.9995298717990045,.999529157711588,613,30,102.8758343963131,456.41025,0,3.670000020414591,0,0,6.827421574383258,6.731028005899909,5.229993913807494,6.34102046077663,6.625613386905972,4.428930075243965,3.847839998344909,4.501319658467639,4.550502787869017,4.44732271204925,4.550798404791279,4.749746609736291,4.656290991592837,4.359525384933391,6.123392076105586,820.0647904438395,6.709383349873346,183.254305867728,5.210874837722509,549.9613477368176,6.309847998914834,733.0843740827967,6.597260803151465,86.64811386126289,4.461855248599405,125.82406263817,362.736856870129,5.893677659185449,2.326101915915619,-.1417942735342486,0
2010m2,923.25,9.800000190734863,841.11669921875,187.2166748046875,570.1416829427084,83.76666768391927,45.92499796549479,591.7999877929688,5.300000190734863,102.185793909476,101.7052974217005,103.2919753797024,96.41861875648078,89.44599914550781,103.6240005493164,90.87699890136719,73.59999847412109,.1299999952316284,76.41999816894531,.1099999994039536,3.690000057220459,22.54000001204641,757.3583577473959,9542.300415039063,1.003861222429558,1.003861757457138,614,29,102.9138121541364,457.73125,0,3.580000057816505,0,0,6.827900053732672,6.734730412794309,5.232266634887931,6.3458848965072,6.62983653342729,4.428035168025319,3.827009586800585,4.501297481718098,4.548292916202838,4.448539754632789,4.551167497783963,4.746200920698285,4.640768968529009,4.336244418058341,6.126282221492311,823.1248856018825,6.713107933517287,184.0776041669013,5.215357430469125,551.9709356383798,6.313495392061864,735.9151720209168,6.601114856680098,86.87810379806845,4.464506030418767,125.8705119895385,363.6524891851106,5.89619871157949,2.326602572014575,-.165053063659756,0
2010m3,928.183349609375,9.899999618530273,846.3333333333334,187.2666625976563,571.4083251953125,87.66666666666667,44.5249989827474,589.5999755859375,5.300000190734863,102.3297737969233,101.7009934796099,103.5323772987518,96.27961674594108,89.57900238037109,103.4369964599609,91.12300109863281,73.59999847412109,.1599999964237213,81.23999786376953,.1500000059604645,3.730000019073486,17.76739128776219,758.6749877929688,9621.700012207031,.9999968417632289,.9999970243933058,615,28,103.0930389046732,457.94675,0,3.580000013113022,0,0,6.833229288280931,6.740913293036569,5.232533604273605,6.348104059510821,6.631573474610629,4.473541743509655,3.796050806328951,4.502705491023683,4.548250597530468,4.450864452128045,4.552907505893741,4.744758229390949,4.638962697498733,4.39740771041688,6.12675291097918,827.0645990216969,6.717882804453962,184.1345459768803,5.215666718527168,551.9126867399785,6.313389857570231,735.9129150266792,6.601111789753658,91.05423310730252,4.511455297210437,126.089718356304,363.1911911373577,5.89492939295658,2.330523797257248,-.1052977806068025,0
2010m4,936.7250162760416,9.899999618530273,848.5249837239584,188.0833333333333,573.2749837239584,87.16666666666667,44.45833333333334,670.4000244140625,6,102.3853210056934,101.6267094103969,103.7002982650195,95.91117645033277,89.625,103.4499969482422,91.22699737548828,72.19999694824219,.2000000029802322,84.48000335693359,.1599999964237213,3.849999904632568,17.42428566160656,761.3583170572916,9648.7998046875,1.002492984963836,1.002494493422396,616,27,103.2003101702272,459.2778333333333,0,3.689999908208847,0,0,6.842389766676059,6.743499528818239,5.236885127029535,6.351365503385718,6.635104097318874,4.467821994836868,3.794552420953808,4.503248169229087,4.54751991428896,4.452485055660404,4.553947493617083,4.740924114958791,4.639088374691718,4.43651485969438,6.129655328319368,828.7564812897097,6.719926362030227,185.0727376931989,5.220748924524607,552.8190307214743,6.315030697912769,737.7480899053925,6.603602424738562,90.88269990286855,4.509569662969809,126.2209183267883,363.8682394500209,5.896791822573426,2.339141597446972,-.0667333095347065,0
2010m5,944.0333658854166,9.600000381469727,850.8999837239584,186.7750040690104,577.3249918619791,86.80832926432292,45.29166666666666,730.5,6.400000095367432,102.4181978260819,101.329573133545,103.8899708905655,95.64907991184572,89.7239990234375,102.1539993286133,91.25,73.59999847412109,.2000000029802322,73.83999633789063,.1599999964237213,3.420000076293945,31.92950000762939,764.0999959309896,9667.2998046875,1.0029441888796,1.002935998676769,617,26,103.2683196814213,460.2510833333333,0,3.260000079870224,0,0,6.850161510738475,6.74629459372748,5.229904705647491,6.358405352073876,6.638698665328288,4.463702576328902,3.813123056773264,4.503569226414612,4.544591830610809,4.454312431086995,4.55460628147946,4.738187673621584,4.626481472025505,4.301900540599398,6.131772173903645,830.8093696091845,6.722400369753944,184.3242779902512,5.216696586820714,555.7081082158697,6.320243171174335,739.9171384682231,6.606538204885601,90.75709807593465,4.508186685799049,126.3040985318063,364.399167313982,5.898249880295327,2.346592284323863,-.2016686858152141,0
2010m6,943.941650390625,9.399999618530273,852.6083170572916,186.9749959309896,578.625,87.00833129882813,45.13333129882813,707.2999877929688,6.199999809265137,102.3751232232051,101.0238207588819,103.9805720815425,95.32502085381527,89.76699829101563,100.7030029296875,91.16400146484375,76,.1800000071525574,75.34999847412109,.119999997317791,3.200000047683716,29.91636371612549,765.5999959309896,9689.699829101563,1.002041906052594,1.002043861573498,618,25,103.2600967042683,461.9341666666667,0,3.080000050365925,0,0,6.85006435320824,6.748300259218191,5.230974896315407,6.360654599351435,6.640659834823945,4.466003876125186,3.809621026732401,4.503148562270964,4.541569863927014,4.455184138981907,4.554526651012124,4.73479392161268,4.612175619832897,4.322143904821955,6.135422384535667,832.8276345009891,6.724826699388303,185.0801073711627,5.220788744172425,556.4741455223354,6.321620710556981,741.4287032130421,6.608579004848592,91.27543903951396,4.513881737604238,126.2940412778511,365.7608561677081,5.901979721394684,2.346915790937276,-.1810046574490096,0
2010m7,945.49169921875,9.399999618530273,855.6749674479166,187.1833292643229,581.2083333333334,87.29166666666667,45.89166768391927,690.4000244140625,6.099999904632568,102.4624141654205,101.3618691264846,104.0687584696675,94.90383032376327,89.76899719238281,102.2490005493164,91.20700073242188,67.80000305175781,.1800000071525574,76.37000274658203,.1599999964237213,3.009999990463257,25.56523786272322,768.3916625976563,9717.399597167969,1.002184995593622,1.002187683539386,619,24,103.4105314701898,464.02425,0,2.849999994039536,0,0,6.851705108809577,6.751890593107963,5.232088507002833,6.365109269744289,6.644299580494121,4.469255002008293,3.826283568646826,4.504000856714769,4.544910502113194,4.456031884015959,4.55598244367912,4.730365663588502,4.627411020296327,4.33558998486444,6.13993681379163,835.1110740631896,6.72756473883427,184.6683875084682,5.21856171667367,558.4849304248552,6.325227635915784,743.0497181219506,6.610762957851771,91.97907647022487,4.521561121511522,126.4780331115148,366.8812983444113,5.905038357983651,2.347704252094808,-.1684108718503285,0
2010m8,949.5916341145834,9.5,858.9249674479166,188.5166625976563,582.6000162760416,87.80832926432292,46.20000203450521,703.4000244140625,6.199999809265137,102.6029947920383,101.6084012292519,104.1847335242011,94.97500512840628,89.85500335693359,103.1969985961914,91.25399780273438,68.90000152587891,.1899999976158142,76.81999969482422,.1599999964237213,2.700000047683716,24.74590899727561,771.1166788736979,9752.699584960938,1.002107937009181,1.00210711238781,620,23,103.5590123373862,466.54875,0,2.540000051259995,0,0,6.856032033352042,6.755681569447267,5.239186398724926,6.36750087246224,6.647839696579958,4.475156362477796,3.832979842124602,4.505371937769884,4.547339746786043,4.457145671500744,4.557417252781345,4.731115350174762,4.636639769254295,4.341465018945151,6.145362516435203,837.1344025472506,6.729984634118458,185.5325547070851,5.223230363722915,559.1990271210987,6.32650545114895,744.6157137550399,6.612868264835384,92.45414532550537,4.526712795394766,126.6596351956614,368.3484081406712,5.909029251524998,2.350660095582158,-.1639069188247335,0
2010m9,950.4166666666666,9.5,860.5916341145834,189.9749959309896,582.6083170572916,88.00833129882813,46.16666666666666,696.4000244140625,6.099999904632568,102.7050331635519,101.9486015678998,104.2415182584442,94.87703675669812,89.90599822998047,103.7710037231445,91.48999786376953,68.19999694824219,.1899999976158142,75.30999755859375,.1500000059604645,2.650000095367432,22.51761899675642,772.5833129882813,9773.099609375,1.000670813707103,1.00066827801542,621,22,103.686554672162,467.6409166666667,0,2.500000089406967,0,0,6.856900484930488,6.757620099365597,5.246892463137186,6.367515120182605,6.649739851485186,4.47743148384724,3.832258036959284,4.506365940595114,4.550682305879756,4.457690561937168,4.558648085871943,4.730083300380289,4.642186584145763,4.321612895695171,6.147700729334,837.9254722055736,6.730929161211558,186.3438958546797,5.227593869041462,558.9023709467095,6.325974808432891,745.1142681238169,6.613537586650014,92.76041316985474,4.530019966558682,126.8156280467913,368.7565356646111,5.910136631333198,2.350534544335374,-.184753044899943,0
2010m10,953.6499837239584,9.399999618530273,865.5333658854166,191.4916585286458,584.1083170572916,89.93332926432292,47.3500010172526,673.7999877929688,5.900000095367432,103.0326682804939,102.7840262967576,104.4782979732154,94.73217644835233,90.04299926757813,107.2969970703125,91.53099822998047,67.69999694824219,.1899999976158142,81.90000152587891,.1299999952316284,2.539999961853027,20.3733332497733,775.5999755859375,9818.200378417969,1.000176065257945,1.000176625355564,622,21,104.0730609330637,469.62125,0,2.409999966621399,0,0,6.860296710755334,6.76334592486732,5.254844249074848,6.370086440043146,6.65363689189085,4.499068609860803,3.857566841115775,4.50955092216734,4.558843480525005,4.45995943913935,4.562368796517898,4.728555312007978,4.675600662947848,4.405499009490024,6.151926518767762,840.0572171237066,6.733470005141056,186.3048816318714,5.227384480333875,559.0714324299546,6.326277251091248,745.2456655279672,6.613713916409724,94.93430071603419,4.553185080944557,127.2883511918051,368.9428338123013,5.910641710121005,2.350745788587994,-.1040519126773161,0
2010m11,956.50830078125,9.800000190734863,869.4666341145834,193.6166585286458,586.058349609375,89.79166666666667,48.5,660.9000244140625,5.800000190734863,103.2378694609455,103.3201627777182,104.6148080687964,94.70035509462046,90.16000366210938,108.7180023193359,91.697998046875,71.59999847412109,.1899999976158142,84.13999938964844,.1400000005960464,2.759999990463257,20.09571438743955,779.6750081380209,9851.599609375,1.002975441468042,1.002972670010455,623,20,104.3096421684931,472.8525833333333,0,2.61999998986721,0,0,6.863289467129374,6.767879959411798,5.265880217259761,6.373419357332224,6.658877176625004,4.497492172189903,3.881563797943437,4.511540554330921,4.564046069493867,4.461265174345645,4.564639439268525,4.728219346967845,4.688757395127864,4.432482070908375,6.158783676771824,842.1973822730806,6.736014407521953,187.3948446492389,5.233217859549925,560.2059215402596,6.328304433174033,747.4620676759673,6.616683558393251,94.81661032522081,4.551944608313789,127.5777059499984,370.638882250053,5.91522822537444,2.351748912798453,-.0790584834225463,0
2010m12,964.4166666666666,9.300000190734863,872.5833333333334,194.9833374023438,587.7083333333334,89.89166259765625,51.79999796549479,718.5,6.199999809265137,103.4714151140132,104.2664715108192,104.6945426469391,94.43240025832729,90.17900085449219,112.536003112793,91.80999755859375,74.5,.1800000071525574,89.04000091552734,.1400000005960464,3.289999961853027,17.56954552910545,782.6916707356771,9849.400024414063,1.001018872059509,1.001025331449976,624,19,104.6063112577184,475.7451666666666,0,3.149999961256981,0,0,6.871523428060077,6.771458160499462,5.272914105694005,6.376230793088151,6.662738839046844,4.498605196327668,3.947390109989274,4.513800208539703,4.573163374097931,4.462027057001407,4.567479521931173,4.72538583444303,4.723273198115814,4.489085717249492,6.164882346727209,843.3085914325713,6.737332954400835,187.0048296226379,5.231134443380105,561.3552707472625,6.330353986274198,748.2260499630479,6.617705138152444,95.19154691795454,4.555891144976369,127.9405521935748,371.8486113354126,5.918486812667179,2.357723219520374,-.0247144912902106,0
2011m1,971.8583170572916,9.100000381469727,876.191650390625,197.1166585286458,588.6499837239584,90.41666666666667,50.60833231608073,768,6.599999904632568,103.7820539268079,104.9640961701076,104.8987040895977,94.61662040613145,90.37200164794922,113.7900009155273,92.43699645996094,74.19999694824219,.1700000017881393,89.41999816894531,.1500000059604645,3.390000104904175,17.31549987792969,785.7666422526041,9906.999816894531,1.000795153522535,1.000791114273715,625,18,104.9340527554084,477.8421666666667,0,3.24000009894371,0,0,6.879210029491435,6.775584845992491,5.283795728743715,6.377831751874428,6.66665985553942,4.504428616186559,3.924116233015033,4.516797881358886,4.579831876241157,4.46397522575598,4.570607718892138,4.727334749126285,4.73435465241468,4.49334435032882,6.169280482706979,844.2612351925094,6.738461967074681,187.7943656173568,5.235347564286589,561.1603964346134,6.330006776305902,748.8194934052093,6.618497957684054,95.5610824806076,4.559765650152006,128.341402081952,372.321136371521,5.919756751685983,2.362412148132549,-.0234535310300661,0
2011m2,977.3500162760416,9,878.38330078125,197.7916666666667,590.2833251953125,90.31667073567708,49.7250010172526,808.7999877929688,6.900000095367432,104.0711467886456,105.5949686588416,105.1028655322562,94.73468714741209,90.52999877929688,115.3740005493164,93.02799987792969,77.5,.1599999964237213,89.58000183105469,.1299999952316284,3.579999923706055,17.4299999036287,788.0749918619791,9943.899597167969,.9999720002257952,.9999745873114935,626,17,105.2451286162394,479.1240833333333,0,3.449999928474426,0,0,6.884844844052268,6.778083059624248,5.287214288203373,6.380602633830233,6.669593252667292,4.50332205839672,3.906507845197604,4.519579585439038,4.585824250656907,4.46591960652749,4.57356782260882,4.728581814785427,4.748179030157686,4.495132101219594,6.171959610489044,844.0219291184782,6.738178476626286,187.3116391612333,5.232773749330496,561.6243878851751,6.330833277490198,748.7994952579484,6.618471251095245,95.33643215091813,4.557412026703025,128.7218687758856,372.2165377877818,5.919475775751366,2.36526525861323,-.0244474842194435,0
2011m3,978.691650390625,9,884.9750162760416,200.3666585286458,593.3583170572916,91.25,52.3999989827474,744.4000244140625,6.300000190734863,104.4894894076697,106.8696336762113,105.3396452470274,94.54963009992136,90.66699981689453,119.5449981689453,93.83200073242188,67.5,.1400000005960464,102.9400024414063,.1000000014901161,3.410000085830688,20.72347815140434,793.7249755859375,9990.900207519531,1.002440759928176,1.002444459332444,627,16,105.7413826301695,483.508,0,3.310000084340572,0,0,6.886216629068749,6.785559414412887,5.300148980761364,6.38579846113146,6.676737022889054,4.513602992462601,3.958906571913779,4.523591302968447,4.597823240575504,4.468169910554113,4.578271961523945,4.726626479983863,4.783692854208031,4.634146317941397,6.181067860775079,846.9512304948472,6.741643113885515,187.4869891813305,5.233709451969893,563.281104341896,6.3337788007648,750.6285201149589,6.620910882401882,96.51016075215286,4.569648295570469,129.3288208020791,373.8594359720839,5.923879887122276,2.362625326100302,.1105550149729497,0
2011m4,981.183349609375,9.100000381469727,887.6749674479166,202.5333251953125,594.2333170572916,90.90833536783855,53.14166768391927,738.9000244140625,6.300000190734863,104.9327685889616,108.0291107472473,105.5800563828816,94.77236679895006,90.875,123.556999206543,94.1719970703125,69.80000305175781,.1000000014901161,110.0400009155273,.0599999986588955,3.460000038146973,16.24400000572205,796.7666422526041,10014.39959716797,.9993899145392068,.9993886748432845,628,15,106.2114625078958,485.7639166666667,0,3.400000039488077,0,0,6.888759342824713,6.788605648338957,5.310904441872364,6.387272031899721,6.680561840751224,4.509851695195454,3.972961322675504,4.527824662378713,4.608614260555708,4.470449557624635,4.582707671251506,4.728979474410753,4.816702581631666,4.700843944376325,6.185722737701328,845.9463896593455,6.74045598840132,187.4803224745357,5.233673893100688,562.8272397415001,6.33297272446254,750.1701072926779,6.62029999053649,95.92282902535433,4.563544003876433,129.9037600997971,373.9413826770556,5.924099054320964,2.360934680446,.173019281997612,0
2011m5,982.933349609375,9,889.3500162760416,202.0916748046875,597.1583251953125,90.09999593098958,53.83333333333334,741,6.300000190734863,105.2513390103584,108.6190711452305,105.8482377515347,94.86447687285214,91.09100341796875,124.8659973144531,94.60399627685547,74.30000305175781,.0900000035762787,101.3300018310547,.0399999991059303,3.170000076293945,16.91142858777727,799.25,10026.2001953125,.9998347477333364,.9998402543281945,629,14,106.5598176522211,486.9210833333333,0,3.130000077188015,0,0,6.890541314806091,6.790490877122539,5.308721430115716,6.392182279565127,6.683673787939951,4.500920119453244,3.985892853994601,4.530856011123227,4.614060526950412,4.472986413096865,4.585982130617647,4.72995091096667,4.827241140791898,4.618382535530439,6.188102063408166,844.9773890178399,6.739309868440388,186.0554253262562,5.226044614949337,564.1646359735021,6.335346116655716,750.0482054206485,6.620137478359076,94.97759214099874,4.553640991578305,130.329821864031,373.6068049270587,5.923203920661662,2.359685303682864,.0875265244072123,0
2011m6,986.7250162760416,9.100000381469727,891.2333170572916,203.2666625976563,598.25,89.71666463216145,53.16666666666666,767.9000244140625,6.5,105.22980170892,108.1873627553772,105.9400555607426,94.97835911569985,91.19100189208984,122.1719970703125,94.80400085449219,71.5,.0900000035762787,96.29000091552734,.0399999991059303,3,19.15318202972412,801.5166625976563,10056.7998046875,1.00319397789725,1.003202092529165,630,13,106.5213608461221,488.2435,0,2.96000000089407,0,0,6.894391395019016,6.792606252964017,5.314518725867955,6.394008726788483,6.686505761100708,4.496656533661852,3.973431633556789,4.530651362845097,4.610078090150417,4.473853484770416,4.585621171411511,4.731150663971991,4.805429863933035,4.567364480760213,6.190814256816149,846.9400327509545,6.741629892559995,187.8839241670612,5.23582434750157,564.70614144334,6.336305492205521,752.4468859870329,6.623330410725969,94.46011224817144,4.548177652781593,130.2827866044108,374.7567216861096,5.926277073275779,2.363740032173919,.0367131179151166,0
2011m7,992.1749674479166,9,894.2999674479166,202.5416666666667,601.2833251953125,90.47499593098958,54.29166666666666,796.9000244140625,6.699999809265137,105.4089245906421,108.438207013865,106.1333411737619,94.93397787812198,91.32599639892578,122.4550018310547,95.17299652099609,63.70000076293945,.0700000002980232,97.19000244140625,.0399999991059303,3,19.22749991416931,803.8249918619791,10080.099609375,1.000928348367814,1.000929198947869,631,12,106.7290101258319,488.9489166666667,0,2.96000000089407,0,0,6.899899470207741,6.796041252952623,5.31094562669751,6.399066246404248,6.68938157367156,4.50507352447594,3.994370746776899,4.532352122511148,4.612394015928452,4.475676303374863,4.587568641367992,4.730683277396812,4.807743630510469,4.576667850635311,6.192258019123693,848.4101046670866,6.743364132882551,186.78072262922,5.22993532255309,566.5357545004533,6.339540193216839,753.1457388335948,6.624258753340341,95.30307056883582,4.557062030170859,130.5367556354306,374.5680013928238,5.925773365626843,2.367547347696592,.0443157281241628,0
2011m8,994.0499674479166,9,895.8583170572916,202.8166707356771,602.6000162760416,90.43332926432292,53.45833333333334,798.9000244140625,6.699999809265137,105.6572090234892,108.8849874146655,106.3761671124682,94.82260633433401,91.50800323486328,122.8339996337891,95.72599792480469,55.79999923706055,.1000000014901161,86.33000183105469,.0199999995529652,2.299999952316284,35.02913035517154,805.4166870117188,10108.7998046875,.9992326634306188,.9992335771459362,632,11,107.0224230451822,489.0045,0,2.279999952763319,0,0,6.901787474455418,6.797782272187063,5.312302471177205,6.401253653705894,6.691359767114712,4.504612886002189,3.978902534267691,4.534704793146822,4.616505689617117,4.477961622712789,4.590314008725639,4.72950944137907,4.810833847373617,4.458177183457377,6.192371691886517,847.8913321079003,6.742752481481316,186.2668817357645,5.227180493344119,566.4802865466395,6.33944228118056,752.5681666464346,6.623491579425846,95.371064728452,4.55777522771485,130.8956193643113,373.5835487656718,5.92314167103202,2.367082681308596,-.0765276096894443,0
2011m9,994.0499674479166,9,898.6000162760416,203.8916625976563,602.933349609375,91.77500406901042,53.73333231608073,761.9000244140625,6.400000095367432,105.8057299082277,109.3543717250717,106.5162994123273,94.40476340302834,91.56999969482422,123.6669998168945,96.25299835205078,59.5,.0799999982118607,85.61000061035156,.0099999997764826,1.980000019073486,36.52999977838425,806.8250122070313,10138.40020751953,.9996780955711834,.9996771115290485,633,10,107.2441340711041,490.6739166666667,0,1.970000019297004,0,0,6.901787474455418,6.800838014748726,5.31758878708112,6.401806659290412,6.693106807343478,4.519339973719704,3.984033522472918,4.536109492333454,4.620807251315472,4.479278083763618,4.592383497385318,4.725093128759886,4.817592467872849,4.449802105883837,6.195779786326768,849.2923937630376,6.744403524856348,186.4503991758657,5.22816524754968,566.0479691238659,6.338678825714248,752.3255413411209,6.623169130994933,97.21437855546434,4.576918628051549,131.1667868564329,374.0839647186967,5.924480276812592,2.365677982121964,-.0863073864496169,0
2011m10,994.86669921875,8.800000190734863,900.24169921875,203.9083251953125,603.4666748046875,92.86666870117188,53.6000010172526,750.4000244140625,6.300000190734863,105.807996082114,109.3005478080491,106.5332122490967,94.43156335864072,91.61399841308594,122.6940002441406,96.36299896240234,60.79999923706055,.0700000002980232,86.41000366210938,.0199999995529652,2.150000095367432,32.82904770260765,807.375,10159.70037841797,1.000687399497469,1.000687380878636,634,9,107.2435209544458,491.3875,0,2.130000095814466,0,0,6.902608757549304,6.802663281957456,5.317670506542445,6.40269081913667,6.693788244352636,4.531164794585404,3.981549087055349,4.536130910357032,4.620314932933386,4.479436852837276,4.59237778035085,4.725376971982764,4.809693452755566,4.459103452233927,6.197233022238102,850.8257717309972,6.746207374041499,186.5574594863067,5.228739285393091,566.4587240584256,6.339404216486847,752.84268253646,6.623856285038559,98.34282669712293,4.588459605694371,131.166036973535,374.6301339417198,5.925939229758393,2.366477847192272,-.0770274581231041,0
2011m11,996.2000325520834,8.600000381469727,900.566650390625,204.5583292643229,603.683349609375,92.3250020345052,52.88333129882813,764.7000122070313,6.400000095367432,106.0245281319972,109.6784240672499,106.7518717256725,94.33358859838532,91.80799865722656,123.2779998779297,96.28800201416016,63.70000076293945,.0799999982118607,97.20999908447266,.0099999997764826,2.009999990463257,31.94190470377604,808.2416788736979,10172.19982910156,.9986693828688352,.9986690068543226,635,8,107.5017056238116,491.9338333333333,0,1.999999990686774,0,0,6.903948073315435,6.803024176747257,5.320853163489287,6.403049804851174,6.694861121314313,4.525314982774968,3.968088190889517,4.538175281268457,4.62376619248625,4.481487249884336,4.594782348758545,4.724338912065058,4.814441966658391,4.576873577414941,6.198344222353526,849.3946318435371,6.744523897919875,186.5073563957273,5.228470682787068,565.5014191795166,6.337712805154293,751.8407956261043,6.622524593592539,97.87076205440307,4.583647853801642,131.4818141840057,374.1459124110377,5.924645861466122,2.365772792046978,.0386982961464835,0
2011m12,1005.791666666667,8.5,901.4833170572916,203.7333374023438,604.8416748046875,92.90833536783855,51.83333333333334,873.5999755859375,7.199999809265137,106.0857494250016,109.3576078952697,106.963286793692,94.25152770926948,91.95999908447266,121.1389999389648,96.48200225830078,69.90000152587891,.0700000002980232,98.56999969482422,.0099999997764826,1.980000019073486,25.04761904761905,808.5750122070313,10195.7998046875,.9996737593614305,.9996727866983336,636,7,107.5811909277171,491.6774166666667,0,1.970000019297004,0,0,6.913530238424825,6.804041536712062,5.316811969156438,6.404966729245144,6.69527345419026,4.531613365883509,3.948033442951179,4.538752540375461,4.620836844300764,4.483465725706521,4.595521461991614,4.723468632417312,4.796938646103213,4.590766952581316,6.197822844273568,849.7685334207912,6.744963998777677,186.300104147721,5.227358836639706,565.466612830709,6.337651253726077,751.5951489608493,6.622197813235418,98.57488533705875,4.590816516557929,131.5790300551197,373.6746018424808,5.923385370153095,2.374777698049363,.052014412205855,0
2012m1,1014.63330078125,8.300000190734863,908.066650390625,205.8333333333333,608.0333251953125,94.2000020345052,50.78333536783854,901,7.400000095367432,106.448536185737,109.9486442787755,107.2955065219493,94.35703456670413,92.23500061035156,122.2350006103516,96.88099670410156,75,.0799999982118607,100.2399978637695,.0299999993294477,1.970000028610229,20.22799987792969,813.8666585286459,10287.39978027344,1.002848795360443,1.002847624508946,637,6,107.9777031727041,494.8206666666667,0,1.940000029280782,0,0,6.922282546180067,6.811317779421292,5.327066779834023,6.41022969164059,6.701796542422822,4.545420203180037,3.927568256826067,4.542166456507102,4.626226912377586,4.486566835251285,4.599200388754139,4.724587424344536,4.805945426433556,4.607567289276655,6.204195407363683,853.056963419565,6.748826325355265,187.2086142430656,5.232223579240468,566.6903907769221,6.339813106576759,753.7358497308593,6.625041974705455,99.83357623210603,4.603504561927233,132.0639911914527,374.6825021737584,5.926079006480685,2.380116089672964,.0654008327695523,0
2012m2,1021.766682942708,8.300000190734863,915.6000162760416,208.4416707356771,611.6666666666666,95.49166870117188,52.94166564941406,892.0999755859375,7.300000190734863,106.6866141865772,110.540764861434,107.4779255221343,94.24315232385642,92.36399841308594,124.5630035400391,96.80999755859375,75.30000305175781,.1000000014901161,102.25,.0900000035762787,1.970000028610229,18.4204999923706,820.1083374023438,10351.90020751953,1.005023752976171,1.005021683768403,638,5,108.2620324520412,499.753,0,1.880000025033951,0,0,6.929288450123869,6.819579605854779,5.339659245436242,6.416187471820561,6.709436450314727,4.55903900494998,3.969190659269894,4.544400514093992,4.63159789149532,4.488265546700973,4.601830150045473,4.723379766403511,4.824811640433796,4.627420794922911,6.214113976363993,858.2145222781267,6.754854094201862,188.5654319444638,5.239445065724953,569.1091111920451,6.344072175307042,757.5216526307524,6.630052121306027,101.3247820627063,4.618331021638201,132.4117450178309,377.423467935342,5.933367814189661,2.384887936029878,.0830202808289195,0
2012m3,1026.61669921875,8.199999809265137,916.1583658854166,208.375,612.9499918619791,94.83333333333333,51.49166870117188,935.9000244140625,7.599999904632568,106.8906822800858,111.0359892516439,107.6603353055145,94.0271172108676,92.52100372314453,125.1660003662109,97.00900268554688,76.19999694824219,.1299999952316284,106.1900024414063,.0799999982118607,2.170000076293945,16.16727287119085,821.3249918619791,10376.00036621094,.9990812597318757,.9990839850665455,639,4,108.5221981451002,498.9845833333333,0,2.090000078082085,0,0,6.934023916522981,6.820189238251829,5.339339341070958,6.418283353264193,6.710918879921527,4.552120964898275,3.941420021790282,4.546311467729842,4.636067902050187,4.489961291812875,4.60423037830235,4.721084818737688,4.829640859216006,4.665229965406678,6.212575200150674,857.0984358438333,6.753552772963063,187.6643792741415,5.234655150804803,569.3368779899973,6.344472311638771,756.8267192338121,6.629134322655949,100.8574293739727,4.61370792925232,132.7299451534786,375.9397193725549,5.929428809719465,2.387712448793139,.1189184976768365,0
2012m4,1031.908365885417,8.199999809265137,918.2083333333334,208.3916625976563,615.0416666666666,94.78333536783855,53.43333435058594,975.7000122070313,7.900000095367432,107.0312629067036,111.1285732883719,107.8838336045993,93.78511904195301,92.66100311279297,125.0289993286133,97.06400299072266,76.40000152587891,.1400000005960464,103.3300018310547,.0799999982118607,2.049999952316284,17.82299990653992,823.4333292643229,10377.29998779297,1.000804758246603,1.000804268283775,640,3,108.7133128165421,501.1030833333334,0,1.969999954104424,0,0,6.93916514935251,6.822424307501811,5.339419302349825,6.421690016189051,6.713482586126911,4.551593606549498,3.978434789985188,4.547625784937756,4.63690137468893,4.492035097662639,4.605989894689904,4.718507794922097,4.828545705024615,4.637927767946719,6.21681183507653,857.8879744077316,6.754473525005131,187.523025295117,5.233901639444927,570.0962286164499,6.345805168713865,757.4355963688624,6.629938512473778,101.0643653663637,4.615757594719133,132.9636912468316,376.8721209785713,5.931905928257767,2.391539364414754,.0903019830089633,0
2012m5,1030.424967447917,8.199999809265137,917.2333170572916,207.2166748046875,615.566650390625,94.4500020345052,52.6000010172526,972.5999755859375,7.900000095367432,106.9110951440997,110.200564522786,108.0179288973282,93.73404260688247,92.75499725341797,120.8949966430664,96.98300170898438,79.30000305175781,.1599999964237213,94.69999694824219,.0900000035762787,1.799999952316284,21.00181813673539,822.7833251953125,10375.59979248047,1.000396073728256,1.000401746062289,641,2,108.5841810984246,499.96025,0,1.709999948740005,0,0,6.937726585887192,6.821361875070306,5.33376498400384,6.422543226342971,6.712692891646504,4.548070615488071,3.962716139083067,4.546502419033632,4.628515545212941,4.493277285854322,4.604801369861643,4.717963035273168,4.794922372505225,4.550713967966501,6.214528595261899,857.9402500937833,6.75453445847775,188.0359467322344,5.236633150574931,569.8745168274105,6.345416190676103,757.7377449202406,6.630337342821632,100.7638200676199,4.612779363306635,132.8057544730077,376.459779159355,5.930811213271397,2.39122416685356,.0042115489328687,0
2012m6,1028.716634114583,8.199999809265137,915.816650390625,205.0999959309896,616.566650390625,94.15833536783855,50.82500203450521,973.9000244140625,7.900000095367432,106.8566723727541,109.5395480121578,108.2063849046434,93.44598940101683,92.84999847412109,117.6579971313477,97.15399932861328,73.19999694824219,.1599999964237213,82.41000366210938,.0900000035762787,1.620000004768372,21.13095229012626,821.6666463216146,10379.89978027344,.9988479498402557,.9988419348550482,642,1,108.5622066062447,497.8364166666667,0,1.530000001192093,0,0,6.936067318040841,6.819816181309766,5.323497645239181,6.424166427694532,6.711334773047968,4.544977784034478,3.928388399544025,4.545993242433684,4.622499178907453,4.495020439079983,4.6045989765132,4.714885213027179,4.767782086780357,4.411706833212973,6.210271542474064,857.051441014306,6.753497941317157,187.2383076733396,5.232382178115761,569.8061634107569,6.345296238802002,756.8625141360668,6.62918161757154,100.7623076938752,4.61276435409903,132.7788781915495,374.9364533329448,5.926756553832005,2.390074075607157,-.134286409220711,0
2012m7,1021.424967447917,8.199999809265137,918.066650390625,205.0250040690104,618.4833170572916,94.55832926432292,51.15833536783854,860.9000244140625,7,106.895223277377,109.3931318447772,108.3368579930942,93.30615049079056,92.94599914550781,116.5210037231445,97.16600036621094,72.30000305175781,.1599999964237213,87.93000030517578,.1000000014901161,1.529999971389771,17.56523818061465,823.5083211263021,10402.89978027344,1.001669283858676,1.0016688420756,643,0,108.6242360814987,499.3564166666667,0,1.429999969899654,0,0,6.928953958253846,6.82226999189631,5.323131942768885,6.427270218238834,6.713573654152317,4.549216884977194,3.934925438414243,4.546353949457344,4.621161633600787,4.496225492652598,4.605170185988092,4.713387624443264,4.758071546224614,4.476541046861578,6.213320102644966,858.8472171561683,6.755591044880042,187.4203623312747,5.233354020952131,570.8891032234993,6.347194975773689,758.1257653296082,6.630849289200998,101.3420109681365,4.618501043625661,132.8547444105267,375.8664539097186,5.929233904528016,2.382600008796502,-.0698129025957659,0
2012m8,1021.841634114583,8.100000381469727,921.3333333333334,208.2083333333333,618.2583414713541,94.86666870117188,53.5,823.7000122070313,6.699999809265137,107.2546107772829,110.5849049087527,108.5168621904271,93.12444104204616,93.00499725341797,122.3769989013672,97.19999694824219,74.30000305175781,.1299999952316284,94.16000366210938,.1000000014901161,1.679999947547913,15.68956511953603,826.4666748046875,10414,.9996336390756566,.9996222828119787,644,-1,109.0550281953005,501.6119166666667,0,1.579999946057796,0,0,6.929361801921553,6.825821896219451,5.33853918099626,6.426906398379015,6.717159595582699,4.552472418433586,3.979681653901961,4.549710364267404,4.631997121923438,4.497885636998038,4.609128235714487,4.711438271552288,4.807106434947035,4.544995501844431,6.217826746346452,859.0151291924471,6.755786534393122,188.2791629699668,5.237925770856854,569.7348126288656,6.345171011568432,757.8437129231814,6.630477180904983,101.870859722357,4.623705929973029,133.3816321313321,376.0727085516262,5.929782498503106,2.379651437654149,-.0047148624229729,0
2012m9,1032.191650390625,7.800000190734863,925.441650390625,209.3000081380208,620.1499837239584,95.99166870117188,53.84166463216146,895.2000122070313,7.199999809265137,107.5811128072817,111.7045458745606,108.6775295313338,92.91929201353017,93.11900329589844,126.6790008544922,97.16300201416016,78.30000305175781,.1400000005960464,94.72000122070313,.1099999994039536,1.720000028610229,15.28473683407432,829.4499918619791,10459.19982910156,.9999516433590768,.9999620465319604,645,-2,109.453410278759,503.8045833333333,0,1.610000029206276,0,0,6.939439636542813,6.830271083446481,5.34376866833404,6.429961358016008,6.720762820726939,4.564261403339063,3.986047602989302,4.552749917242367,4.642070928219001,4.499365116914066,4.612774616857943,4.709232885664835,4.841656334478712,4.550925184023186,6.222188461402601,860.2268802038137,6.75719616864519,187.3692843020513,5.233081451899071,570.6331257237104,6.346746491289396,757.8110081262092,6.630434024905766,103.3065003198629,4.637700300765959,133.86888020584,376.3418223553309,5.930497832415799,2.386689719300446,-.0018247332191805,0
2012m10,1042.299967447917,7.800000190734863,928.11669921875,210.3666585286458,622.6583251953125,95.09999593098958,55.125,980.7000122070313,7.800000190734863,107.8996918781971,112.2439103120892,108.9964586270998,92.83555093649395,93.34500122070313,128.1660003662109,97.41400146484375,82.59999847412109,.1599999964237213,89.56999969482422,.1000000014901161,1.75,16.27619057609921,833.0249837239584,10475.900390625,1.000894498307303,1.000894797543198,646,-3,109.8269062970605,505.7356666666666,0,1.649999998509884,0,0,6.949185057514264,6.833157478348377,5.348852001237148,6.433997933663675,6.725063634182814,4.554928926764694,4.00960333376701,4.555706833089244,4.646887799829414,4.502295456241071,4.616181182347504,4.708331255522876,4.85332630156091,4.495020439079983,6.226014134898184,860.1662183303148,6.757125647700208,187.41921761611,5.233347913191767,571.2647301005989,6.347852727610058,758.4889821723531,6.631328272872082,102.4392002542697,4.629269454333549,134.3256909493704,376.4995832832059,5.930916940421821,2.393478224425021,-.0606863940092603,0
2012m11,1055.36669921875,7.699999809265137,931.5333658854166,209.1583251953125,624.9250081380209,97.4500020345052,53.10833231608073,1098.699951171875,8.699999809265137,107.8259979792995,111.3460455683976,109.1837072329889,92.8204803535882,93.44499969482422,124.4250030517578,97.56700134277344,82.69999694824219,.1599999964237213,86.66000366210938,.0900000035762787,1.649999976158142,16.70190484183175,834.0833333333334,10541.10040283203,1.002007942760599,1.002008593236568,647,-4,109.7460407817326,505.7659166666667,0,1.559999972581863,0,0,6.961643567715336,6.836832008922863,5.343091501998297,6.437631655558222,6.726333317431019,4.579339446830996,3.972333833377955,4.555023614490541,4.638856405338365,4.504011915215462,4.615444611471539,4.708168906011965,4.823703149271504,4.461992458570121,6.226073946964735,863.9227861023398,6.761483396873397,187.8453106507773,5.235618808443963,572.3610454117324,6.349769990530214,760.012231322488,6.633334526996252,104.9876079753966,4.653842323910763,134.226786986884,376.7995405537702,5.931713323364336,2.406619953224794,-.0930311559204204,0
2012m12,1081.100016276042,7.900000095367432,931.7666829427084,208.0999959309896,625.3249918619791,98.34166463216145,50.75,1408,10.89999961853027,107.8089930256336,110.7980650330578,109.3516281992566,92.74009326384554,93.51399993896484,122.3030014038086,97.77999877929688,72.90000152587891,.1599999964237213,88.25,.0700000002980232,1.720000028610229,17.30699982643127,833.4249877929688,10572.2001953125,.9992924540511888,.9992933732195556,648,-5,109.737011307026,504.934,0,1.650000028312206,0,0,6.985734335353801,6.837082443155028,5.338018713846439,6.438271501569186,6.7255437014918,4.588447789155572,3.926911617921897,4.55486589469171,4.633922836356072,4.505548701007873,4.615362332000521,4.707302481714988,4.80650158371504,4.480173695813406,6.22442772766497,864.2754716400729,6.761891550904394,187.8191608029443,5.235479589274399,571.8479021844414,6.348873050748767,759.4748370366892,6.63262719052805,106.0400751942091,4.663817090532315,134.2157433321935,376.2107093131785,5.93014938353559,2.43086844066209,-.0746921988783047,0
2013m1,1019.86669921875,8,937.7000325520834,211.9499918619792,626.316650390625,99.4249979654948,53.08333333333334,601.9000244140625,4.900000095367432,108.0141942060853,110.9789291644233,109.6053207507972,92.72753337999954,93.7030029296875,122.4169998168945,97.91100311279297,73.80000305175781,.1400000005960464,94.69000244140625,.0700000002980232,1.909999966621399,13.50523812430245,838.2666422526041,10615.400390625,1.003653214914219,1.003655473818449,649,-6,109.9726337450408,509.1245833333333,0,1.839999966323376,0,0,6.92742721069758,6.843430103140395,5.356350359402699,6.439856074505502,6.731336238716338,4.599403570631042,3.971863005784163,4.556767462775446,4.635553881741246,4.507865984531236,4.617507185753197,4.707167041540415,4.807433247827194,4.550608423778556,6.232692747570664,868.1266748729353,6.766337642806024,190.9821922573788,5.252180189445485,571.4290566373525,6.348140340161721,762.2502196283044,6.636274873999913,107.2227356227075,4.674908312182358,134.5039254166811,378.5202415142243,5.936269549688609,2.370659747922134,-.0061590389968904,0
2013m2,1020.975016276042,7.699999809265137,940.875,213.4749959309896,627.8833414713541,99.51666259765625,55.5249989827474,575.5999755859375,4.699999809265137,108.3985182682591,112.1340940797387,109.8179432202428,92.65133717723701,93.80500030517578,127.9209976196289,97.97599792480469,77.59999847412109,.1500000059604645,95.31999969482422,.1000000014901161,1.980000019073486,14.07263163516396,841.3583374023438,10624.20001220703,.999608583246987,.9996145443255116,650,-7,110.4211263932787,511.36975,0,1.88000001758337,0,0,6.928513348008312,6.846810293354696,5.363519710732841,6.442354387224014,6.73501765412627,4.600325093437163,4.016833351459868,4.560319236253106,4.64590894950568,4.509803997230041,4.621577112842213,4.706344982296829,4.851412867272876,4.557239649028949,6.237092909758339,867.9777316434997,6.766166059542666,190.3747452395586,5.248994473011193,571.7493180619102,6.348700640181428,761.9541340356741,6.635886362320829,107.409850337385,4.676651894232065,135.0524620812514,378.6452628256014,5.936599784787267,2.368194111755206,-.0030795872241569,0
2013m3,1022.674967447917,7.5,940.8416341145834,211.3166707356771,631.0333251953125,98.49166870117188,55.76666768391927,592.5999755859375,4.800000190734863,108.255671467755,111.0769013423946,110.0160676557711,92.31722893442034,93.89099884033203,123.2419967651367,98.06700134277344,78.59999847412109,.1400000005960464,93.05000305175781,.0900000035762787,1.960000038146973,13.03150000572205,842.3499959309896,10620.89959716797,1.002226721367,1.002218426909134,651,-8,110.3061096359331,510.8583333333333,0,1.870000034570694,0,0,6.930176990586536,6.846774830113509,5.353357817561358,6.447358674451414,6.736195600001667,4.589971962886818,4.021176337565898,4.559000574274979,4.636436292116193,4.511606488922573,4.620534950852377,4.702732383537948,4.814149875845969,4.533137015885226,6.236092317585861,869.0922344838277,6.767449258279607,190.2435773611413,5.248305237229197,573.5828762483588,6.351902435716294,763.6476335818371,6.638106470186062,106.6882854240975,4.669911362440601,134.9117888535141,378.661003367184,5.936641354604625,2.371176416311557,-.0258635583897524,0
2013m4,1024.908365885417,7.599999904632568,940.0916341145834,209.3499959309896,632.066650390625,98.6749979654948,53.07500203450521,627.5999755859375,5.099999904632568,108.1457014876394,110.3125327261818,110.1549925542043,92.03587731459461,93.93699645996094,119.9680023193359,98.17500305175781,76.40000152587891,.1500000059604645,92.06999969482422,.0599999986588955,1.759999990463257,13.96727271513505,841.4166463216146,10644.19958496094,.9996720455773864,.9996677315396524,652,-9,110.2202720592632,507.9851666666667,0,1.699999991804361,0,0,6.932358488439989,6.845977353613502,5.344007473028752,6.448994848065235,6.7350869550368,4.591831600930667,3.971706045921966,4.557984222224341,4.629531069591449,4.512868461470083,4.619756471830094,4.699680068944637,4.787225059886456,4.522549153985149,6.230452247677103,869.2824783443032,6.767668133830235,189.7789768372366,5.245860115221334,573.7975517356621,6.352276636782606,763.3955447589551,6.637776304243477,107.2136223879374,4.674823315077761,134.8068037256948,376.824576080237,5.931779763718151,2.374374266215647,-.0354350682391926,0
2013m5,1030.49169921875,7.5,943.4666341145834,210.5749918619792,633.7833251953125,99.10833740234375,52.46666463216146,657,5.300000190734863,108.2250608212528,110.0057043659961,110.3966110914844,91.93204425653315,94.0469970703125,119.7539978027344,97.92600250244141,84.5,.1099999994039536,94.80000305175781,.0399999991059303,1.929999947547913,13.49363630468195,844.3583170572916,10691.99963378906,1.002538010613173,1.002545567967138,653,-10,110.3251889832409,509.3984166666667,0,1.889999948441982,0,0,6.937791345197392,6.849561000234779,5.349841845554764,6.451707137657511,6.738576950778097,4.596213569001387,3.960178008538092,4.558717771769808,4.626745748116475,4.515059500936101,4.620707903171245,4.698551251831303,4.785439620307755,4.551769441452514,6.233230454308619,871.7635517644446,6.770518230906046,191.4218840519239,5.254479809222321,574.0967217463798,6.352797886908863,765.3359353733396,6.640314868643625,107.806084596341,4.680334100261816,134.93512417813,377.5135790398071,5.933606539008516,2.379073573427585,-.0069483303172939,0
2013m6,1032.899983723958,7.5,945.36669921875,210.8083292643229,635.441650390625,99.125,52.4750010172526,667.7999877929688,5.400000095367432,108.4654049959793,110.4137246470911,110.6345982076817,91.88766301895527,94.20899963378906,120.9380035400391,98.14800262451172,84.09999847412109,.0900000035762787,95.80000305175781,.0500000007450581,2.299999952316284,17.27149991989136,846.2499796549479,10714.70037841797,.9996979893176013,.9996988742807313,654,-11,110.6057117662932,510.2766666666666,0,2.249999951571226,0,0,6.940125643254971,6.851572893726433,5.350949328525706,6.454320269562195,6.740814800185064,4.596381679955012,3.960336885092168,4.560936090627354,4.630447969367697,4.517212927222995,4.623247366259976,4.698068373916872,4.795278046853999,4.562262716832324,6.234953062287436,871.5836162265692,6.770311805540154,190.9258381945878,5.251885070942042,574.3606979055348,6.353257592526655,765.1051343922007,6.640013254961859,107.8762880056616,4.680985089129871,135.2782224036105,377.2053310578153,5.932789683898601,2.379189552627617,.0013266262049694,0
2013m7,1033.083333333333,7.300000190734863,947.7166341145834,212.4416707356771,635.808349609375,99.46666463216145,51.93333435058594,640.7000122070313,5.199999809265137,108.6003201878814,110.590284836366,110.8206394121448,91.68167070220548,94.32900238037109,121.1169967651367,98.23400115966797,85.09999847412109,.0900000035762787,104.6100006103516,.0399999991059303,2.579999923706055,13.97454565221613,848.2500203450521,10749.39959716797,1.000701221215396,1.000701332789887,655,-12,110.7894249925182,511.63675,0,2.539999924600124,0,0,6.940303137050146,6.854055548410942,5.358667460029379,6.4548971808368,6.743175427649075,4.599822559207355,3.9499608643562,4.562179172271506,4.632045770486783,4.518893097448169,4.624906962501165,4.695824073095625,4.796756993849498,4.650239155190213,6.237614900588431,872.6646776685454,6.771551378580511,192.0979506020937,5.258005401326629,573.7273787464692,6.352154333576085,765.6416850275519,6.640714286184682,108.4913307865459,4.686670269203462,135.5029160318045,377.5835716184229,5.933791925958408,2.378123964778641,.0880599829187068,0
2013m8,1036.825032552083,7.199999809265137,950.5499674479166,212.5166625976563,638.7916666666666,99.23333740234375,52.46666463216146,649,5.199999809265137,108.7613050289945,110.9692370810895,110.9970121883948,91.36598702958811,94.43099975585938,122.2210006713867,98.28800201416016,82.09999847412109,.0799999982118607,106.5699996948242,.0399999991059303,2.740000009536743,14.20999990810047,851.3083292643229,10776.99963378906,1.001551136725697,1.001553254073364,656,-13,111.0165495037498,512.38725,0,2.700000010430813,0,0,6.943918469357554,6.857040730192111,5.359020397514659,6.459578370962508,6.746774377012619,4.597474020358092,3.960178008538092,4.56366043530851,4.635466545283333,4.520483347927754,4.626954919875892,4.692374873149528,4.805830886893461,4.668802043369246,6.239080686809014,873.9780818136663,6.773055297324676,191.5095283951192,5.254937564015357,575.5034789427016,6.355245273222209,766.8301105283118,6.642265278173499,108.6108087139778,4.687770930300296,135.7807045804522,377.3638173282586,5.933209754804262,2.380258034049044,.1051416080607366,0
2013m9,1041.916666666667,7.199999809265137,953.8250325520834,213.375,641.1666666666666,99.28333536783855,52.78333536783854,666.7999877929688,5.300000190734863,108.8089206291625,110.6085848038811,111.2023902492842,91.30318761035817,94.54299926757813,121.0429992675781,98.23300170898438,77.5,.0799999982118607,106.2900009155273,.0199999995529652,2.809999942779541,14.69200010299683,854.5416666666666,10812.50036621094,1.003219140957967,1.003224343343412,657,-14,111.0803271028383,515.3088333333334,0,2.789999943226576,0,0,6.948817244707,6.860480250594255,5.363051181114605,6.46328943352424,6.750565262825787,4.597977735898497,3.966195522861001,4.564098138590603,4.632211232160132,4.522331940832349,4.627529242233018,4.69168729768062,4.796145848317006,4.666171216158975,6.244766397305114,876.6055457923945,6.776057114444727,192.9099810637058,5.262223660738504,576.5763354810568,6.357107742879346,769.3006394152325,6.645481841629541,108.7402728933585,4.688962221309609,135.8587088724194,379.2976082359531,5.938321142943238,2.384719106116396,.102073077568372,0
2013m10,1039.049967447917,7.199999809265137,958.1666666666666,213.8333333333333,644.7833251953125,99.5499979654948,52.81666564941406,580.5999755859375,4.699999809265137,108.9529005166098,110.5579888434264,111.462119807955,91.17339788491812,94.7030029296875,120.6070022583008,98.29900360107422,73.19999694824219,.0900000035762787,100.5400009155273,.0500000007450581,2.619999885559082,15.40782605046811,858.6166585286459,10864.20001220703,1.003125280211263,1.003124919346666,658,-15,111.2623220733958,518.3441666666666,0,2.569999884814024,0,0,6.946062081808026,6.865021736395236,5.365196895387581,6.468914330428926,6.755322557568988,4.600660010073186,3.966826778208752,4.565420499945504,4.631753695015139,4.52466486471324,4.62916631017187,4.69026476177581,4.792537344450851,4.610555667370529,6.25063943604836,879.4319950395397,6.779276238890807,193.4128284805964,5.264826912156475,578.4775368584859,6.36039971590314,771.7047806734138,6.64860206843389,109.1875484241027,4.693067031389107,136.0813009583998,380.9077095942263,5.942557113747631,2.380641581862522,.0451351674250251,0
2013m11,1042.549967447917,6.900000095367432,963.5416666666666,214.8249918619792,648.2749837239584,100.4416707356771,54.25833129882813,559,4.5,109.1150270941847,110.6258169995035,111.7133975566435,91.03774347312475,94.86000061035156,121.0080032348633,98.14399719238281,75.09999847412109,.0799999982118607,93.86000061035156,.0700000002980232,2.720000028610229,12.92399997711182,863.0999755859375,10911.40002441406,1.003369610026533,1.00336987584407,659,-16,111.4676674051606,521.1665,0,2.650000028312206,0,0,6.949424882930007,6.870615732032681,5.369823705317192,6.474314963936755,6.760530530939129,4.609577168317476,3.993756552958175,4.566907436692442,4.632367014403009,4.526916705397532,4.631010205467927,4.688775781070841,4.795856685846313,4.541804316869058,6.256069568434405,883.0513012978198,6.783383297781314,194.1906488816651,5.268840402698215,580.3019135598799,6.363548508726677,774.3052274062196,6.651966146507974,110.329701620217,4.703473170338366,136.3324521061699,382.2761873263585,5.946143350837619,2.382517446237565,-.0251031198233838,0
2013m12,1045.983317057292,6.699999809265137,966.1000162760416,215.9416707356771,650.683349609375,99.47499593098958,54.78333536783854,569.7999877929688,4.5,109.3054894948569,111.0176892841288,111.9368866389235,90.69274914583526,94.96099853515625,122.556999206543,98.28500366210938,82.5,.0900000035762787,97.62999725341797,.0700000002980232,2.900000095367432,14.19238090515137,866.6250203450521,10935.80017089844,1.001695822303452,1.001695839883138,660,-17,111.7334389754412,523.4568333333333,0,2.830000095069408,0,0,6.952712695221665,6.873267365370624,5.375008328325634,6.478023117744741,6.764606380738843,4.599906315408137,4.00338604857942,4.568651434480939,4.635903077331433,4.528915264509343,4.63339166047231,4.684979007763776,4.808576221411719,4.581184795105018,6.260454569094777,883.8531538907747,6.784290933330761,194.5110478592427,5.270488962778233,581.2948431452219,6.365258103422852,775.618318286556,6.653660541303305,109.6835159016211,4.697599090736093,136.6575086065877,383.0428628991555,5.948146896493608,2.384061260740726,.0125333606240785,0
2014m1,1053.016682942708,6.599999904632568,964.8999837239584,215.7833251953125,650.9916585286459,98.125,57.04166666666666,661.2000122070313,5.199999809265137,109.532227976747,111.4633936994066,112.1760903733516,90.46917554711997,95.06400299072266,124.7720031738281,98.42900085449219,81.19999694824219,.0700000002980232,94.62000274658203,.0399999991059303,2.859999895095825,14.24095240093413,866.7749837239584,10894.2998046875,.9975745166243634,.9975755921284649,661,-18,112.0244268065893,522.3514166666666,0,2.819999895989895,0,0,6.959414355258907,6.872024452158225,5.374274780122693,6.478496828806426,6.764779408751914,4.586242176102573,4.043781994940503,4.570723641828422,4.639909755162726,4.531049936302571,4.635992579051598,4.682510788102308,4.82648809722575,4.549868899230502,6.258340573382197,880.9279255497302,6.78097581277088,193.5912033839871,5.265748736743999,580.3301366289146,6.363597142691309,773.7374860399415,6.651232650737088,108.4623568265995,4.686403171091995,137.013406289539,381.2410995481895,5.943431982201741,2.388690713430486,-.02085474259792,0
2014m2,1059.041666666667,6.699999809265137,969.74169921875,217.5666707356771,651.433349609375,100.7416687011719,55.92499796549479,670.5,5.300000190734863,109.5843845742063,111.4558535871181,112.3126004689326,90.18195924094093,95.10900115966797,124.4660034179688,98.70899963378906,81.59999847412109,.0700000002980232,100.8199996948242,.0500000007450581,2.710000038146973,15.47000011644865,869.0000203450521,10965.80041503906,1.00166839958495,1.001670528208005,662,-19,112.1248084524679,524.4526666666667,0,2.660000037401915,0,0,6.965119690121703,6.877029746570887,5.382505335675424,6.47917508835289,6.767343148677419,4.612559504615216,4.024011470997021,4.57119970430344,4.639842106340264,4.532266123290833,4.636888247086988,4.679330995752578,4.824032613699836,4.613336745627548,6.262355179086585,884.9269017540349,6.785505044708523,195.2043465941597,5.274046941119191,580.0180450719522,6.363059215249512,775.0292128377989,6.652900722627203,111.7093369329207,4.71590029195437,137.1361797919156,382.4320230171556,5.946550919870739,2.393919985818263,.0421370413241071,0
2014m3,1066.541666666667,6.699999809265137,976.8583170572916,217.3416748046875,656.4916585286459,103.0250040690104,55.63333129882813,671.9000244140625,5.199999809265137,109.7601081950989,111.3514254960108,112.6701848439415,89.91316750496119,95.25,124.4380035400391,99.15599822998047,80,.0799999982118607,100.8000030517578,.0500000007450581,2.720000028610229,14.83666674296061,873.8333333333334,11054.69982910156,1.003402467062329,1.00339886783416,663,-20,112.366317755299,526.2539166666667,0,2.670000027865171,0,0,6.972176605752717,6.884341623161498,5.381470653525175,6.486909987689008,6.772889663344478,4.63497171672025,4.018782505429783,4.572801966172593,4.638904721357299,4.535444896952254,4.63903986350125,4.676345996209068,4.823807628345924,4.613138385912642,6.265783827565887,889.993945086974,6.79121465942998,195.1853546881389,5.273949643951907,582.6667094209055,6.367615340924209,777.6648294520843,6.656295620879999,114.5827768366916,4.741297503602913,137.4315619078949,382.9207129431855,5.947827951935778,2.399374639580124,.0403364197400498,0
2014m4,1072.5,6.199999809265137,980.191650390625,219.9166666666667,657.3833414713541,102.8916625976563,55.53333536783854,701.2000122070313,5.400000095367432,109.9551029435437,111.7831338858642,112.8368984087832,89.83697130219866,95.41300201416016,124.5550003051758,99.45800018310547,84.09999847412109,.0900000035762787,102.0699996948242,.0299999993294477,2.710000038146973,14.19809532165527,877.3000081380209,11095.89978027344,1.001887356607179,1.001883752998453,664,-21,112.5997847584241,530.2151666666666,0,2.680000038817525,0,0,6.977747650802172,6.887748114168023,5.393248686715324,6.488267320889819,6.77684901841055,4.633676615239147,4.01698347770038,4.574576943868759,4.642774215439371,4.53692346332639,4.641115439193155,4.675498194835092,4.824747387872821,4.625658849425539,6.273282899003445,891.4471672077863,6.79284617274034,196.7351057550523,5.281858183059985,582.5960751684254,6.367494107750884,779.1311591049788,6.658179400254167,114.53153540934,4.740850203495786,137.7171077505851,385.0031236692261,5.953251447681431,2.403170706933413,.0510819055567806,0
2014m5,1077.716634114583,6.300000190734863,983.941650390625,219.6916707356771,660.625,103.625,54.50833129882813,718.7000122070313,5.599999904632568,110.1365006486706,111.9220099409563,113.1328776606496,89.50788445750149,95.57399749755859,124.0400009155273,100.0120010375977,81.90000152587891,.0900000035762787,102.1800003051758,.0299999993294477,2.559999942779541,12.47523802802676,880.3166707356771,11153.19982910156,1.001158971832941,1.001157790683863,665,-22,112.8562371060516,531.8070833333334,0,2.529999943450093,0,0,6.982599854312086,6.891566596910524,5.392225066681341,6.493186356624502,6.780281695849375,4.640778613455459,3.998353557854502,4.576225327934669,4.644015814720969,4.539543100574148,4.643390405779647,4.671828313001581,4.820604101613152,4.626735966889301,6.276280798263903,893.3837961034776,6.79501627141693,196.2899619579508,5.279592963744403,583.9372370440301,6.369793506237809,780.0336900373874,6.659337111106499,115.7719240355874,4.75162208354561,138.0307662150917,385.2815556385628,5.953974380355397,2.406374526377417,.0505106389546324,0
2014m6,1082.75,6.099999904632568,988.4750162760416,220.7916666666667,663.1416829427084,104.5416666666667,53.45833333333334,725.5,5.599999904632568,110.2566684112746,112.1265621810801,113.2705951576567,89.39819310163392,95.68199920654297,124.3089981079102,100.0189971923828,82.5,.1000000014901161,105.7900009155273,.0399999991059303,2.599999904632568,11.541428565979,883.933349609375,11220.2001953125,1.002735018071559,1.002734951356343,666,-23,113.010811017659,534.4283333333333,0,2.559999905526638,0,0,6.987259380094736,6.896163367911949,5.397219572144817,6.496988667118078,6.784381663425709,4.649585716018477,3.978902534267691,4.577315813406834,4.645841778573542,4.540759667725511,4.644759121907324,4.670602067687736,4.822770386145292,4.661456005652878,6.281197639779056,896.5217528511523,6.79852255694619,196.9129012535821,5.282761505355306,585.4491026728595,6.372379249580021,782.1670702560058,6.662068362555156,116.9393508298503,4.761655431422472,138.2198205022376,386.6510109703707,5.957522505742873,2.409943566687902,.0841401922460445,0
2014m7,1086.433349609375,6.199999809265137,992.0333658854166,221.7083333333333,665.8416748046875,104.4833374023438,53.01666768391927,723,5.5,110.4131209046151,112.0985701302312,113.5230803077712,89.38647011747453,95.84799957275391,123.7220001220703,100.2559967041016,81.80000305175781,.0900000035762787,103.5899963378906,.0299999993294477,2.539999961853027,12.29636361382224,887.5500081380209,11268.20037841797,1.002477653562073,1.002478842635019,667,-24,113.1926809870207,536.2658333333334,0,2.50999996252358,0,0,6.99065545369095,6.899756741684368,5.401362704248424,6.501051916760712,6.788464866959897,4.649027607995977,3.970606348714455,4.578733792007711,4.645592100487007,4.542986231177125,4.64636714313581,4.670470926862063,4.818037114207938,4.640440764718051,6.284629995835868,898.4741648073016,6.800697952117733,197.779804930395,5.287154315545449,586.525377041859,6.374215935771041,784.1054743104747,6.664543544860859,116.8894322205905,4.761228464225646,138.4422597033507,387.3570356930214,5.959346840571199,2.411921661683239,.0617069727103408,0
2014m8,1091.100016276042,6.099999904632568,998.6416829427084,222.5083414713542,670.7916666666666,105.3333333333333,53.38333129882813,695.7999877929688,5.300000190734863,110.3995152117787,111.7680618749171,113.6378479608787,89.26337558952714,95.88500213623047,122.1910018920898,100.5250015258789,82.5,.0900000035762787,96.54000091552734,.0299999993294477,2.420000076293945,13.49190480368478,893.3000081380209,11343.10021972656,1.006456437901469,1.006456556173027,668,-25,113.1951565056474,539.6455,0,2.390000076964498,0,0,6.994941655578147,6.906396038576003,5.404964590662466,6.508458606894349,6.794922479817858,4.657129924918802,3.977498549275813,4.578610559088681,4.642639373745336,4.543996683667764,4.646389012849786,4.669092873083843,4.805585409755408,4.569957439715746,6.290912442498517,904.5707139447309,6.807460481928397,199.0804329418987,5.293708928701163,590.2889562794212,6.380612173414039,789.1680489822488,6.670979288004844,118.002856868984,4.770708834926691,138.4452874290803,389.7897212835344,5.965607417519872,2.416331096489466,-.0086531193729353,0
2014m9,1094.75,5.900000095367432,999.2833658854166,220.9416707356771,672.8416748046875,105.5,52.2250010172526,726.0999755859375,5.5,110.4380661164016,111.5473616383235,113.7973079003593,89.12940136565418,96.01300048828125,119.9390029907227,100.7119979858398,84.59999847412109,.0900000035762787,93.20999908447266,.0199999995529652,2.529999971389771,13.46666663033622,893.7833455403646,11364.70037841797,.9999792280332525,.9999749803520341,669,-26,113.2589961105143,540.2075833333333,0,2.509999971836805,0,0,6.998281305681508,6.907038387962581,5.397898733358495,6.511510049077917,6.795463403007741,4.658710952916121,3.955561326920898,4.578959692644506,4.640662794564414,4.545398929200171,4.646952832111394,4.667590858805605,4.786983305138886,4.534855002250865,6.291953479270597,904.8359872873663,6.807753697759151,198.0698310481329,5.288619650578113,591.2632620394027,6.3822613700652,789.1499803408474,6.670956391933118,118.3672260595416,4.773791877202248,138.5233675582836,389.9757801556776,5.966084635030343,2.419321613037002,-.0441046903936417,0
2014m10,1099.658365885417,5.699999809265137,1005.391682942708,222.1833292643229,677.3916829427084,105.8166707356771,52.42499796549479,707.0999755859375,5.400000095367432,110.4051892960131,111.1274973028493,113.9072459477626,89.03478059269236,96.09600067138672,117.4420013427734,100.7399978637695,86.90000152587891,.0900000035762787,84.40000152587891,.0199999995529652,2.299999952316284,18.05869579315186,899.5750122070313,11435.60021972656,1.006684485566122,1.006687680217075,670,-27,113.235804170994,543.4938333333333,0,2.279999952763319,0,0,7.002754834079799,6.913132478837854,5.403502848577824,6.518249662396736,6.801922443139838,4.661708075401747,3.959383537980063,4.578661953684175,4.636891692294026,4.546364549378493,4.646748042071424,4.666528683672333,4.765944606127452,4.435567419681045,6.298018360284077,910.6380681501307,6.814145527594754,199.9355107033677,5.29799486806783,594.6870871176687,6.388035363205698,794.4263025223098,6.677620222105185,118.8486904008411,4.777851174821145,138.4950022568693,392.4284807947836,5.972354306083795,2.424092880395625,-.1430945340031293,0
2014m11,1104.583333333333,5.800000190734863,1006.99169921875,221.3166707356771,679.0916748046875,106.5833333333333,51.78333536783854,744.4000244140625,5.599999904632568,110.29975166367,110.2479325266727,114.1295276286166,88.60688847660045,96.18099975585938,113.2210006713867,100.9670028686523,88.80000305175781,.0900000035762787,75.79000091552734,.0199999995529652,2.329999923706055,13.41315786462081,900.4083455403646,11462.50036621094,1.001412480332156,1.001418886066952,671,-28,113.1804739763808,544.8571666666667,0,2.30999992415309,0,0,7.007223468935125,6.914722649604895,5.399594575153694,6.52075613288496,6.802848377692826,4.668927151790842,3.947068386459749,4.57770649124726,4.628945287354527,4.548314074867466,4.646259294564687,4.661711199735348,4.72934166686116,4.327966369903728,6.300523680803704,912.9591717389403,6.816691160798712,200.7445089114329,5.3020329995832,595.0183873664027,6.388592308204949,795.5509584880053,6.679034904164912,120.2878638058486,4.789887735147227,138.4273297085624,393.605199069996,5.975348374110159,2.429516977687865,-.2497401213435317,0
2014m12,1110.308349609375,5.599999904632568,1008.00830078125,219.5583292643229,681.8500162760416,106.5999959309896,48.10833231608073,798.7000122070313,6,110.1058900021684,109.0357075241368,114.3348964727012,88.14215360865715,96.24900054931641,107.5800018310547,101.2060012817383,93.59999847412109,.119999997317791,59.29000091552734,.0299999993294477,2.210000038146973,16.29227282784202,901.4083455403646,11518.79962158203,1.002459408901555,1.002461371071865,672,-29,113.02807987087,544.20475,0,2.180000038817525,0,0,7.012393048170082,6.915731683499441,5.391617934180714,6.524809716174256,6.803958368634329,4.669083473560914,3.873455391133848,4.575947355591481,4.61788894634311,4.550111894376632,4.644911917323872,4.656452490172428,4.678234773865497,4.08244067316079,6.299325554719727,915.489898643386,6.819459330349036,201.3636947471728,5.305112699621636,596.3621232987616,6.390848071985078,797.5083240998049,6.681492272347229,120.9409931192327,4.795302766480217,138.2409414708388,393.6639494854692,5.975497625266996,2.436445692578602,-.4935066824306906,0
2015m1,1111.308349609375,5.699999809265137,1005.558349609375,215.5833333333333,683.2916666666666,106.6833292643229,44.90833536783854,835.5999755859375,6.300000190734863,109.5775774030287,106.6855415882778,114.3747683701749,87.86414958757776,96.21399688720703,97.73300170898438,101.1829986572266,98.09999847412109,.1099999994039536,47.22000122070313,.0299999993294477,1.879999995231628,19.11949996948242,898.875,11527.80017089844,1.002186670163429,1.002193810633244,673,-30,112.4640988916538,540.57925,0,1.849999995902181,0,0,7.01329329353454,6.91329823797095,5.373347532398029,6.5269218059955,6.801143981422658,4.669864906778889,3.804623420454961,4.571137584297594,4.596099169657481,4.550460562614199,4.639909684800148,4.653293464078194,4.582239288183627,3.854817557508767,6.292641249827851,917.6679877771976,6.821835656114432,202.0736175903903,5.308632074524581,597.4146889243852,6.392611493568755,799.2550590441865,6.683680117659282,121.4184963549751,4.799243225792426,137.5511548122707,393.0023348315618,5.973815552898844,2.442155709236946,-.7163200267888268,0
2015m2,1117.341634114583,5.5,1009.716634114583,217.0500081380208,685.691650390625,106.9833374023438,47.8500010172526,858.9000244140625,6.400000095367432,109.7714390645303,107.1172499781312,114.4883194050516,88.0600927195413,96.32399749755859,99.32099914550781,101.2620010375977,95.40000152587891,.1099999994039536,50.58000183105469,.0199999995529652,1.980000019073486,15.90421049218429,902.7416585286459,11542.39959716797,1.002572026881186,1.00257189986412,674,-31,112.6581291130541,543.6015,0,1.960000019520521,0,0,7.018707602006432,6.917425010188316,5.380127779239363,6.530428037448827,6.805436420046914,4.672673097123735,3.868071139158161,4.572905193882532,4.600137554501774,4.551452868060202,4.64163346188929,4.65552105034395,4.598357020451506,3.923556277442979,6.29821644165508,919.8354715209759,6.824194818746859,202.6284358330084,5.311373936521621,598.9184346087713,6.395125419576079,801.3107137814536,6.686248779194395,121.4890128983514,4.799823829871518,137.7884668192589,394.5188683411782,5.977666967636932,2.4458024081239,-.6493489164395529,0
2015m3,1116.483317057292,5.400000095367432,1014.674967447917,218.8083292643229,686.7666829427084,109.0999959309896,46.95833333333334,790.5,5.900000095367432,109.978915068387,107.6275463792882,114.6538255684672,87.96547194657947,96.47000122070313,100.9980010986328,100.984001159668,93,.1099999994039536,47.81999969482422,.0299999993294477,2.039999961853027,14.81272727792913,905.5750122070313,11612.599609375,1.000893159475235,1.000891225052995,675,-32,112.9109807004618,544.5566666666666,0,2.00999996252358,0,0,7.017939128989707,6.922323611076243,5.388196137758923,6.531994617279826,6.808570114540666,4.69226485554287,3.849260683691831,4.57479348267573,4.604890148001817,4.552897440312208,4.64387536188634,4.654445970343441,4.615100725542767,3.867443955648418,6.299972007971165,922.608635316117,6.827205130841588,203.3014192233136,5.314689701541138,598.9915116548779,6.395247427155072,802.0256370010675,6.687140573691098,124.0259314441522,4.820490668291161,138.0977213119086,394.327047176055,5.977180633955966,2.443145646313977,-.7073495270273118,0
2015m4,1119.958333333333,5.400000095367432,1017.424967447917,218.1166585286458,689.6499837239584,109.6583353678385,45.2749989827474,793.7000122070313,5.900000095367432,110.0764124426094,107.3444061278608,114.8700702421909,88.10028307013903,96.64800262451172,99.71900177001953,100.7610015869141,95.90000152587891,.119999997317791,54.45000076293945,.0199999995529652,1.940000057220459,13.49476187569755,907.7666422526041,11665.79962158203,1.001624163753494,1.001621815302018,676,-33,113.0008433592087,545.0926666666667,0,1.920000057667494,0,0,7.021046761216162,6.92503017253174,5.385030050522976,6.536184198921092,6.810987343646194,4.697369489921224,3.81275498130117,4.57567959965099,4.602255940033269,4.554781729849402,4.644670917088999,4.655977343095539,4.602356248276529,3.997282863390713,6.300955810790723,924.2897228126619,6.829025575321825,203.1933161648324,5.31415782227374,600.3739549126308,6.397552719259144,803.3273162103601,6.688762247593967,124.469901283446,4.824063929917417,138.2076293857468,394.4012852903196,5.977368881572865,2.445367161565172,-.5783967362602769,0
2015m5,1124.566650390625,5.599999904632568,1022.950032552083,220.7833251953125,692.2083333333334,109.9666646321615,46.625,777.4000244140625,5.800000190734863,110.3405687421792,108.0990908743697,115.0355764056065,88.03748365090908,96.76599884033203,102.7109985351563,100.7519989013672,90.69999694824219,.119999997317791,59.27000045776367,.0199999995529652,2.200000047683716,13.3385000705719,912.9916585286459,11715.900390625,1.002963759075984,1.002960814793574,677,-34,113.3155918975549,548.9478333333333,0,2.180000048130751,0,0,7.025153040777299,6.930445920723608,5.397181791602399,6.539886970038533,6.816726744220971,4.700177271065318,3.84213687796398,4.578076478735492,4.609261840362905,4.556221504769412,4.64745240965639,4.655264271469163,4.631919205018843,4.082103283523109,6.308003415743967,927.0842485344618,6.832044444429193,204.2416114783998,5.319303663023526,601.7341373530052,6.399815715456576,805.7070022226536,6.691720155601353,124.9089138760566,4.827584782687885,138.5925880112252,396.0874396030989,5.981634993958719,2.447076562041808,-.4959731952123825,0
2015m6,1127.441650390625,5.300000190734863,1025.658365885417,221.3916625976563,694.4500325520834,109.8166707356771,47.45833333333334,772.9000244140625,5.699999809265137,110.5548346181761,108.4048350354028,115.2904763585731,87.89848164036938,96.88200378417969,104.2480010986328,101.0130004882813,96.09999847412109,.1299999952316284,59.81999969482422,.0199999995529652,2.359999895095825,14.33954551003196,915.8416951497396,11738.400390625,1.000755897760324,1.000756020240673,678,-35,113.5834586067971,551.4685833333333,0,2.33999989554286,0,0,7.027706318721169,6.933089993561791,5.399933361921641,6.543120212236852,6.819843527849776,4.698812345744477,3.859852133099237,4.580016455212472,4.612086217454401,4.558434889264756,4.649813519877782,4.653684127929645,4.646772686381251,4.091340048100235,6.312584871220231,927.7372350361153,6.832748540790394,204.2267418472195,5.319230856251272,602.3481335893042,6.40083557315955,806.3160836827466,6.692475829008766,124.9357994430262,4.827800000906564,138.9202070074661,396.967867535423,5.983855339213591,2.447689863508697,-.4886764071122371,0
2015m7,1131.041666666667,5.199999809265137,1030.408365885417,223.0416666666667,696.9750162760416,110.3916625976563,47.2250010172526,757.2999877929688,5.599999904632568,110.6557399027465,108.4823470611837,115.4716879573321,87.64810808604172,96.97799682617188,104.0709991455078,101.1880035400391,93.09999847412109,.1299999952316284,50.90000152587891,.0299999993294477,2.319999933242798,14.35272723978216,920.0166829427084,11798.20037841797,1.003189608409889,1.00319034113497,679,-36,113.7384214152436,554.3543333333333,0,2.28999993391335,0,0,7.030894315991606,6.937710474382945,5.407358600045436,6.546749565463916,6.824391803512052,4.704034611042454,3.854923434928126,4.580928756008106,4.612800985642466,4.5600054382024,4.651176897942711,4.650831623366754,4.645073350310012,3.929862953534451,6.317804073150618,931.1838380828913,6.836456720815915,205.6018077677392,5.325941326187001,603.5895279660073,6.402894377448971,808.888211648245,6.695660726606113,125.948711282265,4.835874770767432,139.1097369415947,398.5014604449142,5.987711163079048,2.4499655599835,-.6510658024736546,0
2015m8,1133.566650390625,5.099999904632568,1033.016682942708,222.7083333333333,699.3999837239584,110.9083353678385,47.00833129882813,756.5,5.599999904632568,110.6636715113486,108.1690627878621,115.652899556091,87.34582119695693,97.05599975585938,102.3470001220703,101.3479995727539,91.90000152587891,.1400000005960464,42.86999893188477,.0700000002980232,2.170000076293945,19.42809536343529,922.1083170572916,11832.10021972656,1.001783854488494,1.001783437583599,680,-37,113.7940344937315,555.16075,0,2.100000075995922,0,0,7.033124268739964,6.94023861898217,5.4058629931112,6.55022280135784,6.826662697195657,4.708704052648534,3.850324847678258,4.581000431678619,4.609908925148612,4.561573524383452,4.651665734397916,4.647376792779267,4.628369001683325,3.758172255694671,6.319257711448611,933.4740740431448,6.838913189744626,205.889121707657,5.327337779746619,604.7405524707602,6.404799527161842,810.3309819005381,6.697442783834513,126.9761207210477,4.843999042960999,139.1777554759009,398.8861209190342,5.988675964921836,2.452123837061344,-.8228281759839482,0
2015m9,1134.958333333333,5,1032.200032552083,220.9250081380208,700.8500162760416,110.4249979654948,44.25833129882813,784.2999877929688,5.800000190734863,110.5106182788375,106.9396138033337,115.8147742984237,87.44379595721232,97.19599914550781,96.24800109863281,101.4260025024414,87.19999694824219,.1400000005960464,45.47999954223633,.0199999995529652,2.170000076293945,24.3771428607759,921.7750244140625,11855.30041503906,1.001324294170551,1.001330676236576,681,-38,113.6020989556493,553.9475833333333,0,2.15000007674098,0,0,7.034351218522118,6.939447757251231,5.397823314240192,6.552293907332355,6.826301185554045,4.704336539058273,3.79004363167149,4.579616425815307,4.598477843970316,4.562972205815091,4.649977617887305,4.648497852166106,4.566928205145827,3.817272658817171,6.317070067349229,934.027922952764,6.839506333877,206.5885599178533,5.330729182053908,605.1473316091248,6.405471951704718,811.4066842848799,6.698769388703512,126.2811120637164,4.838510469983897,138.9430054074533,398.6869160551626,5.988176437333066,2.454734792706811,-.7623437669981361,0
2015m10,1136.966634114583,5,1032.908365885417,219.7666625976563,703.3500162760416,109.7916666666667,43.61666870117188,796.9000244140625,5.800000190734863,110.5106182788375,106.7802775960512,115.9198827401229,87.20514538704407,97.22799682617188,95.33499908447266,101.5749969482422,90,.119999997317791,46.22000122070313,.0199999995529652,2.069999933242798,16.7895454493436,923.1166788736979,11871.50036621094,1.001122203883031,1.00111940169478,682,-39,113.6400800369297,552.46375,0,2.049999933689833,0,0,7.036119147774285,6.940133758394461,5.392566358936005,6.555854657344447,6.827755639161007,4.698584630627517,3.775439386953177,4.579616425815307,4.596986768565399,4.563879350652642,4.650311896336864,4.645764933009902,4.557396994913142,3.833412631256947,6.314387820379693,934.6688870016178,6.84019233502023,205.8120352796155,5.326963302154637,606.7552861943967,6.40812555687926,812.3161111587671,6.699889563860915,125.9004456438625,4.835491480709346,138.9894588236334,397.4860789270592,5.98515991191397,2.456502721958978,-.7462037945583604,0
2015m11,1137.38330078125,5.099999904632568,1035.266682942708,220.7833251953125,703.4750162760416,111.0083312988281,42.39166768391927,770.5,5.599999904632568,110.5797798299626,106.7361375487325,116.098670319225,86.92463066690492,97.33200073242188,95.12000274658203,101.2649993896484,91.30000305175781,.119999997317791,42.43999862670898,.1299999952316284,2.259999990463257,16.20999999046326,924.2583414713541,11914.50018310547,1.000159834801519,1.000162104214003,683,-40,113.7623119019774,553.2316666666667,0,2.129999995231628,0,0,7.036485552842332,6.942414337188572,5.397181791602399,6.556032362456934,6.828991622900553,4.709605255241917,3.746951826037242,4.580242066313245,4.596573310443993,4.565420499945504,4.651386923523494,4.642543026117729,4.555139281257442,3.748091281387369,6.315776840861388,936.2169869886045,6.841847273316403,206.8496483625422,5.331992192942438,605.9285729472753,6.406762112698884,812.4468692828038,6.700050520413831,127.7064169811798,4.849734012215919,139.1389566132202,397.6109064872072,5.985473905209036,2.456243486529087,-.8321507849258754,0
2015m12,1141.850016276042,5,1037.666666666667,220.3833414713542,706.2166341145834,111.0666707356771,40.81666564941406,792.2999877929688,5.800000190734863,110.4868148035128,106.0837371359155,116.2206915976935,86.72785063525478,97.39600372314453,92.43000030517578,100.9349975585938,92.59999847412109,.239999994635582,37.18999862670898,.2300000041723251,2.240000009536743,18.02545473792336,926.5999755859375,11962.20001220703,1.003195762449589,1.003197696230872,684,-41,113.6871049669515,554.5921666666667,0,2.010000005364418,0,0,7.040405047331698,6.944729881773498,5.395368491261383,6.559922037613067,6.831521946634542,4.710130658260325,3.709090469807585,4.579401007246098,4.590442281023919,4.566470961591768,4.650725616593784,4.640276659240582,4.526451604578383,3.616039871010627,6.318233008788144,939.1769221621869,6.845003876968477,207.7447000090099,5.336309922021496,607.6513780861023,6.409601326208753,815.04404202684,6.703242151077529,128.0634420456035,4.852525782111475,139.046973474915,398.8523826206966,5.9885913800655,2.461004040085601,-.9633611362354713,0
2016m1,1147.266682942708,4.800000190734863,1039.833333333333,219.1833292643229,709.8333333333334,110.8083292643229,40.9250005086263,834.7999877929688,6.099999904632568,110.5321642297945,105.4539406327041,116.513039428477,86.69017098371681,97.56700134277344,89.7239990234375,100.984001159668,92,.3400000035762787,31.68000030517578,.2599999904632568,2.089999914169312,23.71789480510511,929.0166625976563,11986.89999389648,1.002101895561452,1.002098672561233,685,-42,113.7447187377885,555.3281666666667,0,1.829999923706055,0,0,7.0451375948495,6.946815722882731,5.389908499555449,6.565030200695158,6.834126674710746,4.7078019453535,3.711741135685453,4.579811374058183,4.584487801702003,4.568983257366519,4.651232263123113,4.639842106340264,4.496738280921707,3.455685576579299,6.31955923029391,940.7518079276336,6.846679351265624,207.8474525932967,5.336804409637478,609.2308095430585,6.412197193516095,816.7558660365447,6.705340232624405,127.821098986108,4.850631622104967,139.1174389904869,399.1794060445873,5.989410955041938,2.465326220791317,-1.124125797478884,0
2016m2,1147.816650390625,4.900000095367432,1046.208333333333,219.25,714.2083333333334,112.7583312988281,38.89166768391927,768.2999877929688,5.599999904632568,110.4743421976195,104.6605039801197,116.7159934697095,86.58466412628216,97.73600006103516,84.85700225830078,101.1070022583008,91.69999694824219,.3799999952316284,30.31999969482422,.3100000023841858,1.779999971389771,22.51699981689453,933.4583333333334,12087.79998779297,1.005227578327297,1.005233383176166,686,-43,113.6938638233185,558.9229166666667,0,1.469999969005585,0,0,7.045616851920872,6.95292779623965,5.390212631252292,6.571174703159111,6.838896327098984,4.72524686743854,3.660780029323825,4.579288113142213,4.576935342131807,4.570723641828422,4.650785066216195,4.63862430837893,4.440967513417248,3.411807550709006,6.326011568596017,947.0147660728742,6.853314685538513,209.4868567054164,5.344661000904517,611.919851000272,6.416601311518144,821.0278918692906,6.710557081919561,130.2289873578214,4.869294342151341,139.0552400107043,401.9430814859199,5.996310490250963,2.466328738778659,-1.167480562433207,0
2016m3,1150.5,5,1044.75,219.7833251953125,713.86669921875,111.0999959309896,39.55833435058594,821.2999877929688,5.900000095367432,110.732824412955,105.2246242982993,116.9793544494632,86.31336169124266,97.87599945068359,88.10299682617188,100.6480026245117,91,.3600000143051147,37.54999923706055,.300000011920929,1.889999985694885,15.84909096631137,933.6500244140625,12062.29998779297,.9972212332458779,.9972213528588287,687,-44,114.0340788044684,558.66025,0,1.589999973773956,0,0,7.047951909475421,6.951532901328025,5.392642175558128,6.570696249137701,6.839101661814141,4.710430660020827,3.677776401484526,4.581625129044011,4.582310869985752,4.572977525729732,4.653772975651751,4.635486011612081,4.478506548551699,3.625673357892182,6.325541506627767,943.4871778433309,6.84958277472509,208.8706200292555,5.341715017356407,610.2501613027374,6.413868973595423,818.7464959619401,6.707774507199161,128.7170303114978,4.857616431500478,139.4713458080458,400.5555741671004,5.992852518847157,2.46632678043141,-.9559517711518288,0
2016m4,1151.88330078125,5.099999904632568,1050.958333333333,221.6666666666667,717.691650390625,111.5999959309896,41.45833333333334,765.2000122070313,5.5,111.0956111736904,105.8221248085711,117.2717022802467,86.62485447687988,98.11699676513672,90.60399627685547,100.6760025024414,89,.3700000047683716,40.75,.2300000041723251,1.809999942779541,14.300476255871,939.3583170572916,12114,1.00285714499019,1.00285713208865,688,-45,114.4044085914616,562.89575,0,1.579999938607216,0,0,7.049153534719338,6.95745772530833,5.401174751987744,6.576040020524998,6.845197000729885,4.714921013486543,3.724688906810647,4.584896008931164,4.587973142531413,4.575473548472556,4.657015249890511,4.639088374691718,4.506498321092224,3.707455839686872,6.333094442254944,945.9944656951677,6.852236718818241,209.4710034103499,5.344585321240364,611.9904771873624,6.416716722239897,821.0857681295677,6.710627571876146,128.8313805603859,4.858504421886557,139.9242840377948,402.2859604898582,5.997163180235574,2.464257525788174,-.8774401692442924,0
2016m5,1152.891682942708,4.800000190734863,1054.391682942708,222.6916707356771,720.0166829427084,111.6833292643229,42.375,732,5.300000190734863,111.2770088788174,105.8167448809578,117.6135904367171,86.34182905768097,98.28399658203125,91.64900207519531,100.2389984130859,94.69999694824219,.3700000047683716,46.70999908447266,.2800000011920929,1.809999942779541,14.85285704476493,942.7083536783854,12144.2001953125,1.001347917974123,1.001350240110016,689,-46,114.6577270693629,564.8370833333333,0,1.529999941587448,0,0,7.050028572181061,6.960719275764466,5.405788172287169,6.579274382495425,6.848756959801673,4.715667449317608,3.746558565700614,4.586527484472711,4.58792230189309,4.578384657924847,4.659227039110411,4.635815771367033,4.517966085794304,3.843958254913773,6.336537341483544,947.5377650480874,6.853866793732831,210.4503129312868,5.349249582178111,612.1883366277463,6.417039974758032,822.1934777305399,6.711975741728033,129.3502008044241,4.862523461042307,140.2341095689109,402.7815237460276,5.998394290244273,2.46350108770835,-.7425692295589377,0
2016m6,1155.674967447917,4.900000095367432,1060.933349609375,225.125,722.625,113.1833292643229,43.79999796549479,682.2999877929688,4.900000095367432,111.4720036272622,106.3012012023111,117.8600293628967,85.8209899680004,98.38600158691406,93.96399688720703,100.0059967041016,93.5,.3799999952316284,48.7599983215332,.2700000107288361,1.639999985694885,17.77454549616033,947.75,12205.60021972656,1.00265905510891,1.002656912511027,690,-47,114.9653456801692,567.663,0,1.369999974966049,0,0,7.052439839668866,6.966904318176518,5.41665580349612,6.58289041540264,6.854090754396444,4.729008886941076,3.779633770932509,4.588278287280417,4.592490111195812,4.580477792742789,4.661906376087761,4.629765212000165,4.542911697064012,3.886910270190043,6.341527932784053,951.7487037883544,6.858301033337177,211.7802973567014,5.35554940408434,613.121347335663,6.418562872847306,824.3788546825388,6.714630199345455,131.8830385276667,4.881915458032642,140.6103478136055,403.7135309219915,6.000705544567433,2.464161552388449,-.701368017090374,0
2016m7,1160.399983723958,4.800000190734863,1063.058349609375,223.0333251953125,726.2250162760416,113.7999979654948,42.91666666666666,709.5,5.099999904632568,111.4912834043329,105.6681767425319,118.1680918458283,85.53880144848809,98.52899932861328,91.67900085449219,99.87100219726563,90,.3899999856948853,44.65000152587891,.300000011920929,1.5,13.15850005149841,949.2583414713541,12241.7001953125,1.001012514558363,1.001003645751036,691,-48,115.032350876985,565.346,0,1.199999988079071,0,0,7.056520038221015,6.96890526828361,5.407321200632748,6.587859906577549,6.855680986506912,4.734442503814329,3.759260250875736,4.588451228551381,4.586517301841784,4.583088182185246,4.66248903582492,4.626471688213032,4.518293354723058,3.798854341496727,6.337437933093113,953.4900999875485,6.860129042173304,211.0695311217012,5.352187610574996,614.5694704316068,6.420921974579756,825.2098946378012,6.715637771718765,133.0390373005469,4.890642598693029,140.6922996746107,401.831515518274,5.996032885139335,2.468068809669633,-.7895968870546541,0
2016m8,1163.375,4.900000095367432,1065.674967447917,223.5166625976563,728.5416666666666,113.6166687011719,43.04999796549479,714.4000244140625,5.099999904632568,111.6465941612116,105.7693768770711,118.4181621930908,85.33700001871844,98.7030029296875,91.44100189208984,99.79000091552734,89.80000305175781,.4000000059604645,44.72000122070313,.300000011920929,1.559999942779541,12.3995652406112,952.0583292643229,12271.49963378906,1.001103595607613,1.001103624030097,692,-49,115.2444720802815,567.2091666666666,0,1.259999930858612,0,0,7.059080542505875,6.971363649646272,5.409485964284333,6.591044819149531,6.858626303150055,4.732830227047434,3.762362183614616,4.5898432896721,4.587474559817339,4.585202171786271,4.664331351178845,4.62410972096131,4.515693976251659,3.800420856143425,6.340728136347317,954.5073680520337,6.861195362415248,211.3245527175935,5.353395116251026,615.2279795380697,6.421992897550714,826.1206043801396,6.716740773007982,133.1388127966185,4.891392289177856,140.9517381688604,402.4137439065484,5.997480773039613,2.469237252833775,-.7894224335286748,0
2016m9,1168.25,5,1070.549967447917,224.5666707356771,731.8250325520834,114.1583353678385,43.26666768391927,716,5.099999904632568,111.8586025128409,106.264601267281,118.5933275679147,85.26414502615503,98.83399963378906,93.25900268554688,99.697998046875,91.19999694824219,.4000000059604645,45.18000030517578,.2899999916553497,1.629999995231628,14.21952379317511,956.3917032877604,12327.39959716797,1.002315256084033,1.002316982848041,693,-50,115.5015017673125,569.3688333333333,0,1.340000003576279,0,0,7.063262181580535,6.975927783678308,5.414172637417892,6.595541458821716,6.863167560606936,4.737586391491128,3.767382539113111,4.591740412587989,4.592145747850752,4.586680289213344,4.666559167240393,4.623255623563861,4.535380597408635,3.810654517794522,6.344528437366475,957.0564475137461,6.863862373531394,211.327825124792,5.353410601351171,617.0878645200253,6.425011419795826,828.0339983929315,6.719054214403314,133.8878555960658,4.897002551018998,141.2661027582767,403.047031252495,5.999053257997223,2.471521768992546,-.7810858947934669,0
2016m10,1172.808349609375,4.900000095367432,1072.25,225.125,732.50830078125,114.625,42.89166768391927,745.0999755859375,5.300000190734863,112.0876071686173,106.7329095921645,118.8288998812599,85.0782510789777,98.96099853515625,95.37799835205078,99.70200347900391,87.19999694824219,.4000000059604645,49.77999877929688,.3300000131130219,1.759999990463257,14.58523804800851,957.63330078125,12352.29998779297,.9987466494334882,.9987470232344889,694,-51,115.7965590389737,570.4763333333333,0,1.429999977350235,0,0,7.06715645048748,6.97751452339699,5.41665580349612,6.596474672951588,6.86446492889105,4.741665930576629,3.758677580587497,4.593785588846382,4.596543067590415,4.588664706537546,4.669110485056739,4.621073031029963,4.557847926615593,3.907613272417486,6.346471684363348,956.6177984217089,6.863403936991683,210.923698098573,5.351496447689738,616.4395206159536,6.423960216601495,826.9963362719087,6.717800264871084,134.7289096170938,4.903264682638397,141.6269776405967,402.802024612159,5.998445187177751,2.473370861641098,-.6861723164288955,0
2016m11,1176.341634114583,4.699999809265137,1074.416666666667,225.0583292643229,736.2250162760416,113.1416625976563,42.76666768391927,759,5.400000095367432,112.125024986297,106.6241775589667,119.0572277860488,84.47284040112154,99.00499725341797,95.60600280761719,99.50199890136719,93.80000305175781,.4099999964237213,45.65999984741211,.449999988079071,2.140000104904175,15.23619038718087,961.2833455403646,12379.79998779297,1.002578069870111,1.00257679032422,695,-52,115.9390957842307,572.4355,0,1.690000116825104,0,0,7.070164591469583,6.979533157622837,5.416359609782002,6.601535800639327,6.868269209987088,4.728640684854381,3.75575900673959,4.594119359675148,4.595523818180302,4.590584347477891,4.670340651932363,4.613931664430434,4.560235608960748,3.821222637759821,6.349900065325898,958.2309273045631,6.865088800388765,211.0762628296554,5.352219503385732,618.3791021903105,6.42710170334889,829.1278615190926,6.720374379091496,133.938508590927,4.897380803515677,141.8013096639402,403.6884436093253,6.000643401264678,2.476045231794434,-.7728967219153273,0
2016m12,1181.674967447917,4.699999809265137,1083.825032552083,227.5500081380208,740.2666829427084,116.0083312988281,45.93333435058594,706.5,5,112.3177535608555,106.9525338432355,119.292800099394,84.24759300303309,99.12000274658203,97.52100372314453,99.34300231933594,98.19999694824219,.5400000214576721,51.97000122070313,.5099999904632568,2.490000009536743,12.472380956014,967.8166910807291,12454.70037841797,1.004549909223688,1.004549030166839,696,-53,116.1984325847705,576.94375,0,1.980000019073486,0,0,7.074688174912021,6.988251759886949,5.42737003022631,6.607010503631103,6.875042700625802,4.753662010068943,3.827191092057731,4.595836756181966,4.598598652892567,4.592561040261522,4.67257499043206,4.611261596231053,4.580067777605124,3.950666652508962,6.3577447747542,964.963238839041,6.872090006146058,212.7579403322504,5.360155089117775,620.5459862841033,6.430599713557035,832.8999535984925,6.724913531230515,137.6992827494212,4.925072196929621,142.1184960083037,405.9596507173074,6.006253772193282,2.478851418730055,-.6451701036730046,0
2017m1,1191.183349609375,4.699999809265137,1088.641682942708,229.2916666666667,743.941650390625,115.4083353678385,43.75833129882813,762.5999755859375,5.300000190734863,112.7485601362541,107.7061343905918,119.6165588008642,84.64701136413946,99.38500213623047,100.7170028686523,99.54100036621094,98.5,.6499999761581421,52.5,.5199999809265137,2.430000066757202,11.6085000038147,973.2333170572916,12538.60021972656,1.001857273301916,1.00185854680067,697,-54,116.6320740089189,579.24475,0,1.910000085830688,0,0,7.082702503442504,6.992686035679229,5.434994846711813,6.611962604863221,6.880623844866424,4.748476581689427,3.778682024361692,4.599665024344067,4.605620066466146,4.59527134764461,4.676299948401714,4.615991399260813,4.612314632230716,3.960813169597578,6.361725099827304,965.5481911495002,6.872696013776237,212.8863578328325,5.3607584920297,621.9386829453333,6.432841507406065,834.4474067938362,6.726769717501482,136.3407089133581,4.915156965520345,142.648868627245,406.0633326953482,6.006509139296731,2.483037479098437,-.638851854746489,0
2017m2,1196.36669921875,4.599999904632568,1090.700032552083,229.8083292643229,745.0333658854166,115.8583374023438,43.71666463216146,800.5999755859375,5.599999904632568,112.9016133687652,107.6566144156598,119.8775049777658,84.62272849613407,99.56099700927734,99.87100219726563,99.72000122070313,96.30000305175781,.6600000262260437,53.47000122070313,.5299999713897705,2.420000076293945,11.53052636196739,974.8416951497396,12563.80041503906,1.000093228080145,1.000094855586963,698,-55,116.8138363105984,579.29725,0,1.890000104904175,0,0,7.087044492214914,6.994575000779827,5.437245610468513,6.613429003800055,6.88227509386641,4.752368215508064,3.777729371106338,4.601021577752424,4.60516019143131,4.597450493766623,4.677857159990133,4.615704485980364,4.603879375222872,3.979120771790322,6.361815730982731,966.0623971683922,6.873228425468479,213.4641986576302,5.363469130821235,621.4955558372698,6.432128760220887,834.5258797576993,6.726863754913049,136.9116069185085,4.919335512619431,142.8711761435435,405.4682446359766,6.005042558863741,2.48602291446249,-.6219008059621016,0
2017m3,1200.708333333333,4.400000095367432,1094.99169921875,230.8499959309896,749.1416829427084,115.0083312988281,45.2749989827474,803.7000122070313,5.599999904632568,112.8437999861089,107.6609183577504,119.8509237127833,84.32965389214893,99.51899719238281,99.0469970703125,99.99199676513672,96.90000152587891,.7900000214576721,49.33000183105469,.75,2.480000019073486,11.89782611183498,979.9916788736979,12596.60040283203,1.00544380391716,1.005443862615866,699,-56,116.7951379741716,582.1974166666666,0,1.730000019073486,0,0,7.090666939408468,6.998502061599722,5.441768131326788,6.618928128435546,6.887544080683363,4.745004571815926,3.81275498130117,4.600509377898073,4.605200169059103,4.597228732290634,4.67769707764292,4.612235166473882,4.595594455373648,3.898532452364127,6.366809594109419,970.3605331914948,6.877667686142725,214.4232089530294,5.367951674051718,625.0612508736174,6.437849646332366,839.06889950369,6.732292824077215,136.3794655743694,4.915441188433777,142.8483068208537,407.5634003816381,6.010196504337641,2.490157561510395,-.7019769255339461,0
2017m4,1205.733317057292,4.400000095367432,1097.433349609375,231.5500081380208,749.9750162760416,115.9000040690104,45.50833129882813,827.2999877929688,5.699999809265137,113.0591989490489,107.5629543934091,120.2435411627571,84.21660854898779,99.72299957275391,99.08599853515625,100.0739974975586,97,.8999999761581421,51.06000137329102,.8100000023841858,2.299999952316284,13.13631584769801,981.5250244140625,12623.10021972656,.9992764501305762,.9992810392309799,700,-57,117.062313489318,583.5941666666666,0,1.489999949932098,0,0,7.094843222699342,7.000729413819921,5.444795868072608,6.620039894343567,6.889107509483256,4.752727785453647,3.817895414663894,4.602416382490603,4.604289824218128,4.600499259998482,4.679982021994424,4.610893750076093,4.595988145129646,3.93300143870897,6.369205821168015,970.6714356820651,6.877988033770393,215.2692899184713,5.371889755638511,623.7133479468174,6.435690884532539,838.4637165945189,6.731571308525604,137.6213149234011,4.924505818469286,143.1750804402409,407.608757663838,6.010307787044733,2.492426840208738,-.669414943781633,0
2017m5,1213.63330078125,4.400000095367432,1097.658365885417,229.6500040690104,752.2666829427084,115.7333374023438,44.84166463216146,914.7000122070313,6.300000190734863,113.0104502619377,106.7738216829153,120.4766986732502,84.05164987106953,99.80300140380859,96.45600128173828,100.0319976806641,97.09999847412109,.9100000262260437,48.47999954223633,.8999999761581421,2.299999952316284,10.86227278275923,981.9166870117188,12633.80041503906,1.000648324782065,1.000644996758921,701,-58,117.0333445483054,582.3646666666667,0,1.399999976158142,0,0,7.101373867325997,7.000934431473846,5.436556428490115,6.623090892655677,6.889506464645074,4.751288729276585,3.803137721336507,4.601985111083434,4.596926306947855,4.602436426425073,4.679734525382114,4.608933086403554,4.569086959103331,3.881151332318739,6.3670968265439,971.2892598350365,6.878624322831487,215.0808133017837,5.371013833326292,624.4084468009552,6.436804716418058,839.0059181863622,6.732217760299732,137.693117957675,4.925027425964763,143.1396494775672,406.8507005516559,6.008446289032928,2.499388756242563,-.7208337787646948,0
2017m6,1215.325032552083,4.300000190734863,1102.100016276042,230.9499918619792,754.183349609375,116.9583333333333,44.40833536783854,874.2000122070313,6,113.1056814622738,106.6564735519062,120.7159024076783,83.82723937266766,99.93699645996094,95.97799682617188,99.84100341796875,95,1.039999961853027,45.18000030517578,1,2.190000057220459,10.5136363289573,985.1333414713541,12692.30017089844,1.002009279941007,1.002012705524886,702,-59,117.1810830108725,584.4760833333333,0,1.190000057220459,0,0,7.102766836502261,7.004972744465704,5.44220120163946,6.625635507690311,6.892777004062256,4.761817746013937,3.793427185328326,4.602827432285734,4.595826667904533,4.60441993513787,4.680996091406898,4.606259603953468,4.564118965470188,3.810654517794522,6.37071586191128,974.3984581743982,6.881820314621046,216.5363096779899,5.377758245518958,624.758904640723,6.437365822739895,840.693152989506,6.73422673369213,139.5230645892751,4.9382299251522,143.3203435509342,407.8109700634496,6.010803758375523,2.499939404216527,-.7921729144912115,0
2017m7,1219.225016276042,4.300000190734863,1105.274983723958,230.25,757.2999674479166,117.7166646321615,43.67499796549479,882.0999755859375,6,113.1476316277261,106.6812376461872,120.837914469342,83.53416476868253,100.0100021362305,94.99500274658203,100.0110015869141,93.40000152587891,1.149999976158142,46.63000106811523,1.090000033378601,2.319999933242798,10.26449999809265,987.5499674479166,12739.19982910156,1.001623533368762,1.001622642497536,703,-60,117.2781865662298,584.5736666666667,0,1.229999899864197,0,0,7.105970703320994,7.007849437041651,5.439165675135416,6.62975943313538,6.8952270954424,4.768280589903753,3.776775809437287,4.603198257051658,4.596058826525277,4.605430161957035,4.681824410637649,4.602757304184148,4.553824287549414,3.84224413372641,6.370882806617542,976.8432337678005,6.884326182431069,215.8298920037221,5.374490560394171,626.7072472854143,6.440479521365798,842.0576719015208,6.735848505841522,140.9203826459927,4.948195068811336,143.4391077281908,407.5413434489578,6.010142383851035,2.502772446269335,-.7609541233252477,0
2017m8,1223.458333333333,4.400000095367432,1107.88330078125,232.4000040690104,758.5333658854166,116.9583333333333,44.5,902.4000244140625,6.099999904632568,113.401581495289,107.2765861854137,121.0746941841132,83.32900935161931,100.1179962158203,97.97899627685547,100.0749969482422,96.80000305175781,1.159999966621399,48.04000091552734,1.029999971389771,2.210000038146973,11.97565215566884,990.9333699544271,12760.599609375,1.000620554462148,1.000617929115682,704,-61,117.6071610528519,587.9254166666667,0,1.180000066757202,0,0,7.109436826997015,7.010206537555598,5.448460042486406,6.631386787122888,6.898647296907572,4.761817746013937,3.795489189172195,4.605440153815959,4.601623942725144,4.607387726647045,4.684625561965849,4.600298337170991,4.584753131994408,3.872034016269388,6.37660009744982,976.9557762536797,6.884441386180714,216.6362785513487,5.378219811545295,626.5003360090644,6.440149310663297,842.5791091999138,6.736467555978495,140.3572828278925,4.944191191934677,143.8414656449357,408.7315253849862,6.013058523355114,2.503996673181056,-.733406137546571,0
2017m9,1230.341634114583,4.300000190734863,1118.108317057292,236.9083251953125,761.4249674479166,119.7750040690104,48.03333536783854,864.5999755859375,5.900000095367432,113.8244564620856,108.6104632610493,121.339262565293,83.04179304544027,100.2399978637695,104.3010025024414,100.1330032348633,95.09999847412109,1.149999976158142,49.81999969482422,1.049999952316284,2.200000047683716,10.43799996376038,998.3332926432291,12840.89978027344,1.00286569057011,1.002856064087508,705,-62,118.1474024658294,594.3716666666667,0,1.150000095367432,0,0,7.115047161113377,7.019393533688658,5.467673252781594,6.635191634910527,6.906087181123405,4.785615016741303,3.871895256693477,4.609162222455626,4.613981275441548,4.609570509270397,4.68920865338558,4.596845608839166,4.64728097368097,3.908416503708467,6.387504825152138,982.3093839501249,6.889906313674108,218.1266132949774,5.385075689124079,627.5173850164053,6.441771375827583,844.9896246614196,6.739324348774597,144.234607269944,4.971441190993869,144.5022172177916,411.3235617491172,6.019380159637699,2.505884938657752,-.7007457187471591,0
2017m10,1235.524983723958,4.199999809265137,1120.625,235.4833374023438,764.5499674479166,120.5916646321615,47.18333435058594,887.7000122070313,6,113.9729686973055,108.2304268171732,121.6461084299938,83.29300349945451,100.4860000610352,102.004997253418,100.2509994506836,100.6999969482422,1.149999976158142,51.58000183105469,1.090000033378601,2.359999895095825,10.12545451250943,1000.03330485026,12881.29998779297,1.000603805949232,1.000599342097481,706,-63,118.2774371792197,594.59925,0,1.269999861717224,0,0,7.119251246773349,7.021641844359397,5.461640156823106,6.639287382877371,6.907788583277803,4.79241016608492,3.854040744449374,4.61046612004057,4.610476061707649,4.61209614302813,4.690308662392226,4.599866151145758,4.625021804764737,3.943134035952514,6.387887649211033,983.2375279933312,6.890850726759902,217.5759112547258,5.382547806899489,628.5034328803933,6.443341490036695,845.4979484675185,6.739925741922348,144.7800650302534,4.975215798030893,144.6612584155497,411.0286724397016,6.018662974689946,2.508785126732779,-.6673320840880566,0
2017m11,1239.183349609375,4.199999809265137,1128.38330078125,238.0749918619792,768.058349609375,122.25,48.13333129882813,831.9000244140625,5.599999904632568,114.1362283618236,108.5297150650704,121.8538920769304,83.05351602959968,100.5350036621094,104.6569976806641,100.1350021362305,98.5,1.159999966621399,56.63999938964844,1.25,2.349999904632568,10.54047616322835,1006.133341471354,12962.99963378906,1.004134700379981,1.004133685691212,707,-64,118.5089708868419,598.9633333333334,0,1.099999904632568,0,0,7.122207852609368,7.028541179994274,5.472585715897516,6.643865706315512,6.913869888070403,4.806068128354982,3.873974895522502,4.611897537050483,4.613237532847952,4.613802785302767,4.692264296444916,4.596986768565399,4.650688314125796,4.036715438609483,6.39520038310885,988.6285160958352,6.896318645384866,219.363878104018,5.390731894833595,630.3108883255645,6.446213171200198,848.993400197576,6.744051412662259,147.1942499778468,4.991753142881313,144.9444397078488,413.2365025803051,6.024020074535075,2.510310315558884,-.5751820984410001,0
2017m12,1243.233317057292,4.099999904632568,1138.841634114583,241.0833333333333,774,123.75,50.85833231608073,748,5,114.3017455507092,108.5458630615402,122.1462491245187,82.88604665262166,100.6829986572266,104.9079971313477,100.1940002441406,95.90000152587891,1.299999952316284,57.88000106811523,1.340000033378601,2.400000095367432,10.26450004577637,1015.083333333333,13055.79962158203,1.007015605008547,1.007018510794484,708,-65,118.7300240596803,604.4501666666666,0,1.060000061988831,0,0,7.125470778689043,7.037766914372567,5.485142655188135,6.651571873589727,6.922725989911958,4.818263401448799,3.929043969760759,4.613346658796887,4.613386310491563,4.616199154305308,4.694127845368325,4.594968329669596,4.653083748257632,4.058371920217243,6.404319229380723,996.3466687473672,6.904095258016755,222.102737528238,5.403140056480604,633.6666132178699,6.451522969471873,854.9508360438772,6.751043965580406,149.3013661498908,5.005966854870935,145.2148026014167,416.245558881316,6.03127537188354,2.512124119892156,-.5549747385796442,0
2018m1,1255.38330078125,4,1141.941650390625,242.2416585286458,776.5166829427084,123.1833292643229,51.00833129882813,854.7000122070313,5.699999809265137,114.7302859522216,109.2747077282455,122.4977964923975,83.16990897150714,101.0070037841797,106.6210021972656,100.4789962768555,95.69999694824219,1.409999966621399,63.70000076293945,1.429999947547913,2.579999923706055,11.06238101777576,1018.758341471354,13091.19982910156,.9998317704257697,.999833341327151,709,-66,119.1798302522764,604.7821666666666,0,1.149999976158142,0,0,7.135196223884215,7.040485294681726,5.489935816859752,6.654818127152162,6.926339852468893,4.813673727530635,3.931988978183282,4.617088850653692,4.620078491897455,4.619073106205198,4.697909166069439,4.598387208496528,4.669280511062177,4.154184574555189,6.404868338099023,995.3271195246357,6.903071446469109,221.6813602751288,5.401241036746329,633.9025722727192,6.451895271134418,854.8076795502024,6.750876507436225,148.1104533930942,4.997958302125838,145.7649458190573,414.9023369565151,6.028043159900725,2.518107373230523,-.4629042760985032,0
2018m2,1261,4.099999904632568,1144.891682942708,242.2416585286458,778.433349609375,124.2249959309896,48.35833231608073,885.2000122070313,5.800000190734863,114.9763042111825,109.5879920015672,122.8312236220808,82.93126478988611,101.197998046875,108.1309967041016,100.3160018920898,99.69999694824219,1.419999957084656,62.22999954223633,1.590000033378601,2.859999895095825,22.46473663731625,1020.675008138021,13158.40020751953,.9991273897702695,.9991274580813857,710,-67,119.5083323393399,604.7350833333334,0,1.269999861717224,0,0,7.13966033596492,7.043065311463437,5.489935816859752,6.657283373748188,6.928219460087666,4.822094404733218,3.878638540372837,4.619230873247403,4.622941332278002,4.621791311616246,4.700661730678489,4.595513726745353,4.68334342456133,4.13083719122513,6.404790483346051,995.7631625033196,6.903509440657109,221.0476294931854,5.398378196365782,633.7422413086177,6.451642312319396,854.0617948210075,6.750003550445948,149.7927183984531,5.009252461079597,146.1667259593788,413.7296497298539,6.025212740538702,2.520429462717517,-.4883936820222736,0
2018m3,1266.88330078125,4,1149.433349609375,241.6666666666667,784.3416341145834,123.4249979654948,50.7749989827474,900.7999877929688,5.900000095367432,115.0987467971914,109.2779356848135,123.156189724977,82.82156704547131,101.4189987182617,105.931999206543,100.359001159668,101.4000015258789,1.509999990463257,62.72999954223633,1.730000019073486,2.839999914169312,19.02380975087484,1026.00830078125,13183.90020751953,1.003873803500808,1.003869375399089,711,-68,119.6694833799417,608.74325,0,1.109999895095825,0,0,7.144315069355494,7.047024360451202,5.487559366186565,6.664844683234763,6.933431116128055,4.815633667661189,3.927404087431931,4.620295244173601,4.62010803129371,4.624433449175404,4.702009272585777,4.594190096141689,4.662797371332636,4.138839794811288,6.411396586039636,998.6497521425866,6.906404118718677,221.1486382426709,5.398835046676887,636.8674086670878,6.456561484246814,857.3683714533553,6.75386766457905,149.0251903803403,5.004115354611232,146.3638245175181,415.9110026037482,6.030471301325,2.524019825181893,-.4814554493623131,0
2018m4,1272.641682942708,4,1153.200032552083,242.4250081380208,787.5833333333334,123.2000020345052,51.8500010172526,919.9000244140625,6,115.3731008792495,109.8259162201532,123.3603511676355,82.97396583954358,101.6019973754883,107.6729965209961,100.4660034179688,98.80000305175781,1.690000057220459,66.25,1.789999961853027,2.869999885559082,18.26761904216948,1030.008341471354,13216.20037841797,1.001446691308729,1.001449307177499,712,-69,119.962326686678,611.2566666666667,0,1.079999923706055,0,0,7.148850084421259,7.05029599399186,5.49069241775984,6.668969185207056,6.937322179706767,4.81380906761326,3.94835495429468,4.622676048722321,4.625110058169338,4.626089820699983,4.704453384262221,4.596028491113401,4.679098824043093,4.193435464866331,6.415516947341739,999.5397746646615,6.907294947710614,220.7357029028231,5.396966071374535,638.4412218988248,6.459029614694527,858.6098402055572,6.755314616481317,148.4803104057379,5.00045235959159,146.7219915718722,416.6087579088243,6.032147550950659,2.526174035698938,-.4292405838559894,0
2018m5,1279.141682942708,3.799999952316284,1158.75,244.9416707356771,788.9083658854166,124.9000040690104,50.41666666666666,927.2999877929688,6,115.5715035380424,110.0207763769432,123.6394175827326,82.82324723339171,101.7799987792969,108.6129989624023,100.1969985961914,98,1.700000047683716,69.98000335693359,1.899999976158142,2.980000019073486,14.12454548749057,1033.850036621094,13300,1.001579017997717,1.001579821535887,713,-70,120.2198810266806,615.3050833333333,0,1.080000042915344,0,0,7.153944571786606,7.055097116880065,5.501020103569622,6.670650174538943,6.941045012268836,4.827513449709677,3.920321808242841,4.624394233116393,4.626882749907531,4.628349470862831,4.706598043029199,4.594210382776411,4.687791096123259,4.24820953490944,6.422118215264948,1002.626049265317,6.910377886204747,222.6321962103596,5.405521065446123,638.0718878407231,6.458450953863566,859.9659455590794,6.756892790276408,150.8030755145938,5.015974850024998,147.0369978471494,418.4695636760528,6.03660416010689,2.529550338670213,-.3761846982069521,0
2018m6,1285.475016276042,4,1160.86669921875,243.0749918619792,793.8583170572916,123.9333292643229,51.375,972.5999755859375,6.300000190734863,115.671267086151,110.0110842936094,123.8737824946517,82.50672027254053,101.8720016479492,108.6480026245117,100.2689971923828,98.19999694824219,1.820000052452087,67.87000274658203,1.940000057220459,2.910000085830688,13.67809531802223,1036.933308919271,13313.900390625,1.001554521648989,1.001550258651038,714,-71,120.3915206481317,616.6570833333334,0,.9700000286102295,0,0,7.15888359149261,7.056922159618363,5.493370004216255,6.676905003331133,6.944022894608192,4.819743753786981,3.939151672816399,4.625257080019921,4.626794652817313,4.630243228301935,4.708024738932804,4.590381344975741,4.688113322957864,4.217594151183945,6.424313088742965,1003.591236148685,6.911340082039517,220.9550005099801,5.397959063182975,640.8606414287595,6.462812025216652,861.3009482203618,6.75844397671216,150.2099815081,5.012034191902972,147.2469246448992,418.7911461108366,6.037372337681303,2.533626511472689,-.4076629288359763,0
2018m7,1292.399983723958,3.799999952316284,1164.566650390625,243.8583374023438,796.3250325520834,124.3833312988281,50.71666463216146,1004.299987792969,6.5,115.7937096721599,109.8151481512967,124.1165992165532,82.57454747843721,102.0059967041016,108.109001159668,100.4069976806641,97.90000152587891,1.909999966621399,70.98000335693359,1.990000009536743,2.890000104904175,13.14761906578427,1040.183369954427,13366.19982910156,1.002048900949167,1.002051495100849,715,-72,120.5217704077808,619.4670833333333,0,.9000000953674316,0,0,7.164256221356687,7.060104322886717,5.496587472272183,6.680007434851279,6.947152293857228,4.823368178552552,3.926254547559749,4.62631505949608,4.625012006660655,4.632201504246534,4.70910603894551,4.59120308823756,4.683139988150613,4.262398194512427,6.428859565409473,1005.725314171034,6.913464265831713,222.0625674213638,5.40295917739556,641.5943053375888,6.463956180792199,863.0667857226179,6.76049207594849,150.6315627479624,5.014836873406723,147.4062288586912,420.244848626564,6.040837514335105,2.537941161860607,-.3639168649836533,0
2018m8,1297.899983723958,3.799999952316284,1167.833333333333,244.0916748046875,798.99169921875,124.75,51.65833536783854,1027.5,6.599999904632568,115.8742020927164,109.7946962127363,124.3014330195902,82.35515837815484,102.015998840332,109.447998046875,100.4960021972656,96.19999694824219,1.909999966621399,68.05999755859375,2.069999933242798,2.890000104904175,12.546956518422,1043.083374023438,13394.09997558594,1.001689711645605,1.001689497345831,716,-73,120.6539245426834,620.9430833333333,0,.820000171661377,0,0,7.168502840153423,7.062905459142478,5.497543871142118,6.683350556749543,6.949936388549469,4.826311734631628,3.944651564303745,4.627009954384046,4.624825749631252,4.633689591367113,4.710201954917943,4.588542691451661,4.695449532772581,4.220389633201377,6.431239424485613,1007.845846825245,6.915570507199509,222.3164535486666,5.404101833294899,642.7855896824833,6.465811215569884,864.5250272438748,6.7621802546683,151.4780645884723,5.020440826271699,147.5678622514646,420.7847656390173,6.042121457438812,2.541492885769378,-.4066203211826682,0
2018m9,1300.466634114583,3.700000047683716,1168.149983723958,244.7583414713542,799.625,123.7666625976563,51.625,1053.699951171875,6.800000190734863,116.1122800935566,110.2134845626879,124.5732458093263,82.1650799325446,102.2050018310547,110.0770034790039,100.7060012817383,100.0999984741211,1.950000047683716,70.23000335693359,2.170000076293945,3,12.91052632582815,1044.383341471354,13398.2998046875,.9986820691967672,.9986819783781127,717,-74,120.9637196690736,620.5328333333333,0,.8299999237060547,0,0,7.170478428361643,7.063176565866788,5.500271362428851,6.684142867770301,6.951181886363942,4.81839803963846,3.944006051281197,4.629062471256393,4.628632779481539,4.635873926865529,4.712766298239514,4.586231990566026,4.701180152511873,4.251775617970067,6.430578517561161,1006.052058217038,6.91378909705147,222.0765838613324,5.403022294731344,641.8914388920382,6.464419191092226,863.3856038228034,6.760861409161199,150.6317071671633,5.014837832164165,147.946762521063,419.429815671018,6.038896207192788,2.54141595710525,-.3772868532863258,0
2018m10,1305.850016276042,3.799999952316284,1173.591634114583,246.5,803.4249674479166,123.6583353678385,52.79166666666666,1053.699951171875,6.699999809265137,116.3129489262358,110.444944654508,124.796744108411,82.20695047106273,102.3659973144531,111.068000793457,100.6110000610352,98.59999847412109,2.190000057220459,70.75,2.289999961853027,3.150000095367432,19.35217363938041,1049.924967447917,13449.599609375,1.003433891866214,1.003433779385474,718,-75,121.1894234274992,624.0278333333333,0,.8600001335144043,0,0,7.174609461186424,7.067824098407475,5.507361993482744,6.688883798673956,6.956473981024799,4.817522402676714,3.966353349973193,4.630789210503982,4.630730684171001,4.637666430919458,4.714630439426367,4.586741451200186,4.710142633498327,4.259152536523347,6.436194972075522,1008.994823834155,6.916709890344569,223.1881239753409,5.408015021095776,643.7868016412198,6.467367617941952,866.3503280680496,6.764289362635204,150.4232119781246,5.01345273456826,148.2228133935002,421.0066042105619,6.042648520520297,2.543820250682442,-.3716366739806354,0
2018m11,1309.808349609375,3.799999952316284,1180.24169921875,248.0250040690104,805.5916341145834,126.6333312988281,51.82500203450521,1021.299987792969,6.5,116.3526242682832,109.7161082014327,125.0939307617035,82.28817446049199,102.5559997558594,107.4440002441406,100.8259963989258,97.5,2.200000047683716,56.95999908447266,2.369999885559082,3.119999885559082,19.38904762268066,1053.616638183594,13541.00036621094,1.003242297921861,1.00326255031937,719,-76,121.2212779687515,626.5463333333333,0,.75,0,0,7.177636107484489,7.07347452633134,5.513529563941613,6.691576956686309,6.959983942050391,4.841295755459359,3.947872697579058,4.631130260895643,4.62410972096131,4.640044965401036,4.71489325407318,4.587729006254651,4.676969783876125,4.042349251030558,6.440222727440844,1014.366205009159,6.922019267876773,226.0607016917245,5.420803554764334,643.9893839847336,6.467682241472728,869.1680667276877,6.767536509013982,153.8900724546114,5.03623853229644,148.2617736392894,422.5946567034043,6.046413461238805,2.546505846588847,-.5887810098650847,0
2018m12,1327.083333333333,3.900000095367432,1170.966634114583,241.5583292643229,806.6416829427084,122.7750040690104,49.64166768391927,1338.900024414063,8.399999618530273,116.4331166888397,108.9129794655145,125.5022536470205,82.27812527570573,102.7350006103516,104.879997253418,101.0759963989258,98.30000305175781,2.269999980926514,49.52000045776367,2.410000085830688,2.829999923706055,24.95315772608707,1048.200012207031,13455.89959716797,.9940910067071599,.9940587668175802,720,-77,121.3168977255731,619.754,0,.4199998378753662,0,0,7.190738830652363,7.065584869694403,5.487110972973999,6.692879558444368,6.954829698013774,4.810353445067319,3.904830555338552,4.631821818921779,4.6167627356438,4.643303779956747,4.715681746536291,4.587606876938809,4.652816813267591,3.902376637620357,6.429322625109881,1005.698951823062,6.913438053213699,221.7902131130371,5.401731949114231,642.7308351062893,6.465726028675075,864.0181473961935,6.761593772514256,149.2194962605233,5.005418351220242,148.3787230311691,417.683874978363,6.034724866444732,2.558917011730585,-.729445181301422,0
2019m1,1328.924967447917,4,1173.716634114583,244.1166585286458,807.1083170572916,122.4916687011719,47.3999989827474,1332.5,8.399999618530273,116.3730371322971,108.3294749806672,125.5384941234114,82.58627046259662,102.870002746582,100.213996887207,101.3140029907227,91.19999694824219,2.400000095367432,51.38000106811523,2.420000076293945,2.710000038146973,19.57238079252697,1051.224975585938,13515.79962158203,1.003902243485801,1.003918025152531,721,-78,121.1931204982493,624.28275,0,.2899999618530273,0,0,7.192125599217193,7.067930603378986,5.497646219759601,6.693457881143162,6.957711406567145,4.808043017069277,3.858622207240005,4.631305685160791,4.611390803260247,4.643592501823332,4.714660945507297,4.591345046655122,4.60730786838818,3.939249012470278,6.436603390739297,1008.581251325648,6.91629992065927,225.3464798682092,5.417639128283386,642.9169974461053,6.466015629507283,867.3965743799153,6.76549628209662,148.3196516988238,4.999369753505887,148.2273351596116,421.165737971185,6.043026433103141,2.560819914056402,-.6920566726905131,0
2019m2,1333.433349609375,3.799999952316284,1176.450032552083,244.6999918619792,809.0166829427084,122.7333374023438,48.73333231608073,1353.699951171875,8.5,116.5861699213508,108.753643258232,125.7390333617918,82.53184004023252,102.9629974365234,102.0999984741211,101.6790008544922,93.80000305175781,2.400000095367432,54.95000076293945,2.440000057220459,2.680000066757202,15.234736844113,1053.716674804688,13532.60040283203,1.000234036144603,1.000234978870181,722,-79,121.4519009394602,627.0020833333333,0,.2400000095367432,0,0,7.195512360827674,7.07025673599654,5.500032937191491,6.695819538530303,6.960078883482343,4.81001401328413,3.886363237773712,4.633135472025328,4.615298696428702,4.645188659529625,4.716793942407802,4.590685755870242,4.625952710225675,4.006423694733879,6.440949863328091,1009.081980603461,6.916796266412287,225.0039488616919,5.41611795254682,643.4093386219268,6.466781129188132,867.5999853883973,6.765730762111314,148.7102884686853,5.002000040505619,148.5438410391072,422.0990106000168,6.045239908791432,2.562376888802346,-.6267117772914492,0
2019m3,1336.966634114583,3.799999952316284,1187.38330078125,248.0500081380208,813.9083658854166,125.4249979654948,50.36666870117188,1263.699951171875,7.900000095367432,116.8503262209206,109.5029398634977,125.9625224440717,82.22620555240138,103.0579986572266,105.556999206543,101.7529983520508,98.40000152587891,2.410000085830688,58.15000152587891,2.450000047683716,2.569999933242798,14.48523807525635,1061.958374023438,13644.19958496094,1.004842549368952,1.004840284144321,723,-80,121.8121000926949,633.0055,0,.119999885559082,0,0,7.19815862100489,7.07950725805337,5.513630371555043,6.701847787043429,6.967870005198903,4.831707954149426,3.919329621004466,4.635398669226172,4.622164922760565,4.646964485986451,4.719755329336786,4.586975650699755,4.659251083858407,4.063025905205067,6.450479110889999,1016.157454739449,6.923783591268274,226.5236060759929,5.42284916057851,646.1512123550858,6.471033551244432,871.8003984951603,6.770560496898889,152.5365266740462,5.027404086541402,148.9843888226053,424.880422037852,6.051807769424355,2.562759951778719,-.5723727640211047,0
2019m4,1337.966634114583,3.700000047683716,1190.833333333333,250.1833292643229,815.933349609375,124.7166646321615,51.2250010172526,1225.400024414063,7.599999904632568,117.1802361612675,110.1650405732785,126.3140698119505,81.95155551861556,103.2649993896484,109.2119979858398,101.2379989624023,97.19999694824219,2.420000076293945,63.86000061035156,2.430000066757202,2.529999971389771,12.94904758816674,1066.116678873698,13675.29998779297,1.000363096628767,1.000361446937832,724,-81,122.2447932566412,635.4980833333333,0,.0999999046325684,0,0,7.198906303243145,7.082408621135913,5.522193966173961,6.704332672227888,6.97177805358942,4.82604448154524,3.936227713983482,4.638218045939396,4.628193136007568,4.649751487287562,4.723301171548922,4.583629883426521,4.693290928940556,4.156693196844286,6.454409074627058,1016.240769215098,6.923865577637592,227.0986584876791,5.425384541950424,645.9560291455199,6.470731435127779,872.116227179908,6.77092270307727,152.1834013313288,5.02508638121045,149.5136016555604,425.0436591029035,6.052191890949278,2.56068825730375,-.4815248490951092,0
2019m5,1338.791666666667,3.599999904632568,1196.108317057292,250.9416707356771,818.0416666666666,127.125,50.26666768391927,1166.699951171875,7.300000190734863,117.2652609295966,110.1284324246184,126.4699167639577,81.92057106457025,103.3710021972656,108.370002746582,101.4609985351563,100,2.390000104904175,60.83000183105469,2.400000095367432,2.400000095367432,16.72181805697354,1068.983337402344,13750.09979248047,1.001821011315598,1.001821577895616,725,-82,122.3506580952026,637.0674166666666,0,0,0,0,7.199522744838166,7.08682849651113,5.52522052461836,6.706913272550803,6.974463323815018,4.845170854368724,3.917342187142867,4.638943372491723,4.627860778008042,4.65098453194252,4.724166803714907,4.583251729373595,4.68555132327939,4.108083118433792,6.456875484613621,1020.002264588323,6.927560126460483,227.862746441473,5.428743458394351,646.8270776151866,6.472078990795738,873.704607759898,6.772742341136883,155.1808029997732,5.04459090808686,149.6430814712673,425.72460444086,6.053792668769856,2.560579372346443,-.5308602540579308,0
2019m6,1341.975016276042,3.599999904632568,1200.725016276042,251.4083251953125,821.683349609375,127.625,48.66666666666666,1142.300048828125,7.099999904632568,117.3208167878853,109.5072520192182,126.7139408872852,82.18517830211708,103.5599975585938,105.5660018920898,101.3970031738281,98.19999694824219,2.380000114440918,54.65999984741211,2.220000028610229,2.069999933242798,15.83599987030029,1073.091674804688,13824.7001953125,1.003690198415038,1.003697031240597,726,-83,122.3688949426407,638.4726666666667,0,-.1500000953674316,0,0,7.20189770057446,7.090680833562733,5.527078410943219,6.711355101386791,6.978299176823301,4.84909627648483,3.884994333040227,4.639417022589528,4.622204301345498,4.652912176154544,4.724315846545736,4.586476570281185,4.659336367655108,4.00113217770834,6.459078865890132,1023.454361425849,6.930938813414281,229.5814391828506,5.436257821381752,648.4553663596337,6.474593175419701,876.9317360491724,6.776429151314336,155.2895578456297,5.045291489295376,149.6653863618944,426.6000858226664,6.055847007215538,2.562480677984931,-.6382848448811886,0
2019m7,1345.416666666667,3.700000047683716,1208,253.0166625976563,826.808349609375,128.1749979654948,49.60833231608073,1093.5,6.800000190734863,117.4772692812259,109.842064216623,126.978509268465,81.6216317742318,103.6780014038086,106.5250015258789,101.3479995727539,98.40000152587891,2.400000095367432,57.34999847412109,2.150000095367432,2.059999942779541,13.30590907010165,1079.825012207031,13900.70001220703,1.003950500081535,1.003950640801564,727,-84,122.6521780130267,643.4185,0,-.0900001525878906,0,0,7.204459033404375,7.09672137849476,5.533455346628629,6.717572926461719,6.984554281256448,4.853396501796893,3.904158809865664,4.64074967839703,4.625257080019921,4.654997917980369,4.726628163549252,4.579595919214607,4.668379713710115,4.049172816968947,6.466795367888599,1028.284030937253,6.935646702538806,230.3458737798974,5.43958197839274,651.1403814493452,6.478725258668805,880.3961166448624,6.780371938743967,157.0355740008129,5.056472365674018,150.0118606043804,428.9117523159446,6.061251192210488,2.563709355007346,-.5915768614280825,0
2019m8,1353.200032552083,3.599999904632568,1213.183349609375,253.3666585286458,831.3999837239584,128.4166666666667,49.39166768391927,1122.599975585938,6.900000095367432,117.5316834030528,109.6708921685913,127.16092826865,81.4784452652592,103.7969970703125,105.0999984741211,101.3600006103516,89.80000305175781,2.130000114440918,54.81000137329102,1.990000009536743,1.629999995231628,18.97909090735696,1084.766642252604,13965.50018310547,1.003838647879218,1.003838022517247,728,-85,122.7423479497034,644.11925,0,-.3600000143051147,0,0,7.210227460962186,7.101003051362659,5.534837682784344,6.723111007241869,6.989120166577463,4.855280185532115,3.899781739601424,4.641212759672682,4.623697517563612,4.656433500220431,4.727363061284898,4.577840107097811,4.654912263364552,4.003872684113507,6.467883879769809,1032.21813427873,6.939465294131053,231.02452575945,5.442523877004764,653.8171709217778,6.482827757208892,883.7753720477252,6.784202926329337,157.6081456250135,5.060111861526035,150.1221444997875,429.0634483981221,6.061604806356053,2.569014701289505,-.637340075559174,0
2019m9,1356.891682942708,3.5,1215.88330078125,251.6083374023438,834.816650390625,129.4583333333333,49.15833536783854,1135.699951171875,7,117.6031111280642,109.501863877975,127.3300566363437,81.50021743420484,103.8730010986328,104.6959991455078,101.5370025634766,93.19999694824219,2.039999961853027,56.95000076293945,1.929999947547913,1.700000047683716,15.55899987220764,1086.424987792969,14000.69958496094,1.000868786487564,1.000864583359368,729,-86,122.8235419681906,644.4616666666667,0,-.2299998998641968,0,0,7.212951835678267,7.103226088168459,5.527873661806438,6.727212120369047,6.990647757085734,4.863359079045102,3.89504642260781,4.641820306738192,4.622155096624295,4.657762650584291,4.728024342226425,4.578107285251252,4.651060904591529,4.042173703289845,6.468415342979139,1033.887019755125,6.941080783871342,229.7753923921579,5.437102276966175,655.6320419890116,6.48559971997221,884.5413268364596,6.78506923589608,158.8441569960781,5.067923576885581,150.2214502437256,429.0077519695523,6.061474988623855,2.571131528940075,-.5996466034483472,0
2019m10,1361.066650390625,3.599999904632568,1218.11669921875,252.8333333333333,837.63330078125,127.6500040690104,49.44166564941406,1154.199951171875,7.099999904632568,117.8117115693453,109.7785482162665,127.570458555393,81.4709067795327,104.0279998779297,105.6500015258789,101.6809997558594,95.5,1.830000042915344,53.95999908447266,1.679999947547913,1.710000038146973,15.46652176069177,1090.466634114583,14024.10040283203,1.001680764081824,1.001680667337339,730,-87,123.0736102283366,648.1173333333334,0,.0300000905990601,0,0,7.216023973084008,7.105061255846612,5.532730510120477,6.730580416145739,6.994360988304799,4.849292175563798,3.900793502901793,4.643592501823332,4.624678664347333,4.659648892282515,4.730058268557985,4.577747581590502,4.660131758504838,3.988243014372777,6.474071749919936,1033.952128351648,6.941143756464355,230.3121488136692,5.439435557557176,656.6044445294024,6.487081774050679,886.0279893402466,6.786748540783585,156.6817028493893,5.054216377065028,150.5273005399888,430.5646424325238,6.065097469233092,2.572431471260676,-.6553494874505552,0
2019m11,1366.683268229167,3.599999904632568,1225.916666666667,253.8333333333333,842.2999674479166,129.7833353678385,50.48333231608073,1127.599975585938,6.900000095367432,117.933021068411,110.0293924747544,127.7311351131045,81.23895779540435,104.0920028686523,106.8000030517578,101.7819976806641,96.80000305175781,1.549999952316284,57.02999877929688,1.570000052452087,1.809999942779541,12.52349996566772,1096.13330078125,14105.20001220703,1.003693741213004,1.003694222652011,731,-88,123.2578563603707,649.6689166666666,0,.2399998903274536,0,0,7.220142111435266,7.111444142462211,5.536677883667107,6.736136206674655,6.999544084912675,4.865866409031052,3.92164322865487,4.644621661698216,4.626961060211591,4.660907612031319,4.731554189228975,4.574896505021132,4.670957955100605,4.043577423763868,6.476462874147974,1039.502469758264,6.946497483205071,230.6959328086574,5.441100535239548,659.4319910349732,6.491378844830791,889.3009607245398,6.790435716720472,159.75504719631,5.073641687101651,150.7526459478188,430.9502580084342,6.065992672790141,2.575520449737049,-.6010442379343477,0
2019m12,1363.174967447917,3.599999904632568,1231.233317057292,255.1166585286458,846.0833333333334,130.0333353678385,49.15833536783854,1020.099975585938,6.199999809265137,118.2538576636941,110.5547608868585,128.1467024069778,80.86549610167654,104.3219985961914,108.9079971313477,101.7900009155273,99.30000305175781,1.549999952316284,59.88000106811523,1.570000052452087,1.860000014305115,13.75666663760231,1101.199991861979,14184.89978027344,1.00101292458742,1.001013182085364,732,-89,123.7022779816282,652.0047499999999,0,.2899999618530273,0,0,7.217571792825401,7.115771642796363,5.541720924970393,6.740617857513223,7.004155765878314,4.867790843490529,3.89504642260781,4.647338466241697,4.631724497634417,4.664155784387903,4.735153329650466,4.570288829593514,4.690503462792222,4.092342577389023,6.480051847176189,1041.17814114685,6.948108178995742,230.7604453052291,5.441380139120009,660.2458880652888,6.492612323312773,890.2018700298511,6.791448257264619,160.8020004036587,5.080173796988746,151.2962034726642,430.9458763899533,6.065982505396865,2.570233326583704,-.554995888852674,0
2020m1,1379.716634114583,3.599999904632568,1237.024983723958,254.6166585286458,854.0499674479166,128.3583374023438,47.33333333333334,1160.699951171875,7,118.3808325974755,110.3545125888253,128.4112707881575,80.88140997281609,104.4879989624023,107.2699966430664,102.1869964599609,99.80000305175781,1.549999952316284,57.52000045776367,1.549999952316284,1.759999990463257,13.94095243726458,1108.666625976563,14276.2998046875,1.005607267041248,1.00560210909387,733,-90,123.8469120778634,652.5920833333333,0,.2100000381469727,0,0,7.229633419468471,7.120464569216791,5.539759114181767,6.749989701969107,7.010913334382924,4.854825863542811,3.857214768933151,4.648411638952154,4.629911551081923,4.666218230326865,4.736321857914752,4.570485604562225,4.675348989315093,4.05213272137113,6.480952253122314,1044.953778902834,6.951727932705713,230.7260958845727,5.441231274883877,665.0895690120992,6.499921721829696,895.1911738255824,6.797037297504945,158.6994309885108,5.067012042072317,151.4731006972759,430.8303456714474,6.065714383078703,2.581221780516318,-.5962789175810235,0
2020m2,1386.474934895833,3.5,1236.149983723958,254.5250040690104,852.8250325520834,128.8083292643229,47.55833435058594,1253.800048828125,7.5,118.5191470502071,110.061688467694,128.6516819240117,81.22639791155835,104.6839981079102,105.3320007324219,102.5719985961914,101,1.580000042915344,50.54000091552734,1.539999961853027,1.5,19.62894735838238,1107.350036621094,14263.09979248047,.9979813109583305,.9979857908861973,734,-91,123.9497769508832,655.8780833333333,0,-.0399999618530273,0,0,7.234519786923317,7.119756976710781,5.539399078979942,6.748554406348606,7.009725085636783,4.85832547978062,3.861957049144238,4.649579342458534,4.627254538648182,4.668088676483411,4.737152094019453,4.574741888871537,4.657117273564299,3.922765120074954,6.485974923094866,1042.996017512934,6.949852636693324,231.2566776074132,5.443528252115792,662.8945846629551,6.496615980052649,893.3860664064739,6.795018812654103,158.579393616067,5.066255374000815,151.5989113534135,432.640364945843,6.069906816946555,2.584940444464784,-.7268142223835796,0
2020m3,1364.174967447917,4.400000095367432,1150.875,261.1999918619792,778.0833333333334,111.5916646321615,41.18333435058594,2032.199951171875,12.39999961853027,118.1915032837465,108.8063994033619,128.6565115297159,80.97686764546449,104.5960006713867,99.06999969482422,102.995002746582,89.09999847412109,.6499999761581421,29.20999908447266,.300000011920929,.8700000047683716,57.7368184002963,1039.283325195313,13316.29998779297,.9409714623611023,.941226822474227,735,-92,123.6116520848055,597.9843333333333,0,.5699999928474426,0,0,7.218305105431911,7.04827780160801,5.565286366245994,6.656833630695925,6.946286644200595,4.714846357481825,3.718033668467098,4.646811034608924,4.615783676533675,4.668126215946417,4.734420448159684,4.571665126365129,4.595826667904533,3.374511085056707,6.393564555168204,973.7375090636201,6.881141769440162,240.0594021071049,5.48088640149635,604.7757117630374,6.404857664936962,840.76485320518,6.734312017077683,137.8068427155464,4.925853014208427,151.1853619073406,395.5305763661364,5.980228094879663,2.571494070822987,-1.272299949552217,0
2020m4,1559.566731770833,14.80000019073486,1019.533365885417,227.7833251953125,694.2333170572916,97.52500406901042,34.73333231608073,5981.60009765625,32,117.6983423284003,107.7513504234332,128.4124781895836,80.39573983561374,104.2559967041016,90.18900299072266,105.2279968261719,71.80000305175781,.0500000007450581,16.54999923706055,.1400000005960464,.6600000262260437,41.45380964733305,922.0166422526041,11817.60040283203,.8906009377076261,.8905813028244748,736,-93,123.1362294738644,489.9123333333333,0,.5200000256299973,0,0,7.352163325623447,6.927100317174328,5.428394849015675,6.542808095732234,6.826563273559206,4.580108797115462,3.547699811363653,4.642629746749181,4.606039787633356,4.666227632895209,4.730566934230761,4.564462784765461,4.501907501573025,2.80638605572401,6.194226463533464,866.225764710202,6.764145572866222,211.3971883416651,5.35373877316635,540.6276141111072,6.292730713024478,748.7777124508279,6.618442160365217,121.3061839699729,4.798317795441731,150.6038880876658,325.2985959088636,5.784743517173844,2.709533578874266,-1.836243691025171,0
2020m5,1481.708333333333,13.19999980926514,1104.308349609375,246.0833333333333,731.316650390625,126.9083353678385,36.69166564941406,4047.300048828125,22.79999923706055,117.8083123085159,107.4305342514529,128.7217480739413,80.39992433404666,104.370002746582,88.53199768066406,106.0390014648438,72.30000305175781,.0500000007450581,28.55999946594238,.1299999952316284,.6700000166893005,30.89700002670288,977.3999837239584,12811.40020751953,1.05892624485305,1.058958950217286,737,-94,123.2670491508634,555.9418333333333,0,.5400000214576721,0,0,7.300950980369308,7.006974490021852,5.505670231955922,6.594846540225871,6.884895968183669,4.843465057100942,3.602549635249358,4.643563648071654,4.603057971481229,4.668633147228981,4.731628768229241,4.564514832169295,4.483364042382085,3.352007118771887,6.32066367247096,937.3772766707814,6.843085844391274,229.0627474283507,5.433995972258726,568.1376001594826,6.342363643184344,792.9126157045779,6.675713020991199,157.8463368206146,5.061622008023378,150.7638893486968,368.749994269194,5.910118892112861,2.657387332297653,-1.291556529299767,0
2020m6,1480.441731770833,11,1170.066650390625,258.5666707356771,772,139.5,39.91666666666666,3260.5,18.39999961853027,118.1699659823081,108.4457471261536,128.9959756665294,80.12694809963399,104.5309982299805,92.29100036621094,106.4690017700195,78.09999847412109,.0799999982118607,38.31000137329102,.1599999964237213,.7300000190734863,31.11954550309615,1030.566670735677,13561.7998046875,1.050223228090756,1.050240388290999,738,-95,123.7558101708326,605.89575,0,.570000022649765,0,0,7.300095789638348,7.064815992315125,5.555153574565511,6.648984550024776,6.937864095700777,4.93806460126142,3.686793947622915,4.646628794233072,4.612463547234458,4.670761271690925,4.735585986270737,4.561113825304874,4.524946632596905,3.64571099455936,6.406707941567538,990.1556970624856,6.89786220052313,238.4295166825581,5.474073739115084,598.4682824491485,6.394373528521306,832.7420501009871,6.724723930466812,174.0987312115501,5.159622559048278,151.3616769394617,400.2966683847806,5.992205943167941,2.653466995405276,-1.000917799673712,0
2020m7,1498.091634114583,10.19999980926514,1191.983317057292,262.5916748046875,785.1416829427084,144.25,41.9250005086263,3206.800048828125,17.79999923706055,118.5452253489367,108.7988592910734,129.337854606195,80.62685192005551,104.9000015258789,94.47699737548828,105.5660018920898,72.5,.0900000035762787,40.70999908447266,.1299999952316284,.6200000047683716,26.84045462174849,1047.733357747396,13800.69979858398,1.013816500436197,1.013816734797514,739,-96,124.1025971735548,619.9045833333333,0,.4900000095367432,0,0,7.311947333177314,7.083373851770048,5.5706002584137,6.665864189321547,6.95438440287793,4.971547905388209,3.735882319841087,4.649799352733134,4.615714375705775,4.673408072838821,4.738384255110799,4.567333341506856,4.5483563908537,3.706473740025884,6.429565568346185,1005.509343416152,6.913249501477989,241.3551727616618,5.486269594491957,607.0470902221863,6.408606366670179,844.247728580703,6.738445968803903,178.9106191855651,5.186886346973083,151.7858207610761,408.4074389986114,6.012265301106528,2.66214798044418,-.9433256127072505,0
2020m8,1444.099934895833,8.399999618530273,1204.575032552083,261.7083333333333,796.8333333333334,146.0333353678385,41.5249989827474,2406.199951171875,13.89999961853027,118.9114113705015,109.0238634697576,129.6326264566354,81.40140577426286,105.2350006103516,95.23600006103516,105.5609970092773,74.09999847412109,.1000000014901161,42.34000015258789,.1000000014901161,.6499999761581421,22.88952382405599,1058.541666666667,13956.60040283203,1.00807172806256,1.008071016133892,740,-97,124.3789181963231,621.8313333333333,0,.549999974668026,0,0,7.275241524049653,7.093882113640778,5.567230652106435,6.680645539398048,6.964647453679887,4.983834920083529,3.726295631002005,4.65288359006508,4.617780314978416,4.675684563785071,4.74060833311724,4.576894139917099,4.556358022217539,3.74573226931059,6.432668887692031,1013.002048053147,6.920673526016775,240.0468347059901,5.480834048912051,614.6857894604871,6.421111225800431,851.0619661411072,6.746484941599418,179.3990336884461,5.189612563258161,152.1237799512111,408.7666856113922,6.013144542445932,2.622357933984573,-.9071513207544895,0
2020m9,1454.308268229167,7.800000190734863,1222.950032552083,266.5833333333333,808.7166341145834,147.6500040690104,42.79999796549479,2294.300048828125,13.10000038146973,119.0916673391667,108.821471414309,129.9853812259401,81.49351584816493,105.3949966430664,96.16600036621094,105.3470001220703,80.40000152587891,.0900000035762787,39.63000106811523,.1099999994039536,.6800000071525574,27.64761906578427,1075.299967447917,14161.80041503906,1.014219448652419,1.014226562260518,741,-98,124.5761752307581,634.59525,0,.5700000077486038,0,0,7.282285649534461,7.109021278394702,5.585686890161518,6.695448588846073,6.98035494112392,4.994844635748417,3.756538055052582,4.654398326799645,4.615922188305302,4.67840205622358,4.742193013093047,4.578025054040165,4.566075868655115,3.679586434154532,6.452987394091142,1026.898069257177,6.934297954036134,244.97310123513,5.501148413640247,622.1596817174965,6.433196782809947,863.1666251240174,6.760607749067646,181.1800638766221,5.199491364799983,152.3650385675054,416.4966293884029,6.031878368869236,2.627887322734816,-.9748118926451128,0
2020m10,1449.549967447917,6.900000095367432,1227.166666666667,264.6416625976563,814.5916341145834,147.9333292643229,41.8500010172526,2193.89990234375,12.60000038146973,119.1596958033487,108.5964672356248,130.1448503822255,81.64256704349087,105.4700012207031,95.62000274658203,105.5220031738281,81.80000305175781,.0900000035762787,39.40000152587891,.1000000014901161,.7900000214576721,29.43863608620384,1079.23329671224,14223.79998779297,1.003246484461942,1.003239572471667,742,-99,124.6276900613563,636.9235,0,.690000019967556,0,0,7.27900841996343,7.112463268140662,5.578376694303713,6.702686925231037,6.984006157560889,4.99676169432468,3.734091821242595,4.654969391452819,4.613852402707958,4.679628128066721,4.742606448344315,4.579852378003801,4.560382031921885,3.673765855031778,6.456649554168756,1029.850452699947,6.937168879128919,243.6926995271916,5.495908003379786,625.9115375846143,6.439209047351771,865.9658990557517,6.763845530253346,181.1963227289498,5.19958109941261,152.4280446690842,417.8519126075115,6.035127093695583,2.624039028510611,-.9812035364210407,0
2020m11,1433.408365885417,6.699999809265137,1225.408365885417,264.0583292643229,813.7666829427084,147.5916646321615,40.5,2032.699951171875,11.80000019073486,119.2946023457321,108.7837872801262,130.2620328381851,81.75393858727882,105.5780029296875,96.31900024414063,105.4789962768555,76.90000152587891,.0900000035762787,40.93999862670898,.0900000035762787,.8700000047683716,24.99550008773804,1077.825012207031,14218.900390625,.9975951754896631,.9975954820387196,743,-100,124.765083206496,634.9858333333333,0,.7800000011920929,0,0,7.267810359935571,7.111029427333222,5.576170022924786,6.701673694624714,6.982700411954036,4.994449437889897,3.701301974112493,4.656100900155528,4.615575835144671,4.680528123200644,4.743708269838492,4.58121558415812,4.567665601981525,3.712107546689151,6.45360268893254,1027.211912181923,6.93460352961877,242.7368414599809,5.491977899564148,624.7151723431116,6.437295821611523,863.8835357670912,6.761437963152315,180.531564818245,5.195905636823508,152.5960857236386,416.1219669050579,6.03097840696519,2.611709459780043,-.9439933534663769,0
2020m12,1443.25830078125,6.699999809265137,1235.608317057292,267.4333292643229,817.3999837239584,150.7833353678385,44.45000203450521,2038,11.80000019073486,119.8217818579287,109.6052159835596,130.747666281988,81.97751218599412,105.9039993286133,100.536003112793,105.7350006103516,80.69999694824219,.0900000035762787,47.02000045776367,.0900000035762787,.9300000071525574,22.37409097498113,1084.833312988281,14293.89978027344,1.001829025128073,1.001825888027599,744,-101,125.3472717884876,633.64175,0,.8400000035762787,0,0,7.274658545375222,7.119318692210904,5.588870298876455,6.70612855121821,6.989181625590251,5.015843941296546,3.794365007730558,4.660510304120946,4.623098490268308,4.68424931828138,4.748363694665331,4.583946565122561,4.610515903274816,3.850573052847433,6.451483731637428,1031.205093012502,6.938483390531034,243.9969000238429,5.497155520392179,625.1736699919705,6.438029483124284,865.462245415952,6.763263751961692,183.9325582676074,5.214569159265716,153.3081415046449,413.3125245542176,6.024204024843239,2.614148241254276,-.8099372512735123,0
2021m1,1603.666666666667,6.400000095367432,1256.791666666667,274.6500040690104,826.2749837239584,155.875,45.25,3693,19.20000076293945,120.2673272131069,110.4535607523192,131.160827989814,81.94987533069516,106.2440032958984,102.838996887207,105.8140029907227,79,.0900000035762787,52,.0799999982118607,1.080000042915344,24.90999984741211,1100.924987792969,14538.5,1.010499225580975,1.010489548561824,745,-102,125.8854962955976,651.0295,0,1.000000044703484,0,0,7.380047953031344,7.136317456323206,5.615497574603887,6.716927628196145,7.003906003423429,5.0490544040002,3.812202670145935,4.66422180830671,4.6308086937329,4.687404328978498,4.752648369269107,4.583609381007332,4.633164628238944,3.951243718581428,6.478554956082034,1044.998417932497,6.951770650457571,248.6565414444944,5.516072592655018,629.9708505866763,6.445673549405102,874.5447412050039,6.773703455191095,190.2077329233171,5.2481168060846,153.9664262660118,422.8386121498978,6.046990574684068,2.715826144724634,-.7129780897252824,0
2021m2,1475.316731770833,6.199999809265137,1248.700032552083,270.2166748046875,827.7833658854166,150.7000020345052,48.56666564941406,2239,12.60000038146973,120.7072071335694,111.0402931937345,131.6488854532737,81.99425656827303,106.4769973754883,107.3310012817383,105.9599990844727,76.80000305175781,.0799999982118607,59.04000091552734,.0399999991059303,1.259999990463257,23.14052621941817,1098.000040690104,14401.60040283203,.9932530121444341,.9932587828266263,746,-103,126.403520915638,647.5570833333334,0,1.219999991357327,0,0,7.296627979125957,7.129858315189877,5.599224136444618,6.71875148474866,7.001245659127858,5.015291119132816,3.88293740358756,4.667872653905309,4.636106662984437,4.691118484122356,4.756754971718722,4.58415080006452,4.675917529451486,4.078215195799117,6.473206949276024,1034.486723870867,6.941660663725643,243.3501092555965,5.494501185244213,628.7811423813555,6.443783250813758,868.646721813162,6.766936508445908,183.7933635132406,5.213812102160028,154.6000052072915,418.8596775692685,6.037535965428444,2.628755325220648,-.5896574581061929,0
2021m3,1822.950032552083,6.099999904632568,1309.36669921875,288.0250040690104,848.558349609375,172.7750040690104,50.29999796549479,5671.7001953125,25.89999961853027,121.3432148894198,111.8531140129866,132.308495304084,82.27058678997926,106.8980026245117,112.0120010375977,106.1210021972656,84.90000152587891,.0700000002980232,62.33000183105469,.0299999993294477,1.610000014305115,21.84304353465205,1136.583353678385,15108.80041503906,1.029396847555517,1.029380580861948,747,-104,127.1097028927783,682.6663333333333,0,1.580000014975667,0,0,7.508211364841735,7.177298863591601,5.663047296051399,6.743538850264352,7.03578198303906,5.151990193528379,3.918005036658273,4.673127833501762,4.643400054318926,4.696116345685682,4.762326150950106,4.58751525074937,4.718606017676124,4.132442880197539,6.526006209209919,1079.060498283301,6.983846032530915,257.502892620021,5.551030953516506,641.3483485388728,6.463572754766124,894.1751320409702,6.795901653125726,210.0082311434963,5.34714672587074,155.4637132476399,439.1161892845738,6.084764046130955,2.835083531339973,-.5406849533042228,0
2021m4,1554.325032552083,6.099999904632568,1326.25,290.0500081380208,861.2333170572916,174.9583333333333,50.31666564941406,2236,12,122.0234476341275,112.3257262799608,132.8678263188994,83.51490329879664,107.5490036010742,112.0859985351563,106.4059982299805,88.30000305175781,.0700000002980232,61.72000122070313,.0199999995529652,1.639999985694885,17.41619055611747,1151.283325195313,15311.20001220703,1.008669904067745,1.008669900831493,748,-105,127.6469860427567,686.6510833333333,0,1.61999998614192,0,0,7.348796667713395,7.190110689928193,5.670053349969376,6.758365451524629,7.048632534117174,5.164547850336247,3.918336347267727,4.678718036441749,4.64761644661117,4.700334911211393,4.766544167354855,4.602526695654641,4.719266420717553,4.12260804727304,6.531826278683243,1086.881272176967,6.991067655927519,258.2222414614973,5.553820615142238,648.1880082769052,6.47418079050069,901.9275432086409,6.80453418779909,209.4935471665143,5.344692937773338,156.1208466659399,439.8202405362285,6.086366099199529,2.670078631271646,-.5561099891687089,0
2021m5,1517.333333333333,5.800000190734863,1329.208333333333,288.4333292643229,871.8916829427084,168.8833312988281,51.74166870117188,1750.800048828125,9.600000381469727,122.6492489579709,112.6131704734788,133.3764188234067,84.88231433556138,108.1029968261719,113.0080032348633,106.7710037231445,82.90000152587891,.0599999986588955,65.16999816894531,.0199999995529652,1.620000004768372,19.7604998588562,1160.325012207031,15329.59997558594,1.004330226254239,1.004326264210042,749,-106,128.0950441326461,692.0865,0,1.600000005215406,0,0,7.324709687138057,7.192338805896036,5.664463964837301,6.770665199384612,7.056455427793598,5.129208129179408,3.946263427903288,4.683833463681506,4.650172201566221,4.70415541161592,4.770048155713888,4.618767357007985,4.727458641291648,4.1769992122477,6.539710947805821,1083.747633700409,6.988180344655606,256.1275275810222,5.545675475055113,653.7075223897804,6.482660037956146,905.831306795508,6.808853093116482,198.9617420552288,5.293112555263154,156.6688518364312,441.751178927747,6.090746779963075,2.640876223456551,-.5068342514338058,0
2021m6,1518.13330078125,5.900000095367432,1348.63330078125,294.8416748046875,885.0499674479166,168.7416687011719,54.45833333333334,1523.5,8.399999618530273,123.2886646241693,113.1859151030995,133.9007167632573,85.92733372512164,108.5950012207031,114.9609985351563,107.4660034179688,85.5,.0799999982118607,71.37999725341797,.0399999991059303,1.519999980926514,16.95681814713912,1179.891642252604,15530.099609375,1.012591876705581,1.012590603158106,750,-107,128.6354388452191,705.24625,0,1.479999981820583,0,0,7.325236767526586,7.206846988848391,5.686438516689867,6.785644103807227,7.073177884643719,5.128368957874146,3.997435883276276,4.689033289097639,4.655245258939325,4.708078669856451,4.774257983112697,4.631003579495403,4.744592927668644,4.2680176795837,6.558547032604587,1093.882641110921,6.997488702191828,260.493255310186,5.562576969534573,660.9747795545609,6.49371568413823,917.2368461169642,6.821365722567794,196.377172880716,5.280037161470474,157.3297909049998,448.2598279342071,6.105373037363032,2.636203478428946,-.4210156095139395,0
2021m7,1535.5,5.400000095367432,1351.958333333333,292.1083374023438,897.5333658854166,162.3166707356771,54.375,1688.099975585938,9.199999809265137,123.8861301249155,113.8415516861145,134.5482433830024,86.2137131316141,109.0619964599609,116.7770004272461,108.0490036010742,81.19999694824219,.1000000014901161,72.48999786376953,.0500000007450581,1.320000052452087,17.60333351861863,1189.64170328776,15571,1.003172484429852,1.003176802326795,751,-108,129.2879774564836,707.94875,0,1.270000051707029,0,0,7.336611339880877,7.209309437587574,5.677124751959115,6.799650296145408,7.081407451094828,5.089549184807445,3.995904489408848,4.693867654713038,4.661021109896753,4.712902885790974,4.77931793472835,4.63433084717413,4.7602661368537,4.283448591843474,6.562371704068005,1091.291117068668,6.995116785315612,256.5920202912807,5.547487353846392,667.0717828180899,6.502897660541889,920.1487459947127,6.824535337403249,188.2724509126338,5.237890120725046,158.1278895020062,447.7064433285933,6.104137757210796,2.642743685167839,-.4104190628695639,0
2021m8,1538.533365885417,5.099999904632568,1365.88330078125,296.7833251953125,906.2749837239584,162.8250020345052,55.83333333333334,1557.5,8.399999618530273,124.3906305992118,114.3249320219452,134.9879771390061,86.94054453804448,109.4359970092773,118.8740005493164,108.4970016479492,70.30000305175781,.0900000035762787,67.73000335693359,.0500000007450581,1.279999971389771,17.47272721203891,1203.058308919271,15720.599609375,1.007742361824014,1.007741412633265,752,-109,129.7416233936302,714.90575,0,1.229999970644712,0,0,7.338584881810269,7.219556605135186,5.693002327758466,6.809342774036014,7.092622184392145,5.092676016927507,4.022371062597012,4.697931677195023,4.665258200736297,4.716165780442288,4.782820595423954,4.642726086022225,4.778064113253482,4.215529262790278,6.572150715823409,1098.059632145562,7.001299930381239,259.5963277182125,5.5591278388062,671.3745941912345,6.50932724378118,927.2724338196742,6.832247410004963,187.2831633384288,5.232621713997014,158.6827289854091,450.5252427727882,6.110414108270597,2.640653204615246,-.4824024144047456,0
2021m9,1525.674967447917,4.699999809265137,1373.125,298.25,911.691650390625,163.1833292643229,56.35833231608073,1315.699951171875,7.199999809265137,124.7613489685492,114.9881005036187,135.3153672615592,87.03097442402616,109.6569976806641,120.1179962158203,109.5589981079102,72.80000305175781,.0799999982118607,71.65000152587891,.0399999991059303,1.370000004768372,19.8247617994036,1209.941650390625,15801.20001220703,1.002455526632919,1.002458275643405,753,-110,130.1641443333816,719.6838333333334,0,1.330000005662441,0,0,7.330192192727504,7.224844443138875,5.697932060978025,6.815301830262888,7.098327414610364,5.094874288196762,4.031730096743165,4.700907520642542,4.671042174923823,4.718588172095432,4.786071937752061,4.643765680257713,4.788474561456014,4.271793175570467,6.578811995198147,1100.601277039853,7.003611924937408,259.3746645902843,5.558273597838235,673.7532246639522,6.512863908354911,929.5506505168387,6.834701297895075,187.500289804033,5.233780391030781,159.1995005042131,452.0641277478678,6.113824045317227,2.629284672084962,-.4291143450720751,0
2021m10,1535.908365885417,4.5,1391.166666666667,302.8083292643229,918.8500162760416,169.5083312988281,57.56666564941406,1217,6.599999904632568,125.5481437830244,116.2476935100414,135.8203375617883,88.09275097295976,110.1839981079102,124.4700012207031,110.3840026855469,71.69999694824219,.0799999982118607,81.48000335693359,.0500000007450581,1.580000042915344,17.87142848968506,1221.658345540365,16003.20001220703,1.004148718415737,1.004148481028603,754,-111,130.8816375243763,725.2349166666667,0,1.530000042170286,0,0,7.336877254301348,7.237898002622682,5.713100028662919,6.823122905854925,7.107964514339157,5.13290207781805,4.052943678813661,4.707194117264085,4.681936729292738,4.722313029243341,4.791569019471977,4.655891844855216,4.824064732820093,4.400357632558084,6.586495625359069,1108.07426119411,7.010378887799672,260.4854514710579,5.562547011154213,676.5187252299621,6.516960126799037,933.4069840873088,6.838841315903952,192.420295003455,5.259682016054565,160.0770429196496,453.0536693076578,6.116010593758234,2.629683137037263,-.3068364847060012,0
2021m11,1542,4.199999809265137,1404.083333333333,306.8249918619792,926.2833658854166,170.9666748046875,60.36666870117188,1136.5,6.099999904632568,126.4199720153474,117.6461707851861,136.5608801753626,88.6278237458595,110.7919998168945,129.0039978027344,111.2009963989258,67.40000152587891,.0799999982118607,79.15000152587891,.0500000007450581,1.559999942779541,18.50047624678839,1233.108357747396,16124.59997558594,1.002273630587009,1.002275339323213,755,-112,131.8085312253862,730.4761666666667,0,1.509999942034483,0,0,7.340835554123275,7.247139937050385,5.726277525960241,6.831180198509858,7.117293380687751,5.141468653327156,4.100437109923718,4.71411429213457,4.693895092927399,4.727750588002816,4.798625983591223,4.661947443178789,4.859843394600341,4.371344805605339,6.593696604603299,1110.649932087375,7.01270064735689,260.8032117103248,5.563766144816873,678.2933477698326,6.519579860694496,935.5300042292711,6.841113218133299,192.9040650878835,5.262192993240098,161.2106962385186,453.1189205869404,6.116154608883217,2.626721261988704,-.3427694865292308,0
2021m12,1545.058268229167,3.900000095367432,1408.791666666667,307.1083374023438,932.1416829427084,169.5416666666667,60.76666768391927,1119.599975585938,6,127.2260379573747,118.5203474201194,137.2978005846588,89.50453685875516,111.4580001831055,131.3190002441406,111.6809997558594,70.59999847412109,.0799999982118607,71.70999908447266,.0599999986588955,1.470000028610229,21.35454550656405,1239.250020345052,16176.29998779297,.9990835920459278,.9990863825499408,756,-113,132.5863395891774,727.8220833333334,0,1.410000029951334,0,0,7.342816902684874,7.250487641964805,5.727200575897348,6.837484823456467,7.122261653317913,5.133098717653744,4.107041409756814,4.720470147333388,4.701298179817624,4.733132357796611,4.804509687804089,4.671790912258972,4.877629479477246,4.272630195127403,6.590056627302692,1107.313950261237,7.009692497072492,259.1186611305956,5.557286107863756,678.9196032080231,6.520502715847309,934.6739823913263,6.840197786550596,189.4224277527027,5.243979588486503,162.1620081657603,448.8240442788309,6.106630927369745,2.622346755351487,-.4478399522059853,0
2022m1,1516.825032552083,4,1418.150065104167,308.8499959309896,934.0750325520834,175.2249959309896,62.34166463216146,663.2999877929688,3.599999904632568,127.8552471915661,119.0887798940195,137.8112226948702,90.56798081851473,111.9879989624023,131.6410064697266,112.6460037231445,67.19999694824219,.0799999982118607,83.22000122070313,.1500000059604645,1.759999990463257,23.18100004196167,1242.925028483073,16269.70080566406,.9989683162686318,.9989678199447556,757,-114,133.1168932524738,734.1455833333333,0,1.609999984502792,0,0,7.324374634893111,7.257108530197947,5.732855708967194,6.839556769640393,7.125222774714275,5.166070839164757,4.1326299764556,4.725403559127936,4.706082790280433,4.73686486137033,4.808503273902083,4.683602335088448,4.880078569668265,4.421487718223181,6.598707351363244,1109.184093930338,7.011379973511087,259.3443279928167,5.558156630470793,677.7931537696551,6.518842158457518,933.709462499024,6.839165321848963,193.4734487258973,5.26514028716804,162.8109109693706,450.9191545961236,6.111288065332303,2.598971075765175,-.3039158409047547,0
2022m2,1526.450032552083,3.799999952316284,1428.00830078125,311.75,943.8583170572916,172.4000040690104,64.88333129882813,657.7000122070313,3.599999904632568,128.6635793074798,120.9006655915025,138.3669407222122,90.83761584272828,112.4919967651367,135.8029937744141,114.0619964599609,62.79999923706055,.0799999982118607,91.63999938964844,.3100000023841858,1.929999947547913,25.74842111687911,1255.608317057292,16357.49963378906,1.003370367979851,1.003395573785,758,-115,134.0218775100601,741.4710833333334,0,1.619999945163727,0,0,7.330700078296299,7.264035955754659,5.742201584560146,6.849976067018152,7.135375448916306,5.149817381831741,4.172590754031994,4.731705901942233,4.721182788707592,4.740889211235446,4.815278686673761,4.686575068319871,4.911205260348565,4.517867850924977,6.608636163290029,1109.877642505655,7.012005056253502,257.856314086257,5.552402507636586,682.141494298264,6.525237105970159,936.8681743494017,6.842542583279317,189.7892216452435,5.245914096603602,163.9177675657841,452.3433269891036,6.11444146448741,2.598994176354066,-.2138380510172562,0
2022m3,1532.549967447917,3.700000047683716,1447.61669921875,319.8083292643229,954.316650390625,173.5,70.6749979654948,491.2000122070313,2.700000047683716,129.7972890159676,123.9075440958991,139.1376868050472,90.62073744150567,112.9160003662109,149.3070068359375,115.5479965209961,59.40000152587891,.2000000029802322,108.5,.449999988079071,2.130000114440918,26.96869568202807,1274.124979654948,16523.30041503906,1.004339881613863,1.004356015457196,759,-116,135.4095663840123,755.0884166666667,0,1.680000126361847,0,0,7.334688272465072,7.277673827419369,5.767721845289961,6.860995535023932,7.150014931520714,5.156177599386914,4.25809187479288,4.74047873464945,4.745749201164158,4.746444059610903,4.825579645793344,4.684184674044079,5.006004634696001,4.686750172980514,6.626834850560169,1115.290396427821,7.016870095210995,258.102387225757,5.553356355909834,685.8793417543058,6.530701725600482,940.9416289256967,6.846881106764143,191.4572810798319,5.254664708434566,165.6150043641347,455.9299560844545,6.122339192637967,2.594209537815622,-.0537285616689358,0
2022m4,1537.208333333333,3.700000047683716,1457.816731770833,320.0416666666667,962.13330078125,175.6416625976563,70.44166564941406,410.7999877929688,2.200000047683716,130.2008928552122,123.9796761940667,139.7767523980052,90.59227007506735,113.3010025024414,147.4559936523438,116.6429977416992,65.19999694824219,.3300000131130219,101.7799987792969,.7599999904632568,2.75,24.37350015640259,1282.174967447917,16648.50079345703,1.002721990740101,1.002719410619771,760,-117,135.8953604574201,756.2994166666666,0,1.990000009536743,0,0,7.337723279787973,7.284695206293986,5.768451195650736,6.869153007366959,7.156313108236636,5.168445911588456,4.254784929705818,4.743583403770854,4.74633117630688,4.751026588311285,4.829160816236851,4.683870487252936,4.993529783145517,4.622813609167141,6.628437351562819,1119.667231001231,7.020786804964208,258.140427924414,5.553503731127888,688.3357098193538,6.534276669243127,943.5016494545142,6.849598113036556,193.8815115816333,5.267247207427252,166.2091631797633,455.0287133379595,6.120360523197109,2.594139876017119,-.1207697946037136,0
2022m5,1545.158365885417,3.599999904632568,1464.158365885417,323.8000081380208,968.9666341145834,171.3916625976563,73.1749979654948,421.5,2.299999952316284,130.9910869305168,125.5245614229621,140.4097717670283,90.85603402438036,113.7089996337891,153.5390014648438,118.052001953125,58.40000152587891,.7699999809265137,109.5500030517578,.9900000095367432,2.900000095367432,29.31363669308749,1292.766642252604,16691.80041503906,1.001740695750953,1.001745523386413,761,-118,136.7795308302313,762.0580833333333,0,1.910000085830688,0,0,7.342881686270063,7.289035862089935,5.780126066376397,6.876230177979642,7.164539884720912,5.143951362026408,4.292853804774666,4.749634098641053,4.758714973768858,4.7555451528494,4.835646000607698,4.6867778071798,5.033954615958283,4.696381093898689,6.636022777628575,1117.754192437588,7.019076765889957,257.9574901257439,5.552794804391571,690.0991447534856,6.536835275317696,945.1462762050024,6.851339705149987,188.6409245550658,5.23984533793834,167.2905629956115,455.5296304151502,6.121460764892018,2.59324758762901,-.0532530047423636,0
2022m6,1556.533365885417,3.599999904632568,1478.966634114583,329.2249959309896,977.0750325520834,172.6666666666667,76.56666564941406,370.5,2,132.2256932740565,128.1158795339751,141.3085761354619,91.36263943084177,114.3759994506836,164.4570007324219,119.2959976196289,50,1.210000038146973,114.8399963378906,1.539999961853027,3.140000104904175,28.23318186673251,1306.300028483073,16828.79962158203,1.000494959551402,1.000510223115472,762,-119,138.141984592421,772.9401666666666,0,1.600000143051147,0,0,7.350216426134665,7.29909890269607,5.796741395236923,6.88456344802131,7.174954014296906,5.151362953591374,4.338161807741101,4.759015076530299,4.779148689029831,4.761926046566492,4.845557665136069,4.692338233036684,5.102649142312253,4.743539823364066,6.650201641538103,1118.516830952979,7.019758828606847,256.9743868820589,5.548976417991125,691.4477940924369,6.538787651642272,945.6212985047428,6.851842170197608,188.9904535840048,5.241696503646422,168.9569355555167,457.4776194450391,6.125727964273175,2.591201349604366,-.0154752531662332,0
2022m7,1576.716634114583,3.5,1478.666666666667,324.6999918619792,981.6499837239584,172.3166707356771,72.04166666666667,593.2000122070313,3.099999904632568,132.2608449178499,127.3784269830885,141.7036083882878,91.14241343087282,114.6380004882813,155.9980010986328,120.7829971313477,51.5,1.679999947547913,101.620002746582,2.299999952316284,2.900000095367432,24.995238167899,1306.349975585938,16879.5,.999398356192674,.9993823810297698,763,-120,138.2315368156514,771.0359166666667,0,.6000001430511475,0,0,7.363099884143125,7.298896059802148,5.782901654045601,6.889234812764468,7.174992249118097,5.149333892978155,4.277244655335345,4.759280886988863,4.773375921652772,4.764717675556158,4.846205717278751,4.689924863067959,5.049843193697141,4.621240393193553,6.64773495700057,1117.992757104417,7.01929017525436,254.9097202347209,5.540909444176861,692.7487555815092,6.540667387395764,945.0448180490927,6.851232352876118,189.0630983415543,5.242080813001928,169.0664639458453,456.0549139500794,6.12261322759296,2.603818997154262,-.1380404937953106,0
2022m8,1590.6083984375,3.599999904632568,1491.458333333333,323.5166625976563,993.63330078125,174.3083292643229,68.27499898274739,584.0999755859375,3.099999904632568,132.6463020669668,126.3653660794332,142.5818777156739,91.58119163143755,115.2979965209961,147.3880004882813,121.7239990234375,58.20000076293945,2.329999923706055,93.66999816894531,2.720000028610229,2.900000095367432,22.16956536666207,1317.149963378906,17078.20001220703,1.005571759154259,1.005567464965766,764,-121,138.6023769975147,775.22775,0,.1800000667572021,0,0,7.37187186255279,7.30750966748234,5.779250619871553,6.901368225896626,7.183225562670831,5.160825738328122,4.223543652460426,4.762191019278886,4.765390967427014,4.770896479360789,4.848884871711642,4.694727516165795,4.99306856862788,4.539777947673108,6.653156857149474,1124.387419847081,7.02499365064453,256.0168760119714,5.545243364228571,696.8861097219374,6.546621996723291,950.3083510627846,6.856786511995962,190.3320170432104,5.248770005254059,169.5200264228383,457.3074735526108,6.125355973308974,2.609680843273904,-.2224130716057777,0
2022m9,1601.400065104167,3.5,1498.933268229167,324.1750081380208,1000.533365885417,174.2249959309896,66.53333536783855,600.9000244140625,3.099999904632568,133.0714432076498,125.9519576570949,143.3043000910528,92.01577894502215,115.8050003051758,143.9040069580078,122.4199981689453,58.59999847412109,2.559999942779541,84.26000213623047,3.220000028610229,3.519999980926514,27.34181811592796,1324.708374023438,17188.79919433594,1.00271158444066,1.002716907605675,765,-122,139.0204054292347,779.4844166666667,0,.2999999523162842,0,0,7.378633566293064,7.312508979586091,5.781283518538737,6.908288502678527,7.188947619119196,5.160347543969666,4.197703105787989,4.765390967427014,4.762114071602745,4.775950406197037,4.851896359054235,4.699461669718455,4.969146458940028,4.433907281903712,6.65863269685049,1126.412423355305,7.026793014600152,257.3798884655605,5.550553158720023,698.1879575488641,6.548488346668944,952.8877217220828,6.859497081101733,189.3425213898217,5.243557657342942,170.0313033022525,458.4358300665572,6.127820325667397,2.61324259886605,-.3314836855233017,0
2022m10,1613.525065104167,3.599999904632568,1508.0166015625,326.3916625976563,1005.899983723958,175.7249959309896,68.18333435058594,615,3.200000047683716,133.6541699286164,126.9865546984633,143.9578637179281,91.66743701898632,116.1999969482422,147.1300048828125,123.0230026245117,59.90000152587891,3.079999923706055,87.55000305175781,3.869999885559082,3.980000019073486,30.00571441650391,1332.291646321615,17277.99920654297,1.000268275277215,1.000269729073327,766,-123,139.7786248043468,785.3145,0,.1100001335144043,0,0,7.386176545988131,7.318550557501003,5.788098079251628,6.913637925959716,7.194655780828378,5.168920249906411,4.222200170626671,4.76976045891495,4.770294738134027,4.780500707885863,4.857335554763009,4.695668809910277,4.991316582896918,4.472210093589174,6.666084274491532,1128.297457810646,7.028465101027129,257.0285203600425,5.549187052901632,698.746117610445,6.549287468261308,953.1440505917635,6.859766047102141,191.698384557859,5.255923223087866,170.958656579214,459.3593069305168,6.129832707599665,2.616416087073181,-.2975503653257761,0
2022m11,1619.25830078125,3.599999904632568,1507.833333333333,326.0333251953125,1010.75,171.0500081380208,68.63333129882813,669.0999755859375,3.400000095367432,134.0282962083019,127.3289070081566,144.5776016712648,91.14576102961915,116.5540008544922,146.3139953613281,123.6139984130859,56.70000076293945,3.779999971389771,84.37000274658203,4.320000171661377,3.890000104904175,23.29909107901833,1336.783325195313,17270.40002441406,.9994626855892054,.9994614114133147,767,-124,140.3253617352847,784.2259166666666,0,-.4300000667572021,0,0,7.389723484362223,7.318429020797686,5.786999600667635,6.91844790852088,7.198021503531418,5.141955959000466,4.228778295722528,4.772555759845146,4.772987083414155,4.784796463387038,4.861239373712814,4.689961591712114,4.985754965524084,4.435211920731548,6.664697137854179,1125.011192405158,7.025548263393616,256.0560149742172,5.545396229037512,699.1055241725521,6.549801695321296,952.6313053210389,6.859227950855376,187.6664435139618,5.234666150380084,171.6273526072814,456.9352756149169,6.124541752012506,2.617167724517077,-.3373438391135988,0
2022m12,1627.783365885417,3.5,1511.216634114583,322.7583414713542,1018.875,169.5833333333333,66.8250020345052,715.7999877929688,3.700000047683716,134.2346304756967,126.3987380578954,145.3048536523478,90.94647029890926,116.9769973754883,140.1399993896484,124.0830001831055,59.79999923706055,4.099999904632568,76.44000244140625,4.360000133514404,3.619999885559082,21.78428568158831,1341.633341471354,17332.69958496094,1.001603235360484,1.001590174554136,768,-125,140.6099669838171,783.0071666666666,0,-.7400002479553223,0,0,7.394974470070252,7.320670323349182,5.776903874385352,6.926454356414622,7.201643062221178,5.133344448088695,4.202077292470253,4.774094058935773,4.765655023739678,4.789814038569703,4.863265500844586,4.687772692066837,4.942641918587089,4.336506151310929,6.663141848779908,1125.802357230156,7.026251266854485,255.3493384748182,5.542632562429707,701.1981873900307,6.552790568032373,954.1523764284532,6.860823382413364,186.464997240654,5.22824353911359,171.9754439625411,455.3017271682215,6.120960335806464,2.620880411134479,-.4375879076248435,0
2023m1,1666.908365885417,3.5,1539.599934895833,328.4499918619792,1030.141682942708,181.0083414713542,63.83333333333334,841.4000244140625,4.199999809265137,134.9193955681769,127.1458826921158,146.0731849323307,91.17925618272422,117.5260009765625,142.1139984130859,124.6740036010742,64.90000152587891,4.329999923706055,78.12000274658203,4.690000057220459,3.529999971389771,20.16904758271717,1358.591674804688,17709.19921875,1.007163447169035,1.007162777293188,769,-126,141.3746040233173,794.94125,0,-1.160000085830688,0,0,7.418725911765062,7.339277879123173,5.794384594561436,6.937451628018744,7.214203908963281,5.198543115681018,4.156275519952591,4.779182346708864,4.771548635638525,4.795087826975334,4.868688768584967,4.690329014175514,4.956629541251066,4.358246141166978,6.678268212552569,1141.125728003909,7.039770534855386,258.3253070469628,5.554219670706942,705.2229903934303,6.558514051230863,960.9870769863388,6.867960961415086,198.5192126470208,5.290885884597235,172.9106464745607,459.7410663876935,6.130663431838745,2.639543565056198,-.4209362055418859,0
2023m2,1679.424967447917,3.599999904632568,1544.341634114583,330.3916625976563,1035.00830078125,178.9416707356771,65.5499979654948,930.7999877929688,4.599999904632568,135.3660740102983,127.5808190385371,146.637354769655,91.17758238335104,117.9629974365234,141.6540069580078,124.9520034790039,66.90000152587891,4.570000171661377,76.83000183105469,4.789999961853027,3.75,20.12050008773804,1365.399963378906,17745.49963378906,1.001251074414972,1.001251205324328,770,-127,141.9055286344394,,,-1.039999961853027,0,0,7.426206732524695,7.342352971727348,5.800278807059839,6.942164725745811,7.219202678163399,5.187059890924398,4.182813179172253,4.782487584311657,4.774963564392695,4.798942628626857,4.872437179938711,4.690310656768286,4.953387513613871,4.341595212712091,,1140.863133843339,7.039540389856767,258.9665633811757,5.556698954451176,705.8285403518706,6.559372347306407,962.1894062325728,6.86921131926146,196.256213488231,5.279421017247843,173.5600029723037,,,2.643719148213038,-.4408923715995652,0
2023m3,1690.416666666667,3.5,1542.6083984375,325.7750040690104,1040.208333333333,176.6333414713542,65.68333435058594,1079.800048828125,5.300000190734863,135.5383983703615,127.3364389068151,147.0299722196287,91.08965680788188,118.3040008544922,137.7409973144531,124.822998046875,62,4.650000095367432,73.27999877929688,4.860000133514404,3.660000085830688,21.64434789574664,1365.983337402344,17723.10076904297,.9988629428830583,.9988508125580211,771,-128,142.1286288923817,,,-1.200000047683716,0,0,7.432730325852547,7.341230027824182,5.786206971521217,6.947176292586764,7.219629841961421,5.174076066903567,4.184845230460128,4.783759799434512,4.773046234757529,4.801616522845353,4.874008119897246,4.689345858237517,4.925375090648298,4.294287703707808,,1138.133855044008,7.037145230830745,255.8380043181612,5.54454444854772,707.4804664857741,6.561710019928865,961.0895060675297,6.868067543100947,193.9115237242504,5.267401991757782,173.8328695885955,,,2.648970526418035,-.489472095726704,0
2023m4,1697.841634114583,3.400000095367432,1553.224934895833,329.4749959309896,1045.11669921875,178.625,65.28333536783855,1017.099975585938,5,136.0111551112125,127.8456593224494,147.6038012683614,91.10724447839461,118.7149963378906,139.1199951171875,124.838996887207,63.70000076293945,4.829999923706055,79.44999694824219,5.070000171661377,3.460000038146973,17.8178946344476,1374.59169514974,17855.29919433594,1.002366908376217,1.00236679495542,772,-129,142.6865982939647,,,-1.610000133514404,0,0,7.437113096393694,7.348088651614713,5.797500466179971,6.951883832057387,7.225912017020585,5.185288636250031,4.178736802607967,4.787241721701906,4.777037275626698,4.805511729884797,4.877926239872137,4.689538920473407,4.935336834948179,4.375127854571676,,1141.983489240868,7.040521932353882,257.713087544095,5.551846902337305,708.0554093038585,6.562522352360044,963.3642623659645,6.87043159818522,196.0601497967152,5.278421498868355,174.5153036835113,,,2.649871374691788,-.4121138671302305,0
2023m5,1706.1083984375,3.599999904632568,1556.36669921875,328.1999918619792,1049.25,178.9166666666667,62.30833435058594,1055.199951171875,5.199999809265137,136.2038836857709,127.5528352013181,147.9903817112049,91.21777273394875,119.0630035400391,134.7910003662109,125.056999206543,59,5.059999942779541,71.58000183105469,5.309999942779541,3.569999933242798,17.63608700296153,1377.449991861979,17928.70037841797,1.000636172772543,1.000633568198813,773,-130,142.8925794881058,,,-1.740000009536743,0,0,7.441970265562675,7.350109344851399,5.793623153860071,6.9558309022137,7.227989236819607,5.18692014809078,4.132095194543978,4.78865772434168,4.774744198292878,4.808127347413833,4.879368790631339,4.69075135166671,4.903725433387531,4.270815730918414,,1142.674244744272,7.041126622950795,257.3051326879385,5.550262667351224,708.9987794257831,6.563853804987321,963.9758739022811,6.871066267225041,196.1423320305198,5.278840579515802,174.7672325337217,,,2.653312541220996,-.5178419934232652,0
2023m6,1711.13330078125,3.599999904632568,1561.841634114583,328.5916748046875,1055.024983723958,178.2249959309896,62.21666463216146,1027,5,136.5383259738904,127.6658711766066,148.5738791881507,90.90962754705788,119.370002746582,135.4400024414063,125.0390014648438,64.19999694824219,5.079999923706055,70.25,5.420000076293945,3.75,14.00318171761253,1383.616658528646,17995.49963378906,1.00125830900111,1.00125761886958,774,-131,143.3519596152786,,,-1.670000076293945,0,0,7.44491117897046,7.353620938649279,5.794815869934345,6.961319726884707,7.232456116979436,5.183046774172942,4.130622883992157,4.791110168033189,4.775629995296426,4.812062401679063,4.882578497429574,4.687367506287621,4.90852875585062,4.252060308213856,,1143.885149443862,7.042185773057166,257.38411666038,5.55056958642195,710.1012570237182,6.565407575393097,965.1885207861355,6.872323440586634,196.0463382590962,5.278351050977053,175.3290853170824,,,2.653801010937271,-.5390498598193334,0
2023m7,1714.583333333333,3.5,1570.875,330.4250081380208,1061.74169921875,178.7083333333333,63.60833231608073,949.5999755859375,4.599999904632568,136.7231229398468,127.6195791582426,149.0546922430541,90.31426605398795,119.536003112793,135.3549957275391,125.3050003051758,71.5,5.119999885559082,76.06999969482422,5.489999771118164,3.900000095367432,13.93238085792178,1392.166707356771,18087.20001220703,1.003788948726517,1.003790784744644,775,-132,143.6932238122052,,,-1.589999675750732,0,0,7.44692537575727,7.359388067935309,5.80037972927282,6.967665951144219,7.238616594755748,5.185755054168935,4.152744473023982,4.792462696864916,4.775267326614677,4.815293364827955,4.884956271922347,4.680797030142246,4.907900925076534,4.331653964997434,,1148.946108180346,7.046600373511468,258.9140399282375,5.556496114442176,712.3168571489412,6.568522836503718,968.8464566542217,6.876106143870174,197.8738699227266,5.28762980711842,175.7464743758661,,,2.654462678892354,-.4608087318674823,0
2023m8,1722.2333984375,3.700000047683716,1575.966634114583,334.4083251953125,1063.86669921875,177.6833292643229,66.625,972.7999877929688,4.699999809265137,137.139190735466,129.0578843249854,149.2975089649556,89.97178242575822,119.6579971313477,141.9649963378906,125.5800018310547,69.40000152587891,5.329999923706055,81.38999938964844,5.559999942779541,4.170000076293945,15.85391297547713,1398.275024414063,18112.099609375,1.0004684524107,1.00046774949677,776,-133,144.2561705404492,,,-1.389999866485596,0,0,7.451377214965385,7.362624098946618,5.812362776819645,6.969665379363914,7.242994630494213,5.180002916828025,4.199079882486009,4.795501217281626,4.786474545212391,4.816921083842794,4.888866316232212,4.67699768967085,4.955580522551251,4.399252407839852,,1149.173059621255,7.046797884106067,259.1149908774473,5.557271943391286,712.5816810972178,6.568894545708574,969.2999746045444,6.876574135298773,197.4878394911665,5.285677010248905,176.4349960759541,,,2.655875997683759,-.396248809441774,0
2023m9,1729.783365885417,3.799999952316284,1585.408365885417,336.7166748046875,1069.658365885417,179.0333251953125,66.91666666666667,906.2999877929688,4.400000095367432,137.6176215605514,129.3937807215428,149.9450355847007,89.98685300866396,120.0400009155273,143.7779998779297,125.8109970092773,67.80000305175781,5.329999923706055,89.43000030517578,5.559999942779541,4.380000114440918,15.17333334968204,1406.375040690104,18221.900390625,1.00186321247668,1.001864214357573,777,-134,144.8219202816929,,,-1.179999828338623,0,0,7.455751457619341,7.368597297218587,5.819241849160191,6.975094592254656,7.248770779823849,5.187571962787964,4.203448064158762,4.798983797419574,4.789073844277588,4.82124886170862,4.892780486703884,4.67716517908201,4.968270442469467,4.493456199770544,,1152.03877810651,7.049288502240089,260.2263207142131,5.561551716666636,713.366975915111,6.569995980733491,971.1064719723138,6.878436114156736,198.9549797658499,5.293078566797686,177.1269460494099,,,2.656767660199767,-.3055275976490295,0
2023m10,1735.5,3.900000095367432,1589.125,336.5083414713542,1075.325032552083,177.3000081380208,65.77499898274739,941,4.5,137.6561638156556,129.0234363610005,150.2011429390934,89.77249169504832,120.1999969482422,140.2489929199219,126.0650024414063,63.79999923706055,5.329999923706055,85.63999938964844,5.599999904632568,4.800000190734863,18.88772730393843,1411.833374023438,18280.20001220703,1.003265318725469,1.003264209520237,778,-135,144.9108940172395,,,-.7999997138977051,0,0,7.459050835301841,7.370938829270287,5.818622937696872,6.980378250723844,7.252644404024251,5.177843258979884,4.186239811460714,4.799263825939568,4.786207590873364,4.82295541294847,4.89339466455294,4.67478019692068,4.943419363770407,4.450152456594537,,1154.41615976463,7.051350005771794,260.811795873908,5.56379905860754,715.923335542212,6.573573087962828,974.2769055413299,6.881695560508083,197.4992615113081,5.285734845150936,177.2357669104047,,,2.659787009362272,-.3491113693450307,0
2023m11,1743.174967447917,3.700000047683716,1595.916666666667,335.1666666666667,1082.924967447917,177.8249918619792,63.64166768391927,965.7999877929688,4.599999904632568,137.6493652939967,128.2719877846895,150.5841011776588,89.34125198021007,120.3089981079102,137.7039947509766,125.9010009765625,61.29999923706055,5.329999923706055,77.69000244140625,5.519999980926514,4.5,14.01909095590765,1418.091634114583,18387.29998779297,1.00387680894459,1.003872769676666,779,-136,144.9914319854878,,,-1.019999980926514,0,0,7.463463423412524,7.37520356277856,5.814627920544597,6.987420962465985,7.257067327087783,5.180799874855366,4.153268408090404,4.799214437017506,4.780366439866782,4.825501804122801,4.89395028596813,4.669964926587471,4.925106415851042,4.352726580387303,,1159.407210674781,7.055664128202129,261.2937340842175,5.565645192461847,719.1496040941827,6.578069408530638,978.0520232785339,6.885562862156425,199.0401834769106,5.293506731359627,177.3342702607892,,,2.664248986395018,-.4464878566302026,0
2023m12,1749.700032552083,3.799999952316284,1607.49169921875,337.1833292643229,1090.600016276042,179.7083333333333,63.50833129882813,919.9000244140625,4.400000095367432,137.8613649961073,128.1384916572107,151.0806104511008,88.95690420200944,120.5279998779297,137.3139953613281,125.9599990844727,69.69999694824219,5.329999923706055,71.90000152587891,5.440000057220459,4.019999980926514,12.71849999427795,1427.783345540365,18527.80041503906,1.004552045796232,1.004554613775974,780,-137,145.3206589286646,,,-1.420000076293945,0,0,7.467199642254954,7.382430292315393,5.820626786187663,6.994483297415894,7.263878412579798,5.191335166299898,4.151171098848823,4.80075339518243,4.779325170884086,4.828793602617272,4.896218376720225,4.665653627112898,4.922270240290925,4.275276285949238,,1166.020443264971,7.061351899574039,263.1397676869319,5.57268532708761,721.8663023797011,6.581839944986076,982.5054166876839,6.890105856896345,202.0172969657749,5.30835332227873,177.7369369488752,,,2.666446247072524,-.5254771092331918,0
2024m1,1773.2333984375,3.700000047683716,1609.041666666667,333.5666707356771,1099.38330078125,176.0833333333333,62.78333536783854,1173.5,5.5,138.4429586301308,127.6777152309857,152.1316303504589,89.14447194855994,121.1279983520508,135.4160003662109,126.5500030517578,79,5.329999923706055,74.15000152587891,5.449999809265137,4.059999942779541,13.38863641565496,1432.949971516927,18555.09997558594,.9991578008532133,.9991421752587735,781,-138,145.9705980250959,,,-1.389999866485596,0,0,7.480559937815052,7.383394042658745,5.809842757626793,7.002504665918122,7.2674905155069,5.170957367828056,4.139689677875119,4.804963206200455,4.775722764843172,4.835726199441131,4.900680853086905,4.667759931061247,4.908351524591136,4.306090089162214,,1162.241606642806,7.058105838899366,261.2567667992893,5.565503704567654,722.6526779793588,6.582928716664445,981.6702753184368,6.889255483456767,197.5258021999847,5.285869219858541,178.5318561644542,,,2.675596731614597,-.498873117038241,0
2024m2,1780.38330078125,3.900000095367432,1617.724934895833,333.8000081380208,1106.541666666667,177.3833414713542,62.44166564941406,1146.199951171875,5.400000095367432,138.8726407681049,128.5034478765097,152.4880073240417,89.27175097494022,121.4179992675781,138.5130004882813,126.7109985351563,76.90000152587891,5.329999923706055,77.25,5.440000057220459,4.210000038146973,13.98047628856841,1440.341674804688,18663.39923095703,1.00184954112422,1.001856802510011,782,-139,146.4521690938023,,,-1.230000019073486,0,0,7.484583957621892,7.388776080011648,5.810542035607665,7.00899481505566,7.272635638594904,5.178313161697102,4.134232771291018,4.808062076100017,4.782169261495062,4.838066016656416,4.903974519368781,4.669186696474012,4.930964187563605,4.347046915777855,,1164.898230456476,7.060389006352707,259.7595735009373,5.559756485896635,725.6581590152407,6.587079048586698,983.4894789998991,6.891106940262896,198.7004170234636,5.291798248314822,179.1208499613864,,,2.676521881521875,-.4610151603221615,0
2024m3,1791.025065104167,3.900000095367432,1629.433268229167,338.0166625976563,1113.058349609375,178.3583374023438,64.06666564941406,1124.5,5.199999809265137,139.3465305958991,128.7402961095731,153.1476171748521,89.33455039417017,121.8290023803711,140.1029968261719,126.6589965820313,79.40000152587891,5.329999923706055,81.27999877929688,5.46999979019165,4.210000038146973,13.78749990463257,1451.075012207031,18784.39923095703,1.003687783499954,1.003691840134886,783,-140,147.0011151813856,,,-1.259999752044678,0,0,7.490543396995818,7.395987545140286,5.823095191894133,7.01486677542642,7.280059948451485,5.1837946581322,4.15992419199005,4.811468673019689,4.78401069247659,4.842382338590227,4.907715808066571,4.669889912668921,4.942377843736397,4.397899968811679,,1169.338957533486,7.064193874561673,262.5570025953369,5.570468211201574,726.7878992453216,6.588634687023648,987.1183700998055,6.894789961421687,199.6521352773083,5.296576528555009,179.7922479365705,,,2.67907472397613,-.4135687042080098,0
2024m4,1793.450032552083,3.900000095367432,1633.6083984375,338.0583292643229,1118.108317057292,177.4416707356771,65.48333231608073,1098.099975585938,5.099999904632568,139.7115835305207,129.3291805220337,153.5788899040687,89.12772756628102,122.1399993896484,141.7830047607422,126.4449996948242,77.19999694824219,5.329999923706055,85.34999847412109,5.440000057220459,4.539999961853027,16.13772708719427,1456.166646321615,18817.50079345703,1.000282354291938,1.000284279073014,784,-141,147.4751408711713,,,-.9000000953674316,0,0,7.491896436284306,7.398546588458339,5.823218452382158,7.019393533688658,7.283562677098389,5.178641939335891,4.181795641801832,4.814084996461859,4.788574466869869,4.845194439947422,4.910935260158054,4.667572079199052,4.954297753323631,4.446760431362548,,1169.271979571135,7.064136594437556,261.3936993180965,5.566027697296321,728.0351601419343,6.59034934392869,987.3980372011758,6.895073237977107,199.0869458707115,5.29374164322857,180.372013227746,,,2.677811439822447,-.3673245650993113,0
2024m5,1798.058268229167,4,1641.441731770833,338.9333292643229,1123.208333333333,179.3083292643229,65.19166564941406,1054.599975585938,4.900000095367432,139.7002440115706,129.136472336289,153.818084421692,88.44527739742853,122.2389984130859,138.8009948730469,126.5270004272461,69.09999847412109,5.329999923706055,80.01999664306641,5.460000038146973,4.480000019073486,13.05869562729545,1462.141662597656,18915.00079345703,1.00325052081565,1.003251109910367,785,-142,147.6004464929816,,,-.9800000190734863,0,0,7.494462621752939,7.403330239370302,5.825803419201793,7.023944452522277,7.287657532057192,5.189106833878592,4.177331633299007,4.814003829397056,4.787083296036744,4.846750698374651,4.911784572230678,4.659885623377578,4.933041215720265,4.382276561477906,,1174.974133642087,7.069001412414321,262.461350486402,5.570103834949081,730.2186459779718,6.59334400433508,990.6078859098717,6.898318780863287,202.7336388562632,5.311892993592745,180.5252704285269,,,2.680458792355883,-.4317272679191504,0
2024m6,1800.6416015625,4.099999904632568,1645.625,338.7083333333333,1128.208333333333,178.7083333333333,63.33333333333334,1030.599975585938,4.800000190734863,139.8646367630318,128.7941282402257,154.2046740813403,88.45113569523461,122.5100021362305,135.875,126.6119995117188,68.19999694824219,5.329999923706055,79.76999664306641,5.510000228881836,4.309999942779541,12.66699991226196,1466.916666666667,18987.5,1.001947026329852,1.001947080597797,786,-143,147.7947099567576,,,-1.200000286102295,0,0,7.495898325685218,7.405875530250574,5.825139363398627,7.028386107675807,7.290917971257972,5.185755054168935,4.148411783492376,4.815179891067991,4.784428750230015,4.849260836680743,4.913099851019378,4.659951857595738,4.911735345441373,4.37914745184038,,1176.584044463026,7.070370641623659,262.9842974685753,5.572094324952644,731.630438606694,6.595275521182518,992.5366524254242,6.900263941275366,202.0418753571317,5.308474979664929,180.7628677066232,,,2.680718434617227,-.4360324392276107,0
2024m7,1805.025065104167,4.199999809265137,1655.525065104167,341.3583170572917,1133.25,180.9083251953125,63.48333231608073,961.5,4.400000095367432,140.0981737665808,128.9480763062649,154.5984989327401,88.1873717459216,122.7220001220703,135.9040069580078,126.8190002441406,66.40000152587891,5.329999923706055,81.80000305175781,5.429999828338623,4.25,14.373913101528,1474.608317057292,19104.50079345703,1.002996490319638,1.002997624298043,787,-144,148.1257174436329,,,-1.179999828338623,0,0,7.498329757154868,7.41187349737656,5.832932708756541,7.032844889820959,7.296147685752103,5.197990412322485,4.150777388232571,4.816848234497431,4.785623339875259,4.851811490944229,4.915336990427665,4.656965372381629,4.911948805328821,4.404277280916253,,1181.689254466983,7.074700265320206,264.7254048571695,5.578693080665314,733.0278158088934,6.597183649064183,995.5113416537088,6.90325651636121,205.1408513642193,5.323696823032588,181.1677121193728,,,2.681481522657437,-.4125709535811772,0
2024m8,1807.966634114583,4.199999809265137,1658.75,340.0333251953125,1139.641682942708,179.0666707356771,62.45000203450521,955.4000244140625,4.400000095367432,140.270498126644,128.8156561643087,154.9838719741576,87.97719493073889,122.9260025024414,134.8780059814453,126.9000015258789,67.90000152587891,5.329999923706055,76.68000030517578,5.300000190734863,3.869999885559082,19.31227272207087,1479.675008138021,19155.59997558594,1.001755046837641,1.001751297991655,788,-145,148.3745449117366,,,-1.430000305175781,0,0,7.499958086199192,7.413819585646417,5.829043628087354,7.038469178773641,7.299577753549014,5.187758198704412,4.134366269149732,4.818077504376975,4.784595886149816,4.854301123925219,4.917015420824604,4.654579229482737,4.904370710495432,4.339640922157305,,1182.536614721642,7.075417083710517,263.9689423788584,5.57583145372157,735.329210985731,6.600318305035876,997.2566446746192,6.905008153761182,203.5375995752644,5.315850752313406,181.4720448435398,,,2.681880581822217,-.4784365822196701,0
2024m9,1814.549967447917,4.099999904632568,1670.341634114583,342.7749837239583,1145.433349609375,182.1333414713542,61.46666463216146,892.7999877929688,4.099999904632568,140.5108509508892,128.3494998104705,155.4562332190787,88.27110643441061,123.234001159668,132.1009979248047,127.3460006713867,70.09999847412109,5.130000114440918,70.23999786376953,4.920000076293945,3.720000028610229,17.66333316621326,1488.208333333333,19306.49963378906,1.004244785040473,1.004256208585028,789,-146,148.5986069625657,,,-1.200000047683716,0,0,7.503592764134487,7.420783455815038,5.837074207759553,7.043538315660716,7.305328214553271,5.204739064270136,4.118494989355058,4.81978953321181,4.780970536030861,4.857344297803595,4.918524392877671,4.657914430716911,4.88356676581318,4.251917918913557,,1188.763446246863,7.080668925044304,267.0637472137585,5.587487383512724,736.8204708750135,6.602344268044575,1001.495480848105,6.909249642712372,206.3340416002233,5.329496416644957,181.7460877972013,,,2.683803230922677,-.5678716142982534,0
2024m10,1826.791666666667,4.099999904632568,1677.875,342.0333251953125,1153.408365885417,182.4333292643229,61.2749989827474,953,4.300000190734863,140.8464263259517,128.1815557190068,156.0445603017287,88.3196721704214,123.5699996948242,131.9199981689453,127.3710021972656,70.5,4.829999923706055,71.98999786376953,4.71999979019165,4.099999904632568,19.96086958180303,1495.441691080729,19399.20001220703,1.002243129128117,1.002239507000151,790,-147,148.9869355081748,,,-.619999885559082,0,0,7.510316519589615,7.4252833908078,5.83490817440699,7.050476634393621,7.310176887728297,5.206384787177667,4.115371912812747,4.82217493825577,4.779661188785471,4.861121673620516,4.921134255996733,4.65846446778701,4.882195664371305,4.276527190807222,,1191.279781651685,7.082783454993105,266.8350553843338,5.586630697405551,739.15320319733,6.605505210960559,1003.740150758839,6.911488452768335,206.5602427874733,5.330592102482388,182.2210397189391,,,2.688141581333845,-.5456477474485482,0
2024m11,1831.38330078125,4.199999809265137,1687.799967447917,342.9666748046875,1157.533365885417,187.3000081380208,60.74166870117188,893,4.099999904632568,141.018750686015,128.2332276649841,156.2934140307603,88.35735182195936,123.7030029296875,132.2079925537109,127.6880035400391,71.80000305175781,4.639999866485596,69.94999694824219,4.619999885559082,4.360000133514404,16.01523812611898,1500.500040690104,19524.69958496094,1.002057580727185,1.002057653434744,791,-148,149.1839222331282,,,-.2599997520446777,0,0,7.512826862351647,7.431181165437171,5.837633284441969,7.054046611363868,7.313553691998118,5.232711652899165,4.106629932094559,4.823397681578378,4.780064222853904,4.862715164019633,4.922455557180252,4.658891004880038,4.884376383636297,4.247780657483786,,1196.862090493118,7.08745848629987,267.4553866028434,5.588952773372097,740.6155742797972,6.607481697531688,1005.80546363789,6.913543955854638,211.9801060985073,5.356492431110859,182.4619677285622,,,2.689429180773269,-.5756170240945915,0
2024m12,1838.025065104167,4.099999904632568,1698.933268229167,346.3833414713542,1164.041666666667,188.5,63.89166768391927,843.2000122070313,3.799999952316284,141.379271272864,128.8544162840142,156.7585124335157,87.98472702791814,123.8960037231445,135.8049926757813,127.9909973144531,74,4.480000019073486,70.12000274658203,4.389999866485596,4.389999866485596,15.86619059244792,1510.425008138021,19620.49920654297,1.003200687104713,1.003199881283505,792,-149,149.6916345595459,,,0,0,0,7.516446939984871,7.437755843813555,5.847546085091234,7.059653423756101,7.320146352548936,5.239098006888065,4.157188956698371,4.825950962796203,4.784896736920956,4.86568654803384,4.925853043547082,4.654664840018244,4.91121997936617,4.250208099222771,,1201.684838897069,7.091479883458429,268.8175938866341,5.59403305995431,742.5699878087061,6.610117125909715,1009.024326965438,6.916739130038625,214.2417284992971,5.367104949961553,183.0829340413627,,,2.690495977188668,-.5757428635734314,0
2025m1,,,,,,,,,,,,,,,,,,4.329999923706055,,4.340000152587891,4.630000114440918,16.76363654570146,,,,,793,-150,,,,.2899999618530273,0,0,,,,,,,,,,,,,,,,,,,,,,,,,,,,,,,0
